province_code,province_name_en,province_name_zh,year,technology,fuel,fuel_price_yuan_per_gj,fuel_load_gj_per_mwh,fuel_cost_yuan_per_mwh,dispatch_allowed,new_capacity_allowed,price_temporal_method,source_evidence,active_fuel_price_yuan_per_gj,active_fuel_cost_yuan_per_mwh,implementation_status,candidate_version
11,Beijing,北京,2025,coal,coal,,9.0,,False,False,published provincial values converted at 2025 FX and held constant through 2060; sensitivity trajectories not yet applied,"An et al. (2025), Nature Communications 16, 2311, Supplementary Note 3 and Supplementary Table 2; doi:10.1038/s41467-025-57559-2",,,PROPOSED_NOT_APPLIED,v2_deep_integrated_review
11,Beijing,北京,2025,coalccs,coal,,11.25,,False,False,published provincial values converted at 2025 FX and held constant through 2060; sensitivity trajectories not yet applied,"An et al. (2025), Nature Communications 16, 2311, Supplementary Note 3 and Supplementary Table 2; doi:10.1038/s41467-025-57559-2",,,PROPOSED_NOT_APPLIED,v2_deep_integrated_review
11,Beijing,北京,2025,cchp,coal,,9.47,,False,False,published provincial values converted at 2025 FX and held constant through 2060; sensitivity trajectories not yet applied,"An et al. (2025), Nature Communications 16, 2311, Supplementary Note 3 and Supplementary Table 2; doi:10.1038/s41467-025-57559-2",,,PROPOSED_NOT_APPLIED,v2_deep_integrated_review
11,Beijing,北京,2025,cchpccs,coal,,11.25,,False,False,published provincial values converted at 2025 FX and held constant through 2060; sensitivity trajectories not yet applied,"An et al. (2025), Nature Communications 16, 2311, Supplementary Note 3 and Supplementary Table 2; doi:10.1038/s41467-025-57559-2",,,PROPOSED_NOT_APPLIED,v2_deep_integrated_review
11,Beijing,北京,2025,gas,gas,70.857568,6.31,447.11125408,True,False,published provincial values converted at 2025 FX and held constant through 2060; sensitivity trajectories not yet applied,"An et al. (2025), Nature Communications 16, 2311, Supplementary Note 3 and Supplementary Table 2; doi:10.1038/s41467-025-57559-2",68.44800000000001,431.90688,PROPOSED_NOT_APPLIED,v2_deep_integrated_review
11,Beijing,北京,2025,gasccs,gas,70.857568,7.83,554.81475744,True,False,published provincial values converted at 2025 FX and held constant through 2060; sensitivity trajectories not yet applied,"An et al. (2025), Nature Communications 16, 2311, Supplementary Note 3 and Supplementary Table 2; doi:10.1038/s41467-025-57559-2",68.44800000000001,535.94784,PROPOSED_NOT_APPLIED,v2_deep_integrated_review
11,Beijing,北京,2025,gchp,gas,70.857568,6.31,447.11125408,True,False,published provincial values converted at 2025 FX and held constant through 2060; sensitivity trajectories not yet applied,"An et al. (2025), Nature Communications 16, 2311, Supplementary Note 3 and Supplementary Table 2; doi:10.1038/s41467-025-57559-2",68.44800000000001,431.90688,PROPOSED_NOT_APPLIED,v2_deep_integrated_review
11,Beijing,北京,2025,gchpccs,gas,70.857568,7.83,554.81475744,True,False,published provincial values converted at 2025 FX and held constant through 2060; sensitivity trajectories not yet applied,"An et al. (2025), Nature Communications 16, 2311, Supplementary Note 3 and Supplementary Table 2; doi:10.1038/s41467-025-57559-2",68.44800000000001,535.94784,PROPOSED_NOT_APPLIED,v2_deep_integrated_review
11,Beijing,北京,2025,bio,biomass,38.643089,9.0,347.78780100000006,True,False,published provincial values converted at 2025 FX and held constant through 2060; sensitivity trajectories not yet applied,"An et al. (2025), Nature Communications 16, 2311, Supplementary Note 3 and Supplementary Table 2; doi:10.1038/s41467-025-57559-2",37.329,335.961,PROPOSED_NOT_APPLIED,v2_deep_integrated_review
11,Beijing,北京,2025,bioccs,biomass,38.643089,10.3,398.02381670000005,True,False,published provincial values converted at 2025 FX and held constant through 2060; sensitivity trajectories not yet applied,"An et al. (2025), Nature Communications 16, 2311, Supplementary Note 3 and Supplementary Table 2; doi:10.1038/s41467-025-57559-2",37.329,384.4887000000001,PROPOSED_NOT_APPLIED,v2_deep_integrated_review
11,Beijing,北京,2030,coal,coal,,9.0,,False,False,published provincial values converted at 2025 FX and held constant through 2060; sensitivity trajectories not yet applied,"An et al. (2025), Nature Communications 16, 2311, Supplementary Note 3 and Supplementary Table 2; doi:10.1038/s41467-025-57559-2",,,PROPOSED_NOT_APPLIED,v2_deep_integrated_review
11,Beijing,北京,2030,coalccs,coal,,11.25,,False,False,published provincial values converted at 2025 FX and held constant through 2060; sensitivity trajectories not yet applied,"An et al. (2025), Nature Communications 16, 2311, Supplementary Note 3 and Supplementary Table 2; doi:10.1038/s41467-025-57559-2",,,PROPOSED_NOT_APPLIED,v2_deep_integrated_review
11,Beijing,北京,2030,cchp,coal,,9.47,,False,False,published provincial values converted at 2025 FX and held constant through 2060; sensitivity trajectories not yet applied,"An et al. (2025), Nature Communications 16, 2311, Supplementary Note 3 and Supplementary Table 2; doi:10.1038/s41467-025-57559-2",,,PROPOSED_NOT_APPLIED,v2_deep_integrated_review
11,Beijing,北京,2030,cchpccs,coal,,11.25,,False,False,published provincial values converted at 2025 FX and held constant through 2060; sensitivity trajectories not yet applied,"An et al. (2025), Nature Communications 16, 2311, Supplementary Note 3 and Supplementary Table 2; doi:10.1038/s41467-025-57559-2",,,PROPOSED_NOT_APPLIED,v2_deep_integrated_review
11,Beijing,北京,2030,gas,gas,70.857568,6.31,447.11125408,True,True,published provincial values converted at 2025 FX and held constant through 2060; sensitivity trajectories not yet applied,"An et al. (2025), Nature Communications 16, 2311, Supplementary Note 3 and Supplementary Table 2; doi:10.1038/s41467-025-57559-2",68.44800000000001,431.90688,PROPOSED_NOT_APPLIED,v2_deep_integrated_review
11,Beijing,北京,2030,gasccs,gas,70.857568,7.83,554.81475744,True,True,published provincial values converted at 2025 FX and held constant through 2060; sensitivity trajectories not yet applied,"An et al. (2025), Nature Communications 16, 2311, Supplementary Note 3 and Supplementary Table 2; doi:10.1038/s41467-025-57559-2",68.44800000000001,535.94784,PROPOSED_NOT_APPLIED,v2_deep_integrated_review
11,Beijing,北京,2030,gchp,gas,70.857568,6.31,447.11125408,True,True,published provincial values converted at 2025 FX and held constant through 2060; sensitivity trajectories not yet applied,"An et al. (2025), Nature Communications 16, 2311, Supplementary Note 3 and Supplementary Table 2; doi:10.1038/s41467-025-57559-2",68.44800000000001,431.90688,PROPOSED_NOT_APPLIED,v2_deep_integrated_review
11,Beijing,北京,2030,gchpccs,gas,70.857568,7.83,554.81475744,True,True,published provincial values converted at 2025 FX and held constant through 2060; sensitivity trajectories not yet applied,"An et al. (2025), Nature Communications 16, 2311, Supplementary Note 3 and Supplementary Table 2; doi:10.1038/s41467-025-57559-2",68.44800000000001,535.94784,PROPOSED_NOT_APPLIED,v2_deep_integrated_review
11,Beijing,北京,2030,bio,biomass,38.643089,9.0,347.78780100000006,True,True,published provincial values converted at 2025 FX and held constant through 2060; sensitivity trajectories not yet applied,"An et al. (2025), Nature Communications 16, 2311, Supplementary Note 3 and Supplementary Table 2; doi:10.1038/s41467-025-57559-2",37.329,335.961,PROPOSED_NOT_APPLIED,v2_deep_integrated_review
11,Beijing,北京,2030,bioccs,biomass,38.643089,10.3,398.02381670000005,True,True,published provincial values converted at 2025 FX and held constant through 2060; sensitivity trajectories not yet applied,"An et al. (2025), Nature Communications 16, 2311, Supplementary Note 3 and Supplementary Table 2; doi:10.1038/s41467-025-57559-2",37.329,384.4887000000001,PROPOSED_NOT_APPLIED,v2_deep_integrated_review
11,Beijing,北京,2040,coal,coal,,9.0,,False,False,published provincial values converted at 2025 FX and held constant through 2060; sensitivity trajectories not yet applied,"An et al. (2025), Nature Communications 16, 2311, Supplementary Note 3 and Supplementary Table 2; doi:10.1038/s41467-025-57559-2",,,PROPOSED_NOT_APPLIED,v2_deep_integrated_review
11,Beijing,北京,2040,coalccs,coal,,11.25,,False,False,published provincial values converted at 2025 FX and held constant through 2060; sensitivity trajectories not yet applied,"An et al. (2025), Nature Communications 16, 2311, Supplementary Note 3 and Supplementary Table 2; doi:10.1038/s41467-025-57559-2",,,PROPOSED_NOT_APPLIED,v2_deep_integrated_review
11,Beijing,北京,2040,cchp,coal,,9.47,,False,False,published provincial values converted at 2025 FX and held constant through 2060; sensitivity trajectories not yet applied,"An et al. (2025), Nature Communications 16, 2311, Supplementary Note 3 and Supplementary Table 2; doi:10.1038/s41467-025-57559-2",,,PROPOSED_NOT_APPLIED,v2_deep_integrated_review
11,Beijing,北京,2040,cchpccs,coal,,11.25,,False,False,published provincial values converted at 2025 FX and held constant through 2060; sensitivity trajectories not yet applied,"An et al. (2025), Nature Communications 16, 2311, Supplementary Note 3 and Supplementary Table 2; doi:10.1038/s41467-025-57559-2",,,PROPOSED_NOT_APPLIED,v2_deep_integrated_review
11,Beijing,北京,2040,gas,gas,70.857568,6.31,447.11125408,True,True,published provincial values converted at 2025 FX and held constant through 2060; sensitivity trajectories not yet applied,"An et al. (2025), Nature Communications 16, 2311, Supplementary Note 3 and Supplementary Table 2; doi:10.1038/s41467-025-57559-2",68.44800000000001,431.90688,PROPOSED_NOT_APPLIED,v2_deep_integrated_review
11,Beijing,北京,2040,gasccs,gas,70.857568,7.83,554.81475744,True,True,published provincial values converted at 2025 FX and held constant through 2060; sensitivity trajectories not yet applied,"An et al. (2025), Nature Communications 16, 2311, Supplementary Note 3 and Supplementary Table 2; doi:10.1038/s41467-025-57559-2",68.44800000000001,535.94784,PROPOSED_NOT_APPLIED,v2_deep_integrated_review
11,Beijing,北京,2040,gchp,gas,70.857568,6.31,447.11125408,True,True,published provincial values converted at 2025 FX and held constant through 2060; sensitivity trajectories not yet applied,"An et al. (2025), Nature Communications 16, 2311, Supplementary Note 3 and Supplementary Table 2; doi:10.1038/s41467-025-57559-2",68.44800000000001,431.90688,PROPOSED_NOT_APPLIED,v2_deep_integrated_review
11,Beijing,北京,2040,gchpccs,gas,70.857568,7.83,554.81475744,True,True,published provincial values converted at 2025 FX and held constant through 2060; sensitivity trajectories not yet applied,"An et al. (2025), Nature Communications 16, 2311, Supplementary Note 3 and Supplementary Table 2; doi:10.1038/s41467-025-57559-2",68.44800000000001,535.94784,PROPOSED_NOT_APPLIED,v2_deep_integrated_review
11,Beijing,北京,2040,bio,biomass,38.643089,9.0,347.78780100000006,True,True,published provincial values converted at 2025 FX and held constant through 2060; sensitivity trajectories not yet applied,"An et al. (2025), Nature Communications 16, 2311, Supplementary Note 3 and Supplementary Table 2; doi:10.1038/s41467-025-57559-2",37.329,335.961,PROPOSED_NOT_APPLIED,v2_deep_integrated_review
11,Beijing,北京,2040,bioccs,biomass,38.643089,10.3,398.02381670000005,True,True,published provincial values converted at 2025 FX and held constant through 2060; sensitivity trajectories not yet applied,"An et al. (2025), Nature Communications 16, 2311, Supplementary Note 3 and Supplementary Table 2; doi:10.1038/s41467-025-57559-2",37.329,384.4887000000001,PROPOSED_NOT_APPLIED,v2_deep_integrated_review
11,Beijing,北京,2050,coal,coal,,9.0,,False,False,published provincial values converted at 2025 FX and held constant through 2060; sensitivity trajectories not yet applied,"An et al. (2025), Nature Communications 16, 2311, Supplementary Note 3 and Supplementary Table 2; doi:10.1038/s41467-025-57559-2",,,PROPOSED_NOT_APPLIED,v2_deep_integrated_review
11,Beijing,北京,2050,coalccs,coal,,11.25,,False,False,published provincial values converted at 2025 FX and held constant through 2060; sensitivity trajectories not yet applied,"An et al. (2025), Nature Communications 16, 2311, Supplementary Note 3 and Supplementary Table 2; doi:10.1038/s41467-025-57559-2",,,PROPOSED_NOT_APPLIED,v2_deep_integrated_review
11,Beijing,北京,2050,cchp,coal,,9.47,,False,False,published provincial values converted at 2025 FX and held constant through 2060; sensitivity trajectories not yet applied,"An et al. (2025), Nature Communications 16, 2311, Supplementary Note 3 and Supplementary Table 2; doi:10.1038/s41467-025-57559-2",,,PROPOSED_NOT_APPLIED,v2_deep_integrated_review
11,Beijing,北京,2050,cchpccs,coal,,11.25,,False,False,published provincial values converted at 2025 FX and held constant through 2060; sensitivity trajectories not yet applied,"An et al. (2025), Nature Communications 16, 2311, Supplementary Note 3 and Supplementary Table 2; doi:10.1038/s41467-025-57559-2",,,PROPOSED_NOT_APPLIED,v2_deep_integrated_review
11,Beijing,北京,2050,gas,gas,70.857568,6.31,447.11125408,True,True,published provincial values converted at 2025 FX and held constant through 2060; sensitivity trajectories not yet applied,"An et al. (2025), Nature Communications 16, 2311, Supplementary Note 3 and Supplementary Table 2; doi:10.1038/s41467-025-57559-2",68.44800000000001,431.90688,PROPOSED_NOT_APPLIED,v2_deep_integrated_review
11,Beijing,北京,2050,gasccs,gas,70.857568,7.83,554.81475744,True,True,published provincial values converted at 2025 FX and held constant through 2060; sensitivity trajectories not yet applied,"An et al. (2025), Nature Communications 16, 2311, Supplementary Note 3 and Supplementary Table 2; doi:10.1038/s41467-025-57559-2",68.44800000000001,535.94784,PROPOSED_NOT_APPLIED,v2_deep_integrated_review
11,Beijing,北京,2050,gchp,gas,70.857568,6.31,447.11125408,True,True,published provincial values converted at 2025 FX and held constant through 2060; sensitivity trajectories not yet applied,"An et al. (2025), Nature Communications 16, 2311, Supplementary Note 3 and Supplementary Table 2; doi:10.1038/s41467-025-57559-2",68.44800000000001,431.90688,PROPOSED_NOT_APPLIED,v2_deep_integrated_review
11,Beijing,北京,2050,gchpccs,gas,70.857568,7.83,554.81475744,True,True,published provincial values converted at 2025 FX and held constant through 2060; sensitivity trajectories not yet applied,"An et al. (2025), Nature Communications 16, 2311, Supplementary Note 3 and Supplementary Table 2; doi:10.1038/s41467-025-57559-2",68.44800000000001,535.94784,PROPOSED_NOT_APPLIED,v2_deep_integrated_review
11,Beijing,北京,2050,bio,biomass,38.643089,9.0,347.78780100000006,True,True,published provincial values converted at 2025 FX and held constant through 2060; sensitivity trajectories not yet applied,"An et al. (2025), Nature Communications 16, 2311, Supplementary Note 3 and Supplementary Table 2; doi:10.1038/s41467-025-57559-2",37.329,335.961,PROPOSED_NOT_APPLIED,v2_deep_integrated_review
11,Beijing,北京,2050,bioccs,biomass,38.643089,10.3,398.02381670000005,True,True,published provincial values converted at 2025 FX and held constant through 2060; sensitivity trajectories not yet applied,"An et al. (2025), Nature Communications 16, 2311, Supplementary Note 3 and Supplementary Table 2; doi:10.1038/s41467-025-57559-2",37.329,384.4887000000001,PROPOSED_NOT_APPLIED,v2_deep_integrated_review
11,Beijing,北京,2060,coal,coal,,9.0,,False,False,published provincial values converted at 2025 FX and held constant through 2060; sensitivity trajectories not yet applied,"An et al. (2025), Nature Communications 16, 2311, Supplementary Note 3 and Supplementary Table 2; doi:10.1038/s41467-025-57559-2",,,PROPOSED_NOT_APPLIED,v2_deep_integrated_review
11,Beijing,北京,2060,coalccs,coal,,11.25,,False,False,published provincial values converted at 2025 FX and held constant through 2060; sensitivity trajectories not yet applied,"An et al. (2025), Nature Communications 16, 2311, Supplementary Note 3 and Supplementary Table 2; doi:10.1038/s41467-025-57559-2",,,PROPOSED_NOT_APPLIED,v2_deep_integrated_review
11,Beijing,北京,2060,cchp,coal,,9.47,,False,False,published provincial values converted at 2025 FX and held constant through 2060; sensitivity trajectories not yet applied,"An et al. (2025), Nature Communications 16, 2311, Supplementary Note 3 and Supplementary Table 2; doi:10.1038/s41467-025-57559-2",,,PROPOSED_NOT_APPLIED,v2_deep_integrated_review
11,Beijing,北京,2060,cchpccs,coal,,11.25,,False,False,published provincial values converted at 2025 FX and held constant through 2060; sensitivity trajectories not yet applied,"An et al. (2025), Nature Communications 16, 2311, Supplementary Note 3 and Supplementary Table 2; doi:10.1038/s41467-025-57559-2",,,PROPOSED_NOT_APPLIED,v2_deep_integrated_review
11,Beijing,北京,2060,gas,gas,70.857568,6.31,447.11125408,True,True,published provincial values converted at 2025 FX and held constant through 2060; sensitivity trajectories not yet applied,"An et al. (2025), Nature Communications 16, 2311, Supplementary Note 3 and Supplementary Table 2; doi:10.1038/s41467-025-57559-2",68.44800000000001,431.90688,PROPOSED_NOT_APPLIED,v2_deep_integrated_review
11,Beijing,北京,2060,gasccs,gas,70.857568,7.83,554.81475744,True,True,published provincial values converted at 2025 FX and held constant through 2060; sensitivity trajectories not yet applied,"An et al. (2025), Nature Communications 16, 2311, Supplementary Note 3 and Supplementary Table 2; doi:10.1038/s41467-025-57559-2",68.44800000000001,535.94784,PROPOSED_NOT_APPLIED,v2_deep_integrated_review
11,Beijing,北京,2060,gchp,gas,70.857568,6.31,447.11125408,True,True,published provincial values converted at 2025 FX and held constant through 2060; sensitivity trajectories not yet applied,"An et al. (2025), Nature Communications 16, 2311, Supplementary Note 3 and Supplementary Table 2; doi:10.1038/s41467-025-57559-2",68.44800000000001,431.90688,PROPOSED_NOT_APPLIED,v2_deep_integrated_review
11,Beijing,北京,2060,gchpccs,gas,70.857568,7.83,554.81475744,True,True,published provincial values converted at 2025 FX and held constant through 2060; sensitivity trajectories not yet applied,"An et al. (2025), Nature Communications 16, 2311, Supplementary Note 3 and Supplementary Table 2; doi:10.1038/s41467-025-57559-2",68.44800000000001,535.94784,PROPOSED_NOT_APPLIED,v2_deep_integrated_review
11,Beijing,北京,2060,bio,biomass,38.643089,9.0,347.78780100000006,True,True,published provincial values converted at 2025 FX and held constant through 2060; sensitivity trajectories not yet applied,"An et al. (2025), Nature Communications 16, 2311, Supplementary Note 3 and Supplementary Table 2; doi:10.1038/s41467-025-57559-2",37.329,335.961,PROPOSED_NOT_APPLIED,v2_deep_integrated_review
11,Beijing,北京,2060,bioccs,biomass,38.643089,10.3,398.02381670000005,True,True,published provincial values converted at 2025 FX and held constant through 2060; sensitivity trajectories not yet applied,"An et al. (2025), Nature Communications 16, 2311, Supplementary Note 3 and Supplementary Table 2; doi:10.1038/s41467-025-57559-2",37.329,384.4887000000001,PROPOSED_NOT_APPLIED,v2_deep_integrated_review
12,Tianjin,天津,2025,coal,coal,39.357379,9.0,354.216411,True,False,published provincial values converted at 2025 FX and held constant through 2060; sensitivity trajectories not yet applied,"An et al. (2025), Nature Communications 16, 2311, Supplementary Note 3 and Supplementary Table 2; doi:10.1038/s41467-025-57559-2",38.019,342.171,PROPOSED_NOT_APPLIED,v2_deep_integrated_review
12,Tianjin,天津,2025,coalccs,coal,39.357379,11.25,442.77051375,True,False,published provincial values converted at 2025 FX and held constant through 2060; sensitivity trajectories not yet applied,"An et al. (2025), Nature Communications 16, 2311, Supplementary Note 3 and Supplementary Table 2; doi:10.1038/s41467-025-57559-2",38.019,427.71375,PROPOSED_NOT_APPLIED,v2_deep_integrated_review
12,Tianjin,天津,2025,cchp,coal,39.357379,9.47,372.71437913000005,True,False,published provincial values converted at 2025 FX and held constant through 2060; sensitivity trajectories not yet applied,"An et al. (2025), Nature Communications 16, 2311, Supplementary Note 3 and Supplementary Table 2; doi:10.1038/s41467-025-57559-2",38.019,360.03993,PROPOSED_NOT_APPLIED,v2_deep_integrated_review
12,Tianjin,天津,2025,cchpccs,coal,39.357379,11.25,442.77051375,True,False,published provincial values converted at 2025 FX and held constant through 2060; sensitivity trajectories not yet applied,"An et al. (2025), Nature Communications 16, 2311, Supplementary Note 3 and Supplementary Table 2; doi:10.1038/s41467-025-57559-2",38.019,427.71375,PROPOSED_NOT_APPLIED,v2_deep_integrated_review
12,Tianjin,天津,2025,gas,gas,70.857568,6.31,447.11125408,True,False,published provincial values converted at 2025 FX and held constant through 2060; sensitivity trajectories not yet applied,"An et al. (2025), Nature Communications 16, 2311, Supplementary Note 3 and Supplementary Table 2; doi:10.1038/s41467-025-57559-2",68.44800000000001,431.90688,PROPOSED_NOT_APPLIED,v2_deep_integrated_review
12,Tianjin,天津,2025,gasccs,gas,70.857568,7.83,554.81475744,True,False,published provincial values converted at 2025 FX and held constant through 2060; sensitivity trajectories not yet applied,"An et al. (2025), Nature Communications 16, 2311, Supplementary Note 3 and Supplementary Table 2; doi:10.1038/s41467-025-57559-2",68.44800000000001,535.94784,PROPOSED_NOT_APPLIED,v2_deep_integrated_review
12,Tianjin,天津,2025,gchp,gas,70.857568,6.31,447.11125408,True,False,published provincial values converted at 2025 FX and held constant through 2060; sensitivity trajectories not yet applied,"An et al. (2025), Nature Communications 16, 2311, Supplementary Note 3 and Supplementary Table 2; doi:10.1038/s41467-025-57559-2",68.44800000000001,431.90688,PROPOSED_NOT_APPLIED,v2_deep_integrated_review
12,Tianjin,天津,2025,gchpccs,gas,70.857568,7.83,554.81475744,True,False,published provincial values converted at 2025 FX and held constant through 2060; sensitivity trajectories not yet applied,"An et al. (2025), Nature Communications 16, 2311, Supplementary Note 3 and Supplementary Table 2; doi:10.1038/s41467-025-57559-2",68.44800000000001,535.94784,PROPOSED_NOT_APPLIED,v2_deep_integrated_review
12,Tianjin,天津,2025,bio,biomass,38.643089,9.0,347.78780100000006,True,False,published provincial values converted at 2025 FX and held constant through 2060; sensitivity trajectories not yet applied,"An et al. (2025), Nature Communications 16, 2311, Supplementary Note 3 and Supplementary Table 2; doi:10.1038/s41467-025-57559-2",37.329,335.961,PROPOSED_NOT_APPLIED,v2_deep_integrated_review
12,Tianjin,天津,2025,bioccs,biomass,38.643089,10.3,398.02381670000005,True,False,published provincial values converted at 2025 FX and held constant through 2060; sensitivity trajectories not yet applied,"An et al. (2025), Nature Communications 16, 2311, Supplementary Note 3 and Supplementary Table 2; doi:10.1038/s41467-025-57559-2",37.329,384.4887000000001,PROPOSED_NOT_APPLIED,v2_deep_integrated_review
12,Tianjin,天津,2030,coal,coal,39.357379,9.0,354.216411,True,True,published provincial values converted at 2025 FX and held constant through 2060; sensitivity trajectories not yet applied,"An et al. (2025), Nature Communications 16, 2311, Supplementary Note 3 and Supplementary Table 2; doi:10.1038/s41467-025-57559-2",38.019,342.171,PROPOSED_NOT_APPLIED,v2_deep_integrated_review
12,Tianjin,天津,2030,coalccs,coal,39.357379,11.25,442.77051375,True,True,published provincial values converted at 2025 FX and held constant through 2060; sensitivity trajectories not yet applied,"An et al. (2025), Nature Communications 16, 2311, Supplementary Note 3 and Supplementary Table 2; doi:10.1038/s41467-025-57559-2",38.019,427.71375,PROPOSED_NOT_APPLIED,v2_deep_integrated_review
12,Tianjin,天津,2030,cchp,coal,39.357379,9.47,372.71437913000005,True,True,published provincial values converted at 2025 FX and held constant through 2060; sensitivity trajectories not yet applied,"An et al. (2025), Nature Communications 16, 2311, Supplementary Note 3 and Supplementary Table 2; doi:10.1038/s41467-025-57559-2",38.019,360.03993,PROPOSED_NOT_APPLIED,v2_deep_integrated_review
12,Tianjin,天津,2030,cchpccs,coal,39.357379,11.25,442.77051375,True,True,published provincial values converted at 2025 FX and held constant through 2060; sensitivity trajectories not yet applied,"An et al. (2025), Nature Communications 16, 2311, Supplementary Note 3 and Supplementary Table 2; doi:10.1038/s41467-025-57559-2",38.019,427.71375,PROPOSED_NOT_APPLIED,v2_deep_integrated_review
12,Tianjin,天津,2030,gas,gas,70.857568,6.31,447.11125408,True,True,published provincial values converted at 2025 FX and held constant through 2060; sensitivity trajectories not yet applied,"An et al. (2025), Nature Communications 16, 2311, Supplementary Note 3 and Supplementary Table 2; doi:10.1038/s41467-025-57559-2",68.44800000000001,431.90688,PROPOSED_NOT_APPLIED,v2_deep_integrated_review
12,Tianjin,天津,2030,gasccs,gas,70.857568,7.83,554.81475744,True,True,published provincial values converted at 2025 FX and held constant through 2060; sensitivity trajectories not yet applied,"An et al. (2025), Nature Communications 16, 2311, Supplementary Note 3 and Supplementary Table 2; doi:10.1038/s41467-025-57559-2",68.44800000000001,535.94784,PROPOSED_NOT_APPLIED,v2_deep_integrated_review
12,Tianjin,天津,2030,gchp,gas,70.857568,6.31,447.11125408,True,True,published provincial values converted at 2025 FX and held constant through 2060; sensitivity trajectories not yet applied,"An et al. (2025), Nature Communications 16, 2311, Supplementary Note 3 and Supplementary Table 2; doi:10.1038/s41467-025-57559-2",68.44800000000001,431.90688,PROPOSED_NOT_APPLIED,v2_deep_integrated_review
12,Tianjin,天津,2030,gchpccs,gas,70.857568,7.83,554.81475744,True,True,published provincial values converted at 2025 FX and held constant through 2060; sensitivity trajectories not yet applied,"An et al. (2025), Nature Communications 16, 2311, Supplementary Note 3 and Supplementary Table 2; doi:10.1038/s41467-025-57559-2",68.44800000000001,535.94784,PROPOSED_NOT_APPLIED,v2_deep_integrated_review
12,Tianjin,天津,2030,bio,biomass,38.643089,9.0,347.78780100000006,True,True,published provincial values converted at 2025 FX and held constant through 2060; sensitivity trajectories not yet applied,"An et al. (2025), Nature Communications 16, 2311, Supplementary Note 3 and Supplementary Table 2; doi:10.1038/s41467-025-57559-2",37.329,335.961,PROPOSED_NOT_APPLIED,v2_deep_integrated_review
12,Tianjin,天津,2030,bioccs,biomass,38.643089,10.3,398.02381670000005,True,True,published provincial values converted at 2025 FX and held constant through 2060; sensitivity trajectories not yet applied,"An et al. (2025), Nature Communications 16, 2311, Supplementary Note 3 and Supplementary Table 2; doi:10.1038/s41467-025-57559-2",37.329,384.4887000000001,PROPOSED_NOT_APPLIED,v2_deep_integrated_review
12,Tianjin,天津,2040,coal,coal,39.357379,9.0,354.216411,True,True,published provincial values converted at 2025 FX and held constant through 2060; sensitivity trajectories not yet applied,"An et al. (2025), Nature Communications 16, 2311, Supplementary Note 3 and Supplementary Table 2; doi:10.1038/s41467-025-57559-2",38.019,342.171,PROPOSED_NOT_APPLIED,v2_deep_integrated_review
12,Tianjin,天津,2040,coalccs,coal,39.357379,11.25,442.77051375,True,True,published provincial values converted at 2025 FX and held constant through 2060; sensitivity trajectories not yet applied,"An et al. (2025), Nature Communications 16, 2311, Supplementary Note 3 and Supplementary Table 2; doi:10.1038/s41467-025-57559-2",38.019,427.71375,PROPOSED_NOT_APPLIED,v2_deep_integrated_review
12,Tianjin,天津,2040,cchp,coal,39.357379,9.47,372.71437913000005,True,True,published provincial values converted at 2025 FX and held constant through 2060; sensitivity trajectories not yet applied,"An et al. (2025), Nature Communications 16, 2311, Supplementary Note 3 and Supplementary Table 2; doi:10.1038/s41467-025-57559-2",38.019,360.03993,PROPOSED_NOT_APPLIED,v2_deep_integrated_review
12,Tianjin,天津,2040,cchpccs,coal,39.357379,11.25,442.77051375,True,True,published provincial values converted at 2025 FX and held constant through 2060; sensitivity trajectories not yet applied,"An et al. (2025), Nature Communications 16, 2311, Supplementary Note 3 and Supplementary Table 2; doi:10.1038/s41467-025-57559-2",38.019,427.71375,PROPOSED_NOT_APPLIED,v2_deep_integrated_review
12,Tianjin,天津,2040,gas,gas,70.857568,6.31,447.11125408,True,True,published provincial values converted at 2025 FX and held constant through 2060; sensitivity trajectories not yet applied,"An et al. (2025), Nature Communications 16, 2311, Supplementary Note 3 and Supplementary Table 2; doi:10.1038/s41467-025-57559-2",68.44800000000001,431.90688,PROPOSED_NOT_APPLIED,v2_deep_integrated_review
12,Tianjin,天津,2040,gasccs,gas,70.857568,7.83,554.81475744,True,True,published provincial values converted at 2025 FX and held constant through 2060; sensitivity trajectories not yet applied,"An et al. (2025), Nature Communications 16, 2311, Supplementary Note 3 and Supplementary Table 2; doi:10.1038/s41467-025-57559-2",68.44800000000001,535.94784,PROPOSED_NOT_APPLIED,v2_deep_integrated_review
12,Tianjin,天津,2040,gchp,gas,70.857568,6.31,447.11125408,True,True,published provincial values converted at 2025 FX and held constant through 2060; sensitivity trajectories not yet applied,"An et al. (2025), Nature Communications 16, 2311, Supplementary Note 3 and Supplementary Table 2; doi:10.1038/s41467-025-57559-2",68.44800000000001,431.90688,PROPOSED_NOT_APPLIED,v2_deep_integrated_review
12,Tianjin,天津,2040,gchpccs,gas,70.857568,7.83,554.81475744,True,True,published provincial values converted at 2025 FX and held constant through 2060; sensitivity trajectories not yet applied,"An et al. (2025), Nature Communications 16, 2311, Supplementary Note 3 and Supplementary Table 2; doi:10.1038/s41467-025-57559-2",68.44800000000001,535.94784,PROPOSED_NOT_APPLIED,v2_deep_integrated_review
12,Tianjin,天津,2040,bio,biomass,38.643089,9.0,347.78780100000006,True,True,published provincial values converted at 2025 FX and held constant through 2060; sensitivity trajectories not yet applied,"An et al. (2025), Nature Communications 16, 2311, Supplementary Note 3 and Supplementary Table 2; doi:10.1038/s41467-025-57559-2",37.329,335.961,PROPOSED_NOT_APPLIED,v2_deep_integrated_review
12,Tianjin,天津,2040,bioccs,biomass,38.643089,10.3,398.02381670000005,True,True,published provincial values converted at 2025 FX and held constant through 2060; sensitivity trajectories not yet applied,"An et al. (2025), Nature Communications 16, 2311, Supplementary Note 3 and Supplementary Table 2; doi:10.1038/s41467-025-57559-2",37.329,384.4887000000001,PROPOSED_NOT_APPLIED,v2_deep_integrated_review
12,Tianjin,天津,2050,coal,coal,39.357379,9.0,354.216411,True,True,published provincial values converted at 2025 FX and held constant through 2060; sensitivity trajectories not yet applied,"An et al. (2025), Nature Communications 16, 2311, Supplementary Note 3 and Supplementary Table 2; doi:10.1038/s41467-025-57559-2",38.019,342.171,PROPOSED_NOT_APPLIED,v2_deep_integrated_review
12,Tianjin,天津,2050,coalccs,coal,39.357379,11.25,442.77051375,True,True,published provincial values converted at 2025 FX and held constant through 2060; sensitivity trajectories not yet applied,"An et al. (2025), Nature Communications 16, 2311, Supplementary Note 3 and Supplementary Table 2; doi:10.1038/s41467-025-57559-2",38.019,427.71375,PROPOSED_NOT_APPLIED,v2_deep_integrated_review
12,Tianjin,天津,2050,cchp,coal,39.357379,9.47,372.71437913000005,True,True,published provincial values converted at 2025 FX and held constant through 2060; sensitivity trajectories not yet applied,"An et al. (2025), Nature Communications 16, 2311, Supplementary Note 3 and Supplementary Table 2; doi:10.1038/s41467-025-57559-2",38.019,360.03993,PROPOSED_NOT_APPLIED,v2_deep_integrated_review
12,Tianjin,天津,2050,cchpccs,coal,39.357379,11.25,442.77051375,True,True,published provincial values converted at 2025 FX and held constant through 2060; sensitivity trajectories not yet applied,"An et al. (2025), Nature Communications 16, 2311, Supplementary Note 3 and Supplementary Table 2; doi:10.1038/s41467-025-57559-2",38.019,427.71375,PROPOSED_NOT_APPLIED,v2_deep_integrated_review
12,Tianjin,天津,2050,gas,gas,70.857568,6.31,447.11125408,True,True,published provincial values converted at 2025 FX and held constant through 2060; sensitivity trajectories not yet applied,"An et al. (2025), Nature Communications 16, 2311, Supplementary Note 3 and Supplementary Table 2; doi:10.1038/s41467-025-57559-2",68.44800000000001,431.90688,PROPOSED_NOT_APPLIED,v2_deep_integrated_review
12,Tianjin,天津,2050,gasccs,gas,70.857568,7.83,554.81475744,True,True,published provincial values converted at 2025 FX and held constant through 2060; sensitivity trajectories not yet applied,"An et al. (2025), Nature Communications 16, 2311, Supplementary Note 3 and Supplementary Table 2; doi:10.1038/s41467-025-57559-2",68.44800000000001,535.94784,PROPOSED_NOT_APPLIED,v2_deep_integrated_review
12,Tianjin,天津,2050,gchp,gas,70.857568,6.31,447.11125408,True,True,published provincial values converted at 2025 FX and held constant through 2060; sensitivity trajectories not yet applied,"An et al. (2025), Nature Communications 16, 2311, Supplementary Note 3 and Supplementary Table 2; doi:10.1038/s41467-025-57559-2",68.44800000000001,431.90688,PROPOSED_NOT_APPLIED,v2_deep_integrated_review
12,Tianjin,天津,2050,gchpccs,gas,70.857568,7.83,554.81475744,True,True,published provincial values converted at 2025 FX and held constant through 2060; sensitivity trajectories not yet applied,"An et al. (2025), Nature Communications 16, 2311, Supplementary Note 3 and Supplementary Table 2; doi:10.1038/s41467-025-57559-2",68.44800000000001,535.94784,PROPOSED_NOT_APPLIED,v2_deep_integrated_review
12,Tianjin,天津,2050,bio,biomass,38.643089,9.0,347.78780100000006,True,True,published provincial values converted at 2025 FX and held constant through 2060; sensitivity trajectories not yet applied,"An et al. (2025), Nature Communications 16, 2311, Supplementary Note 3 and Supplementary Table 2; doi:10.1038/s41467-025-57559-2",37.329,335.961,PROPOSED_NOT_APPLIED,v2_deep_integrated_review
12,Tianjin,天津,2050,bioccs,biomass,38.643089,10.3,398.02381670000005,True,True,published provincial values converted at 2025 FX and held constant through 2060; sensitivity trajectories not yet applied,"An et al. (2025), Nature Communications 16, 2311, Supplementary Note 3 and Supplementary Table 2; doi:10.1038/s41467-025-57559-2",37.329,384.4887000000001,PROPOSED_NOT_APPLIED,v2_deep_integrated_review
12,Tianjin,天津,2060,coal,coal,39.357379,9.0,354.216411,True,True,published provincial values converted at 2025 FX and held constant through 2060; sensitivity trajectories not yet applied,"An et al. (2025), Nature Communications 16, 2311, Supplementary Note 3 and Supplementary Table 2; doi:10.1038/s41467-025-57559-2",38.019,342.171,PROPOSED_NOT_APPLIED,v2_deep_integrated_review
12,Tianjin,天津,2060,coalccs,coal,39.357379,11.25,442.77051375,True,True,published provincial values converted at 2025 FX and held constant through 2060; sensitivity trajectories not yet applied,"An et al. (2025), Nature Communications 16, 2311, Supplementary Note 3 and Supplementary Table 2; doi:10.1038/s41467-025-57559-2",38.019,427.71375,PROPOSED_NOT_APPLIED,v2_deep_integrated_review
12,Tianjin,天津,2060,cchp,coal,39.357379,9.47,372.71437913000005,True,True,published provincial values converted at 2025 FX and held constant through 2060; sensitivity trajectories not yet applied,"An et al. (2025), Nature Communications 16, 2311, Supplementary Note 3 and Supplementary Table 2; doi:10.1038/s41467-025-57559-2",38.019,360.03993,PROPOSED_NOT_APPLIED,v2_deep_integrated_review
12,Tianjin,天津,2060,cchpccs,coal,39.357379,11.25,442.77051375,True,True,published provincial values converted at 2025 FX and held constant through 2060; sensitivity trajectories not yet applied,"An et al. (2025), Nature Communications 16, 2311, Supplementary Note 3 and Supplementary Table 2; doi:10.1038/s41467-025-57559-2",38.019,427.71375,PROPOSED_NOT_APPLIED,v2_deep_integrated_review
12,Tianjin,天津,2060,gas,gas,70.857568,6.31,447.11125408,True,True,published provincial values converted at 2025 FX and held constant through 2060; sensitivity trajectories not yet applied,"An et al. (2025), Nature Communications 16, 2311, Supplementary Note 3 and Supplementary Table 2; doi:10.1038/s41467-025-57559-2",68.44800000000001,431.90688,PROPOSED_NOT_APPLIED,v2_deep_integrated_review
12,Tianjin,天津,2060,gasccs,gas,70.857568,7.83,554.81475744,True,True,published provincial values converted at 2025 FX and held constant through 2060; sensitivity trajectories not yet applied,"An et al. (2025), Nature Communications 16, 2311, Supplementary Note 3 and Supplementary Table 2; doi:10.1038/s41467-025-57559-2",68.44800000000001,535.94784,PROPOSED_NOT_APPLIED,v2_deep_integrated_review
12,Tianjin,天津,2060,gchp,gas,70.857568,6.31,447.11125408,True,True,published provincial values converted at 2025 FX and held constant through 2060; sensitivity trajectories not yet applied,"An et al. (2025), Nature Communications 16, 2311, Supplementary Note 3 and Supplementary Table 2; doi:10.1038/s41467-025-57559-2",68.44800000000001,431.90688,PROPOSED_NOT_APPLIED,v2_deep_integrated_review
12,Tianjin,天津,2060,gchpccs,gas,70.857568,7.83,554.81475744,True,True,published provincial values converted at 2025 FX and held constant through 2060; sensitivity trajectories not yet applied,"An et al. (2025), Nature Communications 16, 2311, Supplementary Note 3 and Supplementary Table 2; doi:10.1038/s41467-025-57559-2",68.44800000000001,535.94784,PROPOSED_NOT_APPLIED,v2_deep_integrated_review
12,Tianjin,天津,2060,bio,biomass,38.643089,9.0,347.78780100000006,True,True,published provincial values converted at 2025 FX and held constant through 2060; sensitivity trajectories not yet applied,"An et al. (2025), Nature Communications 16, 2311, Supplementary Note 3 and Supplementary Table 2; doi:10.1038/s41467-025-57559-2",37.329,335.961,PROPOSED_NOT_APPLIED,v2_deep_integrated_review
12,Tianjin,天津,2060,bioccs,biomass,38.643089,10.3,398.02381670000005,True,True,published provincial values converted at 2025 FX and held constant through 2060; sensitivity trajectories not yet applied,"An et al. (2025), Nature Communications 16, 2311, Supplementary Note 3 and Supplementary Table 2; doi:10.1038/s41467-025-57559-2",37.329,384.4887000000001,PROPOSED_NOT_APPLIED,v2_deep_integrated_review
13,Hebei,河北,2025,coal,coal,31.428760000000004,9.0,282.85884000000004,True,False,published provincial values converted at 2025 FX and held constant through 2060; sensitivity trajectories not yet applied,"An et al. (2025), Nature Communications 16, 2311, Supplementary Note 3 and Supplementary Table 2; doi:10.1038/s41467-025-57559-2",30.360000000000003,273.24,PROPOSED_NOT_APPLIED,v2_deep_integrated_review
13,Hebei,河北,2025,coalccs,coal,31.428760000000004,11.25,353.57355000000007,True,False,published provincial values converted at 2025 FX and held constant through 2060; sensitivity trajectories not yet applied,"An et al. (2025), Nature Communications 16, 2311, Supplementary Note 3 and Supplementary Table 2; doi:10.1038/s41467-025-57559-2",30.360000000000003,341.55,PROPOSED_NOT_APPLIED,v2_deep_integrated_review
13,Hebei,河北,2025,cchp,coal,31.428760000000004,9.47,297.63035720000005,True,False,published provincial values converted at 2025 FX and held constant through 2060; sensitivity trajectories not yet applied,"An et al. (2025), Nature Communications 16, 2311, Supplementary Note 3 and Supplementary Table 2; doi:10.1038/s41467-025-57559-2",30.360000000000003,287.5092,PROPOSED_NOT_APPLIED,v2_deep_integrated_review
13,Hebei,河北,2025,cchpccs,coal,31.428760000000004,11.25,353.57355000000007,True,False,published provincial values converted at 2025 FX and held constant through 2060; sensitivity trajectories not yet applied,"An et al. (2025), Nature Communications 16, 2311, Supplementary Note 3 and Supplementary Table 2; doi:10.1038/s41467-025-57559-2",30.360000000000003,341.55,PROPOSED_NOT_APPLIED,v2_deep_integrated_review
13,Hebei,河北,2025,gas,gas,70.286136,6.31,443.50551816,True,False,published provincial values converted at 2025 FX and held constant through 2060; sensitivity trajectories not yet applied,"An et al. (2025), Nature Communications 16, 2311, Supplementary Note 3 and Supplementary Table 2; doi:10.1038/s41467-025-57559-2",67.896,428.42376,PROPOSED_NOT_APPLIED,v2_deep_integrated_review
13,Hebei,河北,2025,gasccs,gas,70.286136,7.83,550.34044488,True,False,published provincial values converted at 2025 FX and held constant through 2060; sensitivity trajectories not yet applied,"An et al. (2025), Nature Communications 16, 2311, Supplementary Note 3 and Supplementary Table 2; doi:10.1038/s41467-025-57559-2",67.896,531.62568,PROPOSED_NOT_APPLIED,v2_deep_integrated_review
13,Hebei,河北,2025,gchp,gas,70.286136,6.31,443.50551816,True,False,published provincial values converted at 2025 FX and held constant through 2060; sensitivity trajectories not yet applied,"An et al. (2025), Nature Communications 16, 2311, Supplementary Note 3 and Supplementary Table 2; doi:10.1038/s41467-025-57559-2",67.896,428.42376,PROPOSED_NOT_APPLIED,v2_deep_integrated_review
13,Hebei,河北,2025,gchpccs,gas,70.286136,7.83,550.34044488,True,False,published provincial values converted at 2025 FX and held constant through 2060; sensitivity trajectories not yet applied,"An et al. (2025), Nature Communications 16, 2311, Supplementary Note 3 and Supplementary Table 2; doi:10.1038/s41467-025-57559-2",67.896,531.62568,PROPOSED_NOT_APPLIED,v2_deep_integrated_review
13,Hebei,河北,2025,bio,biomass,34.714494,9.0,312.430446,True,False,published provincial values converted at 2025 FX and held constant through 2060; sensitivity trajectories not yet applied,"An et al. (2025), Nature Communications 16, 2311, Supplementary Note 3 and Supplementary Table 2; doi:10.1038/s41467-025-57559-2",33.534000000000006,301.80600000000004,PROPOSED_NOT_APPLIED,v2_deep_integrated_review
13,Hebei,河北,2025,bioccs,biomass,34.714494,10.3,357.5592882,True,False,published provincial values converted at 2025 FX and held constant through 2060; sensitivity trajectories not yet applied,"An et al. (2025), Nature Communications 16, 2311, Supplementary Note 3 and Supplementary Table 2; doi:10.1038/s41467-025-57559-2",33.534000000000006,345.4002000000001,PROPOSED_NOT_APPLIED,v2_deep_integrated_review
13,Hebei,河北,2030,coal,coal,31.428760000000004,9.0,282.85884000000004,True,True,published provincial values converted at 2025 FX and held constant through 2060; sensitivity trajectories not yet applied,"An et al. (2025), Nature Communications 16, 2311, Supplementary Note 3 and Supplementary Table 2; doi:10.1038/s41467-025-57559-2",30.360000000000003,273.24,PROPOSED_NOT_APPLIED,v2_deep_integrated_review
13,Hebei,河北,2030,coalccs,coal,31.428760000000004,11.25,353.57355000000007,True,True,published provincial values converted at 2025 FX and held constant through 2060; sensitivity trajectories not yet applied,"An et al. (2025), Nature Communications 16, 2311, Supplementary Note 3 and Supplementary Table 2; doi:10.1038/s41467-025-57559-2",30.360000000000003,341.55,PROPOSED_NOT_APPLIED,v2_deep_integrated_review
13,Hebei,河北,2030,cchp,coal,31.428760000000004,9.47,297.63035720000005,True,True,published provincial values converted at 2025 FX and held constant through 2060; sensitivity trajectories not yet applied,"An et al. (2025), Nature Communications 16, 2311, Supplementary Note 3 and Supplementary Table 2; doi:10.1038/s41467-025-57559-2",30.360000000000003,287.5092,PROPOSED_NOT_APPLIED,v2_deep_integrated_review
13,Hebei,河北,2030,cchpccs,coal,31.428760000000004,11.25,353.57355000000007,True,True,published provincial values converted at 2025 FX and held constant through 2060; sensitivity trajectories not yet applied,"An et al. (2025), Nature Communications 16, 2311, Supplementary Note 3 and Supplementary Table 2; doi:10.1038/s41467-025-57559-2",30.360000000000003,341.55,PROPOSED_NOT_APPLIED,v2_deep_integrated_review
13,Hebei,河北,2030,gas,gas,70.286136,6.31,443.50551816,True,True,published provincial values converted at 2025 FX and held constant through 2060; sensitivity trajectories not yet applied,"An et al. (2025), Nature Communications 16, 2311, Supplementary Note 3 and Supplementary Table 2; doi:10.1038/s41467-025-57559-2",67.896,428.42376,PROPOSED_NOT_APPLIED,v2_deep_integrated_review
13,Hebei,河北,2030,gasccs,gas,70.286136,7.83,550.34044488,True,True,published provincial values converted at 2025 FX and held constant through 2060; sensitivity trajectories not yet applied,"An et al. (2025), Nature Communications 16, 2311, Supplementary Note 3 and Supplementary Table 2; doi:10.1038/s41467-025-57559-2",67.896,531.62568,PROPOSED_NOT_APPLIED,v2_deep_integrated_review
13,Hebei,河北,2030,gchp,gas,70.286136,6.31,443.50551816,True,True,published provincial values converted at 2025 FX and held constant through 2060; sensitivity trajectories not yet applied,"An et al. (2025), Nature Communications 16, 2311, Supplementary Note 3 and Supplementary Table 2; doi:10.1038/s41467-025-57559-2",67.896,428.42376,PROPOSED_NOT_APPLIED,v2_deep_integrated_review
13,Hebei,河北,2030,gchpccs,gas,70.286136,7.83,550.34044488,True,True,published provincial values converted at 2025 FX and held constant through 2060; sensitivity trajectories not yet applied,"An et al. (2025), Nature Communications 16, 2311, Supplementary Note 3 and Supplementary Table 2; doi:10.1038/s41467-025-57559-2",67.896,531.62568,PROPOSED_NOT_APPLIED,v2_deep_integrated_review
13,Hebei,河北,2030,bio,biomass,34.714494,9.0,312.430446,True,True,published provincial values converted at 2025 FX and held constant through 2060; sensitivity trajectories not yet applied,"An et al. (2025), Nature Communications 16, 2311, Supplementary Note 3 and Supplementary Table 2; doi:10.1038/s41467-025-57559-2",33.534000000000006,301.80600000000004,PROPOSED_NOT_APPLIED,v2_deep_integrated_review
13,Hebei,河北,2030,bioccs,biomass,34.714494,10.3,357.5592882,True,True,published provincial values converted at 2025 FX and held constant through 2060; sensitivity trajectories not yet applied,"An et al. (2025), Nature Communications 16, 2311, Supplementary Note 3 and Supplementary Table 2; doi:10.1038/s41467-025-57559-2",33.534000000000006,345.4002000000001,PROPOSED_NOT_APPLIED,v2_deep_integrated_review
13,Hebei,河北,2040,coal,coal,31.428760000000004,9.0,282.85884000000004,True,True,published provincial values converted at 2025 FX and held constant through 2060; sensitivity trajectories not yet applied,"An et al. (2025), Nature Communications 16, 2311, Supplementary Note 3 and Supplementary Table 2; doi:10.1038/s41467-025-57559-2",30.360000000000003,273.24,PROPOSED_NOT_APPLIED,v2_deep_integrated_review
13,Hebei,河北,2040,coalccs,coal,31.428760000000004,11.25,353.57355000000007,True,True,published provincial values converted at 2025 FX and held constant through 2060; sensitivity trajectories not yet applied,"An et al. (2025), Nature Communications 16, 2311, Supplementary Note 3 and Supplementary Table 2; doi:10.1038/s41467-025-57559-2",30.360000000000003,341.55,PROPOSED_NOT_APPLIED,v2_deep_integrated_review
13,Hebei,河北,2040,cchp,coal,31.428760000000004,9.47,297.63035720000005,True,True,published provincial values converted at 2025 FX and held constant through 2060; sensitivity trajectories not yet applied,"An et al. (2025), Nature Communications 16, 2311, Supplementary Note 3 and Supplementary Table 2; doi:10.1038/s41467-025-57559-2",30.360000000000003,287.5092,PROPOSED_NOT_APPLIED,v2_deep_integrated_review
13,Hebei,河北,2040,cchpccs,coal,31.428760000000004,11.25,353.57355000000007,True,True,published provincial values converted at 2025 FX and held constant through 2060; sensitivity trajectories not yet applied,"An et al. (2025), Nature Communications 16, 2311, Supplementary Note 3 and Supplementary Table 2; doi:10.1038/s41467-025-57559-2",30.360000000000003,341.55,PROPOSED_NOT_APPLIED,v2_deep_integrated_review
13,Hebei,河北,2040,gas,gas,70.286136,6.31,443.50551816,True,True,published provincial values converted at 2025 FX and held constant through 2060; sensitivity trajectories not yet applied,"An et al. (2025), Nature Communications 16, 2311, Supplementary Note 3 and Supplementary Table 2; doi:10.1038/s41467-025-57559-2",67.896,428.42376,PROPOSED_NOT_APPLIED,v2_deep_integrated_review
13,Hebei,河北,2040,gasccs,gas,70.286136,7.83,550.34044488,True,True,published provincial values converted at 2025 FX and held constant through 2060; sensitivity trajectories not yet applied,"An et al. (2025), Nature Communications 16, 2311, Supplementary Note 3 and Supplementary Table 2; doi:10.1038/s41467-025-57559-2",67.896,531.62568,PROPOSED_NOT_APPLIED,v2_deep_integrated_review
13,Hebei,河北,2040,gchp,gas,70.286136,6.31,443.50551816,True,True,published provincial values converted at 2025 FX and held constant through 2060; sensitivity trajectories not yet applied,"An et al. (2025), Nature Communications 16, 2311, Supplementary Note 3 and Supplementary Table 2; doi:10.1038/s41467-025-57559-2",67.896,428.42376,PROPOSED_NOT_APPLIED,v2_deep_integrated_review
13,Hebei,河北,2040,gchpccs,gas,70.286136,7.83,550.34044488,True,True,published provincial values converted at 2025 FX and held constant through 2060; sensitivity trajectories not yet applied,"An et al. (2025), Nature Communications 16, 2311, Supplementary Note 3 and Supplementary Table 2; doi:10.1038/s41467-025-57559-2",67.896,531.62568,PROPOSED_NOT_APPLIED,v2_deep_integrated_review
13,Hebei,河北,2040,bio,biomass,34.714494,9.0,312.430446,True,True,published provincial values converted at 2025 FX and held constant through 2060; sensitivity trajectories not yet applied,"An et al. (2025), Nature Communications 16, 2311, Supplementary Note 3 and Supplementary Table 2; doi:10.1038/s41467-025-57559-2",33.534000000000006,301.80600000000004,PROPOSED_NOT_APPLIED,v2_deep_integrated_review
13,Hebei,河北,2040,bioccs,biomass,34.714494,10.3,357.5592882,True,True,published provincial values converted at 2025 FX and held constant through 2060; sensitivity trajectories not yet applied,"An et al. (2025), Nature Communications 16, 2311, Supplementary Note 3 and Supplementary Table 2; doi:10.1038/s41467-025-57559-2",33.534000000000006,345.4002000000001,PROPOSED_NOT_APPLIED,v2_deep_integrated_review
13,Hebei,河北,2050,coal,coal,31.428760000000004,9.0,282.85884000000004,True,True,published provincial values converted at 2025 FX and held constant through 2060; sensitivity trajectories not yet applied,"An et al. (2025), Nature Communications 16, 2311, Supplementary Note 3 and Supplementary Table 2; doi:10.1038/s41467-025-57559-2",30.360000000000003,273.24,PROPOSED_NOT_APPLIED,v2_deep_integrated_review
13,Hebei,河北,2050,coalccs,coal,31.428760000000004,11.25,353.57355000000007,True,True,published provincial values converted at 2025 FX and held constant through 2060; sensitivity trajectories not yet applied,"An et al. (2025), Nature Communications 16, 2311, Supplementary Note 3 and Supplementary Table 2; doi:10.1038/s41467-025-57559-2",30.360000000000003,341.55,PROPOSED_NOT_APPLIED,v2_deep_integrated_review
13,Hebei,河北,2050,cchp,coal,31.428760000000004,9.47,297.63035720000005,True,True,published provincial values converted at 2025 FX and held constant through 2060; sensitivity trajectories not yet applied,"An et al. (2025), Nature Communications 16, 2311, Supplementary Note 3 and Supplementary Table 2; doi:10.1038/s41467-025-57559-2",30.360000000000003,287.5092,PROPOSED_NOT_APPLIED,v2_deep_integrated_review
13,Hebei,河北,2050,cchpccs,coal,31.428760000000004,11.25,353.57355000000007,True,True,published provincial values converted at 2025 FX and held constant through 2060; sensitivity trajectories not yet applied,"An et al. (2025), Nature Communications 16, 2311, Supplementary Note 3 and Supplementary Table 2; doi:10.1038/s41467-025-57559-2",30.360000000000003,341.55,PROPOSED_NOT_APPLIED,v2_deep_integrated_review
13,Hebei,河北,2050,gas,gas,70.286136,6.31,443.50551816,True,True,published provincial values converted at 2025 FX and held constant through 2060; sensitivity trajectories not yet applied,"An et al. (2025), Nature Communications 16, 2311, Supplementary Note 3 and Supplementary Table 2; doi:10.1038/s41467-025-57559-2",67.896,428.42376,PROPOSED_NOT_APPLIED,v2_deep_integrated_review
13,Hebei,河北,2050,gasccs,gas,70.286136,7.83,550.34044488,True,True,published provincial values converted at 2025 FX and held constant through 2060; sensitivity trajectories not yet applied,"An et al. (2025), Nature Communications 16, 2311, Supplementary Note 3 and Supplementary Table 2; doi:10.1038/s41467-025-57559-2",67.896,531.62568,PROPOSED_NOT_APPLIED,v2_deep_integrated_review
13,Hebei,河北,2050,gchp,gas,70.286136,6.31,443.50551816,True,True,published provincial values converted at 2025 FX and held constant through 2060; sensitivity trajectories not yet applied,"An et al. (2025), Nature Communications 16, 2311, Supplementary Note 3 and Supplementary Table 2; doi:10.1038/s41467-025-57559-2",67.896,428.42376,PROPOSED_NOT_APPLIED,v2_deep_integrated_review
13,Hebei,河北,2050,gchpccs,gas,70.286136,7.83,550.34044488,True,True,published provincial values converted at 2025 FX and held constant through 2060; sensitivity trajectories not yet applied,"An et al. (2025), Nature Communications 16, 2311, Supplementary Note 3 and Supplementary Table 2; doi:10.1038/s41467-025-57559-2",67.896,531.62568,PROPOSED_NOT_APPLIED,v2_deep_integrated_review
13,Hebei,河北,2050,bio,biomass,34.714494,9.0,312.430446,True,True,published provincial values converted at 2025 FX and held constant through 2060; sensitivity trajectories not yet applied,"An et al. (2025), Nature Communications 16, 2311, Supplementary Note 3 and Supplementary Table 2; doi:10.1038/s41467-025-57559-2",33.534000000000006,301.80600000000004,PROPOSED_NOT_APPLIED,v2_deep_integrated_review
13,Hebei,河北,2050,bioccs,biomass,34.714494,10.3,357.5592882,True,True,published provincial values converted at 2025 FX and held constant through 2060; sensitivity trajectories not yet applied,"An et al. (2025), Nature Communications 16, 2311, Supplementary Note 3 and Supplementary Table 2; doi:10.1038/s41467-025-57559-2",33.534000000000006,345.4002000000001,PROPOSED_NOT_APPLIED,v2_deep_integrated_review
13,Hebei,河北,2060,coal,coal,31.428760000000004,9.0,282.85884000000004,True,True,published provincial values converted at 2025 FX and held constant through 2060; sensitivity trajectories not yet applied,"An et al. (2025), Nature Communications 16, 2311, Supplementary Note 3 and Supplementary Table 2; doi:10.1038/s41467-025-57559-2",30.360000000000003,273.24,PROPOSED_NOT_APPLIED,v2_deep_integrated_review
13,Hebei,河北,2060,coalccs,coal,31.428760000000004,11.25,353.57355000000007,True,True,published provincial values converted at 2025 FX and held constant through 2060; sensitivity trajectories not yet applied,"An et al. (2025), Nature Communications 16, 2311, Supplementary Note 3 and Supplementary Table 2; doi:10.1038/s41467-025-57559-2",30.360000000000003,341.55,PROPOSED_NOT_APPLIED,v2_deep_integrated_review
13,Hebei,河北,2060,cchp,coal,31.428760000000004,9.47,297.63035720000005,True,True,published provincial values converted at 2025 FX and held constant through 2060; sensitivity trajectories not yet applied,"An et al. (2025), Nature Communications 16, 2311, Supplementary Note 3 and Supplementary Table 2; doi:10.1038/s41467-025-57559-2",30.360000000000003,287.5092,PROPOSED_NOT_APPLIED,v2_deep_integrated_review
13,Hebei,河北,2060,cchpccs,coal,31.428760000000004,11.25,353.57355000000007,True,True,published provincial values converted at 2025 FX and held constant through 2060; sensitivity trajectories not yet applied,"An et al. (2025), Nature Communications 16, 2311, Supplementary Note 3 and Supplementary Table 2; doi:10.1038/s41467-025-57559-2",30.360000000000003,341.55,PROPOSED_NOT_APPLIED,v2_deep_integrated_review
13,Hebei,河北,2060,gas,gas,70.286136,6.31,443.50551816,True,True,published provincial values converted at 2025 FX and held constant through 2060; sensitivity trajectories not yet applied,"An et al. (2025), Nature Communications 16, 2311, Supplementary Note 3 and Supplementary Table 2; doi:10.1038/s41467-025-57559-2",67.896,428.42376,PROPOSED_NOT_APPLIED,v2_deep_integrated_review
13,Hebei,河北,2060,gasccs,gas,70.286136,7.83,550.34044488,True,True,published provincial values converted at 2025 FX and held constant through 2060; sensitivity trajectories not yet applied,"An et al. (2025), Nature Communications 16, 2311, Supplementary Note 3 and Supplementary Table 2; doi:10.1038/s41467-025-57559-2",67.896,531.62568,PROPOSED_NOT_APPLIED,v2_deep_integrated_review
13,Hebei,河北,2060,gchp,gas,70.286136,6.31,443.50551816,True,True,published provincial values converted at 2025 FX and held constant through 2060; sensitivity trajectories not yet applied,"An et al. (2025), Nature Communications 16, 2311, Supplementary Note 3 and Supplementary Table 2; doi:10.1038/s41467-025-57559-2",67.896,428.42376,PROPOSED_NOT_APPLIED,v2_deep_integrated_review
13,Hebei,河北,2060,gchpccs,gas,70.286136,7.83,550.34044488,True,True,published provincial values converted at 2025 FX and held constant through 2060; sensitivity trajectories not yet applied,"An et al. (2025), Nature Communications 16, 2311, Supplementary Note 3 and Supplementary Table 2; doi:10.1038/s41467-025-57559-2",67.896,531.62568,PROPOSED_NOT_APPLIED,v2_deep_integrated_review
13,Hebei,河北,2060,bio,biomass,34.714494,9.0,312.430446,True,True,published provincial values converted at 2025 FX and held constant through 2060; sensitivity trajectories not yet applied,"An et al. (2025), Nature Communications 16, 2311, Supplementary Note 3 and Supplementary Table 2; doi:10.1038/s41467-025-57559-2",33.534000000000006,301.80600000000004,PROPOSED_NOT_APPLIED,v2_deep_integrated_review
13,Hebei,河北,2060,bioccs,biomass,34.714494,10.3,357.5592882,True,True,published provincial values converted at 2025 FX and held constant through 2060; sensitivity trajectories not yet applied,"An et al. (2025), Nature Communications 16, 2311, Supplementary Note 3 and Supplementary Table 2; doi:10.1038/s41467-025-57559-2",33.534000000000006,345.4002000000001,PROPOSED_NOT_APPLIED,v2_deep_integrated_review
14,Shanxi,山西,2025,coal,coal,28.785887,9.0,259.072983,True,False,published provincial values converted at 2025 FX and held constant through 2060; sensitivity trajectories not yet applied,"An et al. (2025), Nature Communications 16, 2311, Supplementary Note 3 and Supplementary Table 2; doi:10.1038/s41467-025-57559-2",27.807,250.26300000000003,PROPOSED_NOT_APPLIED,v2_deep_integrated_review
14,Shanxi,山西,2025,coalccs,coal,28.785887,11.25,323.84122875,True,False,published provincial values converted at 2025 FX and held constant through 2060; sensitivity trajectories not yet applied,"An et al. (2025), Nature Communications 16, 2311, Supplementary Note 3 and Supplementary Table 2; doi:10.1038/s41467-025-57559-2",27.807,312.82875,PROPOSED_NOT_APPLIED,v2_deep_integrated_review
14,Shanxi,山西,2025,cchp,coal,28.785887,9.47,272.60234989,True,False,published provincial values converted at 2025 FX and held constant through 2060; sensitivity trajectories not yet applied,"An et al. (2025), Nature Communications 16, 2311, Supplementary Note 3 and Supplementary Table 2; doi:10.1038/s41467-025-57559-2",27.807,263.33229000000006,PROPOSED_NOT_APPLIED,v2_deep_integrated_review
14,Shanxi,山西,2025,cchpccs,coal,28.785887,11.25,323.84122875,True,False,published provincial values converted at 2025 FX and held constant through 2060; sensitivity trajectories not yet applied,"An et al. (2025), Nature Communications 16, 2311, Supplementary Note 3 and Supplementary Table 2; doi:10.1038/s41467-025-57559-2",27.807,312.82875,PROPOSED_NOT_APPLIED,v2_deep_integrated_review
14,Shanxi,山西,2025,gas,gas,68.428982,6.31,431.78687642,True,False,published provincial values converted at 2025 FX and held constant through 2060; sensitivity trajectories not yet applied,"An et al. (2025), Nature Communications 16, 2311, Supplementary Note 3 and Supplementary Table 2; doi:10.1038/s41467-025-57559-2",66.102,417.10362,PROPOSED_NOT_APPLIED,v2_deep_integrated_review
14,Shanxi,山西,2025,gasccs,gas,68.428982,7.83,535.7989290600001,True,False,published provincial values converted at 2025 FX and held constant through 2060; sensitivity trajectories not yet applied,"An et al. (2025), Nature Communications 16, 2311, Supplementary Note 3 and Supplementary Table 2; doi:10.1038/s41467-025-57559-2",66.102,517.57866,PROPOSED_NOT_APPLIED,v2_deep_integrated_review
14,Shanxi,山西,2025,gchp,gas,68.428982,6.31,431.78687642,True,False,published provincial values converted at 2025 FX and held constant through 2060; sensitivity trajectories not yet applied,"An et al. (2025), Nature Communications 16, 2311, Supplementary Note 3 and Supplementary Table 2; doi:10.1038/s41467-025-57559-2",66.102,417.10362,PROPOSED_NOT_APPLIED,v2_deep_integrated_review
14,Shanxi,山西,2025,gchpccs,gas,68.428982,7.83,535.7989290600001,True,False,published provincial values converted at 2025 FX and held constant through 2060; sensitivity trajectories not yet applied,"An et al. (2025), Nature Communications 16, 2311, Supplementary Note 3 and Supplementary Table 2; doi:10.1038/s41467-025-57559-2",66.102,517.57866,PROPOSED_NOT_APPLIED,v2_deep_integrated_review
14,Shanxi,山西,2025,bio,biomass,34.428778,9.0,309.85900200000003,True,False,published provincial values converted at 2025 FX and held constant through 2060; sensitivity trajectories not yet applied,"An et al. (2025), Nature Communications 16, 2311, Supplementary Note 3 and Supplementary Table 2; doi:10.1038/s41467-025-57559-2",33.258,299.322,PROPOSED_NOT_APPLIED,v2_deep_integrated_review
14,Shanxi,山西,2025,bioccs,biomass,34.428778,10.3,354.61641340000006,True,False,published provincial values converted at 2025 FX and held constant through 2060; sensitivity trajectories not yet applied,"An et al. (2025), Nature Communications 16, 2311, Supplementary Note 3 and Supplementary Table 2; doi:10.1038/s41467-025-57559-2",33.258,342.55740000000003,PROPOSED_NOT_APPLIED,v2_deep_integrated_review
14,Shanxi,山西,2030,coal,coal,28.785887,9.0,259.072983,True,True,published provincial values converted at 2025 FX and held constant through 2060; sensitivity trajectories not yet applied,"An et al. (2025), Nature Communications 16, 2311, Supplementary Note 3 and Supplementary Table 2; doi:10.1038/s41467-025-57559-2",27.807,250.26300000000003,PROPOSED_NOT_APPLIED,v2_deep_integrated_review
14,Shanxi,山西,2030,coalccs,coal,28.785887,11.25,323.84122875,True,True,published provincial values converted at 2025 FX and held constant through 2060; sensitivity trajectories not yet applied,"An et al. (2025), Nature Communications 16, 2311, Supplementary Note 3 and Supplementary Table 2; doi:10.1038/s41467-025-57559-2",27.807,312.82875,PROPOSED_NOT_APPLIED,v2_deep_integrated_review
14,Shanxi,山西,2030,cchp,coal,28.785887,9.47,272.60234989,True,True,published provincial values converted at 2025 FX and held constant through 2060; sensitivity trajectories not yet applied,"An et al. (2025), Nature Communications 16, 2311, Supplementary Note 3 and Supplementary Table 2; doi:10.1038/s41467-025-57559-2",27.807,263.33229000000006,PROPOSED_NOT_APPLIED,v2_deep_integrated_review
14,Shanxi,山西,2030,cchpccs,coal,28.785887,11.25,323.84122875,True,True,published provincial values converted at 2025 FX and held constant through 2060; sensitivity trajectories not yet applied,"An et al. (2025), Nature Communications 16, 2311, Supplementary Note 3 and Supplementary Table 2; doi:10.1038/s41467-025-57559-2",27.807,312.82875,PROPOSED_NOT_APPLIED,v2_deep_integrated_review
14,Shanxi,山西,2030,gas,gas,68.428982,6.31,431.78687642,True,True,published provincial values converted at 2025 FX and held constant through 2060; sensitivity trajectories not yet applied,"An et al. (2025), Nature Communications 16, 2311, Supplementary Note 3 and Supplementary Table 2; doi:10.1038/s41467-025-57559-2",66.102,417.10362,PROPOSED_NOT_APPLIED,v2_deep_integrated_review
14,Shanxi,山西,2030,gasccs,gas,68.428982,7.83,535.7989290600001,True,True,published provincial values converted at 2025 FX and held constant through 2060; sensitivity trajectories not yet applied,"An et al. (2025), Nature Communications 16, 2311, Supplementary Note 3 and Supplementary Table 2; doi:10.1038/s41467-025-57559-2",66.102,517.57866,PROPOSED_NOT_APPLIED,v2_deep_integrated_review
14,Shanxi,山西,2030,gchp,gas,68.428982,6.31,431.78687642,True,True,published provincial values converted at 2025 FX and held constant through 2060; sensitivity trajectories not yet applied,"An et al. (2025), Nature Communications 16, 2311, Supplementary Note 3 and Supplementary Table 2; doi:10.1038/s41467-025-57559-2",66.102,417.10362,PROPOSED_NOT_APPLIED,v2_deep_integrated_review
14,Shanxi,山西,2030,gchpccs,gas,68.428982,7.83,535.7989290600001,True,True,published provincial values converted at 2025 FX and held constant through 2060; sensitivity trajectories not yet applied,"An et al. (2025), Nature Communications 16, 2311, Supplementary Note 3 and Supplementary Table 2; doi:10.1038/s41467-025-57559-2",66.102,517.57866,PROPOSED_NOT_APPLIED,v2_deep_integrated_review
14,Shanxi,山西,2030,bio,biomass,34.428778,9.0,309.85900200000003,True,True,published provincial values converted at 2025 FX and held constant through 2060; sensitivity trajectories not yet applied,"An et al. (2025), Nature Communications 16, 2311, Supplementary Note 3 and Supplementary Table 2; doi:10.1038/s41467-025-57559-2",33.258,299.322,PROPOSED_NOT_APPLIED,v2_deep_integrated_review
14,Shanxi,山西,2030,bioccs,biomass,34.428778,10.3,354.61641340000006,True,True,published provincial values converted at 2025 FX and held constant through 2060; sensitivity trajectories not yet applied,"An et al. (2025), Nature Communications 16, 2311, Supplementary Note 3 and Supplementary Table 2; doi:10.1038/s41467-025-57559-2",33.258,342.55740000000003,PROPOSED_NOT_APPLIED,v2_deep_integrated_review
14,Shanxi,山西,2040,coal,coal,28.785887,9.0,259.072983,True,True,published provincial values converted at 2025 FX and held constant through 2060; sensitivity trajectories not yet applied,"An et al. (2025), Nature Communications 16, 2311, Supplementary Note 3 and Supplementary Table 2; doi:10.1038/s41467-025-57559-2",27.807,250.26300000000003,PROPOSED_NOT_APPLIED,v2_deep_integrated_review
14,Shanxi,山西,2040,coalccs,coal,28.785887,11.25,323.84122875,True,True,published provincial values converted at 2025 FX and held constant through 2060; sensitivity trajectories not yet applied,"An et al. (2025), Nature Communications 16, 2311, Supplementary Note 3 and Supplementary Table 2; doi:10.1038/s41467-025-57559-2",27.807,312.82875,PROPOSED_NOT_APPLIED,v2_deep_integrated_review
14,Shanxi,山西,2040,cchp,coal,28.785887,9.47,272.60234989,True,True,published provincial values converted at 2025 FX and held constant through 2060; sensitivity trajectories not yet applied,"An et al. (2025), Nature Communications 16, 2311, Supplementary Note 3 and Supplementary Table 2; doi:10.1038/s41467-025-57559-2",27.807,263.33229000000006,PROPOSED_NOT_APPLIED,v2_deep_integrated_review
14,Shanxi,山西,2040,cchpccs,coal,28.785887,11.25,323.84122875,True,True,published provincial values converted at 2025 FX and held constant through 2060; sensitivity trajectories not yet applied,"An et al. (2025), Nature Communications 16, 2311, Supplementary Note 3 and Supplementary Table 2; doi:10.1038/s41467-025-57559-2",27.807,312.82875,PROPOSED_NOT_APPLIED,v2_deep_integrated_review
14,Shanxi,山西,2040,gas,gas,68.428982,6.31,431.78687642,True,True,published provincial values converted at 2025 FX and held constant through 2060; sensitivity trajectories not yet applied,"An et al. (2025), Nature Communications 16, 2311, Supplementary Note 3 and Supplementary Table 2; doi:10.1038/s41467-025-57559-2",66.102,417.10362,PROPOSED_NOT_APPLIED,v2_deep_integrated_review
14,Shanxi,山西,2040,gasccs,gas,68.428982,7.83,535.7989290600001,True,True,published provincial values converted at 2025 FX and held constant through 2060; sensitivity trajectories not yet applied,"An et al. (2025), Nature Communications 16, 2311, Supplementary Note 3 and Supplementary Table 2; doi:10.1038/s41467-025-57559-2",66.102,517.57866,PROPOSED_NOT_APPLIED,v2_deep_integrated_review
14,Shanxi,山西,2040,gchp,gas,68.428982,6.31,431.78687642,True,True,published provincial values converted at 2025 FX and held constant through 2060; sensitivity trajectories not yet applied,"An et al. (2025), Nature Communications 16, 2311, Supplementary Note 3 and Supplementary Table 2; doi:10.1038/s41467-025-57559-2",66.102,417.10362,PROPOSED_NOT_APPLIED,v2_deep_integrated_review
14,Shanxi,山西,2040,gchpccs,gas,68.428982,7.83,535.7989290600001,True,True,published provincial values converted at 2025 FX and held constant through 2060; sensitivity trajectories not yet applied,"An et al. (2025), Nature Communications 16, 2311, Supplementary Note 3 and Supplementary Table 2; doi:10.1038/s41467-025-57559-2",66.102,517.57866,PROPOSED_NOT_APPLIED,v2_deep_integrated_review
14,Shanxi,山西,2040,bio,biomass,34.428778,9.0,309.85900200000003,True,True,published provincial values converted at 2025 FX and held constant through 2060; sensitivity trajectories not yet applied,"An et al. (2025), Nature Communications 16, 2311, Supplementary Note 3 and Supplementary Table 2; doi:10.1038/s41467-025-57559-2",33.258,299.322,PROPOSED_NOT_APPLIED,v2_deep_integrated_review
14,Shanxi,山西,2040,bioccs,biomass,34.428778,10.3,354.61641340000006,True,True,published provincial values converted at 2025 FX and held constant through 2060; sensitivity trajectories not yet applied,"An et al. (2025), Nature Communications 16, 2311, Supplementary Note 3 and Supplementary Table 2; doi:10.1038/s41467-025-57559-2",33.258,342.55740000000003,PROPOSED_NOT_APPLIED,v2_deep_integrated_review
14,Shanxi,山西,2050,coal,coal,28.785887,9.0,259.072983,True,True,published provincial values converted at 2025 FX and held constant through 2060; sensitivity trajectories not yet applied,"An et al. (2025), Nature Communications 16, 2311, Supplementary Note 3 and Supplementary Table 2; doi:10.1038/s41467-025-57559-2",27.807,250.26300000000003,PROPOSED_NOT_APPLIED,v2_deep_integrated_review
14,Shanxi,山西,2050,coalccs,coal,28.785887,11.25,323.84122875,True,True,published provincial values converted at 2025 FX and held constant through 2060; sensitivity trajectories not yet applied,"An et al. (2025), Nature Communications 16, 2311, Supplementary Note 3 and Supplementary Table 2; doi:10.1038/s41467-025-57559-2",27.807,312.82875,PROPOSED_NOT_APPLIED,v2_deep_integrated_review
14,Shanxi,山西,2050,cchp,coal,28.785887,9.47,272.60234989,True,True,published provincial values converted at 2025 FX and held constant through 2060; sensitivity trajectories not yet applied,"An et al. (2025), Nature Communications 16, 2311, Supplementary Note 3 and Supplementary Table 2; doi:10.1038/s41467-025-57559-2",27.807,263.33229000000006,PROPOSED_NOT_APPLIED,v2_deep_integrated_review
14,Shanxi,山西,2050,cchpccs,coal,28.785887,11.25,323.84122875,True,True,published provincial values converted at 2025 FX and held constant through 2060; sensitivity trajectories not yet applied,"An et al. (2025), Nature Communications 16, 2311, Supplementary Note 3 and Supplementary Table 2; doi:10.1038/s41467-025-57559-2",27.807,312.82875,PROPOSED_NOT_APPLIED,v2_deep_integrated_review
14,Shanxi,山西,2050,gas,gas,68.428982,6.31,431.78687642,True,True,published provincial values converted at 2025 FX and held constant through 2060; sensitivity trajectories not yet applied,"An et al. (2025), Nature Communications 16, 2311, Supplementary Note 3 and Supplementary Table 2; doi:10.1038/s41467-025-57559-2",66.102,417.10362,PROPOSED_NOT_APPLIED,v2_deep_integrated_review
14,Shanxi,山西,2050,gasccs,gas,68.428982,7.83,535.7989290600001,True,True,published provincial values converted at 2025 FX and held constant through 2060; sensitivity trajectories not yet applied,"An et al. (2025), Nature Communications 16, 2311, Supplementary Note 3 and Supplementary Table 2; doi:10.1038/s41467-025-57559-2",66.102,517.57866,PROPOSED_NOT_APPLIED,v2_deep_integrated_review
14,Shanxi,山西,2050,gchp,gas,68.428982,6.31,431.78687642,True,True,published provincial values converted at 2025 FX and held constant through 2060; sensitivity trajectories not yet applied,"An et al. (2025), Nature Communications 16, 2311, Supplementary Note 3 and Supplementary Table 2; doi:10.1038/s41467-025-57559-2",66.102,417.10362,PROPOSED_NOT_APPLIED,v2_deep_integrated_review
14,Shanxi,山西,2050,gchpccs,gas,68.428982,7.83,535.7989290600001,True,True,published provincial values converted at 2025 FX and held constant through 2060; sensitivity trajectories not yet applied,"An et al. (2025), Nature Communications 16, 2311, Supplementary Note 3 and Supplementary Table 2; doi:10.1038/s41467-025-57559-2",66.102,517.57866,PROPOSED_NOT_APPLIED,v2_deep_integrated_review
14,Shanxi,山西,2050,bio,biomass,34.428778,9.0,309.85900200000003,True,True,published provincial values converted at 2025 FX and held constant through 2060; sensitivity trajectories not yet applied,"An et al. (2025), Nature Communications 16, 2311, Supplementary Note 3 and Supplementary Table 2; doi:10.1038/s41467-025-57559-2",33.258,299.322,PROPOSED_NOT_APPLIED,v2_deep_integrated_review
14,Shanxi,山西,2050,bioccs,biomass,34.428778,10.3,354.61641340000006,True,True,published provincial values converted at 2025 FX and held constant through 2060; sensitivity trajectories not yet applied,"An et al. (2025), Nature Communications 16, 2311, Supplementary Note 3 and Supplementary Table 2; doi:10.1038/s41467-025-57559-2",33.258,342.55740000000003,PROPOSED_NOT_APPLIED,v2_deep_integrated_review
14,Shanxi,山西,2060,coal,coal,28.785887,9.0,259.072983,True,True,published provincial values converted at 2025 FX and held constant through 2060; sensitivity trajectories not yet applied,"An et al. (2025), Nature Communications 16, 2311, Supplementary Note 3 and Supplementary Table 2; doi:10.1038/s41467-025-57559-2",27.807,250.26300000000003,PROPOSED_NOT_APPLIED,v2_deep_integrated_review
14,Shanxi,山西,2060,coalccs,coal,28.785887,11.25,323.84122875,True,True,published provincial values converted at 2025 FX and held constant through 2060; sensitivity trajectories not yet applied,"An et al. (2025), Nature Communications 16, 2311, Supplementary Note 3 and Supplementary Table 2; doi:10.1038/s41467-025-57559-2",27.807,312.82875,PROPOSED_NOT_APPLIED,v2_deep_integrated_review
14,Shanxi,山西,2060,cchp,coal,28.785887,9.47,272.60234989,True,True,published provincial values converted at 2025 FX and held constant through 2060; sensitivity trajectories not yet applied,"An et al. (2025), Nature Communications 16, 2311, Supplementary Note 3 and Supplementary Table 2; doi:10.1038/s41467-025-57559-2",27.807,263.33229000000006,PROPOSED_NOT_APPLIED,v2_deep_integrated_review
14,Shanxi,山西,2060,cchpccs,coal,28.785887,11.25,323.84122875,True,True,published provincial values converted at 2025 FX and held constant through 2060; sensitivity trajectories not yet applied,"An et al. (2025), Nature Communications 16, 2311, Supplementary Note 3 and Supplementary Table 2; doi:10.1038/s41467-025-57559-2",27.807,312.82875,PROPOSED_NOT_APPLIED,v2_deep_integrated_review
14,Shanxi,山西,2060,gas,gas,68.428982,6.31,431.78687642,True,True,published provincial values converted at 2025 FX and held constant through 2060; sensitivity trajectories not yet applied,"An et al. (2025), Nature Communications 16, 2311, Supplementary Note 3 and Supplementary Table 2; doi:10.1038/s41467-025-57559-2",66.102,417.10362,PROPOSED_NOT_APPLIED,v2_deep_integrated_review
14,Shanxi,山西,2060,gasccs,gas,68.428982,7.83,535.7989290600001,True,True,published provincial values converted at 2025 FX and held constant through 2060; sensitivity trajectories not yet applied,"An et al. (2025), Nature Communications 16, 2311, Supplementary Note 3 and Supplementary Table 2; doi:10.1038/s41467-025-57559-2",66.102,517.57866,PROPOSED_NOT_APPLIED,v2_deep_integrated_review
14,Shanxi,山西,2060,gchp,gas,68.428982,6.31,431.78687642,True,True,published provincial values converted at 2025 FX and held constant through 2060; sensitivity trajectories not yet applied,"An et al. (2025), Nature Communications 16, 2311, Supplementary Note 3 and Supplementary Table 2; doi:10.1038/s41467-025-57559-2",66.102,417.10362,PROPOSED_NOT_APPLIED,v2_deep_integrated_review
14,Shanxi,山西,2060,gchpccs,gas,68.428982,7.83,535.7989290600001,True,True,published provincial values converted at 2025 FX and held constant through 2060; sensitivity trajectories not yet applied,"An et al. (2025), Nature Communications 16, 2311, Supplementary Note 3 and Supplementary Table 2; doi:10.1038/s41467-025-57559-2",66.102,517.57866,PROPOSED_NOT_APPLIED,v2_deep_integrated_review
14,Shanxi,山西,2060,bio,biomass,34.428778,9.0,309.85900200000003,True,True,published provincial values converted at 2025 FX and held constant through 2060; sensitivity trajectories not yet applied,"An et al. (2025), Nature Communications 16, 2311, Supplementary Note 3 and Supplementary Table 2; doi:10.1038/s41467-025-57559-2",33.258,299.322,PROPOSED_NOT_APPLIED,v2_deep_integrated_review
14,Shanxi,山西,2060,bioccs,biomass,34.428778,10.3,354.61641340000006,True,True,published provincial values converted at 2025 FX and held constant through 2060; sensitivity trajectories not yet applied,"An et al. (2025), Nature Communications 16, 2311, Supplementary Note 3 and Supplementary Table 2; doi:10.1038/s41467-025-57559-2",33.258,342.55740000000003,PROPOSED_NOT_APPLIED,v2_deep_integrated_review
15,Inner Mongolia,内蒙古,2025,coal,coal,18.285824,9.0,164.572416,True,False,published provincial values converted at 2025 FX and held constant through 2060; sensitivity trajectories not yet applied,"An et al. (2025), Nature Communications 16, 2311, Supplementary Note 3 and Supplementary Table 2; doi:10.1038/s41467-025-57559-2",17.664,158.976,PROPOSED_NOT_APPLIED,v2_deep_integrated_review
15,Inner Mongolia,内蒙古,2025,coalccs,coal,18.285824,11.25,205.71552000000003,True,False,published provincial values converted at 2025 FX and held constant through 2060; sensitivity trajectories not yet applied,"An et al. (2025), Nature Communications 16, 2311, Supplementary Note 3 and Supplementary Table 2; doi:10.1038/s41467-025-57559-2",17.664,198.72000000000003,PROPOSED_NOT_APPLIED,v2_deep_integrated_review
15,Inner Mongolia,内蒙古,2025,cchp,coal,18.285824,9.47,173.16675328000002,True,False,published provincial values converted at 2025 FX and held constant through 2060; sensitivity trajectories not yet applied,"An et al. (2025), Nature Communications 16, 2311, Supplementary Note 3 and Supplementary Table 2; doi:10.1038/s41467-025-57559-2",17.664,167.27808000000002,PROPOSED_NOT_APPLIED,v2_deep_integrated_review
15,Inner Mongolia,内蒙古,2025,cchpccs,coal,18.285824,11.25,205.71552000000003,True,False,published provincial values converted at 2025 FX and held constant through 2060; sensitivity trajectories not yet applied,"An et al. (2025), Nature Communications 16, 2311, Supplementary Note 3 and Supplementary Table 2; doi:10.1038/s41467-025-57559-2",17.664,198.72000000000003,PROPOSED_NOT_APPLIED,v2_deep_integrated_review
15,Inner Mongolia,内蒙古,2025,gas,gas,53.643179,6.31,338.48845949,True,False,published provincial values converted at 2025 FX and held constant through 2060; sensitivity trajectories not yet applied,"An et al. (2025), Nature Communications 16, 2311, Supplementary Note 3 and Supplementary Table 2; doi:10.1038/s41467-025-57559-2",51.819,326.97789,PROPOSED_NOT_APPLIED,v2_deep_integrated_review
15,Inner Mongolia,内蒙古,2025,gasccs,gas,53.643179,7.83,420.02609157,True,False,published provincial values converted at 2025 FX and held constant through 2060; sensitivity trajectories not yet applied,"An et al. (2025), Nature Communications 16, 2311, Supplementary Note 3 and Supplementary Table 2; doi:10.1038/s41467-025-57559-2",51.819,405.74277,PROPOSED_NOT_APPLIED,v2_deep_integrated_review
15,Inner Mongolia,内蒙古,2025,gchp,gas,53.643179,6.31,338.48845949,True,False,published provincial values converted at 2025 FX and held constant through 2060; sensitivity trajectories not yet applied,"An et al. (2025), Nature Communications 16, 2311, Supplementary Note 3 and Supplementary Table 2; doi:10.1038/s41467-025-57559-2",51.819,326.97789,PROPOSED_NOT_APPLIED,v2_deep_integrated_review
15,Inner Mongolia,内蒙古,2025,gchpccs,gas,53.643179,7.83,420.02609157,True,False,published provincial values converted at 2025 FX and held constant through 2060; sensitivity trajectories not yet applied,"An et al. (2025), Nature Communications 16, 2311, Supplementary Note 3 and Supplementary Table 2; doi:10.1038/s41467-025-57559-2",51.819,405.74277,PROPOSED_NOT_APPLIED,v2_deep_integrated_review
15,Inner Mongolia,内蒙古,2025,bio,biomass,33.928775,9.0,305.358975,True,False,published provincial values converted at 2025 FX and held constant through 2060; sensitivity trajectories not yet applied,"An et al. (2025), Nature Communications 16, 2311, Supplementary Note 3 and Supplementary Table 2; doi:10.1038/s41467-025-57559-2",32.775,294.975,PROPOSED_NOT_APPLIED,v2_deep_integrated_review
15,Inner Mongolia,内蒙古,2025,bioccs,biomass,33.928775,10.3,349.46638250000007,True,False,published provincial values converted at 2025 FX and held constant through 2060; sensitivity trajectories not yet applied,"An et al. (2025), Nature Communications 16, 2311, Supplementary Note 3 and Supplementary Table 2; doi:10.1038/s41467-025-57559-2",32.775,337.5825,PROPOSED_NOT_APPLIED,v2_deep_integrated_review
15,Inner Mongolia,内蒙古,2030,coal,coal,18.285824,9.0,164.572416,True,True,published provincial values converted at 2025 FX and held constant through 2060; sensitivity trajectories not yet applied,"An et al. (2025), Nature Communications 16, 2311, Supplementary Note 3 and Supplementary Table 2; doi:10.1038/s41467-025-57559-2",17.664,158.976,PROPOSED_NOT_APPLIED,v2_deep_integrated_review
15,Inner Mongolia,内蒙古,2030,coalccs,coal,18.285824,11.25,205.71552000000003,True,True,published provincial values converted at 2025 FX and held constant through 2060; sensitivity trajectories not yet applied,"An et al. (2025), Nature Communications 16, 2311, Supplementary Note 3 and Supplementary Table 2; doi:10.1038/s41467-025-57559-2",17.664,198.72000000000003,PROPOSED_NOT_APPLIED,v2_deep_integrated_review
15,Inner Mongolia,内蒙古,2030,cchp,coal,18.285824,9.47,173.16675328000002,True,True,published provincial values converted at 2025 FX and held constant through 2060; sensitivity trajectories not yet applied,"An et al. (2025), Nature Communications 16, 2311, Supplementary Note 3 and Supplementary Table 2; doi:10.1038/s41467-025-57559-2",17.664,167.27808000000002,PROPOSED_NOT_APPLIED,v2_deep_integrated_review
15,Inner Mongolia,内蒙古,2030,cchpccs,coal,18.285824,11.25,205.71552000000003,True,True,published provincial values converted at 2025 FX and held constant through 2060; sensitivity trajectories not yet applied,"An et al. (2025), Nature Communications 16, 2311, Supplementary Note 3 and Supplementary Table 2; doi:10.1038/s41467-025-57559-2",17.664,198.72000000000003,PROPOSED_NOT_APPLIED,v2_deep_integrated_review
15,Inner Mongolia,内蒙古,2030,gas,gas,53.643179,6.31,338.48845949,True,True,published provincial values converted at 2025 FX and held constant through 2060; sensitivity trajectories not yet applied,"An et al. (2025), Nature Communications 16, 2311, Supplementary Note 3 and Supplementary Table 2; doi:10.1038/s41467-025-57559-2",51.819,326.97789,PROPOSED_NOT_APPLIED,v2_deep_integrated_review
15,Inner Mongolia,内蒙古,2030,gasccs,gas,53.643179,7.83,420.02609157,True,True,published provincial values converted at 2025 FX and held constant through 2060; sensitivity trajectories not yet applied,"An et al. (2025), Nature Communications 16, 2311, Supplementary Note 3 and Supplementary Table 2; doi:10.1038/s41467-025-57559-2",51.819,405.74277,PROPOSED_NOT_APPLIED,v2_deep_integrated_review
15,Inner Mongolia,内蒙古,2030,gchp,gas,53.643179,6.31,338.48845949,True,True,published provincial values converted at 2025 FX and held constant through 2060; sensitivity trajectories not yet applied,"An et al. (2025), Nature Communications 16, 2311, Supplementary Note 3 and Supplementary Table 2; doi:10.1038/s41467-025-57559-2",51.819,326.97789,PROPOSED_NOT_APPLIED,v2_deep_integrated_review
15,Inner Mongolia,内蒙古,2030,gchpccs,gas,53.643179,7.83,420.02609157,True,True,published provincial values converted at 2025 FX and held constant through 2060; sensitivity trajectories not yet applied,"An et al. (2025), Nature Communications 16, 2311, Supplementary Note 3 and Supplementary Table 2; doi:10.1038/s41467-025-57559-2",51.819,405.74277,PROPOSED_NOT_APPLIED,v2_deep_integrated_review
15,Inner Mongolia,内蒙古,2030,bio,biomass,33.928775,9.0,305.358975,True,True,published provincial values converted at 2025 FX and held constant through 2060; sensitivity trajectories not yet applied,"An et al. (2025), Nature Communications 16, 2311, Supplementary Note 3 and Supplementary Table 2; doi:10.1038/s41467-025-57559-2",32.775,294.975,PROPOSED_NOT_APPLIED,v2_deep_integrated_review
15,Inner Mongolia,内蒙古,2030,bioccs,biomass,33.928775,10.3,349.46638250000007,True,True,published provincial values converted at 2025 FX and held constant through 2060; sensitivity trajectories not yet applied,"An et al. (2025), Nature Communications 16, 2311, Supplementary Note 3 and Supplementary Table 2; doi:10.1038/s41467-025-57559-2",32.775,337.5825,PROPOSED_NOT_APPLIED,v2_deep_integrated_review
15,Inner Mongolia,内蒙古,2040,coal,coal,18.285824,9.0,164.572416,True,True,published provincial values converted at 2025 FX and held constant through 2060; sensitivity trajectories not yet applied,"An et al. (2025), Nature Communications 16, 2311, Supplementary Note 3 and Supplementary Table 2; doi:10.1038/s41467-025-57559-2",17.664,158.976,PROPOSED_NOT_APPLIED,v2_deep_integrated_review
15,Inner Mongolia,内蒙古,2040,coalccs,coal,18.285824,11.25,205.71552000000003,True,True,published provincial values converted at 2025 FX and held constant through 2060; sensitivity trajectories not yet applied,"An et al. (2025), Nature Communications 16, 2311, Supplementary Note 3 and Supplementary Table 2; doi:10.1038/s41467-025-57559-2",17.664,198.72000000000003,PROPOSED_NOT_APPLIED,v2_deep_integrated_review
15,Inner Mongolia,内蒙古,2040,cchp,coal,18.285824,9.47,173.16675328000002,True,True,published provincial values converted at 2025 FX and held constant through 2060; sensitivity trajectories not yet applied,"An et al. (2025), Nature Communications 16, 2311, Supplementary Note 3 and Supplementary Table 2; doi:10.1038/s41467-025-57559-2",17.664,167.27808000000002,PROPOSED_NOT_APPLIED,v2_deep_integrated_review
15,Inner Mongolia,内蒙古,2040,cchpccs,coal,18.285824,11.25,205.71552000000003,True,True,published provincial values converted at 2025 FX and held constant through 2060; sensitivity trajectories not yet applied,"An et al. (2025), Nature Communications 16, 2311, Supplementary Note 3 and Supplementary Table 2; doi:10.1038/s41467-025-57559-2",17.664,198.72000000000003,PROPOSED_NOT_APPLIED,v2_deep_integrated_review
15,Inner Mongolia,内蒙古,2040,gas,gas,53.643179,6.31,338.48845949,True,True,published provincial values converted at 2025 FX and held constant through 2060; sensitivity trajectories not yet applied,"An et al. (2025), Nature Communications 16, 2311, Supplementary Note 3 and Supplementary Table 2; doi:10.1038/s41467-025-57559-2",51.819,326.97789,PROPOSED_NOT_APPLIED,v2_deep_integrated_review
15,Inner Mongolia,内蒙古,2040,gasccs,gas,53.643179,7.83,420.02609157,True,True,published provincial values converted at 2025 FX and held constant through 2060; sensitivity trajectories not yet applied,"An et al. (2025), Nature Communications 16, 2311, Supplementary Note 3 and Supplementary Table 2; doi:10.1038/s41467-025-57559-2",51.819,405.74277,PROPOSED_NOT_APPLIED,v2_deep_integrated_review
15,Inner Mongolia,内蒙古,2040,gchp,gas,53.643179,6.31,338.48845949,True,True,published provincial values converted at 2025 FX and held constant through 2060; sensitivity trajectories not yet applied,"An et al. (2025), Nature Communications 16, 2311, Supplementary Note 3 and Supplementary Table 2; doi:10.1038/s41467-025-57559-2",51.819,326.97789,PROPOSED_NOT_APPLIED,v2_deep_integrated_review
15,Inner Mongolia,内蒙古,2040,gchpccs,gas,53.643179,7.83,420.02609157,True,True,published provincial values converted at 2025 FX and held constant through 2060; sensitivity trajectories not yet applied,"An et al. (2025), Nature Communications 16, 2311, Supplementary Note 3 and Supplementary Table 2; doi:10.1038/s41467-025-57559-2",51.819,405.74277,PROPOSED_NOT_APPLIED,v2_deep_integrated_review
15,Inner Mongolia,内蒙古,2040,bio,biomass,33.928775,9.0,305.358975,True,True,published provincial values converted at 2025 FX and held constant through 2060; sensitivity trajectories not yet applied,"An et al. (2025), Nature Communications 16, 2311, Supplementary Note 3 and Supplementary Table 2; doi:10.1038/s41467-025-57559-2",32.775,294.975,PROPOSED_NOT_APPLIED,v2_deep_integrated_review
15,Inner Mongolia,内蒙古,2040,bioccs,biomass,33.928775,10.3,349.46638250000007,True,True,published provincial values converted at 2025 FX and held constant through 2060; sensitivity trajectories not yet applied,"An et al. (2025), Nature Communications 16, 2311, Supplementary Note 3 and Supplementary Table 2; doi:10.1038/s41467-025-57559-2",32.775,337.5825,PROPOSED_NOT_APPLIED,v2_deep_integrated_review
15,Inner Mongolia,内蒙古,2050,coal,coal,18.285824,9.0,164.572416,True,True,published provincial values converted at 2025 FX and held constant through 2060; sensitivity trajectories not yet applied,"An et al. (2025), Nature Communications 16, 2311, Supplementary Note 3 and Supplementary Table 2; doi:10.1038/s41467-025-57559-2",17.664,158.976,PROPOSED_NOT_APPLIED,v2_deep_integrated_review
15,Inner Mongolia,内蒙古,2050,coalccs,coal,18.285824,11.25,205.71552000000003,True,True,published provincial values converted at 2025 FX and held constant through 2060; sensitivity trajectories not yet applied,"An et al. (2025), Nature Communications 16, 2311, Supplementary Note 3 and Supplementary Table 2; doi:10.1038/s41467-025-57559-2",17.664,198.72000000000003,PROPOSED_NOT_APPLIED,v2_deep_integrated_review
15,Inner Mongolia,内蒙古,2050,cchp,coal,18.285824,9.47,173.16675328000002,True,True,published provincial values converted at 2025 FX and held constant through 2060; sensitivity trajectories not yet applied,"An et al. (2025), Nature Communications 16, 2311, Supplementary Note 3 and Supplementary Table 2; doi:10.1038/s41467-025-57559-2",17.664,167.27808000000002,PROPOSED_NOT_APPLIED,v2_deep_integrated_review
15,Inner Mongolia,内蒙古,2050,cchpccs,coal,18.285824,11.25,205.71552000000003,True,True,published provincial values converted at 2025 FX and held constant through 2060; sensitivity trajectories not yet applied,"An et al. (2025), Nature Communications 16, 2311, Supplementary Note 3 and Supplementary Table 2; doi:10.1038/s41467-025-57559-2",17.664,198.72000000000003,PROPOSED_NOT_APPLIED,v2_deep_integrated_review
15,Inner Mongolia,内蒙古,2050,gas,gas,53.643179,6.31,338.48845949,True,True,published provincial values converted at 2025 FX and held constant through 2060; sensitivity trajectories not yet applied,"An et al. (2025), Nature Communications 16, 2311, Supplementary Note 3 and Supplementary Table 2; doi:10.1038/s41467-025-57559-2",51.819,326.97789,PROPOSED_NOT_APPLIED,v2_deep_integrated_review
15,Inner Mongolia,内蒙古,2050,gasccs,gas,53.643179,7.83,420.02609157,True,True,published provincial values converted at 2025 FX and held constant through 2060; sensitivity trajectories not yet applied,"An et al. (2025), Nature Communications 16, 2311, Supplementary Note 3 and Supplementary Table 2; doi:10.1038/s41467-025-57559-2",51.819,405.74277,PROPOSED_NOT_APPLIED,v2_deep_integrated_review
15,Inner Mongolia,内蒙古,2050,gchp,gas,53.643179,6.31,338.48845949,True,True,published provincial values converted at 2025 FX and held constant through 2060; sensitivity trajectories not yet applied,"An et al. (2025), Nature Communications 16, 2311, Supplementary Note 3 and Supplementary Table 2; doi:10.1038/s41467-025-57559-2",51.819,326.97789,PROPOSED_NOT_APPLIED,v2_deep_integrated_review
15,Inner Mongolia,内蒙古,2050,gchpccs,gas,53.643179,7.83,420.02609157,True,True,published provincial values converted at 2025 FX and held constant through 2060; sensitivity trajectories not yet applied,"An et al. (2025), Nature Communications 16, 2311, Supplementary Note 3 and Supplementary Table 2; doi:10.1038/s41467-025-57559-2",51.819,405.74277,PROPOSED_NOT_APPLIED,v2_deep_integrated_review
15,Inner Mongolia,内蒙古,2050,bio,biomass,33.928775,9.0,305.358975,True,True,published provincial values converted at 2025 FX and held constant through 2060; sensitivity trajectories not yet applied,"An et al. (2025), Nature Communications 16, 2311, Supplementary Note 3 and Supplementary Table 2; doi:10.1038/s41467-025-57559-2",32.775,294.975,PROPOSED_NOT_APPLIED,v2_deep_integrated_review
15,Inner Mongolia,内蒙古,2050,bioccs,biomass,33.928775,10.3,349.46638250000007,True,True,published provincial values converted at 2025 FX and held constant through 2060; sensitivity trajectories not yet applied,"An et al. (2025), Nature Communications 16, 2311, Supplementary Note 3 and Supplementary Table 2; doi:10.1038/s41467-025-57559-2",32.775,337.5825,PROPOSED_NOT_APPLIED,v2_deep_integrated_review
15,Inner Mongolia,内蒙古,2060,coal,coal,18.285824,9.0,164.572416,True,True,published provincial values converted at 2025 FX and held constant through 2060; sensitivity trajectories not yet applied,"An et al. (2025), Nature Communications 16, 2311, Supplementary Note 3 and Supplementary Table 2; doi:10.1038/s41467-025-57559-2",17.664,158.976,PROPOSED_NOT_APPLIED,v2_deep_integrated_review
15,Inner Mongolia,内蒙古,2060,coalccs,coal,18.285824,11.25,205.71552000000003,True,True,published provincial values converted at 2025 FX and held constant through 2060; sensitivity trajectories not yet applied,"An et al. (2025), Nature Communications 16, 2311, Supplementary Note 3 and Supplementary Table 2; doi:10.1038/s41467-025-57559-2",17.664,198.72000000000003,PROPOSED_NOT_APPLIED,v2_deep_integrated_review
15,Inner Mongolia,内蒙古,2060,cchp,coal,18.285824,9.47,173.16675328000002,True,True,published provincial values converted at 2025 FX and held constant through 2060; sensitivity trajectories not yet applied,"An et al. (2025), Nature Communications 16, 2311, Supplementary Note 3 and Supplementary Table 2; doi:10.1038/s41467-025-57559-2",17.664,167.27808000000002,PROPOSED_NOT_APPLIED,v2_deep_integrated_review
15,Inner Mongolia,内蒙古,2060,cchpccs,coal,18.285824,11.25,205.71552000000003,True,True,published provincial values converted at 2025 FX and held constant through 2060; sensitivity trajectories not yet applied,"An et al. (2025), Nature Communications 16, 2311, Supplementary Note 3 and Supplementary Table 2; doi:10.1038/s41467-025-57559-2",17.664,198.72000000000003,PROPOSED_NOT_APPLIED,v2_deep_integrated_review
15,Inner Mongolia,内蒙古,2060,gas,gas,53.643179,6.31,338.48845949,True,True,published provincial values converted at 2025 FX and held constant through 2060; sensitivity trajectories not yet applied,"An et al. (2025), Nature Communications 16, 2311, Supplementary Note 3 and Supplementary Table 2; doi:10.1038/s41467-025-57559-2",51.819,326.97789,PROPOSED_NOT_APPLIED,v2_deep_integrated_review
15,Inner Mongolia,内蒙古,2060,gasccs,gas,53.643179,7.83,420.02609157,True,True,published provincial values converted at 2025 FX and held constant through 2060; sensitivity trajectories not yet applied,"An et al. (2025), Nature Communications 16, 2311, Supplementary Note 3 and Supplementary Table 2; doi:10.1038/s41467-025-57559-2",51.819,405.74277,PROPOSED_NOT_APPLIED,v2_deep_integrated_review
15,Inner Mongolia,内蒙古,2060,gchp,gas,53.643179,6.31,338.48845949,True,True,published provincial values converted at 2025 FX and held constant through 2060; sensitivity trajectories not yet applied,"An et al. (2025), Nature Communications 16, 2311, Supplementary Note 3 and Supplementary Table 2; doi:10.1038/s41467-025-57559-2",51.819,326.97789,PROPOSED_NOT_APPLIED,v2_deep_integrated_review
15,Inner Mongolia,内蒙古,2060,gchpccs,gas,53.643179,7.83,420.02609157,True,True,published provincial values converted at 2025 FX and held constant through 2060; sensitivity trajectories not yet applied,"An et al. (2025), Nature Communications 16, 2311, Supplementary Note 3 and Supplementary Table 2; doi:10.1038/s41467-025-57559-2",51.819,405.74277,PROPOSED_NOT_APPLIED,v2_deep_integrated_review
15,Inner Mongolia,内蒙古,2060,bio,biomass,33.928775,9.0,305.358975,True,True,published provincial values converted at 2025 FX and held constant through 2060; sensitivity trajectories not yet applied,"An et al. (2025), Nature Communications 16, 2311, Supplementary Note 3 and Supplementary Table 2; doi:10.1038/s41467-025-57559-2",32.775,294.975,PROPOSED_NOT_APPLIED,v2_deep_integrated_review
15,Inner Mongolia,内蒙古,2060,bioccs,biomass,33.928775,10.3,349.46638250000007,True,True,published provincial values converted at 2025 FX and held constant through 2060; sensitivity trajectories not yet applied,"An et al. (2025), Nature Communications 16, 2311, Supplementary Note 3 and Supplementary Table 2; doi:10.1038/s41467-025-57559-2",32.775,337.5825,PROPOSED_NOT_APPLIED,v2_deep_integrated_review
21,Liaoning,辽宁,2025,coal,coal,38.285944,9.0,344.573496,True,False,published provincial values converted at 2025 FX and held constant through 2060; sensitivity trajectories not yet applied,"An et al. (2025), Nature Communications 16, 2311, Supplementary Note 3 and Supplementary Table 2; doi:10.1038/s41467-025-57559-2",36.984,332.856,PROPOSED_NOT_APPLIED,v2_deep_integrated_review
21,Liaoning,辽宁,2025,coalccs,coal,38.285944,11.25,430.71687,True,False,published provincial values converted at 2025 FX and held constant through 2060; sensitivity trajectories not yet applied,"An et al. (2025), Nature Communications 16, 2311, Supplementary Note 3 and Supplementary Table 2; doi:10.1038/s41467-025-57559-2",36.984,416.07,PROPOSED_NOT_APPLIED,v2_deep_integrated_review
21,Liaoning,辽宁,2025,cchp,coal,38.285944,9.47,362.56788968,True,False,published provincial values converted at 2025 FX and held constant through 2060; sensitivity trajectories not yet applied,"An et al. (2025), Nature Communications 16, 2311, Supplementary Note 3 and Supplementary Table 2; doi:10.1038/s41467-025-57559-2",36.984,350.23848000000004,PROPOSED_NOT_APPLIED,v2_deep_integrated_review
21,Liaoning,辽宁,2025,cchpccs,coal,38.285944,11.25,430.71687,True,False,published provincial values converted at 2025 FX and held constant through 2060; sensitivity trajectories not yet applied,"An et al. (2025), Nature Communications 16, 2311, Supplementary Note 3 and Supplementary Table 2; doi:10.1038/s41467-025-57559-2",36.984,416.07,PROPOSED_NOT_APPLIED,v2_deep_integrated_review
21,Liaoning,辽宁,2025,gas,gas,70.286136,6.31,443.50551816,True,False,published provincial values converted at 2025 FX and held constant through 2060; sensitivity trajectories not yet applied,"An et al. (2025), Nature Communications 16, 2311, Supplementary Note 3 and Supplementary Table 2; doi:10.1038/s41467-025-57559-2",67.896,428.42376,PROPOSED_NOT_APPLIED,v2_deep_integrated_review
21,Liaoning,辽宁,2025,gasccs,gas,70.286136,7.83,550.34044488,True,False,published provincial values converted at 2025 FX and held constant through 2060; sensitivity trajectories not yet applied,"An et al. (2025), Nature Communications 16, 2311, Supplementary Note 3 and Supplementary Table 2; doi:10.1038/s41467-025-57559-2",67.896,531.62568,PROPOSED_NOT_APPLIED,v2_deep_integrated_review
21,Liaoning,辽宁,2025,gchp,gas,70.286136,6.31,443.50551816,True,False,published provincial values converted at 2025 FX and held constant through 2060; sensitivity trajectories not yet applied,"An et al. (2025), Nature Communications 16, 2311, Supplementary Note 3 and Supplementary Table 2; doi:10.1038/s41467-025-57559-2",67.896,428.42376,PROPOSED_NOT_APPLIED,v2_deep_integrated_review
21,Liaoning,辽宁,2025,gchpccs,gas,70.286136,7.83,550.34044488,True,False,published provincial values converted at 2025 FX and held constant through 2060; sensitivity trajectories not yet applied,"An et al. (2025), Nature Communications 16, 2311, Supplementary Note 3 and Supplementary Table 2; doi:10.1038/s41467-025-57559-2",67.896,531.62568,PROPOSED_NOT_APPLIED,v2_deep_integrated_review
21,Liaoning,辽宁,2025,bio,biomass,35.285926,9.0,317.57333400000005,True,False,published provincial values converted at 2025 FX and held constant through 2060; sensitivity trajectories not yet applied,"An et al. (2025), Nature Communications 16, 2311, Supplementary Note 3 and Supplementary Table 2; doi:10.1038/s41467-025-57559-2",34.086000000000006,306.77400000000006,PROPOSED_NOT_APPLIED,v2_deep_integrated_review
21,Liaoning,辽宁,2025,bioccs,biomass,35.285926,10.3,363.4450378000001,True,False,published provincial values converted at 2025 FX and held constant through 2060; sensitivity trajectories not yet applied,"An et al. (2025), Nature Communications 16, 2311, Supplementary Note 3 and Supplementary Table 2; doi:10.1038/s41467-025-57559-2",34.086000000000006,351.08580000000006,PROPOSED_NOT_APPLIED,v2_deep_integrated_review
21,Liaoning,辽宁,2030,coal,coal,38.285944,9.0,344.573496,True,True,published provincial values converted at 2025 FX and held constant through 2060; sensitivity trajectories not yet applied,"An et al. (2025), Nature Communications 16, 2311, Supplementary Note 3 and Supplementary Table 2; doi:10.1038/s41467-025-57559-2",36.984,332.856,PROPOSED_NOT_APPLIED,v2_deep_integrated_review
21,Liaoning,辽宁,2030,coalccs,coal,38.285944,11.25,430.71687,True,True,published provincial values converted at 2025 FX and held constant through 2060; sensitivity trajectories not yet applied,"An et al. (2025), Nature Communications 16, 2311, Supplementary Note 3 and Supplementary Table 2; doi:10.1038/s41467-025-57559-2",36.984,416.07,PROPOSED_NOT_APPLIED,v2_deep_integrated_review
21,Liaoning,辽宁,2030,cchp,coal,38.285944,9.47,362.56788968,True,True,published provincial values converted at 2025 FX and held constant through 2060; sensitivity trajectories not yet applied,"An et al. (2025), Nature Communications 16, 2311, Supplementary Note 3 and Supplementary Table 2; doi:10.1038/s41467-025-57559-2",36.984,350.23848000000004,PROPOSED_NOT_APPLIED,v2_deep_integrated_review
21,Liaoning,辽宁,2030,cchpccs,coal,38.285944,11.25,430.71687,True,True,published provincial values converted at 2025 FX and held constant through 2060; sensitivity trajectories not yet applied,"An et al. (2025), Nature Communications 16, 2311, Supplementary Note 3 and Supplementary Table 2; doi:10.1038/s41467-025-57559-2",36.984,416.07,PROPOSED_NOT_APPLIED,v2_deep_integrated_review
21,Liaoning,辽宁,2030,gas,gas,70.286136,6.31,443.50551816,True,True,published provincial values converted at 2025 FX and held constant through 2060; sensitivity trajectories not yet applied,"An et al. (2025), Nature Communications 16, 2311, Supplementary Note 3 and Supplementary Table 2; doi:10.1038/s41467-025-57559-2",67.896,428.42376,PROPOSED_NOT_APPLIED,v2_deep_integrated_review
21,Liaoning,辽宁,2030,gasccs,gas,70.286136,7.83,550.34044488,True,True,published provincial values converted at 2025 FX and held constant through 2060; sensitivity trajectories not yet applied,"An et al. (2025), Nature Communications 16, 2311, Supplementary Note 3 and Supplementary Table 2; doi:10.1038/s41467-025-57559-2",67.896,531.62568,PROPOSED_NOT_APPLIED,v2_deep_integrated_review
21,Liaoning,辽宁,2030,gchp,gas,70.286136,6.31,443.50551816,True,True,published provincial values converted at 2025 FX and held constant through 2060; sensitivity trajectories not yet applied,"An et al. (2025), Nature Communications 16, 2311, Supplementary Note 3 and Supplementary Table 2; doi:10.1038/s41467-025-57559-2",67.896,428.42376,PROPOSED_NOT_APPLIED,v2_deep_integrated_review
21,Liaoning,辽宁,2030,gchpccs,gas,70.286136,7.83,550.34044488,True,True,published provincial values converted at 2025 FX and held constant through 2060; sensitivity trajectories not yet applied,"An et al. (2025), Nature Communications 16, 2311, Supplementary Note 3 and Supplementary Table 2; doi:10.1038/s41467-025-57559-2",67.896,531.62568,PROPOSED_NOT_APPLIED,v2_deep_integrated_review
21,Liaoning,辽宁,2030,bio,biomass,35.285926,9.0,317.57333400000005,True,True,published provincial values converted at 2025 FX and held constant through 2060; sensitivity trajectories not yet applied,"An et al. (2025), Nature Communications 16, 2311, Supplementary Note 3 and Supplementary Table 2; doi:10.1038/s41467-025-57559-2",34.086000000000006,306.77400000000006,PROPOSED_NOT_APPLIED,v2_deep_integrated_review
21,Liaoning,辽宁,2030,bioccs,biomass,35.285926,10.3,363.4450378000001,True,True,published provincial values converted at 2025 FX and held constant through 2060; sensitivity trajectories not yet applied,"An et al. (2025), Nature Communications 16, 2311, Supplementary Note 3 and Supplementary Table 2; doi:10.1038/s41467-025-57559-2",34.086000000000006,351.08580000000006,PROPOSED_NOT_APPLIED,v2_deep_integrated_review
21,Liaoning,辽宁,2040,coal,coal,38.285944,9.0,344.573496,True,True,published provincial values converted at 2025 FX and held constant through 2060; sensitivity trajectories not yet applied,"An et al. (2025), Nature Communications 16, 2311, Supplementary Note 3 and Supplementary Table 2; doi:10.1038/s41467-025-57559-2",36.984,332.856,PROPOSED_NOT_APPLIED,v2_deep_integrated_review
21,Liaoning,辽宁,2040,coalccs,coal,38.285944,11.25,430.71687,True,True,published provincial values converted at 2025 FX and held constant through 2060; sensitivity trajectories not yet applied,"An et al. (2025), Nature Communications 16, 2311, Supplementary Note 3 and Supplementary Table 2; doi:10.1038/s41467-025-57559-2",36.984,416.07,PROPOSED_NOT_APPLIED,v2_deep_integrated_review
21,Liaoning,辽宁,2040,cchp,coal,38.285944,9.47,362.56788968,True,True,published provincial values converted at 2025 FX and held constant through 2060; sensitivity trajectories not yet applied,"An et al. (2025), Nature Communications 16, 2311, Supplementary Note 3 and Supplementary Table 2; doi:10.1038/s41467-025-57559-2",36.984,350.23848000000004,PROPOSED_NOT_APPLIED,v2_deep_integrated_review
21,Liaoning,辽宁,2040,cchpccs,coal,38.285944,11.25,430.71687,True,True,published provincial values converted at 2025 FX and held constant through 2060; sensitivity trajectories not yet applied,"An et al. (2025), Nature Communications 16, 2311, Supplementary Note 3 and Supplementary Table 2; doi:10.1038/s41467-025-57559-2",36.984,416.07,PROPOSED_NOT_APPLIED,v2_deep_integrated_review
21,Liaoning,辽宁,2040,gas,gas,70.286136,6.31,443.50551816,True,True,published provincial values converted at 2025 FX and held constant through 2060; sensitivity trajectories not yet applied,"An et al. (2025), Nature Communications 16, 2311, Supplementary Note 3 and Supplementary Table 2; doi:10.1038/s41467-025-57559-2",67.896,428.42376,PROPOSED_NOT_APPLIED,v2_deep_integrated_review
21,Liaoning,辽宁,2040,gasccs,gas,70.286136,7.83,550.34044488,True,True,published provincial values converted at 2025 FX and held constant through 2060; sensitivity trajectories not yet applied,"An et al. (2025), Nature Communications 16, 2311, Supplementary Note 3 and Supplementary Table 2; doi:10.1038/s41467-025-57559-2",67.896,531.62568,PROPOSED_NOT_APPLIED,v2_deep_integrated_review
21,Liaoning,辽宁,2040,gchp,gas,70.286136,6.31,443.50551816,True,True,published provincial values converted at 2025 FX and held constant through 2060; sensitivity trajectories not yet applied,"An et al. (2025), Nature Communications 16, 2311, Supplementary Note 3 and Supplementary Table 2; doi:10.1038/s41467-025-57559-2",67.896,428.42376,PROPOSED_NOT_APPLIED,v2_deep_integrated_review
21,Liaoning,辽宁,2040,gchpccs,gas,70.286136,7.83,550.34044488,True,True,published provincial values converted at 2025 FX and held constant through 2060; sensitivity trajectories not yet applied,"An et al. (2025), Nature Communications 16, 2311, Supplementary Note 3 and Supplementary Table 2; doi:10.1038/s41467-025-57559-2",67.896,531.62568,PROPOSED_NOT_APPLIED,v2_deep_integrated_review
21,Liaoning,辽宁,2040,bio,biomass,35.285926,9.0,317.57333400000005,True,True,published provincial values converted at 2025 FX and held constant through 2060; sensitivity trajectories not yet applied,"An et al. (2025), Nature Communications 16, 2311, Supplementary Note 3 and Supplementary Table 2; doi:10.1038/s41467-025-57559-2",34.086000000000006,306.77400000000006,PROPOSED_NOT_APPLIED,v2_deep_integrated_review
21,Liaoning,辽宁,2040,bioccs,biomass,35.285926,10.3,363.4450378000001,True,True,published provincial values converted at 2025 FX and held constant through 2060; sensitivity trajectories not yet applied,"An et al. (2025), Nature Communications 16, 2311, Supplementary Note 3 and Supplementary Table 2; doi:10.1038/s41467-025-57559-2",34.086000000000006,351.08580000000006,PROPOSED_NOT_APPLIED,v2_deep_integrated_review
21,Liaoning,辽宁,2050,coal,coal,38.285944,9.0,344.573496,True,True,published provincial values converted at 2025 FX and held constant through 2060; sensitivity trajectories not yet applied,"An et al. (2025), Nature Communications 16, 2311, Supplementary Note 3 and Supplementary Table 2; doi:10.1038/s41467-025-57559-2",36.984,332.856,PROPOSED_NOT_APPLIED,v2_deep_integrated_review
21,Liaoning,辽宁,2050,coalccs,coal,38.285944,11.25,430.71687,True,True,published provincial values converted at 2025 FX and held constant through 2060; sensitivity trajectories not yet applied,"An et al. (2025), Nature Communications 16, 2311, Supplementary Note 3 and Supplementary Table 2; doi:10.1038/s41467-025-57559-2",36.984,416.07,PROPOSED_NOT_APPLIED,v2_deep_integrated_review
21,Liaoning,辽宁,2050,cchp,coal,38.285944,9.47,362.56788968,True,True,published provincial values converted at 2025 FX and held constant through 2060; sensitivity trajectories not yet applied,"An et al. (2025), Nature Communications 16, 2311, Supplementary Note 3 and Supplementary Table 2; doi:10.1038/s41467-025-57559-2",36.984,350.23848000000004,PROPOSED_NOT_APPLIED,v2_deep_integrated_review
21,Liaoning,辽宁,2050,cchpccs,coal,38.285944,11.25,430.71687,True,True,published provincial values converted at 2025 FX and held constant through 2060; sensitivity trajectories not yet applied,"An et al. (2025), Nature Communications 16, 2311, Supplementary Note 3 and Supplementary Table 2; doi:10.1038/s41467-025-57559-2",36.984,416.07,PROPOSED_NOT_APPLIED,v2_deep_integrated_review
21,Liaoning,辽宁,2050,gas,gas,70.286136,6.31,443.50551816,True,True,published provincial values converted at 2025 FX and held constant through 2060; sensitivity trajectories not yet applied,"An et al. (2025), Nature Communications 16, 2311, Supplementary Note 3 and Supplementary Table 2; doi:10.1038/s41467-025-57559-2",67.896,428.42376,PROPOSED_NOT_APPLIED,v2_deep_integrated_review
21,Liaoning,辽宁,2050,gasccs,gas,70.286136,7.83,550.34044488,True,True,published provincial values converted at 2025 FX and held constant through 2060; sensitivity trajectories not yet applied,"An et al. (2025), Nature Communications 16, 2311, Supplementary Note 3 and Supplementary Table 2; doi:10.1038/s41467-025-57559-2",67.896,531.62568,PROPOSED_NOT_APPLIED,v2_deep_integrated_review
21,Liaoning,辽宁,2050,gchp,gas,70.286136,6.31,443.50551816,True,True,published provincial values converted at 2025 FX and held constant through 2060; sensitivity trajectories not yet applied,"An et al. (2025), Nature Communications 16, 2311, Supplementary Note 3 and Supplementary Table 2; doi:10.1038/s41467-025-57559-2",67.896,428.42376,PROPOSED_NOT_APPLIED,v2_deep_integrated_review
21,Liaoning,辽宁,2050,gchpccs,gas,70.286136,7.83,550.34044488,True,True,published provincial values converted at 2025 FX and held constant through 2060; sensitivity trajectories not yet applied,"An et al. (2025), Nature Communications 16, 2311, Supplementary Note 3 and Supplementary Table 2; doi:10.1038/s41467-025-57559-2",67.896,531.62568,PROPOSED_NOT_APPLIED,v2_deep_integrated_review
21,Liaoning,辽宁,2050,bio,biomass,35.285926,9.0,317.57333400000005,True,True,published provincial values converted at 2025 FX and held constant through 2060; sensitivity trajectories not yet applied,"An et al. (2025), Nature Communications 16, 2311, Supplementary Note 3 and Supplementary Table 2; doi:10.1038/s41467-025-57559-2",34.086000000000006,306.77400000000006,PROPOSED_NOT_APPLIED,v2_deep_integrated_review
21,Liaoning,辽宁,2050,bioccs,biomass,35.285926,10.3,363.4450378000001,True,True,published provincial values converted at 2025 FX and held constant through 2060; sensitivity trajectories not yet applied,"An et al. (2025), Nature Communications 16, 2311, Supplementary Note 3 and Supplementary Table 2; doi:10.1038/s41467-025-57559-2",34.086000000000006,351.08580000000006,PROPOSED_NOT_APPLIED,v2_deep_integrated_review
21,Liaoning,辽宁,2060,coal,coal,38.285944,9.0,344.573496,True,True,published provincial values converted at 2025 FX and held constant through 2060; sensitivity trajectories not yet applied,"An et al. (2025), Nature Communications 16, 2311, Supplementary Note 3 and Supplementary Table 2; doi:10.1038/s41467-025-57559-2",36.984,332.856,PROPOSED_NOT_APPLIED,v2_deep_integrated_review
21,Liaoning,辽宁,2060,coalccs,coal,38.285944,11.25,430.71687,True,True,published provincial values converted at 2025 FX and held constant through 2060; sensitivity trajectories not yet applied,"An et al. (2025), Nature Communications 16, 2311, Supplementary Note 3 and Supplementary Table 2; doi:10.1038/s41467-025-57559-2",36.984,416.07,PROPOSED_NOT_APPLIED,v2_deep_integrated_review
21,Liaoning,辽宁,2060,cchp,coal,38.285944,9.47,362.56788968,True,True,published provincial values converted at 2025 FX and held constant through 2060; sensitivity trajectories not yet applied,"An et al. (2025), Nature Communications 16, 2311, Supplementary Note 3 and Supplementary Table 2; doi:10.1038/s41467-025-57559-2",36.984,350.23848000000004,PROPOSED_NOT_APPLIED,v2_deep_integrated_review
21,Liaoning,辽宁,2060,cchpccs,coal,38.285944,11.25,430.71687,True,True,published provincial values converted at 2025 FX and held constant through 2060; sensitivity trajectories not yet applied,"An et al. (2025), Nature Communications 16, 2311, Supplementary Note 3 and Supplementary Table 2; doi:10.1038/s41467-025-57559-2",36.984,416.07,PROPOSED_NOT_APPLIED,v2_deep_integrated_review
21,Liaoning,辽宁,2060,gas,gas,70.286136,6.31,443.50551816,True,True,published provincial values converted at 2025 FX and held constant through 2060; sensitivity trajectories not yet applied,"An et al. (2025), Nature Communications 16, 2311, Supplementary Note 3 and Supplementary Table 2; doi:10.1038/s41467-025-57559-2",67.896,428.42376,PROPOSED_NOT_APPLIED,v2_deep_integrated_review
21,Liaoning,辽宁,2060,gasccs,gas,70.286136,7.83,550.34044488,True,True,published provincial values converted at 2025 FX and held constant through 2060; sensitivity trajectories not yet applied,"An et al. (2025), Nature Communications 16, 2311, Supplementary Note 3 and Supplementary Table 2; doi:10.1038/s41467-025-57559-2",67.896,531.62568,PROPOSED_NOT_APPLIED,v2_deep_integrated_review
21,Liaoning,辽宁,2060,gchp,gas,70.286136,6.31,443.50551816,True,True,published provincial values converted at 2025 FX and held constant through 2060; sensitivity trajectories not yet applied,"An et al. (2025), Nature Communications 16, 2311, Supplementary Note 3 and Supplementary Table 2; doi:10.1038/s41467-025-57559-2",67.896,428.42376,PROPOSED_NOT_APPLIED,v2_deep_integrated_review
21,Liaoning,辽宁,2060,gchpccs,gas,70.286136,7.83,550.34044488,True,True,published provincial values converted at 2025 FX and held constant through 2060; sensitivity trajectories not yet applied,"An et al. (2025), Nature Communications 16, 2311, Supplementary Note 3 and Supplementary Table 2; doi:10.1038/s41467-025-57559-2",67.896,531.62568,PROPOSED_NOT_APPLIED,v2_deep_integrated_review
21,Liaoning,辽宁,2060,bio,biomass,35.285926,9.0,317.57333400000005,True,True,published provincial values converted at 2025 FX and held constant through 2060; sensitivity trajectories not yet applied,"An et al. (2025), Nature Communications 16, 2311, Supplementary Note 3 and Supplementary Table 2; doi:10.1038/s41467-025-57559-2",34.086000000000006,306.77400000000006,PROPOSED_NOT_APPLIED,v2_deep_integrated_review
21,Liaoning,辽宁,2060,bioccs,biomass,35.285926,10.3,363.4450378000001,True,True,published provincial values converted at 2025 FX and held constant through 2060; sensitivity trajectories not yet applied,"An et al. (2025), Nature Communications 16, 2311, Supplementary Note 3 and Supplementary Table 2; doi:10.1038/s41467-025-57559-2",34.086000000000006,351.08580000000006,PROPOSED_NOT_APPLIED,v2_deep_integrated_review
22,Jilin,吉林,2025,coal,coal,39.857382,9.0,358.71643800000004,True,False,published provincial values converted at 2025 FX and held constant through 2060; sensitivity trajectories not yet applied,"An et al. (2025), Nature Communications 16, 2311, Supplementary Note 3 and Supplementary Table 2; doi:10.1038/s41467-025-57559-2",38.502,346.51800000000003,PROPOSED_NOT_APPLIED,v2_deep_integrated_review
22,Jilin,吉林,2025,coalccs,coal,39.857382,11.25,448.3955475,True,False,published provincial values converted at 2025 FX and held constant through 2060; sensitivity trajectories not yet applied,"An et al. (2025), Nature Communications 16, 2311, Supplementary Note 3 and Supplementary Table 2; doi:10.1038/s41467-025-57559-2",38.502,433.1475,PROPOSED_NOT_APPLIED,v2_deep_integrated_review
22,Jilin,吉林,2025,cchp,coal,39.857382,9.47,377.44940754,True,False,published provincial values converted at 2025 FX and held constant through 2060; sensitivity trajectories not yet applied,"An et al. (2025), Nature Communications 16, 2311, Supplementary Note 3 and Supplementary Table 2; doi:10.1038/s41467-025-57559-2",38.502,364.61394000000007,PROPOSED_NOT_APPLIED,v2_deep_integrated_review
22,Jilin,吉林,2025,cchpccs,coal,39.857382,11.25,448.3955475,True,False,published provincial values converted at 2025 FX and held constant through 2060; sensitivity trajectories not yet applied,"An et al. (2025), Nature Communications 16, 2311, Supplementary Note 3 and Supplementary Table 2; doi:10.1038/s41467-025-57559-2",38.502,433.1475,PROPOSED_NOT_APPLIED,v2_deep_integrated_review
22,Jilin,吉林,2025,gas,gas,64.714674,6.31,408.34959294,True,False,published provincial values converted at 2025 FX and held constant through 2060; sensitivity trajectories not yet applied,"An et al. (2025), Nature Communications 16, 2311, Supplementary Note 3 and Supplementary Table 2; doi:10.1038/s41467-025-57559-2",62.51400000000001,394.46334,PROPOSED_NOT_APPLIED,v2_deep_integrated_review
22,Jilin,吉林,2025,gasccs,gas,64.714674,7.83,506.71589742,True,False,published provincial values converted at 2025 FX and held constant through 2060; sensitivity trajectories not yet applied,"An et al. (2025), Nature Communications 16, 2311, Supplementary Note 3 and Supplementary Table 2; doi:10.1038/s41467-025-57559-2",62.51400000000001,489.48462000000006,PROPOSED_NOT_APPLIED,v2_deep_integrated_review
22,Jilin,吉林,2025,gchp,gas,64.714674,6.31,408.34959294,True,False,published provincial values converted at 2025 FX and held constant through 2060; sensitivity trajectories not yet applied,"An et al. (2025), Nature Communications 16, 2311, Supplementary Note 3 and Supplementary Table 2; doi:10.1038/s41467-025-57559-2",62.51400000000001,394.46334,PROPOSED_NOT_APPLIED,v2_deep_integrated_review
22,Jilin,吉林,2025,gchpccs,gas,64.714674,7.83,506.71589742,True,False,published provincial values converted at 2025 FX and held constant through 2060; sensitivity trajectories not yet applied,"An et al. (2025), Nature Communications 16, 2311, Supplementary Note 3 and Supplementary Table 2; doi:10.1038/s41467-025-57559-2",62.51400000000001,489.48462000000006,PROPOSED_NOT_APPLIED,v2_deep_integrated_review
22,Jilin,吉林,2025,bio,biomass,34.571636,9.0,311.144724,True,False,published provincial values converted at 2025 FX and held constant through 2060; sensitivity trajectories not yet applied,"An et al. (2025), Nature Communications 16, 2311, Supplementary Note 3 and Supplementary Table 2; doi:10.1038/s41467-025-57559-2",33.396,300.564,PROPOSED_NOT_APPLIED,v2_deep_integrated_review
22,Jilin,吉林,2025,bioccs,biomass,34.571636,10.3,356.0878508,True,False,published provincial values converted at 2025 FX and held constant through 2060; sensitivity trajectories not yet applied,"An et al. (2025), Nature Communications 16, 2311, Supplementary Note 3 and Supplementary Table 2; doi:10.1038/s41467-025-57559-2",33.396,343.97880000000004,PROPOSED_NOT_APPLIED,v2_deep_integrated_review
22,Jilin,吉林,2030,coal,coal,39.857382,9.0,358.71643800000004,True,True,published provincial values converted at 2025 FX and held constant through 2060; sensitivity trajectories not yet applied,"An et al. (2025), Nature Communications 16, 2311, Supplementary Note 3 and Supplementary Table 2; doi:10.1038/s41467-025-57559-2",38.502,346.51800000000003,PROPOSED_NOT_APPLIED,v2_deep_integrated_review
22,Jilin,吉林,2030,coalccs,coal,39.857382,11.25,448.3955475,True,True,published provincial values converted at 2025 FX and held constant through 2060; sensitivity trajectories not yet applied,"An et al. (2025), Nature Communications 16, 2311, Supplementary Note 3 and Supplementary Table 2; doi:10.1038/s41467-025-57559-2",38.502,433.1475,PROPOSED_NOT_APPLIED,v2_deep_integrated_review
22,Jilin,吉林,2030,cchp,coal,39.857382,9.47,377.44940754,True,True,published provincial values converted at 2025 FX and held constant through 2060; sensitivity trajectories not yet applied,"An et al. (2025), Nature Communications 16, 2311, Supplementary Note 3 and Supplementary Table 2; doi:10.1038/s41467-025-57559-2",38.502,364.61394000000007,PROPOSED_NOT_APPLIED,v2_deep_integrated_review
22,Jilin,吉林,2030,cchpccs,coal,39.857382,11.25,448.3955475,True,True,published provincial values converted at 2025 FX and held constant through 2060; sensitivity trajectories not yet applied,"An et al. (2025), Nature Communications 16, 2311, Supplementary Note 3 and Supplementary Table 2; doi:10.1038/s41467-025-57559-2",38.502,433.1475,PROPOSED_NOT_APPLIED,v2_deep_integrated_review
22,Jilin,吉林,2030,gas,gas,64.714674,6.31,408.34959294,True,True,published provincial values converted at 2025 FX and held constant through 2060; sensitivity trajectories not yet applied,"An et al. (2025), Nature Communications 16, 2311, Supplementary Note 3 and Supplementary Table 2; doi:10.1038/s41467-025-57559-2",62.51400000000001,394.46334,PROPOSED_NOT_APPLIED,v2_deep_integrated_review
22,Jilin,吉林,2030,gasccs,gas,64.714674,7.83,506.71589742,True,True,published provincial values converted at 2025 FX and held constant through 2060; sensitivity trajectories not yet applied,"An et al. (2025), Nature Communications 16, 2311, Supplementary Note 3 and Supplementary Table 2; doi:10.1038/s41467-025-57559-2",62.51400000000001,489.48462000000006,PROPOSED_NOT_APPLIED,v2_deep_integrated_review
22,Jilin,吉林,2030,gchp,gas,64.714674,6.31,408.34959294,True,True,published provincial values converted at 2025 FX and held constant through 2060; sensitivity trajectories not yet applied,"An et al. (2025), Nature Communications 16, 2311, Supplementary Note 3 and Supplementary Table 2; doi:10.1038/s41467-025-57559-2",62.51400000000001,394.46334,PROPOSED_NOT_APPLIED,v2_deep_integrated_review
22,Jilin,吉林,2030,gchpccs,gas,64.714674,7.83,506.71589742,True,True,published provincial values converted at 2025 FX and held constant through 2060; sensitivity trajectories not yet applied,"An et al. (2025), Nature Communications 16, 2311, Supplementary Note 3 and Supplementary Table 2; doi:10.1038/s41467-025-57559-2",62.51400000000001,489.48462000000006,PROPOSED_NOT_APPLIED,v2_deep_integrated_review
22,Jilin,吉林,2030,bio,biomass,34.571636,9.0,311.144724,True,True,published provincial values converted at 2025 FX and held constant through 2060; sensitivity trajectories not yet applied,"An et al. (2025), Nature Communications 16, 2311, Supplementary Note 3 and Supplementary Table 2; doi:10.1038/s41467-025-57559-2",33.396,300.564,PROPOSED_NOT_APPLIED,v2_deep_integrated_review
22,Jilin,吉林,2030,bioccs,biomass,34.571636,10.3,356.0878508,True,True,published provincial values converted at 2025 FX and held constant through 2060; sensitivity trajectories not yet applied,"An et al. (2025), Nature Communications 16, 2311, Supplementary Note 3 and Supplementary Table 2; doi:10.1038/s41467-025-57559-2",33.396,343.97880000000004,PROPOSED_NOT_APPLIED,v2_deep_integrated_review
22,Jilin,吉林,2040,coal,coal,39.857382,9.0,358.71643800000004,True,True,published provincial values converted at 2025 FX and held constant through 2060; sensitivity trajectories not yet applied,"An et al. (2025), Nature Communications 16, 2311, Supplementary Note 3 and Supplementary Table 2; doi:10.1038/s41467-025-57559-2",38.502,346.51800000000003,PROPOSED_NOT_APPLIED,v2_deep_integrated_review
22,Jilin,吉林,2040,coalccs,coal,39.857382,11.25,448.3955475,True,True,published provincial values converted at 2025 FX and held constant through 2060; sensitivity trajectories not yet applied,"An et al. (2025), Nature Communications 16, 2311, Supplementary Note 3 and Supplementary Table 2; doi:10.1038/s41467-025-57559-2",38.502,433.1475,PROPOSED_NOT_APPLIED,v2_deep_integrated_review
22,Jilin,吉林,2040,cchp,coal,39.857382,9.47,377.44940754,True,True,published provincial values converted at 2025 FX and held constant through 2060; sensitivity trajectories not yet applied,"An et al. (2025), Nature Communications 16, 2311, Supplementary Note 3 and Supplementary Table 2; doi:10.1038/s41467-025-57559-2",38.502,364.61394000000007,PROPOSED_NOT_APPLIED,v2_deep_integrated_review
22,Jilin,吉林,2040,cchpccs,coal,39.857382,11.25,448.3955475,True,True,published provincial values converted at 2025 FX and held constant through 2060; sensitivity trajectories not yet applied,"An et al. (2025), Nature Communications 16, 2311, Supplementary Note 3 and Supplementary Table 2; doi:10.1038/s41467-025-57559-2",38.502,433.1475,PROPOSED_NOT_APPLIED,v2_deep_integrated_review
22,Jilin,吉林,2040,gas,gas,64.714674,6.31,408.34959294,True,True,published provincial values converted at 2025 FX and held constant through 2060; sensitivity trajectories not yet applied,"An et al. (2025), Nature Communications 16, 2311, Supplementary Note 3 and Supplementary Table 2; doi:10.1038/s41467-025-57559-2",62.51400000000001,394.46334,PROPOSED_NOT_APPLIED,v2_deep_integrated_review
22,Jilin,吉林,2040,gasccs,gas,64.714674,7.83,506.71589742,True,True,published provincial values converted at 2025 FX and held constant through 2060; sensitivity trajectories not yet applied,"An et al. (2025), Nature Communications 16, 2311, Supplementary Note 3 and Supplementary Table 2; doi:10.1038/s41467-025-57559-2",62.51400000000001,489.48462000000006,PROPOSED_NOT_APPLIED,v2_deep_integrated_review
22,Jilin,吉林,2040,gchp,gas,64.714674,6.31,408.34959294,True,True,published provincial values converted at 2025 FX and held constant through 2060; sensitivity trajectories not yet applied,"An et al. (2025), Nature Communications 16, 2311, Supplementary Note 3 and Supplementary Table 2; doi:10.1038/s41467-025-57559-2",62.51400000000001,394.46334,PROPOSED_NOT_APPLIED,v2_deep_integrated_review
22,Jilin,吉林,2040,gchpccs,gas,64.714674,7.83,506.71589742,True,True,published provincial values converted at 2025 FX and held constant through 2060; sensitivity trajectories not yet applied,"An et al. (2025), Nature Communications 16, 2311, Supplementary Note 3 and Supplementary Table 2; doi:10.1038/s41467-025-57559-2",62.51400000000001,489.48462000000006,PROPOSED_NOT_APPLIED,v2_deep_integrated_review
22,Jilin,吉林,2040,bio,biomass,34.571636,9.0,311.144724,True,True,published provincial values converted at 2025 FX and held constant through 2060; sensitivity trajectories not yet applied,"An et al. (2025), Nature Communications 16, 2311, Supplementary Note 3 and Supplementary Table 2; doi:10.1038/s41467-025-57559-2",33.396,300.564,PROPOSED_NOT_APPLIED,v2_deep_integrated_review
22,Jilin,吉林,2040,bioccs,biomass,34.571636,10.3,356.0878508,True,True,published provincial values converted at 2025 FX and held constant through 2060; sensitivity trajectories not yet applied,"An et al. (2025), Nature Communications 16, 2311, Supplementary Note 3 and Supplementary Table 2; doi:10.1038/s41467-025-57559-2",33.396,343.97880000000004,PROPOSED_NOT_APPLIED,v2_deep_integrated_review
22,Jilin,吉林,2050,coal,coal,39.857382,9.0,358.71643800000004,True,True,published provincial values converted at 2025 FX and held constant through 2060; sensitivity trajectories not yet applied,"An et al. (2025), Nature Communications 16, 2311, Supplementary Note 3 and Supplementary Table 2; doi:10.1038/s41467-025-57559-2",38.502,346.51800000000003,PROPOSED_NOT_APPLIED,v2_deep_integrated_review
22,Jilin,吉林,2050,coalccs,coal,39.857382,11.25,448.3955475,True,True,published provincial values converted at 2025 FX and held constant through 2060; sensitivity trajectories not yet applied,"An et al. (2025), Nature Communications 16, 2311, Supplementary Note 3 and Supplementary Table 2; doi:10.1038/s41467-025-57559-2",38.502,433.1475,PROPOSED_NOT_APPLIED,v2_deep_integrated_review
22,Jilin,吉林,2050,cchp,coal,39.857382,9.47,377.44940754,True,True,published provincial values converted at 2025 FX and held constant through 2060; sensitivity trajectories not yet applied,"An et al. (2025), Nature Communications 16, 2311, Supplementary Note 3 and Supplementary Table 2; doi:10.1038/s41467-025-57559-2",38.502,364.61394000000007,PROPOSED_NOT_APPLIED,v2_deep_integrated_review
22,Jilin,吉林,2050,cchpccs,coal,39.857382,11.25,448.3955475,True,True,published provincial values converted at 2025 FX and held constant through 2060; sensitivity trajectories not yet applied,"An et al. (2025), Nature Communications 16, 2311, Supplementary Note 3 and Supplementary Table 2; doi:10.1038/s41467-025-57559-2",38.502,433.1475,PROPOSED_NOT_APPLIED,v2_deep_integrated_review
22,Jilin,吉林,2050,gas,gas,64.714674,6.31,408.34959294,True,True,published provincial values converted at 2025 FX and held constant through 2060; sensitivity trajectories not yet applied,"An et al. (2025), Nature Communications 16, 2311, Supplementary Note 3 and Supplementary Table 2; doi:10.1038/s41467-025-57559-2",62.51400000000001,394.46334,PROPOSED_NOT_APPLIED,v2_deep_integrated_review
22,Jilin,吉林,2050,gasccs,gas,64.714674,7.83,506.71589742,True,True,published provincial values converted at 2025 FX and held constant through 2060; sensitivity trajectories not yet applied,"An et al. (2025), Nature Communications 16, 2311, Supplementary Note 3 and Supplementary Table 2; doi:10.1038/s41467-025-57559-2",62.51400000000001,489.48462000000006,PROPOSED_NOT_APPLIED,v2_deep_integrated_review
22,Jilin,吉林,2050,gchp,gas,64.714674,6.31,408.34959294,True,True,published provincial values converted at 2025 FX and held constant through 2060; sensitivity trajectories not yet applied,"An et al. (2025), Nature Communications 16, 2311, Supplementary Note 3 and Supplementary Table 2; doi:10.1038/s41467-025-57559-2",62.51400000000001,394.46334,PROPOSED_NOT_APPLIED,v2_deep_integrated_review
22,Jilin,吉林,2050,gchpccs,gas,64.714674,7.83,506.71589742,True,True,published provincial values converted at 2025 FX and held constant through 2060; sensitivity trajectories not yet applied,"An et al. (2025), Nature Communications 16, 2311, Supplementary Note 3 and Supplementary Table 2; doi:10.1038/s41467-025-57559-2",62.51400000000001,489.48462000000006,PROPOSED_NOT_APPLIED,v2_deep_integrated_review
22,Jilin,吉林,2050,bio,biomass,34.571636,9.0,311.144724,True,True,published provincial values converted at 2025 FX and held constant through 2060; sensitivity trajectories not yet applied,"An et al. (2025), Nature Communications 16, 2311, Supplementary Note 3 and Supplementary Table 2; doi:10.1038/s41467-025-57559-2",33.396,300.564,PROPOSED_NOT_APPLIED,v2_deep_integrated_review
22,Jilin,吉林,2050,bioccs,biomass,34.571636,10.3,356.0878508,True,True,published provincial values converted at 2025 FX and held constant through 2060; sensitivity trajectories not yet applied,"An et al. (2025), Nature Communications 16, 2311, Supplementary Note 3 and Supplementary Table 2; doi:10.1038/s41467-025-57559-2",33.396,343.97880000000004,PROPOSED_NOT_APPLIED,v2_deep_integrated_review
22,Jilin,吉林,2060,coal,coal,39.857382,9.0,358.71643800000004,True,True,published provincial values converted at 2025 FX and held constant through 2060; sensitivity trajectories not yet applied,"An et al. (2025), Nature Communications 16, 2311, Supplementary Note 3 and Supplementary Table 2; doi:10.1038/s41467-025-57559-2",38.502,346.51800000000003,PROPOSED_NOT_APPLIED,v2_deep_integrated_review
22,Jilin,吉林,2060,coalccs,coal,39.857382,11.25,448.3955475,True,True,published provincial values converted at 2025 FX and held constant through 2060; sensitivity trajectories not yet applied,"An et al. (2025), Nature Communications 16, 2311, Supplementary Note 3 and Supplementary Table 2; doi:10.1038/s41467-025-57559-2",38.502,433.1475,PROPOSED_NOT_APPLIED,v2_deep_integrated_review
22,Jilin,吉林,2060,cchp,coal,39.857382,9.47,377.44940754,True,True,published provincial values converted at 2025 FX and held constant through 2060; sensitivity trajectories not yet applied,"An et al. (2025), Nature Communications 16, 2311, Supplementary Note 3 and Supplementary Table 2; doi:10.1038/s41467-025-57559-2",38.502,364.61394000000007,PROPOSED_NOT_APPLIED,v2_deep_integrated_review
22,Jilin,吉林,2060,cchpccs,coal,39.857382,11.25,448.3955475,True,True,published provincial values converted at 2025 FX and held constant through 2060; sensitivity trajectories not yet applied,"An et al. (2025), Nature Communications 16, 2311, Supplementary Note 3 and Supplementary Table 2; doi:10.1038/s41467-025-57559-2",38.502,433.1475,PROPOSED_NOT_APPLIED,v2_deep_integrated_review
22,Jilin,吉林,2060,gas,gas,64.714674,6.31,408.34959294,True,True,published provincial values converted at 2025 FX and held constant through 2060; sensitivity trajectories not yet applied,"An et al. (2025), Nature Communications 16, 2311, Supplementary Note 3 and Supplementary Table 2; doi:10.1038/s41467-025-57559-2",62.51400000000001,394.46334,PROPOSED_NOT_APPLIED,v2_deep_integrated_review
22,Jilin,吉林,2060,gasccs,gas,64.714674,7.83,506.71589742,True,True,published provincial values converted at 2025 FX and held constant through 2060; sensitivity trajectories not yet applied,"An et al. (2025), Nature Communications 16, 2311, Supplementary Note 3 and Supplementary Table 2; doi:10.1038/s41467-025-57559-2",62.51400000000001,489.48462000000006,PROPOSED_NOT_APPLIED,v2_deep_integrated_review
22,Jilin,吉林,2060,gchp,gas,64.714674,6.31,408.34959294,True,True,published provincial values converted at 2025 FX and held constant through 2060; sensitivity trajectories not yet applied,"An et al. (2025), Nature Communications 16, 2311, Supplementary Note 3 and Supplementary Table 2; doi:10.1038/s41467-025-57559-2",62.51400000000001,394.46334,PROPOSED_NOT_APPLIED,v2_deep_integrated_review
22,Jilin,吉林,2060,gchpccs,gas,64.714674,7.83,506.71589742,True,True,published provincial values converted at 2025 FX and held constant through 2060; sensitivity trajectories not yet applied,"An et al. (2025), Nature Communications 16, 2311, Supplementary Note 3 and Supplementary Table 2; doi:10.1038/s41467-025-57559-2",62.51400000000001,489.48462000000006,PROPOSED_NOT_APPLIED,v2_deep_integrated_review
22,Jilin,吉林,2060,bio,biomass,34.571636,9.0,311.144724,True,True,published provincial values converted at 2025 FX and held constant through 2060; sensitivity trajectories not yet applied,"An et al. (2025), Nature Communications 16, 2311, Supplementary Note 3 and Supplementary Table 2; doi:10.1038/s41467-025-57559-2",33.396,300.564,PROPOSED_NOT_APPLIED,v2_deep_integrated_review
22,Jilin,吉林,2060,bioccs,biomass,34.571636,10.3,356.0878508,True,True,published provincial values converted at 2025 FX and held constant through 2060; sensitivity trajectories not yet applied,"An et al. (2025), Nature Communications 16, 2311, Supplementary Note 3 and Supplementary Table 2; doi:10.1038/s41467-025-57559-2",33.396,343.97880000000004,PROPOSED_NOT_APPLIED,v2_deep_integrated_review
23,Heilongjiang,黑龙江,2025,coal,coal,36.357361,9.0,327.21624899999995,True,False,published provincial values converted at 2025 FX and held constant through 2060; sensitivity trajectories not yet applied,"An et al. (2025), Nature Communications 16, 2311, Supplementary Note 3 and Supplementary Table 2; doi:10.1038/s41467-025-57559-2",35.121,316.089,PROPOSED_NOT_APPLIED,v2_deep_integrated_review
23,Heilongjiang,黑龙江,2025,coalccs,coal,36.357361,11.25,409.02031125,True,False,published provincial values converted at 2025 FX and held constant through 2060; sensitivity trajectories not yet applied,"An et al. (2025), Nature Communications 16, 2311, Supplementary Note 3 and Supplementary Table 2; doi:10.1038/s41467-025-57559-2",35.121,395.11125,PROPOSED_NOT_APPLIED,v2_deep_integrated_review
23,Heilongjiang,黑龙江,2025,cchp,coal,36.357361,9.47,344.30420867,True,False,published provincial values converted at 2025 FX and held constant through 2060; sensitivity trajectories not yet applied,"An et al. (2025), Nature Communications 16, 2311, Supplementary Note 3 and Supplementary Table 2; doi:10.1038/s41467-025-57559-2",35.121,332.59587000000005,PROPOSED_NOT_APPLIED,v2_deep_integrated_review
23,Heilongjiang,黑龙江,2025,cchpccs,coal,36.357361,11.25,409.02031125,True,False,published provincial values converted at 2025 FX and held constant through 2060; sensitivity trajectories not yet applied,"An et al. (2025), Nature Communications 16, 2311, Supplementary Note 3 and Supplementary Table 2; doi:10.1038/s41467-025-57559-2",35.121,395.11125,PROPOSED_NOT_APPLIED,v2_deep_integrated_review
23,Heilongjiang,黑龙江,2025,gas,gas,64.714674,6.31,408.34959294,True,False,published provincial values converted at 2025 FX and held constant through 2060; sensitivity trajectories not yet applied,"An et al. (2025), Nature Communications 16, 2311, Supplementary Note 3 and Supplementary Table 2; doi:10.1038/s41467-025-57559-2",62.51400000000001,394.46334,PROPOSED_NOT_APPLIED,v2_deep_integrated_review
23,Heilongjiang,黑龙江,2025,gasccs,gas,64.714674,7.83,506.71589742,True,False,published provincial values converted at 2025 FX and held constant through 2060; sensitivity trajectories not yet applied,"An et al. (2025), Nature Communications 16, 2311, Supplementary Note 3 and Supplementary Table 2; doi:10.1038/s41467-025-57559-2",62.51400000000001,489.48462000000006,PROPOSED_NOT_APPLIED,v2_deep_integrated_review
23,Heilongjiang,黑龙江,2025,gchp,gas,64.714674,6.31,408.34959294,True,False,published provincial values converted at 2025 FX and held constant through 2060; sensitivity trajectories not yet applied,"An et al. (2025), Nature Communications 16, 2311, Supplementary Note 3 and Supplementary Table 2; doi:10.1038/s41467-025-57559-2",62.51400000000001,394.46334,PROPOSED_NOT_APPLIED,v2_deep_integrated_review
23,Heilongjiang,黑龙江,2025,gchpccs,gas,64.714674,7.83,506.71589742,True,False,published provincial values converted at 2025 FX and held constant through 2060; sensitivity trajectories not yet applied,"An et al. (2025), Nature Communications 16, 2311, Supplementary Note 3 and Supplementary Table 2; doi:10.1038/s41467-025-57559-2",62.51400000000001,489.48462000000006,PROPOSED_NOT_APPLIED,v2_deep_integrated_review
23,Heilongjiang,黑龙江,2025,bio,biomass,34.357349,9.0,309.216141,True,False,published provincial values converted at 2025 FX and held constant through 2060; sensitivity trajectories not yet applied,"An et al. (2025), Nature Communications 16, 2311, Supplementary Note 3 and Supplementary Table 2; doi:10.1038/s41467-025-57559-2",33.189,298.701,PROPOSED_NOT_APPLIED,v2_deep_integrated_review
23,Heilongjiang,黑龙江,2025,bioccs,biomass,34.357349,10.3,353.8806947,True,False,published provincial values converted at 2025 FX and held constant through 2060; sensitivity trajectories not yet applied,"An et al. (2025), Nature Communications 16, 2311, Supplementary Note 3 and Supplementary Table 2; doi:10.1038/s41467-025-57559-2",33.189,341.8467,PROPOSED_NOT_APPLIED,v2_deep_integrated_review
23,Heilongjiang,黑龙江,2030,coal,coal,36.357361,9.0,327.21624899999995,True,True,published provincial values converted at 2025 FX and held constant through 2060; sensitivity trajectories not yet applied,"An et al. (2025), Nature Communications 16, 2311, Supplementary Note 3 and Supplementary Table 2; doi:10.1038/s41467-025-57559-2",35.121,316.089,PROPOSED_NOT_APPLIED,v2_deep_integrated_review
23,Heilongjiang,黑龙江,2030,coalccs,coal,36.357361,11.25,409.02031125,True,True,published provincial values converted at 2025 FX and held constant through 2060; sensitivity trajectories not yet applied,"An et al. (2025), Nature Communications 16, 2311, Supplementary Note 3 and Supplementary Table 2; doi:10.1038/s41467-025-57559-2",35.121,395.11125,PROPOSED_NOT_APPLIED,v2_deep_integrated_review
23,Heilongjiang,黑龙江,2030,cchp,coal,36.357361,9.47,344.30420867,True,True,published provincial values converted at 2025 FX and held constant through 2060; sensitivity trajectories not yet applied,"An et al. (2025), Nature Communications 16, 2311, Supplementary Note 3 and Supplementary Table 2; doi:10.1038/s41467-025-57559-2",35.121,332.59587000000005,PROPOSED_NOT_APPLIED,v2_deep_integrated_review
23,Heilongjiang,黑龙江,2030,cchpccs,coal,36.357361,11.25,409.02031125,True,True,published provincial values converted at 2025 FX and held constant through 2060; sensitivity trajectories not yet applied,"An et al. (2025), Nature Communications 16, 2311, Supplementary Note 3 and Supplementary Table 2; doi:10.1038/s41467-025-57559-2",35.121,395.11125,PROPOSED_NOT_APPLIED,v2_deep_integrated_review
23,Heilongjiang,黑龙江,2030,gas,gas,64.714674,6.31,408.34959294,True,True,published provincial values converted at 2025 FX and held constant through 2060; sensitivity trajectories not yet applied,"An et al. (2025), Nature Communications 16, 2311, Supplementary Note 3 and Supplementary Table 2; doi:10.1038/s41467-025-57559-2",62.51400000000001,394.46334,PROPOSED_NOT_APPLIED,v2_deep_integrated_review
23,Heilongjiang,黑龙江,2030,gasccs,gas,64.714674,7.83,506.71589742,True,True,published provincial values converted at 2025 FX and held constant through 2060; sensitivity trajectories not yet applied,"An et al. (2025), Nature Communications 16, 2311, Supplementary Note 3 and Supplementary Table 2; doi:10.1038/s41467-025-57559-2",62.51400000000001,489.48462000000006,PROPOSED_NOT_APPLIED,v2_deep_integrated_review
23,Heilongjiang,黑龙江,2030,gchp,gas,64.714674,6.31,408.34959294,True,True,published provincial values converted at 2025 FX and held constant through 2060; sensitivity trajectories not yet applied,"An et al. (2025), Nature Communications 16, 2311, Supplementary Note 3 and Supplementary Table 2; doi:10.1038/s41467-025-57559-2",62.51400000000001,394.46334,PROPOSED_NOT_APPLIED,v2_deep_integrated_review
23,Heilongjiang,黑龙江,2030,gchpccs,gas,64.714674,7.83,506.71589742,True,True,published provincial values converted at 2025 FX and held constant through 2060; sensitivity trajectories not yet applied,"An et al. (2025), Nature Communications 16, 2311, Supplementary Note 3 and Supplementary Table 2; doi:10.1038/s41467-025-57559-2",62.51400000000001,489.48462000000006,PROPOSED_NOT_APPLIED,v2_deep_integrated_review
23,Heilongjiang,黑龙江,2030,bio,biomass,34.357349,9.0,309.216141,True,True,published provincial values converted at 2025 FX and held constant through 2060; sensitivity trajectories not yet applied,"An et al. (2025), Nature Communications 16, 2311, Supplementary Note 3 and Supplementary Table 2; doi:10.1038/s41467-025-57559-2",33.189,298.701,PROPOSED_NOT_APPLIED,v2_deep_integrated_review
23,Heilongjiang,黑龙江,2030,bioccs,biomass,34.357349,10.3,353.8806947,True,True,published provincial values converted at 2025 FX and held constant through 2060; sensitivity trajectories not yet applied,"An et al. (2025), Nature Communications 16, 2311, Supplementary Note 3 and Supplementary Table 2; doi:10.1038/s41467-025-57559-2",33.189,341.8467,PROPOSED_NOT_APPLIED,v2_deep_integrated_review
23,Heilongjiang,黑龙江,2040,coal,coal,36.357361,9.0,327.21624899999995,True,True,published provincial values converted at 2025 FX and held constant through 2060; sensitivity trajectories not yet applied,"An et al. (2025), Nature Communications 16, 2311, Supplementary Note 3 and Supplementary Table 2; doi:10.1038/s41467-025-57559-2",35.121,316.089,PROPOSED_NOT_APPLIED,v2_deep_integrated_review
23,Heilongjiang,黑龙江,2040,coalccs,coal,36.357361,11.25,409.02031125,True,True,published provincial values converted at 2025 FX and held constant through 2060; sensitivity trajectories not yet applied,"An et al. (2025), Nature Communications 16, 2311, Supplementary Note 3 and Supplementary Table 2; doi:10.1038/s41467-025-57559-2",35.121,395.11125,PROPOSED_NOT_APPLIED,v2_deep_integrated_review
23,Heilongjiang,黑龙江,2040,cchp,coal,36.357361,9.47,344.30420867,True,True,published provincial values converted at 2025 FX and held constant through 2060; sensitivity trajectories not yet applied,"An et al. (2025), Nature Communications 16, 2311, Supplementary Note 3 and Supplementary Table 2; doi:10.1038/s41467-025-57559-2",35.121,332.59587000000005,PROPOSED_NOT_APPLIED,v2_deep_integrated_review
23,Heilongjiang,黑龙江,2040,cchpccs,coal,36.357361,11.25,409.02031125,True,True,published provincial values converted at 2025 FX and held constant through 2060; sensitivity trajectories not yet applied,"An et al. (2025), Nature Communications 16, 2311, Supplementary Note 3 and Supplementary Table 2; doi:10.1038/s41467-025-57559-2",35.121,395.11125,PROPOSED_NOT_APPLIED,v2_deep_integrated_review
23,Heilongjiang,黑龙江,2040,gas,gas,64.714674,6.31,408.34959294,True,True,published provincial values converted at 2025 FX and held constant through 2060; sensitivity trajectories not yet applied,"An et al. (2025), Nature Communications 16, 2311, Supplementary Note 3 and Supplementary Table 2; doi:10.1038/s41467-025-57559-2",62.51400000000001,394.46334,PROPOSED_NOT_APPLIED,v2_deep_integrated_review
23,Heilongjiang,黑龙江,2040,gasccs,gas,64.714674,7.83,506.71589742,True,True,published provincial values converted at 2025 FX and held constant through 2060; sensitivity trajectories not yet applied,"An et al. (2025), Nature Communications 16, 2311, Supplementary Note 3 and Supplementary Table 2; doi:10.1038/s41467-025-57559-2",62.51400000000001,489.48462000000006,PROPOSED_NOT_APPLIED,v2_deep_integrated_review
23,Heilongjiang,黑龙江,2040,gchp,gas,64.714674,6.31,408.34959294,True,True,published provincial values converted at 2025 FX and held constant through 2060; sensitivity trajectories not yet applied,"An et al. (2025), Nature Communications 16, 2311, Supplementary Note 3 and Supplementary Table 2; doi:10.1038/s41467-025-57559-2",62.51400000000001,394.46334,PROPOSED_NOT_APPLIED,v2_deep_integrated_review
23,Heilongjiang,黑龙江,2040,gchpccs,gas,64.714674,7.83,506.71589742,True,True,published provincial values converted at 2025 FX and held constant through 2060; sensitivity trajectories not yet applied,"An et al. (2025), Nature Communications 16, 2311, Supplementary Note 3 and Supplementary Table 2; doi:10.1038/s41467-025-57559-2",62.51400000000001,489.48462000000006,PROPOSED_NOT_APPLIED,v2_deep_integrated_review
23,Heilongjiang,黑龙江,2040,bio,biomass,34.357349,9.0,309.216141,True,True,published provincial values converted at 2025 FX and held constant through 2060; sensitivity trajectories not yet applied,"An et al. (2025), Nature Communications 16, 2311, Supplementary Note 3 and Supplementary Table 2; doi:10.1038/s41467-025-57559-2",33.189,298.701,PROPOSED_NOT_APPLIED,v2_deep_integrated_review
23,Heilongjiang,黑龙江,2040,bioccs,biomass,34.357349,10.3,353.8806947,True,True,published provincial values converted at 2025 FX and held constant through 2060; sensitivity trajectories not yet applied,"An et al. (2025), Nature Communications 16, 2311, Supplementary Note 3 and Supplementary Table 2; doi:10.1038/s41467-025-57559-2",33.189,341.8467,PROPOSED_NOT_APPLIED,v2_deep_integrated_review
23,Heilongjiang,黑龙江,2050,coal,coal,36.357361,9.0,327.21624899999995,True,True,published provincial values converted at 2025 FX and held constant through 2060; sensitivity trajectories not yet applied,"An et al. (2025), Nature Communications 16, 2311, Supplementary Note 3 and Supplementary Table 2; doi:10.1038/s41467-025-57559-2",35.121,316.089,PROPOSED_NOT_APPLIED,v2_deep_integrated_review
23,Heilongjiang,黑龙江,2050,coalccs,coal,36.357361,11.25,409.02031125,True,True,published provincial values converted at 2025 FX and held constant through 2060; sensitivity trajectories not yet applied,"An et al. (2025), Nature Communications 16, 2311, Supplementary Note 3 and Supplementary Table 2; doi:10.1038/s41467-025-57559-2",35.121,395.11125,PROPOSED_NOT_APPLIED,v2_deep_integrated_review
23,Heilongjiang,黑龙江,2050,cchp,coal,36.357361,9.47,344.30420867,True,True,published provincial values converted at 2025 FX and held constant through 2060; sensitivity trajectories not yet applied,"An et al. (2025), Nature Communications 16, 2311, Supplementary Note 3 and Supplementary Table 2; doi:10.1038/s41467-025-57559-2",35.121,332.59587000000005,PROPOSED_NOT_APPLIED,v2_deep_integrated_review
23,Heilongjiang,黑龙江,2050,cchpccs,coal,36.357361,11.25,409.02031125,True,True,published provincial values converted at 2025 FX and held constant through 2060; sensitivity trajectories not yet applied,"An et al. (2025), Nature Communications 16, 2311, Supplementary Note 3 and Supplementary Table 2; doi:10.1038/s41467-025-57559-2",35.121,395.11125,PROPOSED_NOT_APPLIED,v2_deep_integrated_review
23,Heilongjiang,黑龙江,2050,gas,gas,64.714674,6.31,408.34959294,True,True,published provincial values converted at 2025 FX and held constant through 2060; sensitivity trajectories not yet applied,"An et al. (2025), Nature Communications 16, 2311, Supplementary Note 3 and Supplementary Table 2; doi:10.1038/s41467-025-57559-2",62.51400000000001,394.46334,PROPOSED_NOT_APPLIED,v2_deep_integrated_review
23,Heilongjiang,黑龙江,2050,gasccs,gas,64.714674,7.83,506.71589742,True,True,published provincial values converted at 2025 FX and held constant through 2060; sensitivity trajectories not yet applied,"An et al. (2025), Nature Communications 16, 2311, Supplementary Note 3 and Supplementary Table 2; doi:10.1038/s41467-025-57559-2",62.51400000000001,489.48462000000006,PROPOSED_NOT_APPLIED,v2_deep_integrated_review
23,Heilongjiang,黑龙江,2050,gchp,gas,64.714674,6.31,408.34959294,True,True,published provincial values converted at 2025 FX and held constant through 2060; sensitivity trajectories not yet applied,"An et al. (2025), Nature Communications 16, 2311, Supplementary Note 3 and Supplementary Table 2; doi:10.1038/s41467-025-57559-2",62.51400000000001,394.46334,PROPOSED_NOT_APPLIED,v2_deep_integrated_review
23,Heilongjiang,黑龙江,2050,gchpccs,gas,64.714674,7.83,506.71589742,True,True,published provincial values converted at 2025 FX and held constant through 2060; sensitivity trajectories not yet applied,"An et al. (2025), Nature Communications 16, 2311, Supplementary Note 3 and Supplementary Table 2; doi:10.1038/s41467-025-57559-2",62.51400000000001,489.48462000000006,PROPOSED_NOT_APPLIED,v2_deep_integrated_review
23,Heilongjiang,黑龙江,2050,bio,biomass,34.357349,9.0,309.216141,True,True,published provincial values converted at 2025 FX and held constant through 2060; sensitivity trajectories not yet applied,"An et al. (2025), Nature Communications 16, 2311, Supplementary Note 3 and Supplementary Table 2; doi:10.1038/s41467-025-57559-2",33.189,298.701,PROPOSED_NOT_APPLIED,v2_deep_integrated_review
23,Heilongjiang,黑龙江,2050,bioccs,biomass,34.357349,10.3,353.8806947,True,True,published provincial values converted at 2025 FX and held constant through 2060; sensitivity trajectories not yet applied,"An et al. (2025), Nature Communications 16, 2311, Supplementary Note 3 and Supplementary Table 2; doi:10.1038/s41467-025-57559-2",33.189,341.8467,PROPOSED_NOT_APPLIED,v2_deep_integrated_review
23,Heilongjiang,黑龙江,2060,coal,coal,36.357361,9.0,327.21624899999995,True,True,published provincial values converted at 2025 FX and held constant through 2060; sensitivity trajectories not yet applied,"An et al. (2025), Nature Communications 16, 2311, Supplementary Note 3 and Supplementary Table 2; doi:10.1038/s41467-025-57559-2",35.121,316.089,PROPOSED_NOT_APPLIED,v2_deep_integrated_review
23,Heilongjiang,黑龙江,2060,coalccs,coal,36.357361,11.25,409.02031125,True,True,published provincial values converted at 2025 FX and held constant through 2060; sensitivity trajectories not yet applied,"An et al. (2025), Nature Communications 16, 2311, Supplementary Note 3 and Supplementary Table 2; doi:10.1038/s41467-025-57559-2",35.121,395.11125,PROPOSED_NOT_APPLIED,v2_deep_integrated_review
23,Heilongjiang,黑龙江,2060,cchp,coal,36.357361,9.47,344.30420867,True,True,published provincial values converted at 2025 FX and held constant through 2060; sensitivity trajectories not yet applied,"An et al. (2025), Nature Communications 16, 2311, Supplementary Note 3 and Supplementary Table 2; doi:10.1038/s41467-025-57559-2",35.121,332.59587000000005,PROPOSED_NOT_APPLIED,v2_deep_integrated_review
23,Heilongjiang,黑龙江,2060,cchpccs,coal,36.357361,11.25,409.02031125,True,True,published provincial values converted at 2025 FX and held constant through 2060; sensitivity trajectories not yet applied,"An et al. (2025), Nature Communications 16, 2311, Supplementary Note 3 and Supplementary Table 2; doi:10.1038/s41467-025-57559-2",35.121,395.11125,PROPOSED_NOT_APPLIED,v2_deep_integrated_review
23,Heilongjiang,黑龙江,2060,gas,gas,64.714674,6.31,408.34959294,True,True,published provincial values converted at 2025 FX and held constant through 2060; sensitivity trajectories not yet applied,"An et al. (2025), Nature Communications 16, 2311, Supplementary Note 3 and Supplementary Table 2; doi:10.1038/s41467-025-57559-2",62.51400000000001,394.46334,PROPOSED_NOT_APPLIED,v2_deep_integrated_review
23,Heilongjiang,黑龙江,2060,gasccs,gas,64.714674,7.83,506.71589742,True,True,published provincial values converted at 2025 FX and held constant through 2060; sensitivity trajectories not yet applied,"An et al. (2025), Nature Communications 16, 2311, Supplementary Note 3 and Supplementary Table 2; doi:10.1038/s41467-025-57559-2",62.51400000000001,489.48462000000006,PROPOSED_NOT_APPLIED,v2_deep_integrated_review
23,Heilongjiang,黑龙江,2060,gchp,gas,64.714674,6.31,408.34959294,True,True,published provincial values converted at 2025 FX and held constant through 2060; sensitivity trajectories not yet applied,"An et al. (2025), Nature Communications 16, 2311, Supplementary Note 3 and Supplementary Table 2; doi:10.1038/s41467-025-57559-2",62.51400000000001,394.46334,PROPOSED_NOT_APPLIED,v2_deep_integrated_review
23,Heilongjiang,黑龙江,2060,gchpccs,gas,64.714674,7.83,506.71589742,True,True,published provincial values converted at 2025 FX and held constant through 2060; sensitivity trajectories not yet applied,"An et al. (2025), Nature Communications 16, 2311, Supplementary Note 3 and Supplementary Table 2; doi:10.1038/s41467-025-57559-2",62.51400000000001,489.48462000000006,PROPOSED_NOT_APPLIED,v2_deep_integrated_review
23,Heilongjiang,黑龙江,2060,bio,biomass,34.357349,9.0,309.216141,True,True,published provincial values converted at 2025 FX and held constant through 2060; sensitivity trajectories not yet applied,"An et al. (2025), Nature Communications 16, 2311, Supplementary Note 3 and Supplementary Table 2; doi:10.1038/s41467-025-57559-2",33.189,298.701,PROPOSED_NOT_APPLIED,v2_deep_integrated_review
23,Heilongjiang,黑龙江,2060,bioccs,biomass,34.357349,10.3,353.8806947,True,True,published provincial values converted at 2025 FX and held constant through 2060; sensitivity trajectories not yet applied,"An et al. (2025), Nature Communications 16, 2311, Supplementary Note 3 and Supplementary Table 2; doi:10.1038/s41467-025-57559-2",33.189,341.8467,PROPOSED_NOT_APPLIED,v2_deep_integrated_review
31,Shanghai,上海,2025,coal,coal,38.857376,9.0,349.716384,True,False,published provincial values converted at 2025 FX and held constant through 2060; sensitivity trajectories not yet applied,"An et al. (2025), Nature Communications 16, 2311, Supplementary Note 3 and Supplementary Table 2; doi:10.1038/s41467-025-57559-2",37.536,337.824,PROPOSED_NOT_APPLIED,v2_deep_integrated_review
31,Shanghai,上海,2025,coalccs,coal,38.857376,11.25,437.14548,True,False,published provincial values converted at 2025 FX and held constant through 2060; sensitivity trajectories not yet applied,"An et al. (2025), Nature Communications 16, 2311, Supplementary Note 3 and Supplementary Table 2; doi:10.1038/s41467-025-57559-2",37.536,422.28,PROPOSED_NOT_APPLIED,v2_deep_integrated_review
31,Shanghai,上海,2025,cchp,coal,38.857376,9.47,367.97935072000007,True,False,published provincial values converted at 2025 FX and held constant through 2060; sensitivity trajectories not yet applied,"An et al. (2025), Nature Communications 16, 2311, Supplementary Note 3 and Supplementary Table 2; doi:10.1038/s41467-025-57559-2",37.536,355.46592000000004,PROPOSED_NOT_APPLIED,v2_deep_integrated_review
31,Shanghai,上海,2025,cchpccs,coal,38.857376,11.25,437.14548,True,False,published provincial values converted at 2025 FX and held constant through 2060; sensitivity trajectories not yet applied,"An et al. (2025), Nature Communications 16, 2311, Supplementary Note 3 and Supplementary Table 2; doi:10.1038/s41467-025-57559-2",37.536,422.28,PROPOSED_NOT_APPLIED,v2_deep_integrated_review
31,Shanghai,上海,2025,gas,gas,75.571882,6.31,476.85857542,True,False,published provincial values converted at 2025 FX and held constant through 2060; sensitivity trajectories not yet applied,"An et al. (2025), Nature Communications 16, 2311, Supplementary Note 3 and Supplementary Table 2; doi:10.1038/s41467-025-57559-2",73.00200000000001,460.64262,PROPOSED_NOT_APPLIED,v2_deep_integrated_review
31,Shanghai,上海,2025,gasccs,gas,75.571882,7.83,591.7278360600001,True,False,published provincial values converted at 2025 FX and held constant through 2060; sensitivity trajectories not yet applied,"An et al. (2025), Nature Communications 16, 2311, Supplementary Note 3 and Supplementary Table 2; doi:10.1038/s41467-025-57559-2",73.00200000000001,571.6056600000001,PROPOSED_NOT_APPLIED,v2_deep_integrated_review
31,Shanghai,上海,2025,gchp,gas,75.571882,6.31,476.85857542,True,False,published provincial values converted at 2025 FX and held constant through 2060; sensitivity trajectories not yet applied,"An et al. (2025), Nature Communications 16, 2311, Supplementary Note 3 and Supplementary Table 2; doi:10.1038/s41467-025-57559-2",73.00200000000001,460.64262,PROPOSED_NOT_APPLIED,v2_deep_integrated_review
31,Shanghai,上海,2025,gchpccs,gas,75.571882,7.83,591.7278360600001,True,False,published provincial values converted at 2025 FX and held constant through 2060; sensitivity trajectories not yet applied,"An et al. (2025), Nature Communications 16, 2311, Supplementary Note 3 and Supplementary Table 2; doi:10.1038/s41467-025-57559-2",73.00200000000001,571.6056600000001,PROPOSED_NOT_APPLIED,v2_deep_integrated_review
31,Shanghai,上海,2025,bio,biomass,37.714512,9.0,339.430608,True,False,published provincial values converted at 2025 FX and held constant through 2060; sensitivity trajectories not yet applied,"An et al. (2025), Nature Communications 16, 2311, Supplementary Note 3 and Supplementary Table 2; doi:10.1038/s41467-025-57559-2",36.432,327.88800000000003,PROPOSED_NOT_APPLIED,v2_deep_integrated_review
31,Shanghai,上海,2025,bioccs,biomass,37.714512,10.3,388.4594736,True,False,published provincial values converted at 2025 FX and held constant through 2060; sensitivity trajectories not yet applied,"An et al. (2025), Nature Communications 16, 2311, Supplementary Note 3 and Supplementary Table 2; doi:10.1038/s41467-025-57559-2",36.432,375.2496,PROPOSED_NOT_APPLIED,v2_deep_integrated_review
31,Shanghai,上海,2030,coal,coal,38.857376,9.0,349.716384,True,True,published provincial values converted at 2025 FX and held constant through 2060; sensitivity trajectories not yet applied,"An et al. (2025), Nature Communications 16, 2311, Supplementary Note 3 and Supplementary Table 2; doi:10.1038/s41467-025-57559-2",37.536,337.824,PROPOSED_NOT_APPLIED,v2_deep_integrated_review
31,Shanghai,上海,2030,coalccs,coal,38.857376,11.25,437.14548,True,True,published provincial values converted at 2025 FX and held constant through 2060; sensitivity trajectories not yet applied,"An et al. (2025), Nature Communications 16, 2311, Supplementary Note 3 and Supplementary Table 2; doi:10.1038/s41467-025-57559-2",37.536,422.28,PROPOSED_NOT_APPLIED,v2_deep_integrated_review
31,Shanghai,上海,2030,cchp,coal,38.857376,9.47,367.97935072000007,True,True,published provincial values converted at 2025 FX and held constant through 2060; sensitivity trajectories not yet applied,"An et al. (2025), Nature Communications 16, 2311, Supplementary Note 3 and Supplementary Table 2; doi:10.1038/s41467-025-57559-2",37.536,355.46592000000004,PROPOSED_NOT_APPLIED,v2_deep_integrated_review
31,Shanghai,上海,2030,cchpccs,coal,38.857376,11.25,437.14548,True,True,published provincial values converted at 2025 FX and held constant through 2060; sensitivity trajectories not yet applied,"An et al. (2025), Nature Communications 16, 2311, Supplementary Note 3 and Supplementary Table 2; doi:10.1038/s41467-025-57559-2",37.536,422.28,PROPOSED_NOT_APPLIED,v2_deep_integrated_review
31,Shanghai,上海,2030,gas,gas,75.571882,6.31,476.85857542,True,True,published provincial values converted at 2025 FX and held constant through 2060; sensitivity trajectories not yet applied,"An et al. (2025), Nature Communications 16, 2311, Supplementary Note 3 and Supplementary Table 2; doi:10.1038/s41467-025-57559-2",73.00200000000001,460.64262,PROPOSED_NOT_APPLIED,v2_deep_integrated_review
31,Shanghai,上海,2030,gasccs,gas,75.571882,7.83,591.7278360600001,True,True,published provincial values converted at 2025 FX and held constant through 2060; sensitivity trajectories not yet applied,"An et al. (2025), Nature Communications 16, 2311, Supplementary Note 3 and Supplementary Table 2; doi:10.1038/s41467-025-57559-2",73.00200000000001,571.6056600000001,PROPOSED_NOT_APPLIED,v2_deep_integrated_review
31,Shanghai,上海,2030,gchp,gas,75.571882,6.31,476.85857542,True,True,published provincial values converted at 2025 FX and held constant through 2060; sensitivity trajectories not yet applied,"An et al. (2025), Nature Communications 16, 2311, Supplementary Note 3 and Supplementary Table 2; doi:10.1038/s41467-025-57559-2",73.00200000000001,460.64262,PROPOSED_NOT_APPLIED,v2_deep_integrated_review
31,Shanghai,上海,2030,gchpccs,gas,75.571882,7.83,591.7278360600001,True,True,published provincial values converted at 2025 FX and held constant through 2060; sensitivity trajectories not yet applied,"An et al. (2025), Nature Communications 16, 2311, Supplementary Note 3 and Supplementary Table 2; doi:10.1038/s41467-025-57559-2",73.00200000000001,571.6056600000001,PROPOSED_NOT_APPLIED,v2_deep_integrated_review
31,Shanghai,上海,2030,bio,biomass,37.714512,9.0,339.430608,True,True,published provincial values converted at 2025 FX and held constant through 2060; sensitivity trajectories not yet applied,"An et al. (2025), Nature Communications 16, 2311, Supplementary Note 3 and Supplementary Table 2; doi:10.1038/s41467-025-57559-2",36.432,327.88800000000003,PROPOSED_NOT_APPLIED,v2_deep_integrated_review
31,Shanghai,上海,2030,bioccs,biomass,37.714512,10.3,388.4594736,True,True,published provincial values converted at 2025 FX and held constant through 2060; sensitivity trajectories not yet applied,"An et al. (2025), Nature Communications 16, 2311, Supplementary Note 3 and Supplementary Table 2; doi:10.1038/s41467-025-57559-2",36.432,375.2496,PROPOSED_NOT_APPLIED,v2_deep_integrated_review
31,Shanghai,上海,2040,coal,coal,38.857376,9.0,349.716384,True,True,published provincial values converted at 2025 FX and held constant through 2060; sensitivity trajectories not yet applied,"An et al. (2025), Nature Communications 16, 2311, Supplementary Note 3 and Supplementary Table 2; doi:10.1038/s41467-025-57559-2",37.536,337.824,PROPOSED_NOT_APPLIED,v2_deep_integrated_review
31,Shanghai,上海,2040,coalccs,coal,38.857376,11.25,437.14548,True,True,published provincial values converted at 2025 FX and held constant through 2060; sensitivity trajectories not yet applied,"An et al. (2025), Nature Communications 16, 2311, Supplementary Note 3 and Supplementary Table 2; doi:10.1038/s41467-025-57559-2",37.536,422.28,PROPOSED_NOT_APPLIED,v2_deep_integrated_review
31,Shanghai,上海,2040,cchp,coal,38.857376,9.47,367.97935072000007,True,True,published provincial values converted at 2025 FX and held constant through 2060; sensitivity trajectories not yet applied,"An et al. (2025), Nature Communications 16, 2311, Supplementary Note 3 and Supplementary Table 2; doi:10.1038/s41467-025-57559-2",37.536,355.46592000000004,PROPOSED_NOT_APPLIED,v2_deep_integrated_review
31,Shanghai,上海,2040,cchpccs,coal,38.857376,11.25,437.14548,True,True,published provincial values converted at 2025 FX and held constant through 2060; sensitivity trajectories not yet applied,"An et al. (2025), Nature Communications 16, 2311, Supplementary Note 3 and Supplementary Table 2; doi:10.1038/s41467-025-57559-2",37.536,422.28,PROPOSED_NOT_APPLIED,v2_deep_integrated_review
31,Shanghai,上海,2040,gas,gas,75.571882,6.31,476.85857542,True,True,published provincial values converted at 2025 FX and held constant through 2060; sensitivity trajectories not yet applied,"An et al. (2025), Nature Communications 16, 2311, Supplementary Note 3 and Supplementary Table 2; doi:10.1038/s41467-025-57559-2",73.00200000000001,460.64262,PROPOSED_NOT_APPLIED,v2_deep_integrated_review
31,Shanghai,上海,2040,gasccs,gas,75.571882,7.83,591.7278360600001,True,True,published provincial values converted at 2025 FX and held constant through 2060; sensitivity trajectories not yet applied,"An et al. (2025), Nature Communications 16, 2311, Supplementary Note 3 and Supplementary Table 2; doi:10.1038/s41467-025-57559-2",73.00200000000001,571.6056600000001,PROPOSED_NOT_APPLIED,v2_deep_integrated_review
31,Shanghai,上海,2040,gchp,gas,75.571882,6.31,476.85857542,True,True,published provincial values converted at 2025 FX and held constant through 2060; sensitivity trajectories not yet applied,"An et al. (2025), Nature Communications 16, 2311, Supplementary Note 3 and Supplementary Table 2; doi:10.1038/s41467-025-57559-2",73.00200000000001,460.64262,PROPOSED_NOT_APPLIED,v2_deep_integrated_review
31,Shanghai,上海,2040,gchpccs,gas,75.571882,7.83,591.7278360600001,True,True,published provincial values converted at 2025 FX and held constant through 2060; sensitivity trajectories not yet applied,"An et al. (2025), Nature Communications 16, 2311, Supplementary Note 3 and Supplementary Table 2; doi:10.1038/s41467-025-57559-2",73.00200000000001,571.6056600000001,PROPOSED_NOT_APPLIED,v2_deep_integrated_review
31,Shanghai,上海,2040,bio,biomass,37.714512,9.0,339.430608,True,True,published provincial values converted at 2025 FX and held constant through 2060; sensitivity trajectories not yet applied,"An et al. (2025), Nature Communications 16, 2311, Supplementary Note 3 and Supplementary Table 2; doi:10.1038/s41467-025-57559-2",36.432,327.88800000000003,PROPOSED_NOT_APPLIED,v2_deep_integrated_review
31,Shanghai,上海,2040,bioccs,biomass,37.714512,10.3,388.4594736,True,True,published provincial values converted at 2025 FX and held constant through 2060; sensitivity trajectories not yet applied,"An et al. (2025), Nature Communications 16, 2311, Supplementary Note 3 and Supplementary Table 2; doi:10.1038/s41467-025-57559-2",36.432,375.2496,PROPOSED_NOT_APPLIED,v2_deep_integrated_review
31,Shanghai,上海,2050,coal,coal,38.857376,9.0,349.716384,True,True,published provincial values converted at 2025 FX and held constant through 2060; sensitivity trajectories not yet applied,"An et al. (2025), Nature Communications 16, 2311, Supplementary Note 3 and Supplementary Table 2; doi:10.1038/s41467-025-57559-2",37.536,337.824,PROPOSED_NOT_APPLIED,v2_deep_integrated_review
31,Shanghai,上海,2050,coalccs,coal,38.857376,11.25,437.14548,True,True,published provincial values converted at 2025 FX and held constant through 2060; sensitivity trajectories not yet applied,"An et al. (2025), Nature Communications 16, 2311, Supplementary Note 3 and Supplementary Table 2; doi:10.1038/s41467-025-57559-2",37.536,422.28,PROPOSED_NOT_APPLIED,v2_deep_integrated_review
31,Shanghai,上海,2050,cchp,coal,38.857376,9.47,367.97935072000007,True,True,published provincial values converted at 2025 FX and held constant through 2060; sensitivity trajectories not yet applied,"An et al. (2025), Nature Communications 16, 2311, Supplementary Note 3 and Supplementary Table 2; doi:10.1038/s41467-025-57559-2",37.536,355.46592000000004,PROPOSED_NOT_APPLIED,v2_deep_integrated_review
31,Shanghai,上海,2050,cchpccs,coal,38.857376,11.25,437.14548,True,True,published provincial values converted at 2025 FX and held constant through 2060; sensitivity trajectories not yet applied,"An et al. (2025), Nature Communications 16, 2311, Supplementary Note 3 and Supplementary Table 2; doi:10.1038/s41467-025-57559-2",37.536,422.28,PROPOSED_NOT_APPLIED,v2_deep_integrated_review
31,Shanghai,上海,2050,gas,gas,75.571882,6.31,476.85857542,True,True,published provincial values converted at 2025 FX and held constant through 2060; sensitivity trajectories not yet applied,"An et al. (2025), Nature Communications 16, 2311, Supplementary Note 3 and Supplementary Table 2; doi:10.1038/s41467-025-57559-2",73.00200000000001,460.64262,PROPOSED_NOT_APPLIED,v2_deep_integrated_review
31,Shanghai,上海,2050,gasccs,gas,75.571882,7.83,591.7278360600001,True,True,published provincial values converted at 2025 FX and held constant through 2060; sensitivity trajectories not yet applied,"An et al. (2025), Nature Communications 16, 2311, Supplementary Note 3 and Supplementary Table 2; doi:10.1038/s41467-025-57559-2",73.00200000000001,571.6056600000001,PROPOSED_NOT_APPLIED,v2_deep_integrated_review
31,Shanghai,上海,2050,gchp,gas,75.571882,6.31,476.85857542,True,True,published provincial values converted at 2025 FX and held constant through 2060; sensitivity trajectories not yet applied,"An et al. (2025), Nature Communications 16, 2311, Supplementary Note 3 and Supplementary Table 2; doi:10.1038/s41467-025-57559-2",73.00200000000001,460.64262,PROPOSED_NOT_APPLIED,v2_deep_integrated_review
31,Shanghai,上海,2050,gchpccs,gas,75.571882,7.83,591.7278360600001,True,True,published provincial values converted at 2025 FX and held constant through 2060; sensitivity trajectories not yet applied,"An et al. (2025), Nature Communications 16, 2311, Supplementary Note 3 and Supplementary Table 2; doi:10.1038/s41467-025-57559-2",73.00200000000001,571.6056600000001,PROPOSED_NOT_APPLIED,v2_deep_integrated_review
31,Shanghai,上海,2050,bio,biomass,37.714512,9.0,339.430608,True,True,published provincial values converted at 2025 FX and held constant through 2060; sensitivity trajectories not yet applied,"An et al. (2025), Nature Communications 16, 2311, Supplementary Note 3 and Supplementary Table 2; doi:10.1038/s41467-025-57559-2",36.432,327.88800000000003,PROPOSED_NOT_APPLIED,v2_deep_integrated_review
31,Shanghai,上海,2050,bioccs,biomass,37.714512,10.3,388.4594736,True,True,published provincial values converted at 2025 FX and held constant through 2060; sensitivity trajectories not yet applied,"An et al. (2025), Nature Communications 16, 2311, Supplementary Note 3 and Supplementary Table 2; doi:10.1038/s41467-025-57559-2",36.432,375.2496,PROPOSED_NOT_APPLIED,v2_deep_integrated_review
31,Shanghai,上海,2060,coal,coal,38.857376,9.0,349.716384,True,True,published provincial values converted at 2025 FX and held constant through 2060; sensitivity trajectories not yet applied,"An et al. (2025), Nature Communications 16, 2311, Supplementary Note 3 and Supplementary Table 2; doi:10.1038/s41467-025-57559-2",37.536,337.824,PROPOSED_NOT_APPLIED,v2_deep_integrated_review
31,Shanghai,上海,2060,coalccs,coal,38.857376,11.25,437.14548,True,True,published provincial values converted at 2025 FX and held constant through 2060; sensitivity trajectories not yet applied,"An et al. (2025), Nature Communications 16, 2311, Supplementary Note 3 and Supplementary Table 2; doi:10.1038/s41467-025-57559-2",37.536,422.28,PROPOSED_NOT_APPLIED,v2_deep_integrated_review
31,Shanghai,上海,2060,cchp,coal,38.857376,9.47,367.97935072000007,True,True,published provincial values converted at 2025 FX and held constant through 2060; sensitivity trajectories not yet applied,"An et al. (2025), Nature Communications 16, 2311, Supplementary Note 3 and Supplementary Table 2; doi:10.1038/s41467-025-57559-2",37.536,355.46592000000004,PROPOSED_NOT_APPLIED,v2_deep_integrated_review
31,Shanghai,上海,2060,cchpccs,coal,38.857376,11.25,437.14548,True,True,published provincial values converted at 2025 FX and held constant through 2060; sensitivity trajectories not yet applied,"An et al. (2025), Nature Communications 16, 2311, Supplementary Note 3 and Supplementary Table 2; doi:10.1038/s41467-025-57559-2",37.536,422.28,PROPOSED_NOT_APPLIED,v2_deep_integrated_review
31,Shanghai,上海,2060,gas,gas,75.571882,6.31,476.85857542,True,True,published provincial values converted at 2025 FX and held constant through 2060; sensitivity trajectories not yet applied,"An et al. (2025), Nature Communications 16, 2311, Supplementary Note 3 and Supplementary Table 2; doi:10.1038/s41467-025-57559-2",73.00200000000001,460.64262,PROPOSED_NOT_APPLIED,v2_deep_integrated_review
31,Shanghai,上海,2060,gasccs,gas,75.571882,7.83,591.7278360600001,True,True,published provincial values converted at 2025 FX and held constant through 2060; sensitivity trajectories not yet applied,"An et al. (2025), Nature Communications 16, 2311, Supplementary Note 3 and Supplementary Table 2; doi:10.1038/s41467-025-57559-2",73.00200000000001,571.6056600000001,PROPOSED_NOT_APPLIED,v2_deep_integrated_review
31,Shanghai,上海,2060,gchp,gas,75.571882,6.31,476.85857542,True,True,published provincial values converted at 2025 FX and held constant through 2060; sensitivity trajectories not yet applied,"An et al. (2025), Nature Communications 16, 2311, Supplementary Note 3 and Supplementary Table 2; doi:10.1038/s41467-025-57559-2",73.00200000000001,460.64262,PROPOSED_NOT_APPLIED,v2_deep_integrated_review
31,Shanghai,上海,2060,gchpccs,gas,75.571882,7.83,591.7278360600001,True,True,published provincial values converted at 2025 FX and held constant through 2060; sensitivity trajectories not yet applied,"An et al. (2025), Nature Communications 16, 2311, Supplementary Note 3 and Supplementary Table 2; doi:10.1038/s41467-025-57559-2",73.00200000000001,571.6056600000001,PROPOSED_NOT_APPLIED,v2_deep_integrated_review
31,Shanghai,上海,2060,bio,biomass,37.714512,9.0,339.430608,True,True,published provincial values converted at 2025 FX and held constant through 2060; sensitivity trajectories not yet applied,"An et al. (2025), Nature Communications 16, 2311, Supplementary Note 3 and Supplementary Table 2; doi:10.1038/s41467-025-57559-2",36.432,327.88800000000003,PROPOSED_NOT_APPLIED,v2_deep_integrated_review
31,Shanghai,上海,2060,bioccs,biomass,37.714512,10.3,388.4594736,True,True,published provincial values converted at 2025 FX and held constant through 2060; sensitivity trajectories not yet applied,"An et al. (2025), Nature Communications 16, 2311, Supplementary Note 3 and Supplementary Table 2; doi:10.1038/s41467-025-57559-2",36.432,375.2496,PROPOSED_NOT_APPLIED,v2_deep_integrated_review
32,Jiangsu,江苏,2025,coal,coal,41.500249,9.0,373.502241,True,False,published provincial values converted at 2025 FX and held constant through 2060; sensitivity trajectories not yet applied,"An et al. (2025), Nature Communications 16, 2311, Supplementary Note 3 and Supplementary Table 2; doi:10.1038/s41467-025-57559-2",40.089,360.801,PROPOSED_NOT_APPLIED,v2_deep_integrated_review
32,Jiangsu,江苏,2025,coalccs,coal,41.500249,11.25,466.87780125,True,False,published provincial values converted at 2025 FX and held constant through 2060; sensitivity trajectories not yet applied,"An et al. (2025), Nature Communications 16, 2311, Supplementary Note 3 and Supplementary Table 2; doi:10.1038/s41467-025-57559-2",40.089,451.00125,PROPOSED_NOT_APPLIED,v2_deep_integrated_review
32,Jiangsu,江苏,2025,cchp,coal,41.500249,9.47,393.00735803,True,False,published provincial values converted at 2025 FX and held constant through 2060; sensitivity trajectories not yet applied,"An et al. (2025), Nature Communications 16, 2311, Supplementary Note 3 and Supplementary Table 2; doi:10.1038/s41467-025-57559-2",40.089,379.64283,PROPOSED_NOT_APPLIED,v2_deep_integrated_review
32,Jiangsu,江苏,2025,cchpccs,coal,41.500249,11.25,466.87780125,True,False,published provincial values converted at 2025 FX and held constant through 2060; sensitivity trajectories not yet applied,"An et al. (2025), Nature Communications 16, 2311, Supplementary Note 3 and Supplementary Table 2; doi:10.1038/s41467-025-57559-2",40.089,451.00125,PROPOSED_NOT_APPLIED,v2_deep_integrated_review
32,Jiangsu,江苏,2025,gas,gas,75.071879,6.31,473.7035564899999,True,False,published provincial values converted at 2025 FX and held constant through 2060; sensitivity trajectories not yet applied,"An et al. (2025), Nature Communications 16, 2311, Supplementary Note 3 and Supplementary Table 2; doi:10.1038/s41467-025-57559-2",72.519,457.59489,PROPOSED_NOT_APPLIED,v2_deep_integrated_review
32,Jiangsu,江苏,2025,gasccs,gas,75.071879,7.83,587.81281257,True,False,published provincial values converted at 2025 FX and held constant through 2060; sensitivity trajectories not yet applied,"An et al. (2025), Nature Communications 16, 2311, Supplementary Note 3 and Supplementary Table 2; doi:10.1038/s41467-025-57559-2",72.519,567.8237700000001,PROPOSED_NOT_APPLIED,v2_deep_integrated_review
32,Jiangsu,江苏,2025,gchp,gas,75.071879,6.31,473.7035564899999,True,False,published provincial values converted at 2025 FX and held constant through 2060; sensitivity trajectories not yet applied,"An et al. (2025), Nature Communications 16, 2311, Supplementary Note 3 and Supplementary Table 2; doi:10.1038/s41467-025-57559-2",72.519,457.59489,PROPOSED_NOT_APPLIED,v2_deep_integrated_review
32,Jiangsu,江苏,2025,gchpccs,gas,75.071879,7.83,587.81281257,True,False,published provincial values converted at 2025 FX and held constant through 2060; sensitivity trajectories not yet applied,"An et al. (2025), Nature Communications 16, 2311, Supplementary Note 3 and Supplementary Table 2; doi:10.1038/s41467-025-57559-2",72.519,567.8237700000001,PROPOSED_NOT_APPLIED,v2_deep_integrated_review
32,Jiangsu,江苏,2025,bio,biomass,37.357367,9.0,336.21630300000004,True,False,published provincial values converted at 2025 FX and held constant through 2060; sensitivity trajectories not yet applied,"An et al. (2025), Nature Communications 16, 2311, Supplementary Note 3 and Supplementary Table 2; doi:10.1038/s41467-025-57559-2",36.087,324.783,PROPOSED_NOT_APPLIED,v2_deep_integrated_review
32,Jiangsu,江苏,2025,bioccs,biomass,37.357367,10.3,384.7808801000001,True,False,published provincial values converted at 2025 FX and held constant through 2060; sensitivity trajectories not yet applied,"An et al. (2025), Nature Communications 16, 2311, Supplementary Note 3 and Supplementary Table 2; doi:10.1038/s41467-025-57559-2",36.087,371.69610000000006,PROPOSED_NOT_APPLIED,v2_deep_integrated_review
32,Jiangsu,江苏,2030,coal,coal,41.500249,9.0,373.502241,True,True,published provincial values converted at 2025 FX and held constant through 2060; sensitivity trajectories not yet applied,"An et al. (2025), Nature Communications 16, 2311, Supplementary Note 3 and Supplementary Table 2; doi:10.1038/s41467-025-57559-2",40.089,360.801,PROPOSED_NOT_APPLIED,v2_deep_integrated_review
32,Jiangsu,江苏,2030,coalccs,coal,41.500249,11.25,466.87780125,True,True,published provincial values converted at 2025 FX and held constant through 2060; sensitivity trajectories not yet applied,"An et al. (2025), Nature Communications 16, 2311, Supplementary Note 3 and Supplementary Table 2; doi:10.1038/s41467-025-57559-2",40.089,451.00125,PROPOSED_NOT_APPLIED,v2_deep_integrated_review
32,Jiangsu,江苏,2030,cchp,coal,41.500249,9.47,393.00735803,True,True,published provincial values converted at 2025 FX and held constant through 2060; sensitivity trajectories not yet applied,"An et al. (2025), Nature Communications 16, 2311, Supplementary Note 3 and Supplementary Table 2; doi:10.1038/s41467-025-57559-2",40.089,379.64283,PROPOSED_NOT_APPLIED,v2_deep_integrated_review
32,Jiangsu,江苏,2030,cchpccs,coal,41.500249,11.25,466.87780125,True,True,published provincial values converted at 2025 FX and held constant through 2060; sensitivity trajectories not yet applied,"An et al. (2025), Nature Communications 16, 2311, Supplementary Note 3 and Supplementary Table 2; doi:10.1038/s41467-025-57559-2",40.089,451.00125,PROPOSED_NOT_APPLIED,v2_deep_integrated_review
32,Jiangsu,江苏,2030,gas,gas,75.071879,6.31,473.7035564899999,True,True,published provincial values converted at 2025 FX and held constant through 2060; sensitivity trajectories not yet applied,"An et al. (2025), Nature Communications 16, 2311, Supplementary Note 3 and Supplementary Table 2; doi:10.1038/s41467-025-57559-2",72.519,457.59489,PROPOSED_NOT_APPLIED,v2_deep_integrated_review
32,Jiangsu,江苏,2030,gasccs,gas,75.071879,7.83,587.81281257,True,True,published provincial values converted at 2025 FX and held constant through 2060; sensitivity trajectories not yet applied,"An et al. (2025), Nature Communications 16, 2311, Supplementary Note 3 and Supplementary Table 2; doi:10.1038/s41467-025-57559-2",72.519,567.8237700000001,PROPOSED_NOT_APPLIED,v2_deep_integrated_review
32,Jiangsu,江苏,2030,gchp,gas,75.071879,6.31,473.7035564899999,True,True,published provincial values converted at 2025 FX and held constant through 2060; sensitivity trajectories not yet applied,"An et al. (2025), Nature Communications 16, 2311, Supplementary Note 3 and Supplementary Table 2; doi:10.1038/s41467-025-57559-2",72.519,457.59489,PROPOSED_NOT_APPLIED,v2_deep_integrated_review
32,Jiangsu,江苏,2030,gchpccs,gas,75.071879,7.83,587.81281257,True,True,published provincial values converted at 2025 FX and held constant through 2060; sensitivity trajectories not yet applied,"An et al. (2025), Nature Communications 16, 2311, Supplementary Note 3 and Supplementary Table 2; doi:10.1038/s41467-025-57559-2",72.519,567.8237700000001,PROPOSED_NOT_APPLIED,v2_deep_integrated_review
32,Jiangsu,江苏,2030,bio,biomass,37.357367,9.0,336.21630300000004,True,True,published provincial values converted at 2025 FX and held constant through 2060; sensitivity trajectories not yet applied,"An et al. (2025), Nature Communications 16, 2311, Supplementary Note 3 and Supplementary Table 2; doi:10.1038/s41467-025-57559-2",36.087,324.783,PROPOSED_NOT_APPLIED,v2_deep_integrated_review
32,Jiangsu,江苏,2030,bioccs,biomass,37.357367,10.3,384.7808801000001,True,True,published provincial values converted at 2025 FX and held constant through 2060; sensitivity trajectories not yet applied,"An et al. (2025), Nature Communications 16, 2311, Supplementary Note 3 and Supplementary Table 2; doi:10.1038/s41467-025-57559-2",36.087,371.69610000000006,PROPOSED_NOT_APPLIED,v2_deep_integrated_review
32,Jiangsu,江苏,2040,coal,coal,41.500249,9.0,373.502241,True,True,published provincial values converted at 2025 FX and held constant through 2060; sensitivity trajectories not yet applied,"An et al. (2025), Nature Communications 16, 2311, Supplementary Note 3 and Supplementary Table 2; doi:10.1038/s41467-025-57559-2",40.089,360.801,PROPOSED_NOT_APPLIED,v2_deep_integrated_review
32,Jiangsu,江苏,2040,coalccs,coal,41.500249,11.25,466.87780125,True,True,published provincial values converted at 2025 FX and held constant through 2060; sensitivity trajectories not yet applied,"An et al. (2025), Nature Communications 16, 2311, Supplementary Note 3 and Supplementary Table 2; doi:10.1038/s41467-025-57559-2",40.089,451.00125,PROPOSED_NOT_APPLIED,v2_deep_integrated_review
32,Jiangsu,江苏,2040,cchp,coal,41.500249,9.47,393.00735803,True,True,published provincial values converted at 2025 FX and held constant through 2060; sensitivity trajectories not yet applied,"An et al. (2025), Nature Communications 16, 2311, Supplementary Note 3 and Supplementary Table 2; doi:10.1038/s41467-025-57559-2",40.089,379.64283,PROPOSED_NOT_APPLIED,v2_deep_integrated_review
32,Jiangsu,江苏,2040,cchpccs,coal,41.500249,11.25,466.87780125,True,True,published provincial values converted at 2025 FX and held constant through 2060; sensitivity trajectories not yet applied,"An et al. (2025), Nature Communications 16, 2311, Supplementary Note 3 and Supplementary Table 2; doi:10.1038/s41467-025-57559-2",40.089,451.00125,PROPOSED_NOT_APPLIED,v2_deep_integrated_review
32,Jiangsu,江苏,2040,gas,gas,75.071879,6.31,473.7035564899999,True,True,published provincial values converted at 2025 FX and held constant through 2060; sensitivity trajectories not yet applied,"An et al. (2025), Nature Communications 16, 2311, Supplementary Note 3 and Supplementary Table 2; doi:10.1038/s41467-025-57559-2",72.519,457.59489,PROPOSED_NOT_APPLIED,v2_deep_integrated_review
32,Jiangsu,江苏,2040,gasccs,gas,75.071879,7.83,587.81281257,True,True,published provincial values converted at 2025 FX and held constant through 2060; sensitivity trajectories not yet applied,"An et al. (2025), Nature Communications 16, 2311, Supplementary Note 3 and Supplementary Table 2; doi:10.1038/s41467-025-57559-2",72.519,567.8237700000001,PROPOSED_NOT_APPLIED,v2_deep_integrated_review
32,Jiangsu,江苏,2040,gchp,gas,75.071879,6.31,473.7035564899999,True,True,published provincial values converted at 2025 FX and held constant through 2060; sensitivity trajectories not yet applied,"An et al. (2025), Nature Communications 16, 2311, Supplementary Note 3 and Supplementary Table 2; doi:10.1038/s41467-025-57559-2",72.519,457.59489,PROPOSED_NOT_APPLIED,v2_deep_integrated_review
32,Jiangsu,江苏,2040,gchpccs,gas,75.071879,7.83,587.81281257,True,True,published provincial values converted at 2025 FX and held constant through 2060; sensitivity trajectories not yet applied,"An et al. (2025), Nature Communications 16, 2311, Supplementary Note 3 and Supplementary Table 2; doi:10.1038/s41467-025-57559-2",72.519,567.8237700000001,PROPOSED_NOT_APPLIED,v2_deep_integrated_review
32,Jiangsu,江苏,2040,bio,biomass,37.357367,9.0,336.21630300000004,True,True,published provincial values converted at 2025 FX and held constant through 2060; sensitivity trajectories not yet applied,"An et al. (2025), Nature Communications 16, 2311, Supplementary Note 3 and Supplementary Table 2; doi:10.1038/s41467-025-57559-2",36.087,324.783,PROPOSED_NOT_APPLIED,v2_deep_integrated_review
32,Jiangsu,江苏,2040,bioccs,biomass,37.357367,10.3,384.7808801000001,True,True,published provincial values converted at 2025 FX and held constant through 2060; sensitivity trajectories not yet applied,"An et al. (2025), Nature Communications 16, 2311, Supplementary Note 3 and Supplementary Table 2; doi:10.1038/s41467-025-57559-2",36.087,371.69610000000006,PROPOSED_NOT_APPLIED,v2_deep_integrated_review
32,Jiangsu,江苏,2050,coal,coal,41.500249,9.0,373.502241,True,True,published provincial values converted at 2025 FX and held constant through 2060; sensitivity trajectories not yet applied,"An et al. (2025), Nature Communications 16, 2311, Supplementary Note 3 and Supplementary Table 2; doi:10.1038/s41467-025-57559-2",40.089,360.801,PROPOSED_NOT_APPLIED,v2_deep_integrated_review
32,Jiangsu,江苏,2050,coalccs,coal,41.500249,11.25,466.87780125,True,True,published provincial values converted at 2025 FX and held constant through 2060; sensitivity trajectories not yet applied,"An et al. (2025), Nature Communications 16, 2311, Supplementary Note 3 and Supplementary Table 2; doi:10.1038/s41467-025-57559-2",40.089,451.00125,PROPOSED_NOT_APPLIED,v2_deep_integrated_review
32,Jiangsu,江苏,2050,cchp,coal,41.500249,9.47,393.00735803,True,True,published provincial values converted at 2025 FX and held constant through 2060; sensitivity trajectories not yet applied,"An et al. (2025), Nature Communications 16, 2311, Supplementary Note 3 and Supplementary Table 2; doi:10.1038/s41467-025-57559-2",40.089,379.64283,PROPOSED_NOT_APPLIED,v2_deep_integrated_review
32,Jiangsu,江苏,2050,cchpccs,coal,41.500249,11.25,466.87780125,True,True,published provincial values converted at 2025 FX and held constant through 2060; sensitivity trajectories not yet applied,"An et al. (2025), Nature Communications 16, 2311, Supplementary Note 3 and Supplementary Table 2; doi:10.1038/s41467-025-57559-2",40.089,451.00125,PROPOSED_NOT_APPLIED,v2_deep_integrated_review
32,Jiangsu,江苏,2050,gas,gas,75.071879,6.31,473.7035564899999,True,True,published provincial values converted at 2025 FX and held constant through 2060; sensitivity trajectories not yet applied,"An et al. (2025), Nature Communications 16, 2311, Supplementary Note 3 and Supplementary Table 2; doi:10.1038/s41467-025-57559-2",72.519,457.59489,PROPOSED_NOT_APPLIED,v2_deep_integrated_review
32,Jiangsu,江苏,2050,gasccs,gas,75.071879,7.83,587.81281257,True,True,published provincial values converted at 2025 FX and held constant through 2060; sensitivity trajectories not yet applied,"An et al. (2025), Nature Communications 16, 2311, Supplementary Note 3 and Supplementary Table 2; doi:10.1038/s41467-025-57559-2",72.519,567.8237700000001,PROPOSED_NOT_APPLIED,v2_deep_integrated_review
32,Jiangsu,江苏,2050,gchp,gas,75.071879,6.31,473.7035564899999,True,True,published provincial values converted at 2025 FX and held constant through 2060; sensitivity trajectories not yet applied,"An et al. (2025), Nature Communications 16, 2311, Supplementary Note 3 and Supplementary Table 2; doi:10.1038/s41467-025-57559-2",72.519,457.59489,PROPOSED_NOT_APPLIED,v2_deep_integrated_review
32,Jiangsu,江苏,2050,gchpccs,gas,75.071879,7.83,587.81281257,True,True,published provincial values converted at 2025 FX and held constant through 2060; sensitivity trajectories not yet applied,"An et al. (2025), Nature Communications 16, 2311, Supplementary Note 3 and Supplementary Table 2; doi:10.1038/s41467-025-57559-2",72.519,567.8237700000001,PROPOSED_NOT_APPLIED,v2_deep_integrated_review
32,Jiangsu,江苏,2050,bio,biomass,37.357367,9.0,336.21630300000004,True,True,published provincial values converted at 2025 FX and held constant through 2060; sensitivity trajectories not yet applied,"An et al. (2025), Nature Communications 16, 2311, Supplementary Note 3 and Supplementary Table 2; doi:10.1038/s41467-025-57559-2",36.087,324.783,PROPOSED_NOT_APPLIED,v2_deep_integrated_review
32,Jiangsu,江苏,2050,bioccs,biomass,37.357367,10.3,384.7808801000001,True,True,published provincial values converted at 2025 FX and held constant through 2060; sensitivity trajectories not yet applied,"An et al. (2025), Nature Communications 16, 2311, Supplementary Note 3 and Supplementary Table 2; doi:10.1038/s41467-025-57559-2",36.087,371.69610000000006,PROPOSED_NOT_APPLIED,v2_deep_integrated_review
32,Jiangsu,江苏,2060,coal,coal,41.500249,9.0,373.502241,True,True,published provincial values converted at 2025 FX and held constant through 2060; sensitivity trajectories not yet applied,"An et al. (2025), Nature Communications 16, 2311, Supplementary Note 3 and Supplementary Table 2; doi:10.1038/s41467-025-57559-2",40.089,360.801,PROPOSED_NOT_APPLIED,v2_deep_integrated_review
32,Jiangsu,江苏,2060,coalccs,coal,41.500249,11.25,466.87780125,True,True,published provincial values converted at 2025 FX and held constant through 2060; sensitivity trajectories not yet applied,"An et al. (2025), Nature Communications 16, 2311, Supplementary Note 3 and Supplementary Table 2; doi:10.1038/s41467-025-57559-2",40.089,451.00125,PROPOSED_NOT_APPLIED,v2_deep_integrated_review
32,Jiangsu,江苏,2060,cchp,coal,41.500249,9.47,393.00735803,True,True,published provincial values converted at 2025 FX and held constant through 2060; sensitivity trajectories not yet applied,"An et al. (2025), Nature Communications 16, 2311, Supplementary Note 3 and Supplementary Table 2; doi:10.1038/s41467-025-57559-2",40.089,379.64283,PROPOSED_NOT_APPLIED,v2_deep_integrated_review
32,Jiangsu,江苏,2060,cchpccs,coal,41.500249,11.25,466.87780125,True,True,published provincial values converted at 2025 FX and held constant through 2060; sensitivity trajectories not yet applied,"An et al. (2025), Nature Communications 16, 2311, Supplementary Note 3 and Supplementary Table 2; doi:10.1038/s41467-025-57559-2",40.089,451.00125,PROPOSED_NOT_APPLIED,v2_deep_integrated_review
32,Jiangsu,江苏,2060,gas,gas,75.071879,6.31,473.7035564899999,True,True,published provincial values converted at 2025 FX and held constant through 2060; sensitivity trajectories not yet applied,"An et al. (2025), Nature Communications 16, 2311, Supplementary Note 3 and Supplementary Table 2; doi:10.1038/s41467-025-57559-2",72.519,457.59489,PROPOSED_NOT_APPLIED,v2_deep_integrated_review
32,Jiangsu,江苏,2060,gasccs,gas,75.071879,7.83,587.81281257,True,True,published provincial values converted at 2025 FX and held constant through 2060; sensitivity trajectories not yet applied,"An et al. (2025), Nature Communications 16, 2311, Supplementary Note 3 and Supplementary Table 2; doi:10.1038/s41467-025-57559-2",72.519,567.8237700000001,PROPOSED_NOT_APPLIED,v2_deep_integrated_review
32,Jiangsu,江苏,2060,gchp,gas,75.071879,6.31,473.7035564899999,True,True,published provincial values converted at 2025 FX and held constant through 2060; sensitivity trajectories not yet applied,"An et al. (2025), Nature Communications 16, 2311, Supplementary Note 3 and Supplementary Table 2; doi:10.1038/s41467-025-57559-2",72.519,457.59489,PROPOSED_NOT_APPLIED,v2_deep_integrated_review
32,Jiangsu,江苏,2060,gchpccs,gas,75.071879,7.83,587.81281257,True,True,published provincial values converted at 2025 FX and held constant through 2060; sensitivity trajectories not yet applied,"An et al. (2025), Nature Communications 16, 2311, Supplementary Note 3 and Supplementary Table 2; doi:10.1038/s41467-025-57559-2",72.519,567.8237700000001,PROPOSED_NOT_APPLIED,v2_deep_integrated_review
32,Jiangsu,江苏,2060,bio,biomass,37.357367,9.0,336.21630300000004,True,True,published provincial values converted at 2025 FX and held constant through 2060; sensitivity trajectories not yet applied,"An et al. (2025), Nature Communications 16, 2311, Supplementary Note 3 and Supplementary Table 2; doi:10.1038/s41467-025-57559-2",36.087,324.783,PROPOSED_NOT_APPLIED,v2_deep_integrated_review
32,Jiangsu,江苏,2060,bioccs,biomass,37.357367,10.3,384.7808801000001,True,True,published provincial values converted at 2025 FX and held constant through 2060; sensitivity trajectories not yet applied,"An et al. (2025), Nature Communications 16, 2311, Supplementary Note 3 and Supplementary Table 2; doi:10.1038/s41467-025-57559-2",36.087,371.69610000000006,PROPOSED_NOT_APPLIED,v2_deep_integrated_review
33,Zhejiang,浙江,2025,coal,coal,40.214527,9.0,361.930743,True,False,published provincial values converted at 2025 FX and held constant through 2060; sensitivity trajectories not yet applied,"An et al. (2025), Nature Communications 16, 2311, Supplementary Note 3 and Supplementary Table 2; doi:10.1038/s41467-025-57559-2",38.847,349.623,PROPOSED_NOT_APPLIED,v2_deep_integrated_review
33,Zhejiang,浙江,2025,coalccs,coal,40.214527,11.25,452.41342875,True,False,published provincial values converted at 2025 FX and held constant through 2060; sensitivity trajectories not yet applied,"An et al. (2025), Nature Communications 16, 2311, Supplementary Note 3 and Supplementary Table 2; doi:10.1038/s41467-025-57559-2",38.847,437.02875,PROPOSED_NOT_APPLIED,v2_deep_integrated_review
33,Zhejiang,浙江,2025,cchp,coal,40.214527,9.47,380.83157069,True,False,published provincial values converted at 2025 FX and held constant through 2060; sensitivity trajectories not yet applied,"An et al. (2025), Nature Communications 16, 2311, Supplementary Note 3 and Supplementary Table 2; doi:10.1038/s41467-025-57559-2",38.847,367.88109,PROPOSED_NOT_APPLIED,v2_deep_integrated_review
33,Zhejiang,浙江,2025,cchpccs,coal,40.214527,11.25,452.41342875,True,False,published provincial values converted at 2025 FX and held constant through 2060; sensitivity trajectories not yet applied,"An et al. (2025), Nature Communications 16, 2311, Supplementary Note 3 and Supplementary Table 2; doi:10.1038/s41467-025-57559-2",38.847,437.02875,PROPOSED_NOT_APPLIED,v2_deep_integrated_review
33,Zhejiang,浙江,2025,gas,gas,75.286166,6.31,475.05570746,True,False,published provincial values converted at 2025 FX and held constant through 2060; sensitivity trajectories not yet applied,"An et al. (2025), Nature Communications 16, 2311, Supplementary Note 3 and Supplementary Table 2; doi:10.1038/s41467-025-57559-2",72.726,458.90106,PROPOSED_NOT_APPLIED,v2_deep_integrated_review
33,Zhejiang,浙江,2025,gasccs,gas,75.286166,7.83,589.4906797799999,True,False,published provincial values converted at 2025 FX and held constant through 2060; sensitivity trajectories not yet applied,"An et al. (2025), Nature Communications 16, 2311, Supplementary Note 3 and Supplementary Table 2; doi:10.1038/s41467-025-57559-2",72.726,569.44458,PROPOSED_NOT_APPLIED,v2_deep_integrated_review
33,Zhejiang,浙江,2025,gchp,gas,75.286166,6.31,475.05570746,True,False,published provincial values converted at 2025 FX and held constant through 2060; sensitivity trajectories not yet applied,"An et al. (2025), Nature Communications 16, 2311, Supplementary Note 3 and Supplementary Table 2; doi:10.1038/s41467-025-57559-2",72.726,458.90106,PROPOSED_NOT_APPLIED,v2_deep_integrated_review
33,Zhejiang,浙江,2025,gchpccs,gas,75.286166,7.83,589.4906797799999,True,False,published provincial values converted at 2025 FX and held constant through 2060; sensitivity trajectories not yet applied,"An et al. (2025), Nature Communications 16, 2311, Supplementary Note 3 and Supplementary Table 2; doi:10.1038/s41467-025-57559-2",72.726,569.44458,PROPOSED_NOT_APPLIED,v2_deep_integrated_review
33,Zhejiang,浙江,2025,bio,biomass,37.714512,9.0,339.430608,True,False,published provincial values converted at 2025 FX and held constant through 2060; sensitivity trajectories not yet applied,"An et al. (2025), Nature Communications 16, 2311, Supplementary Note 3 and Supplementary Table 2; doi:10.1038/s41467-025-57559-2",36.432,327.88800000000003,PROPOSED_NOT_APPLIED,v2_deep_integrated_review
33,Zhejiang,浙江,2025,bioccs,biomass,37.714512,10.3,388.4594736,True,False,published provincial values converted at 2025 FX and held constant through 2060; sensitivity trajectories not yet applied,"An et al. (2025), Nature Communications 16, 2311, Supplementary Note 3 and Supplementary Table 2; doi:10.1038/s41467-025-57559-2",36.432,375.2496,PROPOSED_NOT_APPLIED,v2_deep_integrated_review
33,Zhejiang,浙江,2030,coal,coal,40.214527,9.0,361.930743,True,True,published provincial values converted at 2025 FX and held constant through 2060; sensitivity trajectories not yet applied,"An et al. (2025), Nature Communications 16, 2311, Supplementary Note 3 and Supplementary Table 2; doi:10.1038/s41467-025-57559-2",38.847,349.623,PROPOSED_NOT_APPLIED,v2_deep_integrated_review
33,Zhejiang,浙江,2030,coalccs,coal,40.214527,11.25,452.41342875,True,True,published provincial values converted at 2025 FX and held constant through 2060; sensitivity trajectories not yet applied,"An et al. (2025), Nature Communications 16, 2311, Supplementary Note 3 and Supplementary Table 2; doi:10.1038/s41467-025-57559-2",38.847,437.02875,PROPOSED_NOT_APPLIED,v2_deep_integrated_review
33,Zhejiang,浙江,2030,cchp,coal,40.214527,9.47,380.83157069,True,True,published provincial values converted at 2025 FX and held constant through 2060; sensitivity trajectories not yet applied,"An et al. (2025), Nature Communications 16, 2311, Supplementary Note 3 and Supplementary Table 2; doi:10.1038/s41467-025-57559-2",38.847,367.88109,PROPOSED_NOT_APPLIED,v2_deep_integrated_review
33,Zhejiang,浙江,2030,cchpccs,coal,40.214527,11.25,452.41342875,True,True,published provincial values converted at 2025 FX and held constant through 2060; sensitivity trajectories not yet applied,"An et al. (2025), Nature Communications 16, 2311, Supplementary Note 3 and Supplementary Table 2; doi:10.1038/s41467-025-57559-2",38.847,437.02875,PROPOSED_NOT_APPLIED,v2_deep_integrated_review
33,Zhejiang,浙江,2030,gas,gas,75.286166,6.31,475.05570746,True,True,published provincial values converted at 2025 FX and held constant through 2060; sensitivity trajectories not yet applied,"An et al. (2025), Nature Communications 16, 2311, Supplementary Note 3 and Supplementary Table 2; doi:10.1038/s41467-025-57559-2",72.726,458.90106,PROPOSED_NOT_APPLIED,v2_deep_integrated_review
33,Zhejiang,浙江,2030,gasccs,gas,75.286166,7.83,589.4906797799999,True,True,published provincial values converted at 2025 FX and held constant through 2060; sensitivity trajectories not yet applied,"An et al. (2025), Nature Communications 16, 2311, Supplementary Note 3 and Supplementary Table 2; doi:10.1038/s41467-025-57559-2",72.726,569.44458,PROPOSED_NOT_APPLIED,v2_deep_integrated_review
33,Zhejiang,浙江,2030,gchp,gas,75.286166,6.31,475.05570746,True,True,published provincial values converted at 2025 FX and held constant through 2060; sensitivity trajectories not yet applied,"An et al. (2025), Nature Communications 16, 2311, Supplementary Note 3 and Supplementary Table 2; doi:10.1038/s41467-025-57559-2",72.726,458.90106,PROPOSED_NOT_APPLIED,v2_deep_integrated_review
33,Zhejiang,浙江,2030,gchpccs,gas,75.286166,7.83,589.4906797799999,True,True,published provincial values converted at 2025 FX and held constant through 2060; sensitivity trajectories not yet applied,"An et al. (2025), Nature Communications 16, 2311, Supplementary Note 3 and Supplementary Table 2; doi:10.1038/s41467-025-57559-2",72.726,569.44458,PROPOSED_NOT_APPLIED,v2_deep_integrated_review
33,Zhejiang,浙江,2030,bio,biomass,37.714512,9.0,339.430608,True,True,published provincial values converted at 2025 FX and held constant through 2060; sensitivity trajectories not yet applied,"An et al. (2025), Nature Communications 16, 2311, Supplementary Note 3 and Supplementary Table 2; doi:10.1038/s41467-025-57559-2",36.432,327.88800000000003,PROPOSED_NOT_APPLIED,v2_deep_integrated_review
33,Zhejiang,浙江,2030,bioccs,biomass,37.714512,10.3,388.4594736,True,True,published provincial values converted at 2025 FX and held constant through 2060; sensitivity trajectories not yet applied,"An et al. (2025), Nature Communications 16, 2311, Supplementary Note 3 and Supplementary Table 2; doi:10.1038/s41467-025-57559-2",36.432,375.2496,PROPOSED_NOT_APPLIED,v2_deep_integrated_review
33,Zhejiang,浙江,2040,coal,coal,40.214527,9.0,361.930743,True,True,published provincial values converted at 2025 FX and held constant through 2060; sensitivity trajectories not yet applied,"An et al. (2025), Nature Communications 16, 2311, Supplementary Note 3 and Supplementary Table 2; doi:10.1038/s41467-025-57559-2",38.847,349.623,PROPOSED_NOT_APPLIED,v2_deep_integrated_review
33,Zhejiang,浙江,2040,coalccs,coal,40.214527,11.25,452.41342875,True,True,published provincial values converted at 2025 FX and held constant through 2060; sensitivity trajectories not yet applied,"An et al. (2025), Nature Communications 16, 2311, Supplementary Note 3 and Supplementary Table 2; doi:10.1038/s41467-025-57559-2",38.847,437.02875,PROPOSED_NOT_APPLIED,v2_deep_integrated_review
33,Zhejiang,浙江,2040,cchp,coal,40.214527,9.47,380.83157069,True,True,published provincial values converted at 2025 FX and held constant through 2060; sensitivity trajectories not yet applied,"An et al. (2025), Nature Communications 16, 2311, Supplementary Note 3 and Supplementary Table 2; doi:10.1038/s41467-025-57559-2",38.847,367.88109,PROPOSED_NOT_APPLIED,v2_deep_integrated_review
33,Zhejiang,浙江,2040,cchpccs,coal,40.214527,11.25,452.41342875,True,True,published provincial values converted at 2025 FX and held constant through 2060; sensitivity trajectories not yet applied,"An et al. (2025), Nature Communications 16, 2311, Supplementary Note 3 and Supplementary Table 2; doi:10.1038/s41467-025-57559-2",38.847,437.02875,PROPOSED_NOT_APPLIED,v2_deep_integrated_review
33,Zhejiang,浙江,2040,gas,gas,75.286166,6.31,475.05570746,True,True,published provincial values converted at 2025 FX and held constant through 2060; sensitivity trajectories not yet applied,"An et al. (2025), Nature Communications 16, 2311, Supplementary Note 3 and Supplementary Table 2; doi:10.1038/s41467-025-57559-2",72.726,458.90106,PROPOSED_NOT_APPLIED,v2_deep_integrated_review
33,Zhejiang,浙江,2040,gasccs,gas,75.286166,7.83,589.4906797799999,True,True,published provincial values converted at 2025 FX and held constant through 2060; sensitivity trajectories not yet applied,"An et al. (2025), Nature Communications 16, 2311, Supplementary Note 3 and Supplementary Table 2; doi:10.1038/s41467-025-57559-2",72.726,569.44458,PROPOSED_NOT_APPLIED,v2_deep_integrated_review
33,Zhejiang,浙江,2040,gchp,gas,75.286166,6.31,475.05570746,True,True,published provincial values converted at 2025 FX and held constant through 2060; sensitivity trajectories not yet applied,"An et al. (2025), Nature Communications 16, 2311, Supplementary Note 3 and Supplementary Table 2; doi:10.1038/s41467-025-57559-2",72.726,458.90106,PROPOSED_NOT_APPLIED,v2_deep_integrated_review
33,Zhejiang,浙江,2040,gchpccs,gas,75.286166,7.83,589.4906797799999,True,True,published provincial values converted at 2025 FX and held constant through 2060; sensitivity trajectories not yet applied,"An et al. (2025), Nature Communications 16, 2311, Supplementary Note 3 and Supplementary Table 2; doi:10.1038/s41467-025-57559-2",72.726,569.44458,PROPOSED_NOT_APPLIED,v2_deep_integrated_review
33,Zhejiang,浙江,2040,bio,biomass,37.714512,9.0,339.430608,True,True,published provincial values converted at 2025 FX and held constant through 2060; sensitivity trajectories not yet applied,"An et al. (2025), Nature Communications 16, 2311, Supplementary Note 3 and Supplementary Table 2; doi:10.1038/s41467-025-57559-2",36.432,327.88800000000003,PROPOSED_NOT_APPLIED,v2_deep_integrated_review
33,Zhejiang,浙江,2040,bioccs,biomass,37.714512,10.3,388.4594736,True,True,published provincial values converted at 2025 FX and held constant through 2060; sensitivity trajectories not yet applied,"An et al. (2025), Nature Communications 16, 2311, Supplementary Note 3 and Supplementary Table 2; doi:10.1038/s41467-025-57559-2",36.432,375.2496,PROPOSED_NOT_APPLIED,v2_deep_integrated_review
33,Zhejiang,浙江,2050,coal,coal,40.214527,9.0,361.930743,True,True,published provincial values converted at 2025 FX and held constant through 2060; sensitivity trajectories not yet applied,"An et al. (2025), Nature Communications 16, 2311, Supplementary Note 3 and Supplementary Table 2; doi:10.1038/s41467-025-57559-2",38.847,349.623,PROPOSED_NOT_APPLIED,v2_deep_integrated_review
33,Zhejiang,浙江,2050,coalccs,coal,40.214527,11.25,452.41342875,True,True,published provincial values converted at 2025 FX and held constant through 2060; sensitivity trajectories not yet applied,"An et al. (2025), Nature Communications 16, 2311, Supplementary Note 3 and Supplementary Table 2; doi:10.1038/s41467-025-57559-2",38.847,437.02875,PROPOSED_NOT_APPLIED,v2_deep_integrated_review
33,Zhejiang,浙江,2050,cchp,coal,40.214527,9.47,380.83157069,True,True,published provincial values converted at 2025 FX and held constant through 2060; sensitivity trajectories not yet applied,"An et al. (2025), Nature Communications 16, 2311, Supplementary Note 3 and Supplementary Table 2; doi:10.1038/s41467-025-57559-2",38.847,367.88109,PROPOSED_NOT_APPLIED,v2_deep_integrated_review
33,Zhejiang,浙江,2050,cchpccs,coal,40.214527,11.25,452.41342875,True,True,published provincial values converted at 2025 FX and held constant through 2060; sensitivity trajectories not yet applied,"An et al. (2025), Nature Communications 16, 2311, Supplementary Note 3 and Supplementary Table 2; doi:10.1038/s41467-025-57559-2",38.847,437.02875,PROPOSED_NOT_APPLIED,v2_deep_integrated_review
33,Zhejiang,浙江,2050,gas,gas,75.286166,6.31,475.05570746,True,True,published provincial values converted at 2025 FX and held constant through 2060; sensitivity trajectories not yet applied,"An et al. (2025), Nature Communications 16, 2311, Supplementary Note 3 and Supplementary Table 2; doi:10.1038/s41467-025-57559-2",72.726,458.90106,PROPOSED_NOT_APPLIED,v2_deep_integrated_review
33,Zhejiang,浙江,2050,gasccs,gas,75.286166,7.83,589.4906797799999,True,True,published provincial values converted at 2025 FX and held constant through 2060; sensitivity trajectories not yet applied,"An et al. (2025), Nature Communications 16, 2311, Supplementary Note 3 and Supplementary Table 2; doi:10.1038/s41467-025-57559-2",72.726,569.44458,PROPOSED_NOT_APPLIED,v2_deep_integrated_review
33,Zhejiang,浙江,2050,gchp,gas,75.286166,6.31,475.05570746,True,True,published provincial values converted at 2025 FX and held constant through 2060; sensitivity trajectories not yet applied,"An et al. (2025), Nature Communications 16, 2311, Supplementary Note 3 and Supplementary Table 2; doi:10.1038/s41467-025-57559-2",72.726,458.90106,PROPOSED_NOT_APPLIED,v2_deep_integrated_review
33,Zhejiang,浙江,2050,gchpccs,gas,75.286166,7.83,589.4906797799999,True,True,published provincial values converted at 2025 FX and held constant through 2060; sensitivity trajectories not yet applied,"An et al. (2025), Nature Communications 16, 2311, Supplementary Note 3 and Supplementary Table 2; doi:10.1038/s41467-025-57559-2",72.726,569.44458,PROPOSED_NOT_APPLIED,v2_deep_integrated_review
33,Zhejiang,浙江,2050,bio,biomass,37.714512,9.0,339.430608,True,True,published provincial values converted at 2025 FX and held constant through 2060; sensitivity trajectories not yet applied,"An et al. (2025), Nature Communications 16, 2311, Supplementary Note 3 and Supplementary Table 2; doi:10.1038/s41467-025-57559-2",36.432,327.88800000000003,PROPOSED_NOT_APPLIED,v2_deep_integrated_review
33,Zhejiang,浙江,2050,bioccs,biomass,37.714512,10.3,388.4594736,True,True,published provincial values converted at 2025 FX and held constant through 2060; sensitivity trajectories not yet applied,"An et al. (2025), Nature Communications 16, 2311, Supplementary Note 3 and Supplementary Table 2; doi:10.1038/s41467-025-57559-2",36.432,375.2496,PROPOSED_NOT_APPLIED,v2_deep_integrated_review
33,Zhejiang,浙江,2060,coal,coal,40.214527,9.0,361.930743,True,True,published provincial values converted at 2025 FX and held constant through 2060; sensitivity trajectories not yet applied,"An et al. (2025), Nature Communications 16, 2311, Supplementary Note 3 and Supplementary Table 2; doi:10.1038/s41467-025-57559-2",38.847,349.623,PROPOSED_NOT_APPLIED,v2_deep_integrated_review
33,Zhejiang,浙江,2060,coalccs,coal,40.214527,11.25,452.41342875,True,True,published provincial values converted at 2025 FX and held constant through 2060; sensitivity trajectories not yet applied,"An et al. (2025), Nature Communications 16, 2311, Supplementary Note 3 and Supplementary Table 2; doi:10.1038/s41467-025-57559-2",38.847,437.02875,PROPOSED_NOT_APPLIED,v2_deep_integrated_review
33,Zhejiang,浙江,2060,cchp,coal,40.214527,9.47,380.83157069,True,True,published provincial values converted at 2025 FX and held constant through 2060; sensitivity trajectories not yet applied,"An et al. (2025), Nature Communications 16, 2311, Supplementary Note 3 and Supplementary Table 2; doi:10.1038/s41467-025-57559-2",38.847,367.88109,PROPOSED_NOT_APPLIED,v2_deep_integrated_review
33,Zhejiang,浙江,2060,cchpccs,coal,40.214527,11.25,452.41342875,True,True,published provincial values converted at 2025 FX and held constant through 2060; sensitivity trajectories not yet applied,"An et al. (2025), Nature Communications 16, 2311, Supplementary Note 3 and Supplementary Table 2; doi:10.1038/s41467-025-57559-2",38.847,437.02875,PROPOSED_NOT_APPLIED,v2_deep_integrated_review
33,Zhejiang,浙江,2060,gas,gas,75.286166,6.31,475.05570746,True,True,published provincial values converted at 2025 FX and held constant through 2060; sensitivity trajectories not yet applied,"An et al. (2025), Nature Communications 16, 2311, Supplementary Note 3 and Supplementary Table 2; doi:10.1038/s41467-025-57559-2",72.726,458.90106,PROPOSED_NOT_APPLIED,v2_deep_integrated_review
33,Zhejiang,浙江,2060,gasccs,gas,75.286166,7.83,589.4906797799999,True,True,published provincial values converted at 2025 FX and held constant through 2060; sensitivity trajectories not yet applied,"An et al. (2025), Nature Communications 16, 2311, Supplementary Note 3 and Supplementary Table 2; doi:10.1038/s41467-025-57559-2",72.726,569.44458,PROPOSED_NOT_APPLIED,v2_deep_integrated_review
33,Zhejiang,浙江,2060,gchp,gas,75.286166,6.31,475.05570746,True,True,published provincial values converted at 2025 FX and held constant through 2060; sensitivity trajectories not yet applied,"An et al. (2025), Nature Communications 16, 2311, Supplementary Note 3 and Supplementary Table 2; doi:10.1038/s41467-025-57559-2",72.726,458.90106,PROPOSED_NOT_APPLIED,v2_deep_integrated_review
33,Zhejiang,浙江,2060,gchpccs,gas,75.286166,7.83,589.4906797799999,True,True,published provincial values converted at 2025 FX and held constant through 2060; sensitivity trajectories not yet applied,"An et al. (2025), Nature Communications 16, 2311, Supplementary Note 3 and Supplementary Table 2; doi:10.1038/s41467-025-57559-2",72.726,569.44458,PROPOSED_NOT_APPLIED,v2_deep_integrated_review
33,Zhejiang,浙江,2060,bio,biomass,37.714512,9.0,339.430608,True,True,published provincial values converted at 2025 FX and held constant through 2060; sensitivity trajectories not yet applied,"An et al. (2025), Nature Communications 16, 2311, Supplementary Note 3 and Supplementary Table 2; doi:10.1038/s41467-025-57559-2",36.432,327.88800000000003,PROPOSED_NOT_APPLIED,v2_deep_integrated_review
33,Zhejiang,浙江,2060,bioccs,biomass,37.714512,10.3,388.4594736,True,True,published provincial values converted at 2025 FX and held constant through 2060; sensitivity trajectories not yet applied,"An et al. (2025), Nature Communications 16, 2311, Supplementary Note 3 and Supplementary Table 2; doi:10.1038/s41467-025-57559-2",36.432,375.2496,PROPOSED_NOT_APPLIED,v2_deep_integrated_review
34,Anhui,安徽,2025,coal,coal,43.643119000000006,9.0,392.78807100000006,True,False,published provincial values converted at 2025 FX and held constant through 2060; sensitivity trajectories not yet applied,"An et al. (2025), Nature Communications 16, 2311, Supplementary Note 3 and Supplementary Table 2; doi:10.1038/s41467-025-57559-2",42.159000000000006,379.431,PROPOSED_NOT_APPLIED,v2_deep_integrated_review
34,Anhui,安徽,2025,coalccs,coal,43.643119000000006,11.25,490.9850887500001,True,False,published provincial values converted at 2025 FX and held constant through 2060; sensitivity trajectories not yet applied,"An et al. (2025), Nature Communications 16, 2311, Supplementary Note 3 and Supplementary Table 2; doi:10.1038/s41467-025-57559-2",42.159000000000006,474.2887500000001,PROPOSED_NOT_APPLIED,v2_deep_integrated_review
34,Anhui,安徽,2025,cchp,coal,43.643119000000006,9.47,413.30033693000007,True,False,published provincial values converted at 2025 FX and held constant through 2060; sensitivity trajectories not yet applied,"An et al. (2025), Nature Communications 16, 2311, Supplementary Note 3 and Supplementary Table 2; doi:10.1038/s41467-025-57559-2",42.159000000000006,399.2457300000001,PROPOSED_NOT_APPLIED,v2_deep_integrated_review
34,Anhui,安徽,2025,cchpccs,coal,43.643119000000006,11.25,490.9850887500001,True,False,published provincial values converted at 2025 FX and held constant through 2060; sensitivity trajectories not yet applied,"An et al. (2025), Nature Communications 16, 2311, Supplementary Note 3 and Supplementary Table 2; doi:10.1038/s41467-025-57559-2",42.159000000000006,474.2887500000001,PROPOSED_NOT_APPLIED,v2_deep_integrated_review
34,Anhui,安徽,2025,gas,gas,73.214725,6.31,461.98491475,True,False,published provincial values converted at 2025 FX and held constant through 2060; sensitivity trajectories not yet applied,"An et al. (2025), Nature Communications 16, 2311, Supplementary Note 3 and Supplementary Table 2; doi:10.1038/s41467-025-57559-2",70.72500000000001,446.27475,PROPOSED_NOT_APPLIED,v2_deep_integrated_review
34,Anhui,安徽,2025,gasccs,gas,73.214725,7.83,573.27129675,True,False,published provincial values converted at 2025 FX and held constant through 2060; sensitivity trajectories not yet applied,"An et al. (2025), Nature Communications 16, 2311, Supplementary Note 3 and Supplementary Table 2; doi:10.1038/s41467-025-57559-2",70.72500000000001,553.7767500000001,PROPOSED_NOT_APPLIED,v2_deep_integrated_review
34,Anhui,安徽,2025,gchp,gas,73.214725,6.31,461.98491475,True,False,published provincial values converted at 2025 FX and held constant through 2060; sensitivity trajectories not yet applied,"An et al. (2025), Nature Communications 16, 2311, Supplementary Note 3 and Supplementary Table 2; doi:10.1038/s41467-025-57559-2",70.72500000000001,446.27475,PROPOSED_NOT_APPLIED,v2_deep_integrated_review
34,Anhui,安徽,2025,gchpccs,gas,73.214725,7.83,573.27129675,True,False,published provincial values converted at 2025 FX and held constant through 2060; sensitivity trajectories not yet applied,"An et al. (2025), Nature Communications 16, 2311, Supplementary Note 3 and Supplementary Table 2; doi:10.1038/s41467-025-57559-2",70.72500000000001,553.7767500000001,PROPOSED_NOT_APPLIED,v2_deep_integrated_review
34,Anhui,安徽,2025,bio,biomass,33.500201000000004,9.0,301.50180900000004,True,False,published provincial values converted at 2025 FX and held constant through 2060; sensitivity trajectories not yet applied,"An et al. (2025), Nature Communications 16, 2311, Supplementary Note 3 and Supplementary Table 2; doi:10.1038/s41467-025-57559-2",32.361000000000004,291.249,PROPOSED_NOT_APPLIED,v2_deep_integrated_review
34,Anhui,安徽,2025,bioccs,biomass,33.500201000000004,10.3,345.0520703000001,True,False,published provincial values converted at 2025 FX and held constant through 2060; sensitivity trajectories not yet applied,"An et al. (2025), Nature Communications 16, 2311, Supplementary Note 3 and Supplementary Table 2; doi:10.1038/s41467-025-57559-2",32.361000000000004,333.3183000000001,PROPOSED_NOT_APPLIED,v2_deep_integrated_review
34,Anhui,安徽,2030,coal,coal,43.643119000000006,9.0,392.78807100000006,True,True,published provincial values converted at 2025 FX and held constant through 2060; sensitivity trajectories not yet applied,"An et al. (2025), Nature Communications 16, 2311, Supplementary Note 3 and Supplementary Table 2; doi:10.1038/s41467-025-57559-2",42.159000000000006,379.431,PROPOSED_NOT_APPLIED,v2_deep_integrated_review
34,Anhui,安徽,2030,coalccs,coal,43.643119000000006,11.25,490.9850887500001,True,True,published provincial values converted at 2025 FX and held constant through 2060; sensitivity trajectories not yet applied,"An et al. (2025), Nature Communications 16, 2311, Supplementary Note 3 and Supplementary Table 2; doi:10.1038/s41467-025-57559-2",42.159000000000006,474.2887500000001,PROPOSED_NOT_APPLIED,v2_deep_integrated_review
34,Anhui,安徽,2030,cchp,coal,43.643119000000006,9.47,413.30033693000007,True,True,published provincial values converted at 2025 FX and held constant through 2060; sensitivity trajectories not yet applied,"An et al. (2025), Nature Communications 16, 2311, Supplementary Note 3 and Supplementary Table 2; doi:10.1038/s41467-025-57559-2",42.159000000000006,399.2457300000001,PROPOSED_NOT_APPLIED,v2_deep_integrated_review
34,Anhui,安徽,2030,cchpccs,coal,43.643119000000006,11.25,490.9850887500001,True,True,published provincial values converted at 2025 FX and held constant through 2060; sensitivity trajectories not yet applied,"An et al. (2025), Nature Communications 16, 2311, Supplementary Note 3 and Supplementary Table 2; doi:10.1038/s41467-025-57559-2",42.159000000000006,474.2887500000001,PROPOSED_NOT_APPLIED,v2_deep_integrated_review
34,Anhui,安徽,2030,gas,gas,73.214725,6.31,461.98491475,True,True,published provincial values converted at 2025 FX and held constant through 2060; sensitivity trajectories not yet applied,"An et al. (2025), Nature Communications 16, 2311, Supplementary Note 3 and Supplementary Table 2; doi:10.1038/s41467-025-57559-2",70.72500000000001,446.27475,PROPOSED_NOT_APPLIED,v2_deep_integrated_review
34,Anhui,安徽,2030,gasccs,gas,73.214725,7.83,573.27129675,True,True,published provincial values converted at 2025 FX and held constant through 2060; sensitivity trajectories not yet applied,"An et al. (2025), Nature Communications 16, 2311, Supplementary Note 3 and Supplementary Table 2; doi:10.1038/s41467-025-57559-2",70.72500000000001,553.7767500000001,PROPOSED_NOT_APPLIED,v2_deep_integrated_review
34,Anhui,安徽,2030,gchp,gas,73.214725,6.31,461.98491475,True,True,published provincial values converted at 2025 FX and held constant through 2060; sensitivity trajectories not yet applied,"An et al. (2025), Nature Communications 16, 2311, Supplementary Note 3 and Supplementary Table 2; doi:10.1038/s41467-025-57559-2",70.72500000000001,446.27475,PROPOSED_NOT_APPLIED,v2_deep_integrated_review
34,Anhui,安徽,2030,gchpccs,gas,73.214725,7.83,573.27129675,True,True,published provincial values converted at 2025 FX and held constant through 2060; sensitivity trajectories not yet applied,"An et al. (2025), Nature Communications 16, 2311, Supplementary Note 3 and Supplementary Table 2; doi:10.1038/s41467-025-57559-2",70.72500000000001,553.7767500000001,PROPOSED_NOT_APPLIED,v2_deep_integrated_review
34,Anhui,安徽,2030,bio,biomass,33.500201000000004,9.0,301.50180900000004,True,True,published provincial values converted at 2025 FX and held constant through 2060; sensitivity trajectories not yet applied,"An et al. (2025), Nature Communications 16, 2311, Supplementary Note 3 and Supplementary Table 2; doi:10.1038/s41467-025-57559-2",32.361000000000004,291.249,PROPOSED_NOT_APPLIED,v2_deep_integrated_review
34,Anhui,安徽,2030,bioccs,biomass,33.500201000000004,10.3,345.0520703000001,True,True,published provincial values converted at 2025 FX and held constant through 2060; sensitivity trajectories not yet applied,"An et al. (2025), Nature Communications 16, 2311, Supplementary Note 3 and Supplementary Table 2; doi:10.1038/s41467-025-57559-2",32.361000000000004,333.3183000000001,PROPOSED_NOT_APPLIED,v2_deep_integrated_review
34,Anhui,安徽,2040,coal,coal,43.643119000000006,9.0,392.78807100000006,True,True,published provincial values converted at 2025 FX and held constant through 2060; sensitivity trajectories not yet applied,"An et al. (2025), Nature Communications 16, 2311, Supplementary Note 3 and Supplementary Table 2; doi:10.1038/s41467-025-57559-2",42.159000000000006,379.431,PROPOSED_NOT_APPLIED,v2_deep_integrated_review
34,Anhui,安徽,2040,coalccs,coal,43.643119000000006,11.25,490.9850887500001,True,True,published provincial values converted at 2025 FX and held constant through 2060; sensitivity trajectories not yet applied,"An et al. (2025), Nature Communications 16, 2311, Supplementary Note 3 and Supplementary Table 2; doi:10.1038/s41467-025-57559-2",42.159000000000006,474.2887500000001,PROPOSED_NOT_APPLIED,v2_deep_integrated_review
34,Anhui,安徽,2040,cchp,coal,43.643119000000006,9.47,413.30033693000007,True,True,published provincial values converted at 2025 FX and held constant through 2060; sensitivity trajectories not yet applied,"An et al. (2025), Nature Communications 16, 2311, Supplementary Note 3 and Supplementary Table 2; doi:10.1038/s41467-025-57559-2",42.159000000000006,399.2457300000001,PROPOSED_NOT_APPLIED,v2_deep_integrated_review
34,Anhui,安徽,2040,cchpccs,coal,43.643119000000006,11.25,490.9850887500001,True,True,published provincial values converted at 2025 FX and held constant through 2060; sensitivity trajectories not yet applied,"An et al. (2025), Nature Communications 16, 2311, Supplementary Note 3 and Supplementary Table 2; doi:10.1038/s41467-025-57559-2",42.159000000000006,474.2887500000001,PROPOSED_NOT_APPLIED,v2_deep_integrated_review
34,Anhui,安徽,2040,gas,gas,73.214725,6.31,461.98491475,True,True,published provincial values converted at 2025 FX and held constant through 2060; sensitivity trajectories not yet applied,"An et al. (2025), Nature Communications 16, 2311, Supplementary Note 3 and Supplementary Table 2; doi:10.1038/s41467-025-57559-2",70.72500000000001,446.27475,PROPOSED_NOT_APPLIED,v2_deep_integrated_review
34,Anhui,安徽,2040,gasccs,gas,73.214725,7.83,573.27129675,True,True,published provincial values converted at 2025 FX and held constant through 2060; sensitivity trajectories not yet applied,"An et al. (2025), Nature Communications 16, 2311, Supplementary Note 3 and Supplementary Table 2; doi:10.1038/s41467-025-57559-2",70.72500000000001,553.7767500000001,PROPOSED_NOT_APPLIED,v2_deep_integrated_review
34,Anhui,安徽,2040,gchp,gas,73.214725,6.31,461.98491475,True,True,published provincial values converted at 2025 FX and held constant through 2060; sensitivity trajectories not yet applied,"An et al. (2025), Nature Communications 16, 2311, Supplementary Note 3 and Supplementary Table 2; doi:10.1038/s41467-025-57559-2",70.72500000000001,446.27475,PROPOSED_NOT_APPLIED,v2_deep_integrated_review
34,Anhui,安徽,2040,gchpccs,gas,73.214725,7.83,573.27129675,True,True,published provincial values converted at 2025 FX and held constant through 2060; sensitivity trajectories not yet applied,"An et al. (2025), Nature Communications 16, 2311, Supplementary Note 3 and Supplementary Table 2; doi:10.1038/s41467-025-57559-2",70.72500000000001,553.7767500000001,PROPOSED_NOT_APPLIED,v2_deep_integrated_review
34,Anhui,安徽,2040,bio,biomass,33.500201000000004,9.0,301.50180900000004,True,True,published provincial values converted at 2025 FX and held constant through 2060; sensitivity trajectories not yet applied,"An et al. (2025), Nature Communications 16, 2311, Supplementary Note 3 and Supplementary Table 2; doi:10.1038/s41467-025-57559-2",32.361000000000004,291.249,PROPOSED_NOT_APPLIED,v2_deep_integrated_review
34,Anhui,安徽,2040,bioccs,biomass,33.500201000000004,10.3,345.0520703000001,True,True,published provincial values converted at 2025 FX and held constant through 2060; sensitivity trajectories not yet applied,"An et al. (2025), Nature Communications 16, 2311, Supplementary Note 3 and Supplementary Table 2; doi:10.1038/s41467-025-57559-2",32.361000000000004,333.3183000000001,PROPOSED_NOT_APPLIED,v2_deep_integrated_review
34,Anhui,安徽,2050,coal,coal,43.643119000000006,9.0,392.78807100000006,True,True,published provincial values converted at 2025 FX and held constant through 2060; sensitivity trajectories not yet applied,"An et al. (2025), Nature Communications 16, 2311, Supplementary Note 3 and Supplementary Table 2; doi:10.1038/s41467-025-57559-2",42.159000000000006,379.431,PROPOSED_NOT_APPLIED,v2_deep_integrated_review
34,Anhui,安徽,2050,coalccs,coal,43.643119000000006,11.25,490.9850887500001,True,True,published provincial values converted at 2025 FX and held constant through 2060; sensitivity trajectories not yet applied,"An et al. (2025), Nature Communications 16, 2311, Supplementary Note 3 and Supplementary Table 2; doi:10.1038/s41467-025-57559-2",42.159000000000006,474.2887500000001,PROPOSED_NOT_APPLIED,v2_deep_integrated_review
34,Anhui,安徽,2050,cchp,coal,43.643119000000006,9.47,413.30033693000007,True,True,published provincial values converted at 2025 FX and held constant through 2060; sensitivity trajectories not yet applied,"An et al. (2025), Nature Communications 16, 2311, Supplementary Note 3 and Supplementary Table 2; doi:10.1038/s41467-025-57559-2",42.159000000000006,399.2457300000001,PROPOSED_NOT_APPLIED,v2_deep_integrated_review
34,Anhui,安徽,2050,cchpccs,coal,43.643119000000006,11.25,490.9850887500001,True,True,published provincial values converted at 2025 FX and held constant through 2060; sensitivity trajectories not yet applied,"An et al. (2025), Nature Communications 16, 2311, Supplementary Note 3 and Supplementary Table 2; doi:10.1038/s41467-025-57559-2",42.159000000000006,474.2887500000001,PROPOSED_NOT_APPLIED,v2_deep_integrated_review
34,Anhui,安徽,2050,gas,gas,73.214725,6.31,461.98491475,True,True,published provincial values converted at 2025 FX and held constant through 2060; sensitivity trajectories not yet applied,"An et al. (2025), Nature Communications 16, 2311, Supplementary Note 3 and Supplementary Table 2; doi:10.1038/s41467-025-57559-2",70.72500000000001,446.27475,PROPOSED_NOT_APPLIED,v2_deep_integrated_review
34,Anhui,安徽,2050,gasccs,gas,73.214725,7.83,573.27129675,True,True,published provincial values converted at 2025 FX and held constant through 2060; sensitivity trajectories not yet applied,"An et al. (2025), Nature Communications 16, 2311, Supplementary Note 3 and Supplementary Table 2; doi:10.1038/s41467-025-57559-2",70.72500000000001,553.7767500000001,PROPOSED_NOT_APPLIED,v2_deep_integrated_review
34,Anhui,安徽,2050,gchp,gas,73.214725,6.31,461.98491475,True,True,published provincial values converted at 2025 FX and held constant through 2060; sensitivity trajectories not yet applied,"An et al. (2025), Nature Communications 16, 2311, Supplementary Note 3 and Supplementary Table 2; doi:10.1038/s41467-025-57559-2",70.72500000000001,446.27475,PROPOSED_NOT_APPLIED,v2_deep_integrated_review
34,Anhui,安徽,2050,gchpccs,gas,73.214725,7.83,573.27129675,True,True,published provincial values converted at 2025 FX and held constant through 2060; sensitivity trajectories not yet applied,"An et al. (2025), Nature Communications 16, 2311, Supplementary Note 3 and Supplementary Table 2; doi:10.1038/s41467-025-57559-2",70.72500000000001,553.7767500000001,PROPOSED_NOT_APPLIED,v2_deep_integrated_review
34,Anhui,安徽,2050,bio,biomass,33.500201000000004,9.0,301.50180900000004,True,True,published provincial values converted at 2025 FX and held constant through 2060; sensitivity trajectories not yet applied,"An et al. (2025), Nature Communications 16, 2311, Supplementary Note 3 and Supplementary Table 2; doi:10.1038/s41467-025-57559-2",32.361000000000004,291.249,PROPOSED_NOT_APPLIED,v2_deep_integrated_review
34,Anhui,安徽,2050,bioccs,biomass,33.500201000000004,10.3,345.0520703000001,True,True,published provincial values converted at 2025 FX and held constant through 2060; sensitivity trajectories not yet applied,"An et al. (2025), Nature Communications 16, 2311, Supplementary Note 3 and Supplementary Table 2; doi:10.1038/s41467-025-57559-2",32.361000000000004,333.3183000000001,PROPOSED_NOT_APPLIED,v2_deep_integrated_review
34,Anhui,安徽,2060,coal,coal,43.643119000000006,9.0,392.78807100000006,True,True,published provincial values converted at 2025 FX and held constant through 2060; sensitivity trajectories not yet applied,"An et al. (2025), Nature Communications 16, 2311, Supplementary Note 3 and Supplementary Table 2; doi:10.1038/s41467-025-57559-2",42.159000000000006,379.431,PROPOSED_NOT_APPLIED,v2_deep_integrated_review
34,Anhui,安徽,2060,coalccs,coal,43.643119000000006,11.25,490.9850887500001,True,True,published provincial values converted at 2025 FX and held constant through 2060; sensitivity trajectories not yet applied,"An et al. (2025), Nature Communications 16, 2311, Supplementary Note 3 and Supplementary Table 2; doi:10.1038/s41467-025-57559-2",42.159000000000006,474.2887500000001,PROPOSED_NOT_APPLIED,v2_deep_integrated_review
34,Anhui,安徽,2060,cchp,coal,43.643119000000006,9.47,413.30033693000007,True,True,published provincial values converted at 2025 FX and held constant through 2060; sensitivity trajectories not yet applied,"An et al. (2025), Nature Communications 16, 2311, Supplementary Note 3 and Supplementary Table 2; doi:10.1038/s41467-025-57559-2",42.159000000000006,399.2457300000001,PROPOSED_NOT_APPLIED,v2_deep_integrated_review
34,Anhui,安徽,2060,cchpccs,coal,43.643119000000006,11.25,490.9850887500001,True,True,published provincial values converted at 2025 FX and held constant through 2060; sensitivity trajectories not yet applied,"An et al. (2025), Nature Communications 16, 2311, Supplementary Note 3 and Supplementary Table 2; doi:10.1038/s41467-025-57559-2",42.159000000000006,474.2887500000001,PROPOSED_NOT_APPLIED,v2_deep_integrated_review
34,Anhui,安徽,2060,gas,gas,73.214725,6.31,461.98491475,True,True,published provincial values converted at 2025 FX and held constant through 2060; sensitivity trajectories not yet applied,"An et al. (2025), Nature Communications 16, 2311, Supplementary Note 3 and Supplementary Table 2; doi:10.1038/s41467-025-57559-2",70.72500000000001,446.27475,PROPOSED_NOT_APPLIED,v2_deep_integrated_review
34,Anhui,安徽,2060,gasccs,gas,73.214725,7.83,573.27129675,True,True,published provincial values converted at 2025 FX and held constant through 2060; sensitivity trajectories not yet applied,"An et al. (2025), Nature Communications 16, 2311, Supplementary Note 3 and Supplementary Table 2; doi:10.1038/s41467-025-57559-2",70.72500000000001,553.7767500000001,PROPOSED_NOT_APPLIED,v2_deep_integrated_review
34,Anhui,安徽,2060,gchp,gas,73.214725,6.31,461.98491475,True,True,published provincial values converted at 2025 FX and held constant through 2060; sensitivity trajectories not yet applied,"An et al. (2025), Nature Communications 16, 2311, Supplementary Note 3 and Supplementary Table 2; doi:10.1038/s41467-025-57559-2",70.72500000000001,446.27475,PROPOSED_NOT_APPLIED,v2_deep_integrated_review
34,Anhui,安徽,2060,gchpccs,gas,73.214725,7.83,573.27129675,True,True,published provincial values converted at 2025 FX and held constant through 2060; sensitivity trajectories not yet applied,"An et al. (2025), Nature Communications 16, 2311, Supplementary Note 3 and Supplementary Table 2; doi:10.1038/s41467-025-57559-2",70.72500000000001,553.7767500000001,PROPOSED_NOT_APPLIED,v2_deep_integrated_review
34,Anhui,安徽,2060,bio,biomass,33.500201000000004,9.0,301.50180900000004,True,True,published provincial values converted at 2025 FX and held constant through 2060; sensitivity trajectories not yet applied,"An et al. (2025), Nature Communications 16, 2311, Supplementary Note 3 and Supplementary Table 2; doi:10.1038/s41467-025-57559-2",32.361000000000004,291.249,PROPOSED_NOT_APPLIED,v2_deep_integrated_review
34,Anhui,安徽,2060,bioccs,biomass,33.500201000000004,10.3,345.0520703000001,True,True,published provincial values converted at 2025 FX and held constant through 2060; sensitivity trajectories not yet applied,"An et al. (2025), Nature Communications 16, 2311, Supplementary Note 3 and Supplementary Table 2; doi:10.1038/s41467-025-57559-2",32.361000000000004,333.3183000000001,PROPOSED_NOT_APPLIED,v2_deep_integrated_review
35,Fujian,福建,2025,coal,coal,40.785959,9.0,367.073631,True,False,published provincial values converted at 2025 FX and held constant through 2060; sensitivity trajectories not yet applied,"An et al. (2025), Nature Communications 16, 2311, Supplementary Note 3 and Supplementary Table 2; doi:10.1038/s41467-025-57559-2",39.399,354.591,PROPOSED_NOT_APPLIED,v2_deep_integrated_review
35,Fujian,福建,2025,coalccs,coal,40.785959,11.25,458.84203875,True,False,published provincial values converted at 2025 FX and held constant through 2060; sensitivity trajectories not yet applied,"An et al. (2025), Nature Communications 16, 2311, Supplementary Note 3 and Supplementary Table 2; doi:10.1038/s41467-025-57559-2",39.399,443.23875,PROPOSED_NOT_APPLIED,v2_deep_integrated_review
35,Fujian,福建,2025,cchp,coal,40.785959,9.47,386.24303173,True,False,published provincial values converted at 2025 FX and held constant through 2060; sensitivity trajectories not yet applied,"An et al. (2025), Nature Communications 16, 2311, Supplementary Note 3 and Supplementary Table 2; doi:10.1038/s41467-025-57559-2",39.399,373.10853,PROPOSED_NOT_APPLIED,v2_deep_integrated_review
35,Fujian,福建,2025,cchpccs,coal,40.785959,11.25,458.84203875,True,False,published provincial values converted at 2025 FX and held constant through 2060; sensitivity trajectories not yet applied,"An et al. (2025), Nature Communications 16, 2311, Supplementary Note 3 and Supplementary Table 2; doi:10.1038/s41467-025-57559-2",39.399,443.23875,PROPOSED_NOT_APPLIED,v2_deep_integrated_review
35,Fujian,福建,2025,gas,gas,75.571882,6.31,476.85857542,True,False,published provincial values converted at 2025 FX and held constant through 2060; sensitivity trajectories not yet applied,"An et al. (2025), Nature Communications 16, 2311, Supplementary Note 3 and Supplementary Table 2; doi:10.1038/s41467-025-57559-2",73.00200000000001,460.64262,PROPOSED_NOT_APPLIED,v2_deep_integrated_review
35,Fujian,福建,2025,gasccs,gas,75.571882,7.83,591.7278360600001,True,False,published provincial values converted at 2025 FX and held constant through 2060; sensitivity trajectories not yet applied,"An et al. (2025), Nature Communications 16, 2311, Supplementary Note 3 and Supplementary Table 2; doi:10.1038/s41467-025-57559-2",73.00200000000001,571.6056600000001,PROPOSED_NOT_APPLIED,v2_deep_integrated_review
35,Fujian,福建,2025,gchp,gas,75.571882,6.31,476.85857542,True,False,published provincial values converted at 2025 FX and held constant through 2060; sensitivity trajectories not yet applied,"An et al. (2025), Nature Communications 16, 2311, Supplementary Note 3 and Supplementary Table 2; doi:10.1038/s41467-025-57559-2",73.00200000000001,460.64262,PROPOSED_NOT_APPLIED,v2_deep_integrated_review
35,Fujian,福建,2025,gchpccs,gas,75.571882,7.83,591.7278360600001,True,False,published provincial values converted at 2025 FX and held constant through 2060; sensitivity trajectories not yet applied,"An et al. (2025), Nature Communications 16, 2311, Supplementary Note 3 and Supplementary Table 2; doi:10.1038/s41467-025-57559-2",73.00200000000001,571.6056600000001,PROPOSED_NOT_APPLIED,v2_deep_integrated_review
35,Fujian,福建,2025,bio,biomass,35.785929,9.0,322.073361,True,False,published provincial values converted at 2025 FX and held constant through 2060; sensitivity trajectories not yet applied,"An et al. (2025), Nature Communications 16, 2311, Supplementary Note 3 and Supplementary Table 2; doi:10.1038/s41467-025-57559-2",34.569,311.12100000000004,PROPOSED_NOT_APPLIED,v2_deep_integrated_review
35,Fujian,福建,2025,bioccs,biomass,35.785929,10.3,368.5950687,True,False,published provincial values converted at 2025 FX and held constant through 2060; sensitivity trajectories not yet applied,"An et al. (2025), Nature Communications 16, 2311, Supplementary Note 3 and Supplementary Table 2; doi:10.1038/s41467-025-57559-2",34.569,356.06070000000005,PROPOSED_NOT_APPLIED,v2_deep_integrated_review
35,Fujian,福建,2030,coal,coal,40.785959,9.0,367.073631,True,True,published provincial values converted at 2025 FX and held constant through 2060; sensitivity trajectories not yet applied,"An et al. (2025), Nature Communications 16, 2311, Supplementary Note 3 and Supplementary Table 2; doi:10.1038/s41467-025-57559-2",39.399,354.591,PROPOSED_NOT_APPLIED,v2_deep_integrated_review
35,Fujian,福建,2030,coalccs,coal,40.785959,11.25,458.84203875,True,True,published provincial values converted at 2025 FX and held constant through 2060; sensitivity trajectories not yet applied,"An et al. (2025), Nature Communications 16, 2311, Supplementary Note 3 and Supplementary Table 2; doi:10.1038/s41467-025-57559-2",39.399,443.23875,PROPOSED_NOT_APPLIED,v2_deep_integrated_review
35,Fujian,福建,2030,cchp,coal,40.785959,9.47,386.24303173,True,True,published provincial values converted at 2025 FX and held constant through 2060; sensitivity trajectories not yet applied,"An et al. (2025), Nature Communications 16, 2311, Supplementary Note 3 and Supplementary Table 2; doi:10.1038/s41467-025-57559-2",39.399,373.10853,PROPOSED_NOT_APPLIED,v2_deep_integrated_review
35,Fujian,福建,2030,cchpccs,coal,40.785959,11.25,458.84203875,True,True,published provincial values converted at 2025 FX and held constant through 2060; sensitivity trajectories not yet applied,"An et al. (2025), Nature Communications 16, 2311, Supplementary Note 3 and Supplementary Table 2; doi:10.1038/s41467-025-57559-2",39.399,443.23875,PROPOSED_NOT_APPLIED,v2_deep_integrated_review
35,Fujian,福建,2030,gas,gas,75.571882,6.31,476.85857542,True,True,published provincial values converted at 2025 FX and held constant through 2060; sensitivity trajectories not yet applied,"An et al. (2025), Nature Communications 16, 2311, Supplementary Note 3 and Supplementary Table 2; doi:10.1038/s41467-025-57559-2",73.00200000000001,460.64262,PROPOSED_NOT_APPLIED,v2_deep_integrated_review
35,Fujian,福建,2030,gasccs,gas,75.571882,7.83,591.7278360600001,True,True,published provincial values converted at 2025 FX and held constant through 2060; sensitivity trajectories not yet applied,"An et al. (2025), Nature Communications 16, 2311, Supplementary Note 3 and Supplementary Table 2; doi:10.1038/s41467-025-57559-2",73.00200000000001,571.6056600000001,PROPOSED_NOT_APPLIED,v2_deep_integrated_review
35,Fujian,福建,2030,gchp,gas,75.571882,6.31,476.85857542,True,True,published provincial values converted at 2025 FX and held constant through 2060; sensitivity trajectories not yet applied,"An et al. (2025), Nature Communications 16, 2311, Supplementary Note 3 and Supplementary Table 2; doi:10.1038/s41467-025-57559-2",73.00200000000001,460.64262,PROPOSED_NOT_APPLIED,v2_deep_integrated_review
35,Fujian,福建,2030,gchpccs,gas,75.571882,7.83,591.7278360600001,True,True,published provincial values converted at 2025 FX and held constant through 2060; sensitivity trajectories not yet applied,"An et al. (2025), Nature Communications 16, 2311, Supplementary Note 3 and Supplementary Table 2; doi:10.1038/s41467-025-57559-2",73.00200000000001,571.6056600000001,PROPOSED_NOT_APPLIED,v2_deep_integrated_review
35,Fujian,福建,2030,bio,biomass,35.785929,9.0,322.073361,True,True,published provincial values converted at 2025 FX and held constant through 2060; sensitivity trajectories not yet applied,"An et al. (2025), Nature Communications 16, 2311, Supplementary Note 3 and Supplementary Table 2; doi:10.1038/s41467-025-57559-2",34.569,311.12100000000004,PROPOSED_NOT_APPLIED,v2_deep_integrated_review
35,Fujian,福建,2030,bioccs,biomass,35.785929,10.3,368.5950687,True,True,published provincial values converted at 2025 FX and held constant through 2060; sensitivity trajectories not yet applied,"An et al. (2025), Nature Communications 16, 2311, Supplementary Note 3 and Supplementary Table 2; doi:10.1038/s41467-025-57559-2",34.569,356.06070000000005,PROPOSED_NOT_APPLIED,v2_deep_integrated_review
35,Fujian,福建,2040,coal,coal,40.785959,9.0,367.073631,True,True,published provincial values converted at 2025 FX and held constant through 2060; sensitivity trajectories not yet applied,"An et al. (2025), Nature Communications 16, 2311, Supplementary Note 3 and Supplementary Table 2; doi:10.1038/s41467-025-57559-2",39.399,354.591,PROPOSED_NOT_APPLIED,v2_deep_integrated_review
35,Fujian,福建,2040,coalccs,coal,40.785959,11.25,458.84203875,True,True,published provincial values converted at 2025 FX and held constant through 2060; sensitivity trajectories not yet applied,"An et al. (2025), Nature Communications 16, 2311, Supplementary Note 3 and Supplementary Table 2; doi:10.1038/s41467-025-57559-2",39.399,443.23875,PROPOSED_NOT_APPLIED,v2_deep_integrated_review
35,Fujian,福建,2040,cchp,coal,40.785959,9.47,386.24303173,True,True,published provincial values converted at 2025 FX and held constant through 2060; sensitivity trajectories not yet applied,"An et al. (2025), Nature Communications 16, 2311, Supplementary Note 3 and Supplementary Table 2; doi:10.1038/s41467-025-57559-2",39.399,373.10853,PROPOSED_NOT_APPLIED,v2_deep_integrated_review
35,Fujian,福建,2040,cchpccs,coal,40.785959,11.25,458.84203875,True,True,published provincial values converted at 2025 FX and held constant through 2060; sensitivity trajectories not yet applied,"An et al. (2025), Nature Communications 16, 2311, Supplementary Note 3 and Supplementary Table 2; doi:10.1038/s41467-025-57559-2",39.399,443.23875,PROPOSED_NOT_APPLIED,v2_deep_integrated_review
35,Fujian,福建,2040,gas,gas,75.571882,6.31,476.85857542,True,True,published provincial values converted at 2025 FX and held constant through 2060; sensitivity trajectories not yet applied,"An et al. (2025), Nature Communications 16, 2311, Supplementary Note 3 and Supplementary Table 2; doi:10.1038/s41467-025-57559-2",73.00200000000001,460.64262,PROPOSED_NOT_APPLIED,v2_deep_integrated_review
35,Fujian,福建,2040,gasccs,gas,75.571882,7.83,591.7278360600001,True,True,published provincial values converted at 2025 FX and held constant through 2060; sensitivity trajectories not yet applied,"An et al. (2025), Nature Communications 16, 2311, Supplementary Note 3 and Supplementary Table 2; doi:10.1038/s41467-025-57559-2",73.00200000000001,571.6056600000001,PROPOSED_NOT_APPLIED,v2_deep_integrated_review
35,Fujian,福建,2040,gchp,gas,75.571882,6.31,476.85857542,True,True,published provincial values converted at 2025 FX and held constant through 2060; sensitivity trajectories not yet applied,"An et al. (2025), Nature Communications 16, 2311, Supplementary Note 3 and Supplementary Table 2; doi:10.1038/s41467-025-57559-2",73.00200000000001,460.64262,PROPOSED_NOT_APPLIED,v2_deep_integrated_review
35,Fujian,福建,2040,gchpccs,gas,75.571882,7.83,591.7278360600001,True,True,published provincial values converted at 2025 FX and held constant through 2060; sensitivity trajectories not yet applied,"An et al. (2025), Nature Communications 16, 2311, Supplementary Note 3 and Supplementary Table 2; doi:10.1038/s41467-025-57559-2",73.00200000000001,571.6056600000001,PROPOSED_NOT_APPLIED,v2_deep_integrated_review
35,Fujian,福建,2040,bio,biomass,35.785929,9.0,322.073361,True,True,published provincial values converted at 2025 FX and held constant through 2060; sensitivity trajectories not yet applied,"An et al. (2025), Nature Communications 16, 2311, Supplementary Note 3 and Supplementary Table 2; doi:10.1038/s41467-025-57559-2",34.569,311.12100000000004,PROPOSED_NOT_APPLIED,v2_deep_integrated_review
35,Fujian,福建,2040,bioccs,biomass,35.785929,10.3,368.5950687,True,True,published provincial values converted at 2025 FX and held constant through 2060; sensitivity trajectories not yet applied,"An et al. (2025), Nature Communications 16, 2311, Supplementary Note 3 and Supplementary Table 2; doi:10.1038/s41467-025-57559-2",34.569,356.06070000000005,PROPOSED_NOT_APPLIED,v2_deep_integrated_review
35,Fujian,福建,2050,coal,coal,40.785959,9.0,367.073631,True,True,published provincial values converted at 2025 FX and held constant through 2060; sensitivity trajectories not yet applied,"An et al. (2025), Nature Communications 16, 2311, Supplementary Note 3 and Supplementary Table 2; doi:10.1038/s41467-025-57559-2",39.399,354.591,PROPOSED_NOT_APPLIED,v2_deep_integrated_review
35,Fujian,福建,2050,coalccs,coal,40.785959,11.25,458.84203875,True,True,published provincial values converted at 2025 FX and held constant through 2060; sensitivity trajectories not yet applied,"An et al. (2025), Nature Communications 16, 2311, Supplementary Note 3 and Supplementary Table 2; doi:10.1038/s41467-025-57559-2",39.399,443.23875,PROPOSED_NOT_APPLIED,v2_deep_integrated_review
35,Fujian,福建,2050,cchp,coal,40.785959,9.47,386.24303173,True,True,published provincial values converted at 2025 FX and held constant through 2060; sensitivity trajectories not yet applied,"An et al. (2025), Nature Communications 16, 2311, Supplementary Note 3 and Supplementary Table 2; doi:10.1038/s41467-025-57559-2",39.399,373.10853,PROPOSED_NOT_APPLIED,v2_deep_integrated_review
35,Fujian,福建,2050,cchpccs,coal,40.785959,11.25,458.84203875,True,True,published provincial values converted at 2025 FX and held constant through 2060; sensitivity trajectories not yet applied,"An et al. (2025), Nature Communications 16, 2311, Supplementary Note 3 and Supplementary Table 2; doi:10.1038/s41467-025-57559-2",39.399,443.23875,PROPOSED_NOT_APPLIED,v2_deep_integrated_review
35,Fujian,福建,2050,gas,gas,75.571882,6.31,476.85857542,True,True,published provincial values converted at 2025 FX and held constant through 2060; sensitivity trajectories not yet applied,"An et al. (2025), Nature Communications 16, 2311, Supplementary Note 3 and Supplementary Table 2; doi:10.1038/s41467-025-57559-2",73.00200000000001,460.64262,PROPOSED_NOT_APPLIED,v2_deep_integrated_review
35,Fujian,福建,2050,gasccs,gas,75.571882,7.83,591.7278360600001,True,True,published provincial values converted at 2025 FX and held constant through 2060; sensitivity trajectories not yet applied,"An et al. (2025), Nature Communications 16, 2311, Supplementary Note 3 and Supplementary Table 2; doi:10.1038/s41467-025-57559-2",73.00200000000001,571.6056600000001,PROPOSED_NOT_APPLIED,v2_deep_integrated_review
35,Fujian,福建,2050,gchp,gas,75.571882,6.31,476.85857542,True,True,published provincial values converted at 2025 FX and held constant through 2060; sensitivity trajectories not yet applied,"An et al. (2025), Nature Communications 16, 2311, Supplementary Note 3 and Supplementary Table 2; doi:10.1038/s41467-025-57559-2",73.00200000000001,460.64262,PROPOSED_NOT_APPLIED,v2_deep_integrated_review
35,Fujian,福建,2050,gchpccs,gas,75.571882,7.83,591.7278360600001,True,True,published provincial values converted at 2025 FX and held constant through 2060; sensitivity trajectories not yet applied,"An et al. (2025), Nature Communications 16, 2311, Supplementary Note 3 and Supplementary Table 2; doi:10.1038/s41467-025-57559-2",73.00200000000001,571.6056600000001,PROPOSED_NOT_APPLIED,v2_deep_integrated_review
35,Fujian,福建,2050,bio,biomass,35.785929,9.0,322.073361,True,True,published provincial values converted at 2025 FX and held constant through 2060; sensitivity trajectories not yet applied,"An et al. (2025), Nature Communications 16, 2311, Supplementary Note 3 and Supplementary Table 2; doi:10.1038/s41467-025-57559-2",34.569,311.12100000000004,PROPOSED_NOT_APPLIED,v2_deep_integrated_review
35,Fujian,福建,2050,bioccs,biomass,35.785929,10.3,368.5950687,True,True,published provincial values converted at 2025 FX and held constant through 2060; sensitivity trajectories not yet applied,"An et al. (2025), Nature Communications 16, 2311, Supplementary Note 3 and Supplementary Table 2; doi:10.1038/s41467-025-57559-2",34.569,356.06070000000005,PROPOSED_NOT_APPLIED,v2_deep_integrated_review
35,Fujian,福建,2060,coal,coal,40.785959,9.0,367.073631,True,True,published provincial values converted at 2025 FX and held constant through 2060; sensitivity trajectories not yet applied,"An et al. (2025), Nature Communications 16, 2311, Supplementary Note 3 and Supplementary Table 2; doi:10.1038/s41467-025-57559-2",39.399,354.591,PROPOSED_NOT_APPLIED,v2_deep_integrated_review
35,Fujian,福建,2060,coalccs,coal,40.785959,11.25,458.84203875,True,True,published provincial values converted at 2025 FX and held constant through 2060; sensitivity trajectories not yet applied,"An et al. (2025), Nature Communications 16, 2311, Supplementary Note 3 and Supplementary Table 2; doi:10.1038/s41467-025-57559-2",39.399,443.23875,PROPOSED_NOT_APPLIED,v2_deep_integrated_review
35,Fujian,福建,2060,cchp,coal,40.785959,9.47,386.24303173,True,True,published provincial values converted at 2025 FX and held constant through 2060; sensitivity trajectories not yet applied,"An et al. (2025), Nature Communications 16, 2311, Supplementary Note 3 and Supplementary Table 2; doi:10.1038/s41467-025-57559-2",39.399,373.10853,PROPOSED_NOT_APPLIED,v2_deep_integrated_review
35,Fujian,福建,2060,cchpccs,coal,40.785959,11.25,458.84203875,True,True,published provincial values converted at 2025 FX and held constant through 2060; sensitivity trajectories not yet applied,"An et al. (2025), Nature Communications 16, 2311, Supplementary Note 3 and Supplementary Table 2; doi:10.1038/s41467-025-57559-2",39.399,443.23875,PROPOSED_NOT_APPLIED,v2_deep_integrated_review
35,Fujian,福建,2060,gas,gas,75.571882,6.31,476.85857542,True,True,published provincial values converted at 2025 FX and held constant through 2060; sensitivity trajectories not yet applied,"An et al. (2025), Nature Communications 16, 2311, Supplementary Note 3 and Supplementary Table 2; doi:10.1038/s41467-025-57559-2",73.00200000000001,460.64262,PROPOSED_NOT_APPLIED,v2_deep_integrated_review
35,Fujian,福建,2060,gasccs,gas,75.571882,7.83,591.7278360600001,True,True,published provincial values converted at 2025 FX and held constant through 2060; sensitivity trajectories not yet applied,"An et al. (2025), Nature Communications 16, 2311, Supplementary Note 3 and Supplementary Table 2; doi:10.1038/s41467-025-57559-2",73.00200000000001,571.6056600000001,PROPOSED_NOT_APPLIED,v2_deep_integrated_review
35,Fujian,福建,2060,gchp,gas,75.571882,6.31,476.85857542,True,True,published provincial values converted at 2025 FX and held constant through 2060; sensitivity trajectories not yet applied,"An et al. (2025), Nature Communications 16, 2311, Supplementary Note 3 and Supplementary Table 2; doi:10.1038/s41467-025-57559-2",73.00200000000001,460.64262,PROPOSED_NOT_APPLIED,v2_deep_integrated_review
35,Fujian,福建,2060,gchpccs,gas,75.571882,7.83,591.7278360600001,True,True,published provincial values converted at 2025 FX and held constant through 2060; sensitivity trajectories not yet applied,"An et al. (2025), Nature Communications 16, 2311, Supplementary Note 3 and Supplementary Table 2; doi:10.1038/s41467-025-57559-2",73.00200000000001,571.6056600000001,PROPOSED_NOT_APPLIED,v2_deep_integrated_review
35,Fujian,福建,2060,bio,biomass,35.785929,9.0,322.073361,True,True,published provincial values converted at 2025 FX and held constant through 2060; sensitivity trajectories not yet applied,"An et al. (2025), Nature Communications 16, 2311, Supplementary Note 3 and Supplementary Table 2; doi:10.1038/s41467-025-57559-2",34.569,311.12100000000004,PROPOSED_NOT_APPLIED,v2_deep_integrated_review
35,Fujian,福建,2060,bioccs,biomass,35.785929,10.3,368.5950687,True,True,published provincial values converted at 2025 FX and held constant through 2060; sensitivity trajectories not yet applied,"An et al. (2025), Nature Communications 16, 2311, Supplementary Note 3 and Supplementary Table 2; doi:10.1038/s41467-025-57559-2",34.569,356.06070000000005,PROPOSED_NOT_APPLIED,v2_deep_integrated_review
36,Jiangxi,江西,2025,coal,coal,49.214581,9.0,442.931229,True,False,published provincial values converted at 2025 FX and held constant through 2060; sensitivity trajectories not yet applied,"An et al. (2025), Nature Communications 16, 2311, Supplementary Note 3 and Supplementary Table 2; doi:10.1038/s41467-025-57559-2",47.541,427.869,PROPOSED_NOT_APPLIED,v2_deep_integrated_review
36,Jiangxi,江西,2025,coalccs,coal,49.214581,11.25,553.66403625,True,False,published provincial values converted at 2025 FX and held constant through 2060; sensitivity trajectories not yet applied,"An et al. (2025), Nature Communications 16, 2311, Supplementary Note 3 and Supplementary Table 2; doi:10.1038/s41467-025-57559-2",47.541,534.83625,PROPOSED_NOT_APPLIED,v2_deep_integrated_review
36,Jiangxi,江西,2025,cchp,coal,49.214581,9.47,466.06208207,True,False,published provincial values converted at 2025 FX and held constant through 2060; sensitivity trajectories not yet applied,"An et al. (2025), Nature Communications 16, 2311, Supplementary Note 3 and Supplementary Table 2; doi:10.1038/s41467-025-57559-2",47.541,450.21327,PROPOSED_NOT_APPLIED,v2_deep_integrated_review
36,Jiangxi,江西,2025,cchpccs,coal,49.214581,11.25,553.66403625,True,False,published provincial values converted at 2025 FX and held constant through 2060; sensitivity trajectories not yet applied,"An et al. (2025), Nature Communications 16, 2311, Supplementary Note 3 and Supplementary Table 2; doi:10.1038/s41467-025-57559-2",47.541,534.83625,PROPOSED_NOT_APPLIED,v2_deep_integrated_review
36,Jiangxi,江西,2025,gas,gas,69.78613299999999,6.31,440.3504992299999,True,False,published provincial values converted at 2025 FX and held constant through 2060; sensitivity trajectories not yet applied,"An et al. (2025), Nature Communications 16, 2311, Supplementary Note 3 and Supplementary Table 2; doi:10.1038/s41467-025-57559-2",67.413,425.37603,PROPOSED_NOT_APPLIED,v2_deep_integrated_review
36,Jiangxi,江西,2025,gasccs,gas,69.78613299999999,7.83,546.42542139,True,False,published provincial values converted at 2025 FX and held constant through 2060; sensitivity trajectories not yet applied,"An et al. (2025), Nature Communications 16, 2311, Supplementary Note 3 and Supplementary Table 2; doi:10.1038/s41467-025-57559-2",67.413,527.84379,PROPOSED_NOT_APPLIED,v2_deep_integrated_review
36,Jiangxi,江西,2025,gchp,gas,69.78613299999999,6.31,440.3504992299999,True,False,published provincial values converted at 2025 FX and held constant through 2060; sensitivity trajectories not yet applied,"An et al. (2025), Nature Communications 16, 2311, Supplementary Note 3 and Supplementary Table 2; doi:10.1038/s41467-025-57559-2",67.413,425.37603,PROPOSED_NOT_APPLIED,v2_deep_integrated_review
36,Jiangxi,江西,2025,gchpccs,gas,69.78613299999999,7.83,546.42542139,True,False,published provincial values converted at 2025 FX and held constant through 2060; sensitivity trajectories not yet applied,"An et al. (2025), Nature Communications 16, 2311, Supplementary Note 3 and Supplementary Table 2; doi:10.1038/s41467-025-57559-2",67.413,527.84379,PROPOSED_NOT_APPLIED,v2_deep_integrated_review
36,Jiangxi,江西,2025,bio,biomass,34.428778,9.0,309.85900200000003,True,False,published provincial values converted at 2025 FX and held constant through 2060; sensitivity trajectories not yet applied,"An et al. (2025), Nature Communications 16, 2311, Supplementary Note 3 and Supplementary Table 2; doi:10.1038/s41467-025-57559-2",33.258,299.322,PROPOSED_NOT_APPLIED,v2_deep_integrated_review
36,Jiangxi,江西,2025,bioccs,biomass,34.428778,10.3,354.61641340000006,True,False,published provincial values converted at 2025 FX and held constant through 2060; sensitivity trajectories not yet applied,"An et al. (2025), Nature Communications 16, 2311, Supplementary Note 3 and Supplementary Table 2; doi:10.1038/s41467-025-57559-2",33.258,342.55740000000003,PROPOSED_NOT_APPLIED,v2_deep_integrated_review
36,Jiangxi,江西,2030,coal,coal,49.214581,9.0,442.931229,True,True,published provincial values converted at 2025 FX and held constant through 2060; sensitivity trajectories not yet applied,"An et al. (2025), Nature Communications 16, 2311, Supplementary Note 3 and Supplementary Table 2; doi:10.1038/s41467-025-57559-2",47.541,427.869,PROPOSED_NOT_APPLIED,v2_deep_integrated_review
36,Jiangxi,江西,2030,coalccs,coal,49.214581,11.25,553.66403625,True,True,published provincial values converted at 2025 FX and held constant through 2060; sensitivity trajectories not yet applied,"An et al. (2025), Nature Communications 16, 2311, Supplementary Note 3 and Supplementary Table 2; doi:10.1038/s41467-025-57559-2",47.541,534.83625,PROPOSED_NOT_APPLIED,v2_deep_integrated_review
36,Jiangxi,江西,2030,cchp,coal,49.214581,9.47,466.06208207,True,True,published provincial values converted at 2025 FX and held constant through 2060; sensitivity trajectories not yet applied,"An et al. (2025), Nature Communications 16, 2311, Supplementary Note 3 and Supplementary Table 2; doi:10.1038/s41467-025-57559-2",47.541,450.21327,PROPOSED_NOT_APPLIED,v2_deep_integrated_review
36,Jiangxi,江西,2030,cchpccs,coal,49.214581,11.25,553.66403625,True,True,published provincial values converted at 2025 FX and held constant through 2060; sensitivity trajectories not yet applied,"An et al. (2025), Nature Communications 16, 2311, Supplementary Note 3 and Supplementary Table 2; doi:10.1038/s41467-025-57559-2",47.541,534.83625,PROPOSED_NOT_APPLIED,v2_deep_integrated_review
36,Jiangxi,江西,2030,gas,gas,69.78613299999999,6.31,440.3504992299999,True,True,published provincial values converted at 2025 FX and held constant through 2060; sensitivity trajectories not yet applied,"An et al. (2025), Nature Communications 16, 2311, Supplementary Note 3 and Supplementary Table 2; doi:10.1038/s41467-025-57559-2",67.413,425.37603,PROPOSED_NOT_APPLIED,v2_deep_integrated_review
36,Jiangxi,江西,2030,gasccs,gas,69.78613299999999,7.83,546.42542139,True,True,published provincial values converted at 2025 FX and held constant through 2060; sensitivity trajectories not yet applied,"An et al. (2025), Nature Communications 16, 2311, Supplementary Note 3 and Supplementary Table 2; doi:10.1038/s41467-025-57559-2",67.413,527.84379,PROPOSED_NOT_APPLIED,v2_deep_integrated_review
36,Jiangxi,江西,2030,gchp,gas,69.78613299999999,6.31,440.3504992299999,True,True,published provincial values converted at 2025 FX and held constant through 2060; sensitivity trajectories not yet applied,"An et al. (2025), Nature Communications 16, 2311, Supplementary Note 3 and Supplementary Table 2; doi:10.1038/s41467-025-57559-2",67.413,425.37603,PROPOSED_NOT_APPLIED,v2_deep_integrated_review
36,Jiangxi,江西,2030,gchpccs,gas,69.78613299999999,7.83,546.42542139,True,True,published provincial values converted at 2025 FX and held constant through 2060; sensitivity trajectories not yet applied,"An et al. (2025), Nature Communications 16, 2311, Supplementary Note 3 and Supplementary Table 2; doi:10.1038/s41467-025-57559-2",67.413,527.84379,PROPOSED_NOT_APPLIED,v2_deep_integrated_review
36,Jiangxi,江西,2030,bio,biomass,34.428778,9.0,309.85900200000003,True,True,published provincial values converted at 2025 FX and held constant through 2060; sensitivity trajectories not yet applied,"An et al. (2025), Nature Communications 16, 2311, Supplementary Note 3 and Supplementary Table 2; doi:10.1038/s41467-025-57559-2",33.258,299.322,PROPOSED_NOT_APPLIED,v2_deep_integrated_review
36,Jiangxi,江西,2030,bioccs,biomass,34.428778,10.3,354.61641340000006,True,True,published provincial values converted at 2025 FX and held constant through 2060; sensitivity trajectories not yet applied,"An et al. (2025), Nature Communications 16, 2311, Supplementary Note 3 and Supplementary Table 2; doi:10.1038/s41467-025-57559-2",33.258,342.55740000000003,PROPOSED_NOT_APPLIED,v2_deep_integrated_review
36,Jiangxi,江西,2040,coal,coal,49.214581,9.0,442.931229,True,True,published provincial values converted at 2025 FX and held constant through 2060; sensitivity trajectories not yet applied,"An et al. (2025), Nature Communications 16, 2311, Supplementary Note 3 and Supplementary Table 2; doi:10.1038/s41467-025-57559-2",47.541,427.869,PROPOSED_NOT_APPLIED,v2_deep_integrated_review
36,Jiangxi,江西,2040,coalccs,coal,49.214581,11.25,553.66403625,True,True,published provincial values converted at 2025 FX and held constant through 2060; sensitivity trajectories not yet applied,"An et al. (2025), Nature Communications 16, 2311, Supplementary Note 3 and Supplementary Table 2; doi:10.1038/s41467-025-57559-2",47.541,534.83625,PROPOSED_NOT_APPLIED,v2_deep_integrated_review
36,Jiangxi,江西,2040,cchp,coal,49.214581,9.47,466.06208207,True,True,published provincial values converted at 2025 FX and held constant through 2060; sensitivity trajectories not yet applied,"An et al. (2025), Nature Communications 16, 2311, Supplementary Note 3 and Supplementary Table 2; doi:10.1038/s41467-025-57559-2",47.541,450.21327,PROPOSED_NOT_APPLIED,v2_deep_integrated_review
36,Jiangxi,江西,2040,cchpccs,coal,49.214581,11.25,553.66403625,True,True,published provincial values converted at 2025 FX and held constant through 2060; sensitivity trajectories not yet applied,"An et al. (2025), Nature Communications 16, 2311, Supplementary Note 3 and Supplementary Table 2; doi:10.1038/s41467-025-57559-2",47.541,534.83625,PROPOSED_NOT_APPLIED,v2_deep_integrated_review
36,Jiangxi,江西,2040,gas,gas,69.78613299999999,6.31,440.3504992299999,True,True,published provincial values converted at 2025 FX and held constant through 2060; sensitivity trajectories not yet applied,"An et al. (2025), Nature Communications 16, 2311, Supplementary Note 3 and Supplementary Table 2; doi:10.1038/s41467-025-57559-2",67.413,425.37603,PROPOSED_NOT_APPLIED,v2_deep_integrated_review
36,Jiangxi,江西,2040,gasccs,gas,69.78613299999999,7.83,546.42542139,True,True,published provincial values converted at 2025 FX and held constant through 2060; sensitivity trajectories not yet applied,"An et al. (2025), Nature Communications 16, 2311, Supplementary Note 3 and Supplementary Table 2; doi:10.1038/s41467-025-57559-2",67.413,527.84379,PROPOSED_NOT_APPLIED,v2_deep_integrated_review
36,Jiangxi,江西,2040,gchp,gas,69.78613299999999,6.31,440.3504992299999,True,True,published provincial values converted at 2025 FX and held constant through 2060; sensitivity trajectories not yet applied,"An et al. (2025), Nature Communications 16, 2311, Supplementary Note 3 and Supplementary Table 2; doi:10.1038/s41467-025-57559-2",67.413,425.37603,PROPOSED_NOT_APPLIED,v2_deep_integrated_review
36,Jiangxi,江西,2040,gchpccs,gas,69.78613299999999,7.83,546.42542139,True,True,published provincial values converted at 2025 FX and held constant through 2060; sensitivity trajectories not yet applied,"An et al. (2025), Nature Communications 16, 2311, Supplementary Note 3 and Supplementary Table 2; doi:10.1038/s41467-025-57559-2",67.413,527.84379,PROPOSED_NOT_APPLIED,v2_deep_integrated_review
36,Jiangxi,江西,2040,bio,biomass,34.428778,9.0,309.85900200000003,True,True,published provincial values converted at 2025 FX and held constant through 2060; sensitivity trajectories not yet applied,"An et al. (2025), Nature Communications 16, 2311, Supplementary Note 3 and Supplementary Table 2; doi:10.1038/s41467-025-57559-2",33.258,299.322,PROPOSED_NOT_APPLIED,v2_deep_integrated_review
36,Jiangxi,江西,2040,bioccs,biomass,34.428778,10.3,354.61641340000006,True,True,published provincial values converted at 2025 FX and held constant through 2060; sensitivity trajectories not yet applied,"An et al. (2025), Nature Communications 16, 2311, Supplementary Note 3 and Supplementary Table 2; doi:10.1038/s41467-025-57559-2",33.258,342.55740000000003,PROPOSED_NOT_APPLIED,v2_deep_integrated_review
36,Jiangxi,江西,2050,coal,coal,49.214581,9.0,442.931229,True,True,published provincial values converted at 2025 FX and held constant through 2060; sensitivity trajectories not yet applied,"An et al. (2025), Nature Communications 16, 2311, Supplementary Note 3 and Supplementary Table 2; doi:10.1038/s41467-025-57559-2",47.541,427.869,PROPOSED_NOT_APPLIED,v2_deep_integrated_review
36,Jiangxi,江西,2050,coalccs,coal,49.214581,11.25,553.66403625,True,True,published provincial values converted at 2025 FX and held constant through 2060; sensitivity trajectories not yet applied,"An et al. (2025), Nature Communications 16, 2311, Supplementary Note 3 and Supplementary Table 2; doi:10.1038/s41467-025-57559-2",47.541,534.83625,PROPOSED_NOT_APPLIED,v2_deep_integrated_review
36,Jiangxi,江西,2050,cchp,coal,49.214581,9.47,466.06208207,True,True,published provincial values converted at 2025 FX and held constant through 2060; sensitivity trajectories not yet applied,"An et al. (2025), Nature Communications 16, 2311, Supplementary Note 3 and Supplementary Table 2; doi:10.1038/s41467-025-57559-2",47.541,450.21327,PROPOSED_NOT_APPLIED,v2_deep_integrated_review
36,Jiangxi,江西,2050,cchpccs,coal,49.214581,11.25,553.66403625,True,True,published provincial values converted at 2025 FX and held constant through 2060; sensitivity trajectories not yet applied,"An et al. (2025), Nature Communications 16, 2311, Supplementary Note 3 and Supplementary Table 2; doi:10.1038/s41467-025-57559-2",47.541,534.83625,PROPOSED_NOT_APPLIED,v2_deep_integrated_review
36,Jiangxi,江西,2050,gas,gas,69.78613299999999,6.31,440.3504992299999,True,True,published provincial values converted at 2025 FX and held constant through 2060; sensitivity trajectories not yet applied,"An et al. (2025), Nature Communications 16, 2311, Supplementary Note 3 and Supplementary Table 2; doi:10.1038/s41467-025-57559-2",67.413,425.37603,PROPOSED_NOT_APPLIED,v2_deep_integrated_review
36,Jiangxi,江西,2050,gasccs,gas,69.78613299999999,7.83,546.42542139,True,True,published provincial values converted at 2025 FX and held constant through 2060; sensitivity trajectories not yet applied,"An et al. (2025), Nature Communications 16, 2311, Supplementary Note 3 and Supplementary Table 2; doi:10.1038/s41467-025-57559-2",67.413,527.84379,PROPOSED_NOT_APPLIED,v2_deep_integrated_review
36,Jiangxi,江西,2050,gchp,gas,69.78613299999999,6.31,440.3504992299999,True,True,published provincial values converted at 2025 FX and held constant through 2060; sensitivity trajectories not yet applied,"An et al. (2025), Nature Communications 16, 2311, Supplementary Note 3 and Supplementary Table 2; doi:10.1038/s41467-025-57559-2",67.413,425.37603,PROPOSED_NOT_APPLIED,v2_deep_integrated_review
36,Jiangxi,江西,2050,gchpccs,gas,69.78613299999999,7.83,546.42542139,True,True,published provincial values converted at 2025 FX and held constant through 2060; sensitivity trajectories not yet applied,"An et al. (2025), Nature Communications 16, 2311, Supplementary Note 3 and Supplementary Table 2; doi:10.1038/s41467-025-57559-2",67.413,527.84379,PROPOSED_NOT_APPLIED,v2_deep_integrated_review
36,Jiangxi,江西,2050,bio,biomass,34.428778,9.0,309.85900200000003,True,True,published provincial values converted at 2025 FX and held constant through 2060; sensitivity trajectories not yet applied,"An et al. (2025), Nature Communications 16, 2311, Supplementary Note 3 and Supplementary Table 2; doi:10.1038/s41467-025-57559-2",33.258,299.322,PROPOSED_NOT_APPLIED,v2_deep_integrated_review
36,Jiangxi,江西,2050,bioccs,biomass,34.428778,10.3,354.61641340000006,True,True,published provincial values converted at 2025 FX and held constant through 2060; sensitivity trajectories not yet applied,"An et al. (2025), Nature Communications 16, 2311, Supplementary Note 3 and Supplementary Table 2; doi:10.1038/s41467-025-57559-2",33.258,342.55740000000003,PROPOSED_NOT_APPLIED,v2_deep_integrated_review
36,Jiangxi,江西,2060,coal,coal,49.214581,9.0,442.931229,True,True,published provincial values converted at 2025 FX and held constant through 2060; sensitivity trajectories not yet applied,"An et al. (2025), Nature Communications 16, 2311, Supplementary Note 3 and Supplementary Table 2; doi:10.1038/s41467-025-57559-2",47.541,427.869,PROPOSED_NOT_APPLIED,v2_deep_integrated_review
36,Jiangxi,江西,2060,coalccs,coal,49.214581,11.25,553.66403625,True,True,published provincial values converted at 2025 FX and held constant through 2060; sensitivity trajectories not yet applied,"An et al. (2025), Nature Communications 16, 2311, Supplementary Note 3 and Supplementary Table 2; doi:10.1038/s41467-025-57559-2",47.541,534.83625,PROPOSED_NOT_APPLIED,v2_deep_integrated_review
36,Jiangxi,江西,2060,cchp,coal,49.214581,9.47,466.06208207,True,True,published provincial values converted at 2025 FX and held constant through 2060; sensitivity trajectories not yet applied,"An et al. (2025), Nature Communications 16, 2311, Supplementary Note 3 and Supplementary Table 2; doi:10.1038/s41467-025-57559-2",47.541,450.21327,PROPOSED_NOT_APPLIED,v2_deep_integrated_review
36,Jiangxi,江西,2060,cchpccs,coal,49.214581,11.25,553.66403625,True,True,published provincial values converted at 2025 FX and held constant through 2060; sensitivity trajectories not yet applied,"An et al. (2025), Nature Communications 16, 2311, Supplementary Note 3 and Supplementary Table 2; doi:10.1038/s41467-025-57559-2",47.541,534.83625,PROPOSED_NOT_APPLIED,v2_deep_integrated_review
36,Jiangxi,江西,2060,gas,gas,69.78613299999999,6.31,440.3504992299999,True,True,published provincial values converted at 2025 FX and held constant through 2060; sensitivity trajectories not yet applied,"An et al. (2025), Nature Communications 16, 2311, Supplementary Note 3 and Supplementary Table 2; doi:10.1038/s41467-025-57559-2",67.413,425.37603,PROPOSED_NOT_APPLIED,v2_deep_integrated_review
36,Jiangxi,江西,2060,gasccs,gas,69.78613299999999,7.83,546.42542139,True,True,published provincial values converted at 2025 FX and held constant through 2060; sensitivity trajectories not yet applied,"An et al. (2025), Nature Communications 16, 2311, Supplementary Note 3 and Supplementary Table 2; doi:10.1038/s41467-025-57559-2",67.413,527.84379,PROPOSED_NOT_APPLIED,v2_deep_integrated_review
36,Jiangxi,江西,2060,gchp,gas,69.78613299999999,6.31,440.3504992299999,True,True,published provincial values converted at 2025 FX and held constant through 2060; sensitivity trajectories not yet applied,"An et al. (2025), Nature Communications 16, 2311, Supplementary Note 3 and Supplementary Table 2; doi:10.1038/s41467-025-57559-2",67.413,425.37603,PROPOSED_NOT_APPLIED,v2_deep_integrated_review
36,Jiangxi,江西,2060,gchpccs,gas,69.78613299999999,7.83,546.42542139,True,True,published provincial values converted at 2025 FX and held constant through 2060; sensitivity trajectories not yet applied,"An et al. (2025), Nature Communications 16, 2311, Supplementary Note 3 and Supplementary Table 2; doi:10.1038/s41467-025-57559-2",67.413,527.84379,PROPOSED_NOT_APPLIED,v2_deep_integrated_review
36,Jiangxi,江西,2060,bio,biomass,34.428778,9.0,309.85900200000003,True,True,published provincial values converted at 2025 FX and held constant through 2060; sensitivity trajectories not yet applied,"An et al. (2025), Nature Communications 16, 2311, Supplementary Note 3 and Supplementary Table 2; doi:10.1038/s41467-025-57559-2",33.258,299.322,PROPOSED_NOT_APPLIED,v2_deep_integrated_review
36,Jiangxi,江西,2060,bioccs,biomass,34.428778,10.3,354.61641340000006,True,True,published provincial values converted at 2025 FX and held constant through 2060; sensitivity trajectories not yet applied,"An et al. (2025), Nature Communications 16, 2311, Supplementary Note 3 and Supplementary Table 2; doi:10.1038/s41467-025-57559-2",33.258,342.55740000000003,PROPOSED_NOT_APPLIED,v2_deep_integrated_review
37,Shandong,山东,2025,coal,coal,42.357397,9.0,381.216573,True,False,published provincial values converted at 2025 FX and held constant through 2060; sensitivity trajectories not yet applied,"An et al. (2025), Nature Communications 16, 2311, Supplementary Note 3 and Supplementary Table 2; doi:10.1038/s41467-025-57559-2",40.917,368.253,PROPOSED_NOT_APPLIED,v2_deep_integrated_review
37,Shandong,山东,2025,coalccs,coal,42.357397,11.25,476.52071625,True,False,published provincial values converted at 2025 FX and held constant through 2060; sensitivity trajectories not yet applied,"An et al. (2025), Nature Communications 16, 2311, Supplementary Note 3 and Supplementary Table 2; doi:10.1038/s41467-025-57559-2",40.917,460.31625,PROPOSED_NOT_APPLIED,v2_deep_integrated_review
37,Shandong,山东,2025,cchp,coal,42.357397,9.47,401.12454959,True,False,published provincial values converted at 2025 FX and held constant through 2060; sensitivity trajectories not yet applied,"An et al. (2025), Nature Communications 16, 2311, Supplementary Note 3 and Supplementary Table 2; doi:10.1038/s41467-025-57559-2",40.917,387.48399000000006,PROPOSED_NOT_APPLIED,v2_deep_integrated_review
37,Shandong,山东,2025,cchpccs,coal,42.357397,11.25,476.52071625,True,False,published provincial values converted at 2025 FX and held constant through 2060; sensitivity trajectories not yet applied,"An et al. (2025), Nature Communications 16, 2311, Supplementary Note 3 and Supplementary Table 2; doi:10.1038/s41467-025-57559-2",40.917,460.31625,PROPOSED_NOT_APPLIED,v2_deep_integrated_review
37,Shandong,山东,2025,gas,gas,70.286136,6.31,443.50551816,True,False,published provincial values converted at 2025 FX and held constant through 2060; sensitivity trajectories not yet applied,"An et al. (2025), Nature Communications 16, 2311, Supplementary Note 3 and Supplementary Table 2; doi:10.1038/s41467-025-57559-2",67.896,428.42376,PROPOSED_NOT_APPLIED,v2_deep_integrated_review
37,Shandong,山东,2025,gasccs,gas,70.286136,7.83,550.34044488,True,False,published provincial values converted at 2025 FX and held constant through 2060; sensitivity trajectories not yet applied,"An et al. (2025), Nature Communications 16, 2311, Supplementary Note 3 and Supplementary Table 2; doi:10.1038/s41467-025-57559-2",67.896,531.62568,PROPOSED_NOT_APPLIED,v2_deep_integrated_review
37,Shandong,山东,2025,gchp,gas,70.286136,6.31,443.50551816,True,False,published provincial values converted at 2025 FX and held constant through 2060; sensitivity trajectories not yet applied,"An et al. (2025), Nature Communications 16, 2311, Supplementary Note 3 and Supplementary Table 2; doi:10.1038/s41467-025-57559-2",67.896,428.42376,PROPOSED_NOT_APPLIED,v2_deep_integrated_review
37,Shandong,山东,2025,gchpccs,gas,70.286136,7.83,550.34044488,True,False,published provincial values converted at 2025 FX and held constant through 2060; sensitivity trajectories not yet applied,"An et al. (2025), Nature Communications 16, 2311, Supplementary Note 3 and Supplementary Table 2; doi:10.1038/s41467-025-57559-2",67.896,531.62568,PROPOSED_NOT_APPLIED,v2_deep_integrated_review
37,Shandong,山东,2025,bio,biomass,35.428784,9.0,318.859056,True,False,published provincial values converted at 2025 FX and held constant through 2060; sensitivity trajectories not yet applied,"An et al. (2025), Nature Communications 16, 2311, Supplementary Note 3 and Supplementary Table 2; doi:10.1038/s41467-025-57559-2",34.224000000000004,308.016,PROPOSED_NOT_APPLIED,v2_deep_integrated_review
37,Shandong,山东,2025,bioccs,biomass,35.428784,10.3,364.9164752,True,False,published provincial values converted at 2025 FX and held constant through 2060; sensitivity trajectories not yet applied,"An et al. (2025), Nature Communications 16, 2311, Supplementary Note 3 and Supplementary Table 2; doi:10.1038/s41467-025-57559-2",34.224000000000004,352.50720000000007,PROPOSED_NOT_APPLIED,v2_deep_integrated_review
37,Shandong,山东,2030,coal,coal,42.357397,9.0,381.216573,True,True,published provincial values converted at 2025 FX and held constant through 2060; sensitivity trajectories not yet applied,"An et al. (2025), Nature Communications 16, 2311, Supplementary Note 3 and Supplementary Table 2; doi:10.1038/s41467-025-57559-2",40.917,368.253,PROPOSED_NOT_APPLIED,v2_deep_integrated_review
37,Shandong,山东,2030,coalccs,coal,42.357397,11.25,476.52071625,True,True,published provincial values converted at 2025 FX and held constant through 2060; sensitivity trajectories not yet applied,"An et al. (2025), Nature Communications 16, 2311, Supplementary Note 3 and Supplementary Table 2; doi:10.1038/s41467-025-57559-2",40.917,460.31625,PROPOSED_NOT_APPLIED,v2_deep_integrated_review
37,Shandong,山东,2030,cchp,coal,42.357397,9.47,401.12454959,True,True,published provincial values converted at 2025 FX and held constant through 2060; sensitivity trajectories not yet applied,"An et al. (2025), Nature Communications 16, 2311, Supplementary Note 3 and Supplementary Table 2; doi:10.1038/s41467-025-57559-2",40.917,387.48399000000006,PROPOSED_NOT_APPLIED,v2_deep_integrated_review
37,Shandong,山东,2030,cchpccs,coal,42.357397,11.25,476.52071625,True,True,published provincial values converted at 2025 FX and held constant through 2060; sensitivity trajectories not yet applied,"An et al. (2025), Nature Communications 16, 2311, Supplementary Note 3 and Supplementary Table 2; doi:10.1038/s41467-025-57559-2",40.917,460.31625,PROPOSED_NOT_APPLIED,v2_deep_integrated_review
37,Shandong,山东,2030,gas,gas,70.286136,6.31,443.50551816,True,True,published provincial values converted at 2025 FX and held constant through 2060; sensitivity trajectories not yet applied,"An et al. (2025), Nature Communications 16, 2311, Supplementary Note 3 and Supplementary Table 2; doi:10.1038/s41467-025-57559-2",67.896,428.42376,PROPOSED_NOT_APPLIED,v2_deep_integrated_review
37,Shandong,山东,2030,gasccs,gas,70.286136,7.83,550.34044488,True,True,published provincial values converted at 2025 FX and held constant through 2060; sensitivity trajectories not yet applied,"An et al. (2025), Nature Communications 16, 2311, Supplementary Note 3 and Supplementary Table 2; doi:10.1038/s41467-025-57559-2",67.896,531.62568,PROPOSED_NOT_APPLIED,v2_deep_integrated_review
37,Shandong,山东,2030,gchp,gas,70.286136,6.31,443.50551816,True,True,published provincial values converted at 2025 FX and held constant through 2060; sensitivity trajectories not yet applied,"An et al. (2025), Nature Communications 16, 2311, Supplementary Note 3 and Supplementary Table 2; doi:10.1038/s41467-025-57559-2",67.896,428.42376,PROPOSED_NOT_APPLIED,v2_deep_integrated_review
37,Shandong,山东,2030,gchpccs,gas,70.286136,7.83,550.34044488,True,True,published provincial values converted at 2025 FX and held constant through 2060; sensitivity trajectories not yet applied,"An et al. (2025), Nature Communications 16, 2311, Supplementary Note 3 and Supplementary Table 2; doi:10.1038/s41467-025-57559-2",67.896,531.62568,PROPOSED_NOT_APPLIED,v2_deep_integrated_review
37,Shandong,山东,2030,bio,biomass,35.428784,9.0,318.859056,True,True,published provincial values converted at 2025 FX and held constant through 2060; sensitivity trajectories not yet applied,"An et al. (2025), Nature Communications 16, 2311, Supplementary Note 3 and Supplementary Table 2; doi:10.1038/s41467-025-57559-2",34.224000000000004,308.016,PROPOSED_NOT_APPLIED,v2_deep_integrated_review
37,Shandong,山东,2030,bioccs,biomass,35.428784,10.3,364.9164752,True,True,published provincial values converted at 2025 FX and held constant through 2060; sensitivity trajectories not yet applied,"An et al. (2025), Nature Communications 16, 2311, Supplementary Note 3 and Supplementary Table 2; doi:10.1038/s41467-025-57559-2",34.224000000000004,352.50720000000007,PROPOSED_NOT_APPLIED,v2_deep_integrated_review
37,Shandong,山东,2040,coal,coal,42.357397,9.0,381.216573,True,True,published provincial values converted at 2025 FX and held constant through 2060; sensitivity trajectories not yet applied,"An et al. (2025), Nature Communications 16, 2311, Supplementary Note 3 and Supplementary Table 2; doi:10.1038/s41467-025-57559-2",40.917,368.253,PROPOSED_NOT_APPLIED,v2_deep_integrated_review
37,Shandong,山东,2040,coalccs,coal,42.357397,11.25,476.52071625,True,True,published provincial values converted at 2025 FX and held constant through 2060; sensitivity trajectories not yet applied,"An et al. (2025), Nature Communications 16, 2311, Supplementary Note 3 and Supplementary Table 2; doi:10.1038/s41467-025-57559-2",40.917,460.31625,PROPOSED_NOT_APPLIED,v2_deep_integrated_review
37,Shandong,山东,2040,cchp,coal,42.357397,9.47,401.12454959,True,True,published provincial values converted at 2025 FX and held constant through 2060; sensitivity trajectories not yet applied,"An et al. (2025), Nature Communications 16, 2311, Supplementary Note 3 and Supplementary Table 2; doi:10.1038/s41467-025-57559-2",40.917,387.48399000000006,PROPOSED_NOT_APPLIED,v2_deep_integrated_review
37,Shandong,山东,2040,cchpccs,coal,42.357397,11.25,476.52071625,True,True,published provincial values converted at 2025 FX and held constant through 2060; sensitivity trajectories not yet applied,"An et al. (2025), Nature Communications 16, 2311, Supplementary Note 3 and Supplementary Table 2; doi:10.1038/s41467-025-57559-2",40.917,460.31625,PROPOSED_NOT_APPLIED,v2_deep_integrated_review
37,Shandong,山东,2040,gas,gas,70.286136,6.31,443.50551816,True,True,published provincial values converted at 2025 FX and held constant through 2060; sensitivity trajectories not yet applied,"An et al. (2025), Nature Communications 16, 2311, Supplementary Note 3 and Supplementary Table 2; doi:10.1038/s41467-025-57559-2",67.896,428.42376,PROPOSED_NOT_APPLIED,v2_deep_integrated_review
37,Shandong,山东,2040,gasccs,gas,70.286136,7.83,550.34044488,True,True,published provincial values converted at 2025 FX and held constant through 2060; sensitivity trajectories not yet applied,"An et al. (2025), Nature Communications 16, 2311, Supplementary Note 3 and Supplementary Table 2; doi:10.1038/s41467-025-57559-2",67.896,531.62568,PROPOSED_NOT_APPLIED,v2_deep_integrated_review
37,Shandong,山东,2040,gchp,gas,70.286136,6.31,443.50551816,True,True,published provincial values converted at 2025 FX and held constant through 2060; sensitivity trajectories not yet applied,"An et al. (2025), Nature Communications 16, 2311, Supplementary Note 3 and Supplementary Table 2; doi:10.1038/s41467-025-57559-2",67.896,428.42376,PROPOSED_NOT_APPLIED,v2_deep_integrated_review
37,Shandong,山东,2040,gchpccs,gas,70.286136,7.83,550.34044488,True,True,published provincial values converted at 2025 FX and held constant through 2060; sensitivity trajectories not yet applied,"An et al. (2025), Nature Communications 16, 2311, Supplementary Note 3 and Supplementary Table 2; doi:10.1038/s41467-025-57559-2",67.896,531.62568,PROPOSED_NOT_APPLIED,v2_deep_integrated_review
37,Shandong,山东,2040,bio,biomass,35.428784,9.0,318.859056,True,True,published provincial values converted at 2025 FX and held constant through 2060; sensitivity trajectories not yet applied,"An et al. (2025), Nature Communications 16, 2311, Supplementary Note 3 and Supplementary Table 2; doi:10.1038/s41467-025-57559-2",34.224000000000004,308.016,PROPOSED_NOT_APPLIED,v2_deep_integrated_review
37,Shandong,山东,2040,bioccs,biomass,35.428784,10.3,364.9164752,True,True,published provincial values converted at 2025 FX and held constant through 2060; sensitivity trajectories not yet applied,"An et al. (2025), Nature Communications 16, 2311, Supplementary Note 3 and Supplementary Table 2; doi:10.1038/s41467-025-57559-2",34.224000000000004,352.50720000000007,PROPOSED_NOT_APPLIED,v2_deep_integrated_review
37,Shandong,山东,2050,coal,coal,42.357397,9.0,381.216573,True,True,published provincial values converted at 2025 FX and held constant through 2060; sensitivity trajectories not yet applied,"An et al. (2025), Nature Communications 16, 2311, Supplementary Note 3 and Supplementary Table 2; doi:10.1038/s41467-025-57559-2",40.917,368.253,PROPOSED_NOT_APPLIED,v2_deep_integrated_review
37,Shandong,山东,2050,coalccs,coal,42.357397,11.25,476.52071625,True,True,published provincial values converted at 2025 FX and held constant through 2060; sensitivity trajectories not yet applied,"An et al. (2025), Nature Communications 16, 2311, Supplementary Note 3 and Supplementary Table 2; doi:10.1038/s41467-025-57559-2",40.917,460.31625,PROPOSED_NOT_APPLIED,v2_deep_integrated_review
37,Shandong,山东,2050,cchp,coal,42.357397,9.47,401.12454959,True,True,published provincial values converted at 2025 FX and held constant through 2060; sensitivity trajectories not yet applied,"An et al. (2025), Nature Communications 16, 2311, Supplementary Note 3 and Supplementary Table 2; doi:10.1038/s41467-025-57559-2",40.917,387.48399000000006,PROPOSED_NOT_APPLIED,v2_deep_integrated_review
37,Shandong,山东,2050,cchpccs,coal,42.357397,11.25,476.52071625,True,True,published provincial values converted at 2025 FX and held constant through 2060; sensitivity trajectories not yet applied,"An et al. (2025), Nature Communications 16, 2311, Supplementary Note 3 and Supplementary Table 2; doi:10.1038/s41467-025-57559-2",40.917,460.31625,PROPOSED_NOT_APPLIED,v2_deep_integrated_review
37,Shandong,山东,2050,gas,gas,70.286136,6.31,443.50551816,True,True,published provincial values converted at 2025 FX and held constant through 2060; sensitivity trajectories not yet applied,"An et al. (2025), Nature Communications 16, 2311, Supplementary Note 3 and Supplementary Table 2; doi:10.1038/s41467-025-57559-2",67.896,428.42376,PROPOSED_NOT_APPLIED,v2_deep_integrated_review
37,Shandong,山东,2050,gasccs,gas,70.286136,7.83,550.34044488,True,True,published provincial values converted at 2025 FX and held constant through 2060; sensitivity trajectories not yet applied,"An et al. (2025), Nature Communications 16, 2311, Supplementary Note 3 and Supplementary Table 2; doi:10.1038/s41467-025-57559-2",67.896,531.62568,PROPOSED_NOT_APPLIED,v2_deep_integrated_review
37,Shandong,山东,2050,gchp,gas,70.286136,6.31,443.50551816,True,True,published provincial values converted at 2025 FX and held constant through 2060; sensitivity trajectories not yet applied,"An et al. (2025), Nature Communications 16, 2311, Supplementary Note 3 and Supplementary Table 2; doi:10.1038/s41467-025-57559-2",67.896,428.42376,PROPOSED_NOT_APPLIED,v2_deep_integrated_review
37,Shandong,山东,2050,gchpccs,gas,70.286136,7.83,550.34044488,True,True,published provincial values converted at 2025 FX and held constant through 2060; sensitivity trajectories not yet applied,"An et al. (2025), Nature Communications 16, 2311, Supplementary Note 3 and Supplementary Table 2; doi:10.1038/s41467-025-57559-2",67.896,531.62568,PROPOSED_NOT_APPLIED,v2_deep_integrated_review
37,Shandong,山东,2050,bio,biomass,35.428784,9.0,318.859056,True,True,published provincial values converted at 2025 FX and held constant through 2060; sensitivity trajectories not yet applied,"An et al. (2025), Nature Communications 16, 2311, Supplementary Note 3 and Supplementary Table 2; doi:10.1038/s41467-025-57559-2",34.224000000000004,308.016,PROPOSED_NOT_APPLIED,v2_deep_integrated_review
37,Shandong,山东,2050,bioccs,biomass,35.428784,10.3,364.9164752,True,True,published provincial values converted at 2025 FX and held constant through 2060; sensitivity trajectories not yet applied,"An et al. (2025), Nature Communications 16, 2311, Supplementary Note 3 and Supplementary Table 2; doi:10.1038/s41467-025-57559-2",34.224000000000004,352.50720000000007,PROPOSED_NOT_APPLIED,v2_deep_integrated_review
37,Shandong,山东,2060,coal,coal,42.357397,9.0,381.216573,True,True,published provincial values converted at 2025 FX and held constant through 2060; sensitivity trajectories not yet applied,"An et al. (2025), Nature Communications 16, 2311, Supplementary Note 3 and Supplementary Table 2; doi:10.1038/s41467-025-57559-2",40.917,368.253,PROPOSED_NOT_APPLIED,v2_deep_integrated_review
37,Shandong,山东,2060,coalccs,coal,42.357397,11.25,476.52071625,True,True,published provincial values converted at 2025 FX and held constant through 2060; sensitivity trajectories not yet applied,"An et al. (2025), Nature Communications 16, 2311, Supplementary Note 3 and Supplementary Table 2; doi:10.1038/s41467-025-57559-2",40.917,460.31625,PROPOSED_NOT_APPLIED,v2_deep_integrated_review
37,Shandong,山东,2060,cchp,coal,42.357397,9.47,401.12454959,True,True,published provincial values converted at 2025 FX and held constant through 2060; sensitivity trajectories not yet applied,"An et al. (2025), Nature Communications 16, 2311, Supplementary Note 3 and Supplementary Table 2; doi:10.1038/s41467-025-57559-2",40.917,387.48399000000006,PROPOSED_NOT_APPLIED,v2_deep_integrated_review
37,Shandong,山东,2060,cchpccs,coal,42.357397,11.25,476.52071625,True,True,published provincial values converted at 2025 FX and held constant through 2060; sensitivity trajectories not yet applied,"An et al. (2025), Nature Communications 16, 2311, Supplementary Note 3 and Supplementary Table 2; doi:10.1038/s41467-025-57559-2",40.917,460.31625,PROPOSED_NOT_APPLIED,v2_deep_integrated_review
37,Shandong,山东,2060,gas,gas,70.286136,6.31,443.50551816,True,True,published provincial values converted at 2025 FX and held constant through 2060; sensitivity trajectories not yet applied,"An et al. (2025), Nature Communications 16, 2311, Supplementary Note 3 and Supplementary Table 2; doi:10.1038/s41467-025-57559-2",67.896,428.42376,PROPOSED_NOT_APPLIED,v2_deep_integrated_review
37,Shandong,山东,2060,gasccs,gas,70.286136,7.83,550.34044488,True,True,published provincial values converted at 2025 FX and held constant through 2060; sensitivity trajectories not yet applied,"An et al. (2025), Nature Communications 16, 2311, Supplementary Note 3 and Supplementary Table 2; doi:10.1038/s41467-025-57559-2",67.896,531.62568,PROPOSED_NOT_APPLIED,v2_deep_integrated_review
37,Shandong,山东,2060,gchp,gas,70.286136,6.31,443.50551816,True,True,published provincial values converted at 2025 FX and held constant through 2060; sensitivity trajectories not yet applied,"An et al. (2025), Nature Communications 16, 2311, Supplementary Note 3 and Supplementary Table 2; doi:10.1038/s41467-025-57559-2",67.896,428.42376,PROPOSED_NOT_APPLIED,v2_deep_integrated_review
37,Shandong,山东,2060,gchpccs,gas,70.286136,7.83,550.34044488,True,True,published provincial values converted at 2025 FX and held constant through 2060; sensitivity trajectories not yet applied,"An et al. (2025), Nature Communications 16, 2311, Supplementary Note 3 and Supplementary Table 2; doi:10.1038/s41467-025-57559-2",67.896,531.62568,PROPOSED_NOT_APPLIED,v2_deep_integrated_review
37,Shandong,山东,2060,bio,biomass,35.428784,9.0,318.859056,True,True,published provincial values converted at 2025 FX and held constant through 2060; sensitivity trajectories not yet applied,"An et al. (2025), Nature Communications 16, 2311, Supplementary Note 3 and Supplementary Table 2; doi:10.1038/s41467-025-57559-2",34.224000000000004,308.016,PROPOSED_NOT_APPLIED,v2_deep_integrated_review
37,Shandong,山东,2060,bioccs,biomass,35.428784,10.3,364.9164752,True,True,published provincial values converted at 2025 FX and held constant through 2060; sensitivity trajectories not yet applied,"An et al. (2025), Nature Communications 16, 2311, Supplementary Note 3 and Supplementary Table 2; doi:10.1038/s41467-025-57559-2",34.224000000000004,352.50720000000007,PROPOSED_NOT_APPLIED,v2_deep_integrated_review
41,Henan,河南,2025,coal,coal,42.928829,9.0,386.359461,True,False,published provincial values converted at 2025 FX and held constant through 2060; sensitivity trajectories not yet applied,"An et al. (2025), Nature Communications 16, 2311, Supplementary Note 3 and Supplementary Table 2; doi:10.1038/s41467-025-57559-2",41.469,373.221,PROPOSED_NOT_APPLIED,v2_deep_integrated_review
41,Henan,河南,2025,coalccs,coal,42.928829,11.25,482.94932625,True,False,published provincial values converted at 2025 FX and held constant through 2060; sensitivity trajectories not yet applied,"An et al. (2025), Nature Communications 16, 2311, Supplementary Note 3 and Supplementary Table 2; doi:10.1038/s41467-025-57559-2",41.469,466.52625,PROPOSED_NOT_APPLIED,v2_deep_integrated_review
41,Henan,河南,2025,cchp,coal,42.928829,9.47,406.53601063,True,False,published provincial values converted at 2025 FX and held constant through 2060; sensitivity trajectories not yet applied,"An et al. (2025), Nature Communications 16, 2311, Supplementary Note 3 and Supplementary Table 2; doi:10.1038/s41467-025-57559-2",41.469,392.71143000000006,PROPOSED_NOT_APPLIED,v2_deep_integrated_review
41,Henan,河南,2025,cchpccs,coal,42.928829,11.25,482.94932625,True,False,published provincial values converted at 2025 FX and held constant through 2060; sensitivity trajectories not yet applied,"An et al. (2025), Nature Communications 16, 2311, Supplementary Note 3 and Supplementary Table 2; doi:10.1038/s41467-025-57559-2",41.469,466.52625,PROPOSED_NOT_APPLIED,v2_deep_integrated_review
41,Henan,河南,2025,gas,gas,71.071855,6.31,448.46340505,True,False,published provincial values converted at 2025 FX and held constant through 2060; sensitivity trajectories not yet applied,"An et al. (2025), Nature Communications 16, 2311, Supplementary Note 3 and Supplementary Table 2; doi:10.1038/s41467-025-57559-2",68.655,433.21305,PROPOSED_NOT_APPLIED,v2_deep_integrated_review
41,Henan,河南,2025,gasccs,gas,71.071855,7.83,556.49262465,True,False,published provincial values converted at 2025 FX and held constant through 2060; sensitivity trajectories not yet applied,"An et al. (2025), Nature Communications 16, 2311, Supplementary Note 3 and Supplementary Table 2; doi:10.1038/s41467-025-57559-2",68.655,537.56865,PROPOSED_NOT_APPLIED,v2_deep_integrated_review
41,Henan,河南,2025,gchp,gas,71.071855,6.31,448.46340505,True,False,published provincial values converted at 2025 FX and held constant through 2060; sensitivity trajectories not yet applied,"An et al. (2025), Nature Communications 16, 2311, Supplementary Note 3 and Supplementary Table 2; doi:10.1038/s41467-025-57559-2",68.655,433.21305,PROPOSED_NOT_APPLIED,v2_deep_integrated_review
41,Henan,河南,2025,gchpccs,gas,71.071855,7.83,556.49262465,True,False,published provincial values converted at 2025 FX and held constant through 2060; sensitivity trajectories not yet applied,"An et al. (2025), Nature Communications 16, 2311, Supplementary Note 3 and Supplementary Table 2; doi:10.1038/s41467-025-57559-2",68.655,537.56865,PROPOSED_NOT_APPLIED,v2_deep_integrated_review
41,Henan,河南,2025,bio,biomass,33.714488,9.0,303.430392,True,False,published provincial values converted at 2025 FX and held constant through 2060; sensitivity trajectories not yet applied,"An et al. (2025), Nature Communications 16, 2311, Supplementary Note 3 and Supplementary Table 2; doi:10.1038/s41467-025-57559-2",32.568,293.112,PROPOSED_NOT_APPLIED,v2_deep_integrated_review
41,Henan,河南,2025,bioccs,biomass,33.714488,10.3,347.2592264,True,False,published provincial values converted at 2025 FX and held constant through 2060; sensitivity trajectories not yet applied,"An et al. (2025), Nature Communications 16, 2311, Supplementary Note 3 and Supplementary Table 2; doi:10.1038/s41467-025-57559-2",32.568,335.4504,PROPOSED_NOT_APPLIED,v2_deep_integrated_review
41,Henan,河南,2030,coal,coal,42.928829,9.0,386.359461,True,True,published provincial values converted at 2025 FX and held constant through 2060; sensitivity trajectories not yet applied,"An et al. (2025), Nature Communications 16, 2311, Supplementary Note 3 and Supplementary Table 2; doi:10.1038/s41467-025-57559-2",41.469,373.221,PROPOSED_NOT_APPLIED,v2_deep_integrated_review
41,Henan,河南,2030,coalccs,coal,42.928829,11.25,482.94932625,True,True,published provincial values converted at 2025 FX and held constant through 2060; sensitivity trajectories not yet applied,"An et al. (2025), Nature Communications 16, 2311, Supplementary Note 3 and Supplementary Table 2; doi:10.1038/s41467-025-57559-2",41.469,466.52625,PROPOSED_NOT_APPLIED,v2_deep_integrated_review
41,Henan,河南,2030,cchp,coal,42.928829,9.47,406.53601063,True,True,published provincial values converted at 2025 FX and held constant through 2060; sensitivity trajectories not yet applied,"An et al. (2025), Nature Communications 16, 2311, Supplementary Note 3 and Supplementary Table 2; doi:10.1038/s41467-025-57559-2",41.469,392.71143000000006,PROPOSED_NOT_APPLIED,v2_deep_integrated_review
41,Henan,河南,2030,cchpccs,coal,42.928829,11.25,482.94932625,True,True,published provincial values converted at 2025 FX and held constant through 2060; sensitivity trajectories not yet applied,"An et al. (2025), Nature Communications 16, 2311, Supplementary Note 3 and Supplementary Table 2; doi:10.1038/s41467-025-57559-2",41.469,466.52625,PROPOSED_NOT_APPLIED,v2_deep_integrated_review
41,Henan,河南,2030,gas,gas,71.071855,6.31,448.46340505,True,True,published provincial values converted at 2025 FX and held constant through 2060; sensitivity trajectories not yet applied,"An et al. (2025), Nature Communications 16, 2311, Supplementary Note 3 and Supplementary Table 2; doi:10.1038/s41467-025-57559-2",68.655,433.21305,PROPOSED_NOT_APPLIED,v2_deep_integrated_review
41,Henan,河南,2030,gasccs,gas,71.071855,7.83,556.49262465,True,True,published provincial values converted at 2025 FX and held constant through 2060; sensitivity trajectories not yet applied,"An et al. (2025), Nature Communications 16, 2311, Supplementary Note 3 and Supplementary Table 2; doi:10.1038/s41467-025-57559-2",68.655,537.56865,PROPOSED_NOT_APPLIED,v2_deep_integrated_review
41,Henan,河南,2030,gchp,gas,71.071855,6.31,448.46340505,True,True,published provincial values converted at 2025 FX and held constant through 2060; sensitivity trajectories not yet applied,"An et al. (2025), Nature Communications 16, 2311, Supplementary Note 3 and Supplementary Table 2; doi:10.1038/s41467-025-57559-2",68.655,433.21305,PROPOSED_NOT_APPLIED,v2_deep_integrated_review
41,Henan,河南,2030,gchpccs,gas,71.071855,7.83,556.49262465,True,True,published provincial values converted at 2025 FX and held constant through 2060; sensitivity trajectories not yet applied,"An et al. (2025), Nature Communications 16, 2311, Supplementary Note 3 and Supplementary Table 2; doi:10.1038/s41467-025-57559-2",68.655,537.56865,PROPOSED_NOT_APPLIED,v2_deep_integrated_review
41,Henan,河南,2030,bio,biomass,33.714488,9.0,303.430392,True,True,published provincial values converted at 2025 FX and held constant through 2060; sensitivity trajectories not yet applied,"An et al. (2025), Nature Communications 16, 2311, Supplementary Note 3 and Supplementary Table 2; doi:10.1038/s41467-025-57559-2",32.568,293.112,PROPOSED_NOT_APPLIED,v2_deep_integrated_review
41,Henan,河南,2030,bioccs,biomass,33.714488,10.3,347.2592264,True,True,published provincial values converted at 2025 FX and held constant through 2060; sensitivity trajectories not yet applied,"An et al. (2025), Nature Communications 16, 2311, Supplementary Note 3 and Supplementary Table 2; doi:10.1038/s41467-025-57559-2",32.568,335.4504,PROPOSED_NOT_APPLIED,v2_deep_integrated_review
41,Henan,河南,2040,coal,coal,42.928829,9.0,386.359461,True,True,published provincial values converted at 2025 FX and held constant through 2060; sensitivity trajectories not yet applied,"An et al. (2025), Nature Communications 16, 2311, Supplementary Note 3 and Supplementary Table 2; doi:10.1038/s41467-025-57559-2",41.469,373.221,PROPOSED_NOT_APPLIED,v2_deep_integrated_review
41,Henan,河南,2040,coalccs,coal,42.928829,11.25,482.94932625,True,True,published provincial values converted at 2025 FX and held constant through 2060; sensitivity trajectories not yet applied,"An et al. (2025), Nature Communications 16, 2311, Supplementary Note 3 and Supplementary Table 2; doi:10.1038/s41467-025-57559-2",41.469,466.52625,PROPOSED_NOT_APPLIED,v2_deep_integrated_review
41,Henan,河南,2040,cchp,coal,42.928829,9.47,406.53601063,True,True,published provincial values converted at 2025 FX and held constant through 2060; sensitivity trajectories not yet applied,"An et al. (2025), Nature Communications 16, 2311, Supplementary Note 3 and Supplementary Table 2; doi:10.1038/s41467-025-57559-2",41.469,392.71143000000006,PROPOSED_NOT_APPLIED,v2_deep_integrated_review
41,Henan,河南,2040,cchpccs,coal,42.928829,11.25,482.94932625,True,True,published provincial values converted at 2025 FX and held constant through 2060; sensitivity trajectories not yet applied,"An et al. (2025), Nature Communications 16, 2311, Supplementary Note 3 and Supplementary Table 2; doi:10.1038/s41467-025-57559-2",41.469,466.52625,PROPOSED_NOT_APPLIED,v2_deep_integrated_review
41,Henan,河南,2040,gas,gas,71.071855,6.31,448.46340505,True,True,published provincial values converted at 2025 FX and held constant through 2060; sensitivity trajectories not yet applied,"An et al. (2025), Nature Communications 16, 2311, Supplementary Note 3 and Supplementary Table 2; doi:10.1038/s41467-025-57559-2",68.655,433.21305,PROPOSED_NOT_APPLIED,v2_deep_integrated_review
41,Henan,河南,2040,gasccs,gas,71.071855,7.83,556.49262465,True,True,published provincial values converted at 2025 FX and held constant through 2060; sensitivity trajectories not yet applied,"An et al. (2025), Nature Communications 16, 2311, Supplementary Note 3 and Supplementary Table 2; doi:10.1038/s41467-025-57559-2",68.655,537.56865,PROPOSED_NOT_APPLIED,v2_deep_integrated_review
41,Henan,河南,2040,gchp,gas,71.071855,6.31,448.46340505,True,True,published provincial values converted at 2025 FX and held constant through 2060; sensitivity trajectories not yet applied,"An et al. (2025), Nature Communications 16, 2311, Supplementary Note 3 and Supplementary Table 2; doi:10.1038/s41467-025-57559-2",68.655,433.21305,PROPOSED_NOT_APPLIED,v2_deep_integrated_review
41,Henan,河南,2040,gchpccs,gas,71.071855,7.83,556.49262465,True,True,published provincial values converted at 2025 FX and held constant through 2060; sensitivity trajectories not yet applied,"An et al. (2025), Nature Communications 16, 2311, Supplementary Note 3 and Supplementary Table 2; doi:10.1038/s41467-025-57559-2",68.655,537.56865,PROPOSED_NOT_APPLIED,v2_deep_integrated_review
41,Henan,河南,2040,bio,biomass,33.714488,9.0,303.430392,True,True,published provincial values converted at 2025 FX and held constant through 2060; sensitivity trajectories not yet applied,"An et al. (2025), Nature Communications 16, 2311, Supplementary Note 3 and Supplementary Table 2; doi:10.1038/s41467-025-57559-2",32.568,293.112,PROPOSED_NOT_APPLIED,v2_deep_integrated_review
41,Henan,河南,2040,bioccs,biomass,33.714488,10.3,347.2592264,True,True,published provincial values converted at 2025 FX and held constant through 2060; sensitivity trajectories not yet applied,"An et al. (2025), Nature Communications 16, 2311, Supplementary Note 3 and Supplementary Table 2; doi:10.1038/s41467-025-57559-2",32.568,335.4504,PROPOSED_NOT_APPLIED,v2_deep_integrated_review
41,Henan,河南,2050,coal,coal,42.928829,9.0,386.359461,True,True,published provincial values converted at 2025 FX and held constant through 2060; sensitivity trajectories not yet applied,"An et al. (2025), Nature Communications 16, 2311, Supplementary Note 3 and Supplementary Table 2; doi:10.1038/s41467-025-57559-2",41.469,373.221,PROPOSED_NOT_APPLIED,v2_deep_integrated_review
41,Henan,河南,2050,coalccs,coal,42.928829,11.25,482.94932625,True,True,published provincial values converted at 2025 FX and held constant through 2060; sensitivity trajectories not yet applied,"An et al. (2025), Nature Communications 16, 2311, Supplementary Note 3 and Supplementary Table 2; doi:10.1038/s41467-025-57559-2",41.469,466.52625,PROPOSED_NOT_APPLIED,v2_deep_integrated_review
41,Henan,河南,2050,cchp,coal,42.928829,9.47,406.53601063,True,True,published provincial values converted at 2025 FX and held constant through 2060; sensitivity trajectories not yet applied,"An et al. (2025), Nature Communications 16, 2311, Supplementary Note 3 and Supplementary Table 2; doi:10.1038/s41467-025-57559-2",41.469,392.71143000000006,PROPOSED_NOT_APPLIED,v2_deep_integrated_review
41,Henan,河南,2050,cchpccs,coal,42.928829,11.25,482.94932625,True,True,published provincial values converted at 2025 FX and held constant through 2060; sensitivity trajectories not yet applied,"An et al. (2025), Nature Communications 16, 2311, Supplementary Note 3 and Supplementary Table 2; doi:10.1038/s41467-025-57559-2",41.469,466.52625,PROPOSED_NOT_APPLIED,v2_deep_integrated_review
41,Henan,河南,2050,gas,gas,71.071855,6.31,448.46340505,True,True,published provincial values converted at 2025 FX and held constant through 2060; sensitivity trajectories not yet applied,"An et al. (2025), Nature Communications 16, 2311, Supplementary Note 3 and Supplementary Table 2; doi:10.1038/s41467-025-57559-2",68.655,433.21305,PROPOSED_NOT_APPLIED,v2_deep_integrated_review
41,Henan,河南,2050,gasccs,gas,71.071855,7.83,556.49262465,True,True,published provincial values converted at 2025 FX and held constant through 2060; sensitivity trajectories not yet applied,"An et al. (2025), Nature Communications 16, 2311, Supplementary Note 3 and Supplementary Table 2; doi:10.1038/s41467-025-57559-2",68.655,537.56865,PROPOSED_NOT_APPLIED,v2_deep_integrated_review
41,Henan,河南,2050,gchp,gas,71.071855,6.31,448.46340505,True,True,published provincial values converted at 2025 FX and held constant through 2060; sensitivity trajectories not yet applied,"An et al. (2025), Nature Communications 16, 2311, Supplementary Note 3 and Supplementary Table 2; doi:10.1038/s41467-025-57559-2",68.655,433.21305,PROPOSED_NOT_APPLIED,v2_deep_integrated_review
41,Henan,河南,2050,gchpccs,gas,71.071855,7.83,556.49262465,True,True,published provincial values converted at 2025 FX and held constant through 2060; sensitivity trajectories not yet applied,"An et al. (2025), Nature Communications 16, 2311, Supplementary Note 3 and Supplementary Table 2; doi:10.1038/s41467-025-57559-2",68.655,537.56865,PROPOSED_NOT_APPLIED,v2_deep_integrated_review
41,Henan,河南,2050,bio,biomass,33.714488,9.0,303.430392,True,True,published provincial values converted at 2025 FX and held constant through 2060; sensitivity trajectories not yet applied,"An et al. (2025), Nature Communications 16, 2311, Supplementary Note 3 and Supplementary Table 2; doi:10.1038/s41467-025-57559-2",32.568,293.112,PROPOSED_NOT_APPLIED,v2_deep_integrated_review
41,Henan,河南,2050,bioccs,biomass,33.714488,10.3,347.2592264,True,True,published provincial values converted at 2025 FX and held constant through 2060; sensitivity trajectories not yet applied,"An et al. (2025), Nature Communications 16, 2311, Supplementary Note 3 and Supplementary Table 2; doi:10.1038/s41467-025-57559-2",32.568,335.4504,PROPOSED_NOT_APPLIED,v2_deep_integrated_review
41,Henan,河南,2060,coal,coal,42.928829,9.0,386.359461,True,True,published provincial values converted at 2025 FX and held constant through 2060; sensitivity trajectories not yet applied,"An et al. (2025), Nature Communications 16, 2311, Supplementary Note 3 and Supplementary Table 2; doi:10.1038/s41467-025-57559-2",41.469,373.221,PROPOSED_NOT_APPLIED,v2_deep_integrated_review
41,Henan,河南,2060,coalccs,coal,42.928829,11.25,482.94932625,True,True,published provincial values converted at 2025 FX and held constant through 2060; sensitivity trajectories not yet applied,"An et al. (2025), Nature Communications 16, 2311, Supplementary Note 3 and Supplementary Table 2; doi:10.1038/s41467-025-57559-2",41.469,466.52625,PROPOSED_NOT_APPLIED,v2_deep_integrated_review
41,Henan,河南,2060,cchp,coal,42.928829,9.47,406.53601063,True,True,published provincial values converted at 2025 FX and held constant through 2060; sensitivity trajectories not yet applied,"An et al. (2025), Nature Communications 16, 2311, Supplementary Note 3 and Supplementary Table 2; doi:10.1038/s41467-025-57559-2",41.469,392.71143000000006,PROPOSED_NOT_APPLIED,v2_deep_integrated_review
41,Henan,河南,2060,cchpccs,coal,42.928829,11.25,482.94932625,True,True,published provincial values converted at 2025 FX and held constant through 2060; sensitivity trajectories not yet applied,"An et al. (2025), Nature Communications 16, 2311, Supplementary Note 3 and Supplementary Table 2; doi:10.1038/s41467-025-57559-2",41.469,466.52625,PROPOSED_NOT_APPLIED,v2_deep_integrated_review
41,Henan,河南,2060,gas,gas,71.071855,6.31,448.46340505,True,True,published provincial values converted at 2025 FX and held constant through 2060; sensitivity trajectories not yet applied,"An et al. (2025), Nature Communications 16, 2311, Supplementary Note 3 and Supplementary Table 2; doi:10.1038/s41467-025-57559-2",68.655,433.21305,PROPOSED_NOT_APPLIED,v2_deep_integrated_review
41,Henan,河南,2060,gasccs,gas,71.071855,7.83,556.49262465,True,True,published provincial values converted at 2025 FX and held constant through 2060; sensitivity trajectories not yet applied,"An et al. (2025), Nature Communications 16, 2311, Supplementary Note 3 and Supplementary Table 2; doi:10.1038/s41467-025-57559-2",68.655,537.56865,PROPOSED_NOT_APPLIED,v2_deep_integrated_review
41,Henan,河南,2060,gchp,gas,71.071855,6.31,448.46340505,True,True,published provincial values converted at 2025 FX and held constant through 2060; sensitivity trajectories not yet applied,"An et al. (2025), Nature Communications 16, 2311, Supplementary Note 3 and Supplementary Table 2; doi:10.1038/s41467-025-57559-2",68.655,433.21305,PROPOSED_NOT_APPLIED,v2_deep_integrated_review
41,Henan,河南,2060,gchpccs,gas,71.071855,7.83,556.49262465,True,True,published provincial values converted at 2025 FX and held constant through 2060; sensitivity trajectories not yet applied,"An et al. (2025), Nature Communications 16, 2311, Supplementary Note 3 and Supplementary Table 2; doi:10.1038/s41467-025-57559-2",68.655,537.56865,PROPOSED_NOT_APPLIED,v2_deep_integrated_review
41,Henan,河南,2060,bio,biomass,33.714488,9.0,303.430392,True,True,published provincial values converted at 2025 FX and held constant through 2060; sensitivity trajectories not yet applied,"An et al. (2025), Nature Communications 16, 2311, Supplementary Note 3 and Supplementary Table 2; doi:10.1038/s41467-025-57559-2",32.568,293.112,PROPOSED_NOT_APPLIED,v2_deep_integrated_review
41,Henan,河南,2060,bioccs,biomass,33.714488,10.3,347.2592264,True,True,published provincial values converted at 2025 FX and held constant through 2060; sensitivity trajectories not yet applied,"An et al. (2025), Nature Communications 16, 2311, Supplementary Note 3 and Supplementary Table 2; doi:10.1038/s41467-025-57559-2",32.568,335.4504,PROPOSED_NOT_APPLIED,v2_deep_integrated_review
42,Hubei,湖北,2025,coal,coal,47.14314,9.0,424.28826,True,False,published provincial values converted at 2025 FX and held constant through 2060; sensitivity trajectories not yet applied,"An et al. (2025), Nature Communications 16, 2311, Supplementary Note 3 and Supplementary Table 2; doi:10.1038/s41467-025-57559-2",45.54,409.86,PROPOSED_NOT_APPLIED,v2_deep_integrated_review
42,Hubei,湖北,2025,coalccs,coal,47.14314,11.25,530.360325,True,False,published provincial values converted at 2025 FX and held constant through 2060; sensitivity trajectories not yet applied,"An et al. (2025), Nature Communications 16, 2311, Supplementary Note 3 and Supplementary Table 2; doi:10.1038/s41467-025-57559-2",45.54,512.325,PROPOSED_NOT_APPLIED,v2_deep_integrated_review
42,Hubei,湖北,2025,cchp,coal,47.14314,9.47,446.4455358,True,False,published provincial values converted at 2025 FX and held constant through 2060; sensitivity trajectories not yet applied,"An et al. (2025), Nature Communications 16, 2311, Supplementary Note 3 and Supplementary Table 2; doi:10.1038/s41467-025-57559-2",45.54,431.2638,PROPOSED_NOT_APPLIED,v2_deep_integrated_review
42,Hubei,湖北,2025,cchpccs,coal,47.14314,11.25,530.360325,True,False,published provincial values converted at 2025 FX and held constant through 2060; sensitivity trajectories not yet applied,"An et al. (2025), Nature Communications 16, 2311, Supplementary Note 3 and Supplementary Table 2; doi:10.1038/s41467-025-57559-2",45.54,512.325,PROPOSED_NOT_APPLIED,v2_deep_integrated_review
42,Hubei,湖北,2025,gas,gas,69.78613299999999,6.31,440.3504992299999,True,False,published provincial values converted at 2025 FX and held constant through 2060; sensitivity trajectories not yet applied,"An et al. (2025), Nature Communications 16, 2311, Supplementary Note 3 and Supplementary Table 2; doi:10.1038/s41467-025-57559-2",67.413,425.37603,PROPOSED_NOT_APPLIED,v2_deep_integrated_review
42,Hubei,湖北,2025,gasccs,gas,69.78613299999999,7.83,546.42542139,True,False,published provincial values converted at 2025 FX and held constant through 2060; sensitivity trajectories not yet applied,"An et al. (2025), Nature Communications 16, 2311, Supplementary Note 3 and Supplementary Table 2; doi:10.1038/s41467-025-57559-2",67.413,527.84379,PROPOSED_NOT_APPLIED,v2_deep_integrated_review
42,Hubei,湖北,2025,gchp,gas,69.78613299999999,6.31,440.3504992299999,True,False,published provincial values converted at 2025 FX and held constant through 2060; sensitivity trajectories not yet applied,"An et al. (2025), Nature Communications 16, 2311, Supplementary Note 3 and Supplementary Table 2; doi:10.1038/s41467-025-57559-2",67.413,425.37603,PROPOSED_NOT_APPLIED,v2_deep_integrated_review
42,Hubei,湖北,2025,gchpccs,gas,69.78613299999999,7.83,546.42542139,True,False,published provincial values converted at 2025 FX and held constant through 2060; sensitivity trajectories not yet applied,"An et al. (2025), Nature Communications 16, 2311, Supplementary Note 3 and Supplementary Table 2; doi:10.1038/s41467-025-57559-2",67.413,527.84379,PROPOSED_NOT_APPLIED,v2_deep_integrated_review
42,Hubei,湖北,2025,bio,biomass,34.571636,9.0,311.144724,True,False,published provincial values converted at 2025 FX and held constant through 2060; sensitivity trajectories not yet applied,"An et al. (2025), Nature Communications 16, 2311, Supplementary Note 3 and Supplementary Table 2; doi:10.1038/s41467-025-57559-2",33.396,300.564,PROPOSED_NOT_APPLIED,v2_deep_integrated_review
42,Hubei,湖北,2025,bioccs,biomass,34.571636,10.3,356.0878508,True,False,published provincial values converted at 2025 FX and held constant through 2060; sensitivity trajectories not yet applied,"An et al. (2025), Nature Communications 16, 2311, Supplementary Note 3 and Supplementary Table 2; doi:10.1038/s41467-025-57559-2",33.396,343.97880000000004,PROPOSED_NOT_APPLIED,v2_deep_integrated_review
42,Hubei,湖北,2030,coal,coal,47.14314,9.0,424.28826,True,True,published provincial values converted at 2025 FX and held constant through 2060; sensitivity trajectories not yet applied,"An et al. (2025), Nature Communications 16, 2311, Supplementary Note 3 and Supplementary Table 2; doi:10.1038/s41467-025-57559-2",45.54,409.86,PROPOSED_NOT_APPLIED,v2_deep_integrated_review
42,Hubei,湖北,2030,coalccs,coal,47.14314,11.25,530.360325,True,True,published provincial values converted at 2025 FX and held constant through 2060; sensitivity trajectories not yet applied,"An et al. (2025), Nature Communications 16, 2311, Supplementary Note 3 and Supplementary Table 2; doi:10.1038/s41467-025-57559-2",45.54,512.325,PROPOSED_NOT_APPLIED,v2_deep_integrated_review
42,Hubei,湖北,2030,cchp,coal,47.14314,9.47,446.4455358,True,True,published provincial values converted at 2025 FX and held constant through 2060; sensitivity trajectories not yet applied,"An et al. (2025), Nature Communications 16, 2311, Supplementary Note 3 and Supplementary Table 2; doi:10.1038/s41467-025-57559-2",45.54,431.2638,PROPOSED_NOT_APPLIED,v2_deep_integrated_review
42,Hubei,湖北,2030,cchpccs,coal,47.14314,11.25,530.360325,True,True,published provincial values converted at 2025 FX and held constant through 2060; sensitivity trajectories not yet applied,"An et al. (2025), Nature Communications 16, 2311, Supplementary Note 3 and Supplementary Table 2; doi:10.1038/s41467-025-57559-2",45.54,512.325,PROPOSED_NOT_APPLIED,v2_deep_integrated_review
42,Hubei,湖北,2030,gas,gas,69.78613299999999,6.31,440.3504992299999,True,True,published provincial values converted at 2025 FX and held constant through 2060; sensitivity trajectories not yet applied,"An et al. (2025), Nature Communications 16, 2311, Supplementary Note 3 and Supplementary Table 2; doi:10.1038/s41467-025-57559-2",67.413,425.37603,PROPOSED_NOT_APPLIED,v2_deep_integrated_review
42,Hubei,湖北,2030,gasccs,gas,69.78613299999999,7.83,546.42542139,True,True,published provincial values converted at 2025 FX and held constant through 2060; sensitivity trajectories not yet applied,"An et al. (2025), Nature Communications 16, 2311, Supplementary Note 3 and Supplementary Table 2; doi:10.1038/s41467-025-57559-2",67.413,527.84379,PROPOSED_NOT_APPLIED,v2_deep_integrated_review
42,Hubei,湖北,2030,gchp,gas,69.78613299999999,6.31,440.3504992299999,True,True,published provincial values converted at 2025 FX and held constant through 2060; sensitivity trajectories not yet applied,"An et al. (2025), Nature Communications 16, 2311, Supplementary Note 3 and Supplementary Table 2; doi:10.1038/s41467-025-57559-2",67.413,425.37603,PROPOSED_NOT_APPLIED,v2_deep_integrated_review
42,Hubei,湖北,2030,gchpccs,gas,69.78613299999999,7.83,546.42542139,True,True,published provincial values converted at 2025 FX and held constant through 2060; sensitivity trajectories not yet applied,"An et al. (2025), Nature Communications 16, 2311, Supplementary Note 3 and Supplementary Table 2; doi:10.1038/s41467-025-57559-2",67.413,527.84379,PROPOSED_NOT_APPLIED,v2_deep_integrated_review
42,Hubei,湖北,2030,bio,biomass,34.571636,9.0,311.144724,True,True,published provincial values converted at 2025 FX and held constant through 2060; sensitivity trajectories not yet applied,"An et al. (2025), Nature Communications 16, 2311, Supplementary Note 3 and Supplementary Table 2; doi:10.1038/s41467-025-57559-2",33.396,300.564,PROPOSED_NOT_APPLIED,v2_deep_integrated_review
42,Hubei,湖北,2030,bioccs,biomass,34.571636,10.3,356.0878508,True,True,published provincial values converted at 2025 FX and held constant through 2060; sensitivity trajectories not yet applied,"An et al. (2025), Nature Communications 16, 2311, Supplementary Note 3 and Supplementary Table 2; doi:10.1038/s41467-025-57559-2",33.396,343.97880000000004,PROPOSED_NOT_APPLIED,v2_deep_integrated_review
42,Hubei,湖北,2040,coal,coal,47.14314,9.0,424.28826,True,True,published provincial values converted at 2025 FX and held constant through 2060; sensitivity trajectories not yet applied,"An et al. (2025), Nature Communications 16, 2311, Supplementary Note 3 and Supplementary Table 2; doi:10.1038/s41467-025-57559-2",45.54,409.86,PROPOSED_NOT_APPLIED,v2_deep_integrated_review
42,Hubei,湖北,2040,coalccs,coal,47.14314,11.25,530.360325,True,True,published provincial values converted at 2025 FX and held constant through 2060; sensitivity trajectories not yet applied,"An et al. (2025), Nature Communications 16, 2311, Supplementary Note 3 and Supplementary Table 2; doi:10.1038/s41467-025-57559-2",45.54,512.325,PROPOSED_NOT_APPLIED,v2_deep_integrated_review
42,Hubei,湖北,2040,cchp,coal,47.14314,9.47,446.4455358,True,True,published provincial values converted at 2025 FX and held constant through 2060; sensitivity trajectories not yet applied,"An et al. (2025), Nature Communications 16, 2311, Supplementary Note 3 and Supplementary Table 2; doi:10.1038/s41467-025-57559-2",45.54,431.2638,PROPOSED_NOT_APPLIED,v2_deep_integrated_review
42,Hubei,湖北,2040,cchpccs,coal,47.14314,11.25,530.360325,True,True,published provincial values converted at 2025 FX and held constant through 2060; sensitivity trajectories not yet applied,"An et al. (2025), Nature Communications 16, 2311, Supplementary Note 3 and Supplementary Table 2; doi:10.1038/s41467-025-57559-2",45.54,512.325,PROPOSED_NOT_APPLIED,v2_deep_integrated_review
42,Hubei,湖北,2040,gas,gas,69.78613299999999,6.31,440.3504992299999,True,True,published provincial values converted at 2025 FX and held constant through 2060; sensitivity trajectories not yet applied,"An et al. (2025), Nature Communications 16, 2311, Supplementary Note 3 and Supplementary Table 2; doi:10.1038/s41467-025-57559-2",67.413,425.37603,PROPOSED_NOT_APPLIED,v2_deep_integrated_review
42,Hubei,湖北,2040,gasccs,gas,69.78613299999999,7.83,546.42542139,True,True,published provincial values converted at 2025 FX and held constant through 2060; sensitivity trajectories not yet applied,"An et al. (2025), Nature Communications 16, 2311, Supplementary Note 3 and Supplementary Table 2; doi:10.1038/s41467-025-57559-2",67.413,527.84379,PROPOSED_NOT_APPLIED,v2_deep_integrated_review
42,Hubei,湖北,2040,gchp,gas,69.78613299999999,6.31,440.3504992299999,True,True,published provincial values converted at 2025 FX and held constant through 2060; sensitivity trajectories not yet applied,"An et al. (2025), Nature Communications 16, 2311, Supplementary Note 3 and Supplementary Table 2; doi:10.1038/s41467-025-57559-2",67.413,425.37603,PROPOSED_NOT_APPLIED,v2_deep_integrated_review
42,Hubei,湖北,2040,gchpccs,gas,69.78613299999999,7.83,546.42542139,True,True,published provincial values converted at 2025 FX and held constant through 2060; sensitivity trajectories not yet applied,"An et al. (2025), Nature Communications 16, 2311, Supplementary Note 3 and Supplementary Table 2; doi:10.1038/s41467-025-57559-2",67.413,527.84379,PROPOSED_NOT_APPLIED,v2_deep_integrated_review
42,Hubei,湖北,2040,bio,biomass,34.571636,9.0,311.144724,True,True,published provincial values converted at 2025 FX and held constant through 2060; sensitivity trajectories not yet applied,"An et al. (2025), Nature Communications 16, 2311, Supplementary Note 3 and Supplementary Table 2; doi:10.1038/s41467-025-57559-2",33.396,300.564,PROPOSED_NOT_APPLIED,v2_deep_integrated_review
42,Hubei,湖北,2040,bioccs,biomass,34.571636,10.3,356.0878508,True,True,published provincial values converted at 2025 FX and held constant through 2060; sensitivity trajectories not yet applied,"An et al. (2025), Nature Communications 16, 2311, Supplementary Note 3 and Supplementary Table 2; doi:10.1038/s41467-025-57559-2",33.396,343.97880000000004,PROPOSED_NOT_APPLIED,v2_deep_integrated_review
42,Hubei,湖北,2050,coal,coal,47.14314,9.0,424.28826,True,True,published provincial values converted at 2025 FX and held constant through 2060; sensitivity trajectories not yet applied,"An et al. (2025), Nature Communications 16, 2311, Supplementary Note 3 and Supplementary Table 2; doi:10.1038/s41467-025-57559-2",45.54,409.86,PROPOSED_NOT_APPLIED,v2_deep_integrated_review
42,Hubei,湖北,2050,coalccs,coal,47.14314,11.25,530.360325,True,True,published provincial values converted at 2025 FX and held constant through 2060; sensitivity trajectories not yet applied,"An et al. (2025), Nature Communications 16, 2311, Supplementary Note 3 and Supplementary Table 2; doi:10.1038/s41467-025-57559-2",45.54,512.325,PROPOSED_NOT_APPLIED,v2_deep_integrated_review
42,Hubei,湖北,2050,cchp,coal,47.14314,9.47,446.4455358,True,True,published provincial values converted at 2025 FX and held constant through 2060; sensitivity trajectories not yet applied,"An et al. (2025), Nature Communications 16, 2311, Supplementary Note 3 and Supplementary Table 2; doi:10.1038/s41467-025-57559-2",45.54,431.2638,PROPOSED_NOT_APPLIED,v2_deep_integrated_review
42,Hubei,湖北,2050,cchpccs,coal,47.14314,11.25,530.360325,True,True,published provincial values converted at 2025 FX and held constant through 2060; sensitivity trajectories not yet applied,"An et al. (2025), Nature Communications 16, 2311, Supplementary Note 3 and Supplementary Table 2; doi:10.1038/s41467-025-57559-2",45.54,512.325,PROPOSED_NOT_APPLIED,v2_deep_integrated_review
42,Hubei,湖北,2050,gas,gas,69.78613299999999,6.31,440.3504992299999,True,True,published provincial values converted at 2025 FX and held constant through 2060; sensitivity trajectories not yet applied,"An et al. (2025), Nature Communications 16, 2311, Supplementary Note 3 and Supplementary Table 2; doi:10.1038/s41467-025-57559-2",67.413,425.37603,PROPOSED_NOT_APPLIED,v2_deep_integrated_review
42,Hubei,湖北,2050,gasccs,gas,69.78613299999999,7.83,546.42542139,True,True,published provincial values converted at 2025 FX and held constant through 2060; sensitivity trajectories not yet applied,"An et al. (2025), Nature Communications 16, 2311, Supplementary Note 3 and Supplementary Table 2; doi:10.1038/s41467-025-57559-2",67.413,527.84379,PROPOSED_NOT_APPLIED,v2_deep_integrated_review
42,Hubei,湖北,2050,gchp,gas,69.78613299999999,6.31,440.3504992299999,True,True,published provincial values converted at 2025 FX and held constant through 2060; sensitivity trajectories not yet applied,"An et al. (2025), Nature Communications 16, 2311, Supplementary Note 3 and Supplementary Table 2; doi:10.1038/s41467-025-57559-2",67.413,425.37603,PROPOSED_NOT_APPLIED,v2_deep_integrated_review
42,Hubei,湖北,2050,gchpccs,gas,69.78613299999999,7.83,546.42542139,True,True,published provincial values converted at 2025 FX and held constant through 2060; sensitivity trajectories not yet applied,"An et al. (2025), Nature Communications 16, 2311, Supplementary Note 3 and Supplementary Table 2; doi:10.1038/s41467-025-57559-2",67.413,527.84379,PROPOSED_NOT_APPLIED,v2_deep_integrated_review
42,Hubei,湖北,2050,bio,biomass,34.571636,9.0,311.144724,True,True,published provincial values converted at 2025 FX and held constant through 2060; sensitivity trajectories not yet applied,"An et al. (2025), Nature Communications 16, 2311, Supplementary Note 3 and Supplementary Table 2; doi:10.1038/s41467-025-57559-2",33.396,300.564,PROPOSED_NOT_APPLIED,v2_deep_integrated_review
42,Hubei,湖北,2050,bioccs,biomass,34.571636,10.3,356.0878508,True,True,published provincial values converted at 2025 FX and held constant through 2060; sensitivity trajectories not yet applied,"An et al. (2025), Nature Communications 16, 2311, Supplementary Note 3 and Supplementary Table 2; doi:10.1038/s41467-025-57559-2",33.396,343.97880000000004,PROPOSED_NOT_APPLIED,v2_deep_integrated_review
42,Hubei,湖北,2060,coal,coal,47.14314,9.0,424.28826,True,True,published provincial values converted at 2025 FX and held constant through 2060; sensitivity trajectories not yet applied,"An et al. (2025), Nature Communications 16, 2311, Supplementary Note 3 and Supplementary Table 2; doi:10.1038/s41467-025-57559-2",45.54,409.86,PROPOSED_NOT_APPLIED,v2_deep_integrated_review
42,Hubei,湖北,2060,coalccs,coal,47.14314,11.25,530.360325,True,True,published provincial values converted at 2025 FX and held constant through 2060; sensitivity trajectories not yet applied,"An et al. (2025), Nature Communications 16, 2311, Supplementary Note 3 and Supplementary Table 2; doi:10.1038/s41467-025-57559-2",45.54,512.325,PROPOSED_NOT_APPLIED,v2_deep_integrated_review
42,Hubei,湖北,2060,cchp,coal,47.14314,9.47,446.4455358,True,True,published provincial values converted at 2025 FX and held constant through 2060; sensitivity trajectories not yet applied,"An et al. (2025), Nature Communications 16, 2311, Supplementary Note 3 and Supplementary Table 2; doi:10.1038/s41467-025-57559-2",45.54,431.2638,PROPOSED_NOT_APPLIED,v2_deep_integrated_review
42,Hubei,湖北,2060,cchpccs,coal,47.14314,11.25,530.360325,True,True,published provincial values converted at 2025 FX and held constant through 2060; sensitivity trajectories not yet applied,"An et al. (2025), Nature Communications 16, 2311, Supplementary Note 3 and Supplementary Table 2; doi:10.1038/s41467-025-57559-2",45.54,512.325,PROPOSED_NOT_APPLIED,v2_deep_integrated_review
42,Hubei,湖北,2060,gas,gas,69.78613299999999,6.31,440.3504992299999,True,True,published provincial values converted at 2025 FX and held constant through 2060; sensitivity trajectories not yet applied,"An et al. (2025), Nature Communications 16, 2311, Supplementary Note 3 and Supplementary Table 2; doi:10.1038/s41467-025-57559-2",67.413,425.37603,PROPOSED_NOT_APPLIED,v2_deep_integrated_review
42,Hubei,湖北,2060,gasccs,gas,69.78613299999999,7.83,546.42542139,True,True,published provincial values converted at 2025 FX and held constant through 2060; sensitivity trajectories not yet applied,"An et al. (2025), Nature Communications 16, 2311, Supplementary Note 3 and Supplementary Table 2; doi:10.1038/s41467-025-57559-2",67.413,527.84379,PROPOSED_NOT_APPLIED,v2_deep_integrated_review
42,Hubei,湖北,2060,gchp,gas,69.78613299999999,6.31,440.3504992299999,True,True,published provincial values converted at 2025 FX and held constant through 2060; sensitivity trajectories not yet applied,"An et al. (2025), Nature Communications 16, 2311, Supplementary Note 3 and Supplementary Table 2; doi:10.1038/s41467-025-57559-2",67.413,425.37603,PROPOSED_NOT_APPLIED,v2_deep_integrated_review
42,Hubei,湖北,2060,gchpccs,gas,69.78613299999999,7.83,546.42542139,True,True,published provincial values converted at 2025 FX and held constant through 2060; sensitivity trajectories not yet applied,"An et al. (2025), Nature Communications 16, 2311, Supplementary Note 3 and Supplementary Table 2; doi:10.1038/s41467-025-57559-2",67.413,527.84379,PROPOSED_NOT_APPLIED,v2_deep_integrated_review
42,Hubei,湖北,2060,bio,biomass,34.571636,9.0,311.144724,True,True,published provincial values converted at 2025 FX and held constant through 2060; sensitivity trajectories not yet applied,"An et al. (2025), Nature Communications 16, 2311, Supplementary Note 3 and Supplementary Table 2; doi:10.1038/s41467-025-57559-2",33.396,300.564,PROPOSED_NOT_APPLIED,v2_deep_integrated_review
42,Hubei,湖北,2060,bioccs,biomass,34.571636,10.3,356.0878508,True,True,published provincial values converted at 2025 FX and held constant through 2060; sensitivity trajectories not yet applied,"An et al. (2025), Nature Communications 16, 2311, Supplementary Note 3 and Supplementary Table 2; doi:10.1038/s41467-025-57559-2",33.396,343.97880000000004,PROPOSED_NOT_APPLIED,v2_deep_integrated_review
43,Hunan,湖南,2025,coal,coal,49.500297,9.0,445.502673,True,False,published provincial values converted at 2025 FX and held constant through 2060; sensitivity trajectories not yet applied,"An et al. (2025), Nature Communications 16, 2311, Supplementary Note 3 and Supplementary Table 2; doi:10.1038/s41467-025-57559-2",47.817,430.353,PROPOSED_NOT_APPLIED,v2_deep_integrated_review
43,Hunan,湖南,2025,coalccs,coal,49.500297,11.25,556.87834125,True,False,published provincial values converted at 2025 FX and held constant through 2060; sensitivity trajectories not yet applied,"An et al. (2025), Nature Communications 16, 2311, Supplementary Note 3 and Supplementary Table 2; doi:10.1038/s41467-025-57559-2",47.817,537.94125,PROPOSED_NOT_APPLIED,v2_deep_integrated_review
43,Hunan,湖南,2025,cchp,coal,49.500297,9.47,468.76781259,True,False,published provincial values converted at 2025 FX and held constant through 2060; sensitivity trajectories not yet applied,"An et al. (2025), Nature Communications 16, 2311, Supplementary Note 3 and Supplementary Table 2; doi:10.1038/s41467-025-57559-2",47.817,452.82699,PROPOSED_NOT_APPLIED,v2_deep_integrated_review
43,Hunan,湖南,2025,cchpccs,coal,49.500297,11.25,556.87834125,True,False,published provincial values converted at 2025 FX and held constant through 2060; sensitivity trajectories not yet applied,"An et al. (2025), Nature Communications 16, 2311, Supplementary Note 3 and Supplementary Table 2; doi:10.1038/s41467-025-57559-2",47.817,537.94125,PROPOSED_NOT_APPLIED,v2_deep_integrated_review
43,Hunan,湖南,2025,gas,gas,69.78613299999999,6.31,440.3504992299999,True,False,published provincial values converted at 2025 FX and held constant through 2060; sensitivity trajectories not yet applied,"An et al. (2025), Nature Communications 16, 2311, Supplementary Note 3 and Supplementary Table 2; doi:10.1038/s41467-025-57559-2",67.413,425.37603,PROPOSED_NOT_APPLIED,v2_deep_integrated_review
43,Hunan,湖南,2025,gasccs,gas,69.78613299999999,7.83,546.42542139,True,False,published provincial values converted at 2025 FX and held constant through 2060; sensitivity trajectories not yet applied,"An et al. (2025), Nature Communications 16, 2311, Supplementary Note 3 and Supplementary Table 2; doi:10.1038/s41467-025-57559-2",67.413,527.84379,PROPOSED_NOT_APPLIED,v2_deep_integrated_review
43,Hunan,湖南,2025,gchp,gas,69.78613299999999,6.31,440.3504992299999,True,False,published provincial values converted at 2025 FX and held constant through 2060; sensitivity trajectories not yet applied,"An et al. (2025), Nature Communications 16, 2311, Supplementary Note 3 and Supplementary Table 2; doi:10.1038/s41467-025-57559-2",67.413,425.37603,PROPOSED_NOT_APPLIED,v2_deep_integrated_review
43,Hunan,湖南,2025,gchpccs,gas,69.78613299999999,7.83,546.42542139,True,False,published provincial values converted at 2025 FX and held constant through 2060; sensitivity trajectories not yet applied,"An et al. (2025), Nature Communications 16, 2311, Supplementary Note 3 and Supplementary Table 2; doi:10.1038/s41467-025-57559-2",67.413,527.84379,PROPOSED_NOT_APPLIED,v2_deep_integrated_review
43,Hunan,湖南,2025,bio,biomass,34.000204,9.0,306.001836,True,False,published provincial values converted at 2025 FX and held constant through 2060; sensitivity trajectories not yet applied,"An et al. (2025), Nature Communications 16, 2311, Supplementary Note 3 and Supplementary Table 2; doi:10.1038/s41467-025-57559-2",32.844,295.596,PROPOSED_NOT_APPLIED,v2_deep_integrated_review
43,Hunan,湖南,2025,bioccs,biomass,34.000204,10.3,350.2021012,True,False,published provincial values converted at 2025 FX and held constant through 2060; sensitivity trajectories not yet applied,"An et al. (2025), Nature Communications 16, 2311, Supplementary Note 3 and Supplementary Table 2; doi:10.1038/s41467-025-57559-2",32.844,338.2932,PROPOSED_NOT_APPLIED,v2_deep_integrated_review
43,Hunan,湖南,2030,coal,coal,49.500297,9.0,445.502673,True,True,published provincial values converted at 2025 FX and held constant through 2060; sensitivity trajectories not yet applied,"An et al. (2025), Nature Communications 16, 2311, Supplementary Note 3 and Supplementary Table 2; doi:10.1038/s41467-025-57559-2",47.817,430.353,PROPOSED_NOT_APPLIED,v2_deep_integrated_review
43,Hunan,湖南,2030,coalccs,coal,49.500297,11.25,556.87834125,True,True,published provincial values converted at 2025 FX and held constant through 2060; sensitivity trajectories not yet applied,"An et al. (2025), Nature Communications 16, 2311, Supplementary Note 3 and Supplementary Table 2; doi:10.1038/s41467-025-57559-2",47.817,537.94125,PROPOSED_NOT_APPLIED,v2_deep_integrated_review
43,Hunan,湖南,2030,cchp,coal,49.500297,9.47,468.76781259,True,True,published provincial values converted at 2025 FX and held constant through 2060; sensitivity trajectories not yet applied,"An et al. (2025), Nature Communications 16, 2311, Supplementary Note 3 and Supplementary Table 2; doi:10.1038/s41467-025-57559-2",47.817,452.82699,PROPOSED_NOT_APPLIED,v2_deep_integrated_review
43,Hunan,湖南,2030,cchpccs,coal,49.500297,11.25,556.87834125,True,True,published provincial values converted at 2025 FX and held constant through 2060; sensitivity trajectories not yet applied,"An et al. (2025), Nature Communications 16, 2311, Supplementary Note 3 and Supplementary Table 2; doi:10.1038/s41467-025-57559-2",47.817,537.94125,PROPOSED_NOT_APPLIED,v2_deep_integrated_review
43,Hunan,湖南,2030,gas,gas,69.78613299999999,6.31,440.3504992299999,True,True,published provincial values converted at 2025 FX and held constant through 2060; sensitivity trajectories not yet applied,"An et al. (2025), Nature Communications 16, 2311, Supplementary Note 3 and Supplementary Table 2; doi:10.1038/s41467-025-57559-2",67.413,425.37603,PROPOSED_NOT_APPLIED,v2_deep_integrated_review
43,Hunan,湖南,2030,gasccs,gas,69.78613299999999,7.83,546.42542139,True,True,published provincial values converted at 2025 FX and held constant through 2060; sensitivity trajectories not yet applied,"An et al. (2025), Nature Communications 16, 2311, Supplementary Note 3 and Supplementary Table 2; doi:10.1038/s41467-025-57559-2",67.413,527.84379,PROPOSED_NOT_APPLIED,v2_deep_integrated_review
43,Hunan,湖南,2030,gchp,gas,69.78613299999999,6.31,440.3504992299999,True,True,published provincial values converted at 2025 FX and held constant through 2060; sensitivity trajectories not yet applied,"An et al. (2025), Nature Communications 16, 2311, Supplementary Note 3 and Supplementary Table 2; doi:10.1038/s41467-025-57559-2",67.413,425.37603,PROPOSED_NOT_APPLIED,v2_deep_integrated_review
43,Hunan,湖南,2030,gchpccs,gas,69.78613299999999,7.83,546.42542139,True,True,published provincial values converted at 2025 FX and held constant through 2060; sensitivity trajectories not yet applied,"An et al. (2025), Nature Communications 16, 2311, Supplementary Note 3 and Supplementary Table 2; doi:10.1038/s41467-025-57559-2",67.413,527.84379,PROPOSED_NOT_APPLIED,v2_deep_integrated_review
43,Hunan,湖南,2030,bio,biomass,34.000204,9.0,306.001836,True,True,published provincial values converted at 2025 FX and held constant through 2060; sensitivity trajectories not yet applied,"An et al. (2025), Nature Communications 16, 2311, Supplementary Note 3 and Supplementary Table 2; doi:10.1038/s41467-025-57559-2",32.844,295.596,PROPOSED_NOT_APPLIED,v2_deep_integrated_review
43,Hunan,湖南,2030,bioccs,biomass,34.000204,10.3,350.2021012,True,True,published provincial values converted at 2025 FX and held constant through 2060; sensitivity trajectories not yet applied,"An et al. (2025), Nature Communications 16, 2311, Supplementary Note 3 and Supplementary Table 2; doi:10.1038/s41467-025-57559-2",32.844,338.2932,PROPOSED_NOT_APPLIED,v2_deep_integrated_review
43,Hunan,湖南,2040,coal,coal,49.500297,9.0,445.502673,True,True,published provincial values converted at 2025 FX and held constant through 2060; sensitivity trajectories not yet applied,"An et al. (2025), Nature Communications 16, 2311, Supplementary Note 3 and Supplementary Table 2; doi:10.1038/s41467-025-57559-2",47.817,430.353,PROPOSED_NOT_APPLIED,v2_deep_integrated_review
43,Hunan,湖南,2040,coalccs,coal,49.500297,11.25,556.87834125,True,True,published provincial values converted at 2025 FX and held constant through 2060; sensitivity trajectories not yet applied,"An et al. (2025), Nature Communications 16, 2311, Supplementary Note 3 and Supplementary Table 2; doi:10.1038/s41467-025-57559-2",47.817,537.94125,PROPOSED_NOT_APPLIED,v2_deep_integrated_review
43,Hunan,湖南,2040,cchp,coal,49.500297,9.47,468.76781259,True,True,published provincial values converted at 2025 FX and held constant through 2060; sensitivity trajectories not yet applied,"An et al. (2025), Nature Communications 16, 2311, Supplementary Note 3 and Supplementary Table 2; doi:10.1038/s41467-025-57559-2",47.817,452.82699,PROPOSED_NOT_APPLIED,v2_deep_integrated_review
43,Hunan,湖南,2040,cchpccs,coal,49.500297,11.25,556.87834125,True,True,published provincial values converted at 2025 FX and held constant through 2060; sensitivity trajectories not yet applied,"An et al. (2025), Nature Communications 16, 2311, Supplementary Note 3 and Supplementary Table 2; doi:10.1038/s41467-025-57559-2",47.817,537.94125,PROPOSED_NOT_APPLIED,v2_deep_integrated_review
43,Hunan,湖南,2040,gas,gas,69.78613299999999,6.31,440.3504992299999,True,True,published provincial values converted at 2025 FX and held constant through 2060; sensitivity trajectories not yet applied,"An et al. (2025), Nature Communications 16, 2311, Supplementary Note 3 and Supplementary Table 2; doi:10.1038/s41467-025-57559-2",67.413,425.37603,PROPOSED_NOT_APPLIED,v2_deep_integrated_review
43,Hunan,湖南,2040,gasccs,gas,69.78613299999999,7.83,546.42542139,True,True,published provincial values converted at 2025 FX and held constant through 2060; sensitivity trajectories not yet applied,"An et al. (2025), Nature Communications 16, 2311, Supplementary Note 3 and Supplementary Table 2; doi:10.1038/s41467-025-57559-2",67.413,527.84379,PROPOSED_NOT_APPLIED,v2_deep_integrated_review
43,Hunan,湖南,2040,gchp,gas,69.78613299999999,6.31,440.3504992299999,True,True,published provincial values converted at 2025 FX and held constant through 2060; sensitivity trajectories not yet applied,"An et al. (2025), Nature Communications 16, 2311, Supplementary Note 3 and Supplementary Table 2; doi:10.1038/s41467-025-57559-2",67.413,425.37603,PROPOSED_NOT_APPLIED,v2_deep_integrated_review
43,Hunan,湖南,2040,gchpccs,gas,69.78613299999999,7.83,546.42542139,True,True,published provincial values converted at 2025 FX and held constant through 2060; sensitivity trajectories not yet applied,"An et al. (2025), Nature Communications 16, 2311, Supplementary Note 3 and Supplementary Table 2; doi:10.1038/s41467-025-57559-2",67.413,527.84379,PROPOSED_NOT_APPLIED,v2_deep_integrated_review
43,Hunan,湖南,2040,bio,biomass,34.000204,9.0,306.001836,True,True,published provincial values converted at 2025 FX and held constant through 2060; sensitivity trajectories not yet applied,"An et al. (2025), Nature Communications 16, 2311, Supplementary Note 3 and Supplementary Table 2; doi:10.1038/s41467-025-57559-2",32.844,295.596,PROPOSED_NOT_APPLIED,v2_deep_integrated_review
43,Hunan,湖南,2040,bioccs,biomass,34.000204,10.3,350.2021012,True,True,published provincial values converted at 2025 FX and held constant through 2060; sensitivity trajectories not yet applied,"An et al. (2025), Nature Communications 16, 2311, Supplementary Note 3 and Supplementary Table 2; doi:10.1038/s41467-025-57559-2",32.844,338.2932,PROPOSED_NOT_APPLIED,v2_deep_integrated_review
43,Hunan,湖南,2050,coal,coal,49.500297,9.0,445.502673,True,True,published provincial values converted at 2025 FX and held constant through 2060; sensitivity trajectories not yet applied,"An et al. (2025), Nature Communications 16, 2311, Supplementary Note 3 and Supplementary Table 2; doi:10.1038/s41467-025-57559-2",47.817,430.353,PROPOSED_NOT_APPLIED,v2_deep_integrated_review
43,Hunan,湖南,2050,coalccs,coal,49.500297,11.25,556.87834125,True,True,published provincial values converted at 2025 FX and held constant through 2060; sensitivity trajectories not yet applied,"An et al. (2025), Nature Communications 16, 2311, Supplementary Note 3 and Supplementary Table 2; doi:10.1038/s41467-025-57559-2",47.817,537.94125,PROPOSED_NOT_APPLIED,v2_deep_integrated_review
43,Hunan,湖南,2050,cchp,coal,49.500297,9.47,468.76781259,True,True,published provincial values converted at 2025 FX and held constant through 2060; sensitivity trajectories not yet applied,"An et al. (2025), Nature Communications 16, 2311, Supplementary Note 3 and Supplementary Table 2; doi:10.1038/s41467-025-57559-2",47.817,452.82699,PROPOSED_NOT_APPLIED,v2_deep_integrated_review
43,Hunan,湖南,2050,cchpccs,coal,49.500297,11.25,556.87834125,True,True,published provincial values converted at 2025 FX and held constant through 2060; sensitivity trajectories not yet applied,"An et al. (2025), Nature Communications 16, 2311, Supplementary Note 3 and Supplementary Table 2; doi:10.1038/s41467-025-57559-2",47.817,537.94125,PROPOSED_NOT_APPLIED,v2_deep_integrated_review
43,Hunan,湖南,2050,gas,gas,69.78613299999999,6.31,440.3504992299999,True,True,published provincial values converted at 2025 FX and held constant through 2060; sensitivity trajectories not yet applied,"An et al. (2025), Nature Communications 16, 2311, Supplementary Note 3 and Supplementary Table 2; doi:10.1038/s41467-025-57559-2",67.413,425.37603,PROPOSED_NOT_APPLIED,v2_deep_integrated_review
43,Hunan,湖南,2050,gasccs,gas,69.78613299999999,7.83,546.42542139,True,True,published provincial values converted at 2025 FX and held constant through 2060; sensitivity trajectories not yet applied,"An et al. (2025), Nature Communications 16, 2311, Supplementary Note 3 and Supplementary Table 2; doi:10.1038/s41467-025-57559-2",67.413,527.84379,PROPOSED_NOT_APPLIED,v2_deep_integrated_review
43,Hunan,湖南,2050,gchp,gas,69.78613299999999,6.31,440.3504992299999,True,True,published provincial values converted at 2025 FX and held constant through 2060; sensitivity trajectories not yet applied,"An et al. (2025), Nature Communications 16, 2311, Supplementary Note 3 and Supplementary Table 2; doi:10.1038/s41467-025-57559-2",67.413,425.37603,PROPOSED_NOT_APPLIED,v2_deep_integrated_review
43,Hunan,湖南,2050,gchpccs,gas,69.78613299999999,7.83,546.42542139,True,True,published provincial values converted at 2025 FX and held constant through 2060; sensitivity trajectories not yet applied,"An et al. (2025), Nature Communications 16, 2311, Supplementary Note 3 and Supplementary Table 2; doi:10.1038/s41467-025-57559-2",67.413,527.84379,PROPOSED_NOT_APPLIED,v2_deep_integrated_review
43,Hunan,湖南,2050,bio,biomass,34.000204,9.0,306.001836,True,True,published provincial values converted at 2025 FX and held constant through 2060; sensitivity trajectories not yet applied,"An et al. (2025), Nature Communications 16, 2311, Supplementary Note 3 and Supplementary Table 2; doi:10.1038/s41467-025-57559-2",32.844,295.596,PROPOSED_NOT_APPLIED,v2_deep_integrated_review
43,Hunan,湖南,2050,bioccs,biomass,34.000204,10.3,350.2021012,True,True,published provincial values converted at 2025 FX and held constant through 2060; sensitivity trajectories not yet applied,"An et al. (2025), Nature Communications 16, 2311, Supplementary Note 3 and Supplementary Table 2; doi:10.1038/s41467-025-57559-2",32.844,338.2932,PROPOSED_NOT_APPLIED,v2_deep_integrated_review
43,Hunan,湖南,2060,coal,coal,49.500297,9.0,445.502673,True,True,published provincial values converted at 2025 FX and held constant through 2060; sensitivity trajectories not yet applied,"An et al. (2025), Nature Communications 16, 2311, Supplementary Note 3 and Supplementary Table 2; doi:10.1038/s41467-025-57559-2",47.817,430.353,PROPOSED_NOT_APPLIED,v2_deep_integrated_review
43,Hunan,湖南,2060,coalccs,coal,49.500297,11.25,556.87834125,True,True,published provincial values converted at 2025 FX and held constant through 2060; sensitivity trajectories not yet applied,"An et al. (2025), Nature Communications 16, 2311, Supplementary Note 3 and Supplementary Table 2; doi:10.1038/s41467-025-57559-2",47.817,537.94125,PROPOSED_NOT_APPLIED,v2_deep_integrated_review
43,Hunan,湖南,2060,cchp,coal,49.500297,9.47,468.76781259,True,True,published provincial values converted at 2025 FX and held constant through 2060; sensitivity trajectories not yet applied,"An et al. (2025), Nature Communications 16, 2311, Supplementary Note 3 and Supplementary Table 2; doi:10.1038/s41467-025-57559-2",47.817,452.82699,PROPOSED_NOT_APPLIED,v2_deep_integrated_review
43,Hunan,湖南,2060,cchpccs,coal,49.500297,11.25,556.87834125,True,True,published provincial values converted at 2025 FX and held constant through 2060; sensitivity trajectories not yet applied,"An et al. (2025), Nature Communications 16, 2311, Supplementary Note 3 and Supplementary Table 2; doi:10.1038/s41467-025-57559-2",47.817,537.94125,PROPOSED_NOT_APPLIED,v2_deep_integrated_review
43,Hunan,湖南,2060,gas,gas,69.78613299999999,6.31,440.3504992299999,True,True,published provincial values converted at 2025 FX and held constant through 2060; sensitivity trajectories not yet applied,"An et al. (2025), Nature Communications 16, 2311, Supplementary Note 3 and Supplementary Table 2; doi:10.1038/s41467-025-57559-2",67.413,425.37603,PROPOSED_NOT_APPLIED,v2_deep_integrated_review
43,Hunan,湖南,2060,gasccs,gas,69.78613299999999,7.83,546.42542139,True,True,published provincial values converted at 2025 FX and held constant through 2060; sensitivity trajectories not yet applied,"An et al. (2025), Nature Communications 16, 2311, Supplementary Note 3 and Supplementary Table 2; doi:10.1038/s41467-025-57559-2",67.413,527.84379,PROPOSED_NOT_APPLIED,v2_deep_integrated_review
43,Hunan,湖南,2060,gchp,gas,69.78613299999999,6.31,440.3504992299999,True,True,published provincial values converted at 2025 FX and held constant through 2060; sensitivity trajectories not yet applied,"An et al. (2025), Nature Communications 16, 2311, Supplementary Note 3 and Supplementary Table 2; doi:10.1038/s41467-025-57559-2",67.413,425.37603,PROPOSED_NOT_APPLIED,v2_deep_integrated_review
43,Hunan,湖南,2060,gchpccs,gas,69.78613299999999,7.83,546.42542139,True,True,published provincial values converted at 2025 FX and held constant through 2060; sensitivity trajectories not yet applied,"An et al. (2025), Nature Communications 16, 2311, Supplementary Note 3 and Supplementary Table 2; doi:10.1038/s41467-025-57559-2",67.413,527.84379,PROPOSED_NOT_APPLIED,v2_deep_integrated_review
43,Hunan,湖南,2060,bio,biomass,34.000204,9.0,306.001836,True,True,published provincial values converted at 2025 FX and held constant through 2060; sensitivity trajectories not yet applied,"An et al. (2025), Nature Communications 16, 2311, Supplementary Note 3 and Supplementary Table 2; doi:10.1038/s41467-025-57559-2",32.844,295.596,PROPOSED_NOT_APPLIED,v2_deep_integrated_review
43,Hunan,湖南,2060,bioccs,biomass,34.000204,10.3,350.2021012,True,True,published provincial values converted at 2025 FX and held constant through 2060; sensitivity trajectories not yet applied,"An et al. (2025), Nature Communications 16, 2311, Supplementary Note 3 and Supplementary Table 2; doi:10.1038/s41467-025-57559-2",32.844,338.2932,PROPOSED_NOT_APPLIED,v2_deep_integrated_review
44,Guangdong,广东,2025,coal,coal,42.357397,9.0,381.216573,True,False,published provincial values converted at 2025 FX and held constant through 2060; sensitivity trajectories not yet applied,"An et al. (2025), Nature Communications 16, 2311, Supplementary Note 3 and Supplementary Table 2; doi:10.1038/s41467-025-57559-2",40.917,368.253,PROPOSED_NOT_APPLIED,v2_deep_integrated_review
44,Guangdong,广东,2025,coalccs,coal,42.357397,11.25,476.52071625,True,False,published provincial values converted at 2025 FX and held constant through 2060; sensitivity trajectories not yet applied,"An et al. (2025), Nature Communications 16, 2311, Supplementary Note 3 and Supplementary Table 2; doi:10.1038/s41467-025-57559-2",40.917,460.31625,PROPOSED_NOT_APPLIED,v2_deep_integrated_review
44,Guangdong,广东,2025,cchp,coal,42.357397,9.47,401.12454959,True,False,published provincial values converted at 2025 FX and held constant through 2060; sensitivity trajectories not yet applied,"An et al. (2025), Nature Communications 16, 2311, Supplementary Note 3 and Supplementary Table 2; doi:10.1038/s41467-025-57559-2",40.917,387.48399000000006,PROPOSED_NOT_APPLIED,v2_deep_integrated_review
44,Guangdong,广东,2025,cchpccs,coal,42.357397,11.25,476.52071625,True,False,published provincial values converted at 2025 FX and held constant through 2060; sensitivity trajectories not yet applied,"An et al. (2025), Nature Communications 16, 2311, Supplementary Note 3 and Supplementary Table 2; doi:10.1038/s41467-025-57559-2",40.917,460.31625,PROPOSED_NOT_APPLIED,v2_deep_integrated_review
44,Guangdong,广东,2025,gas,gas,75.571882,6.31,476.85857542,True,False,published provincial values converted at 2025 FX and held constant through 2060; sensitivity trajectories not yet applied,"An et al. (2025), Nature Communications 16, 2311, Supplementary Note 3 and Supplementary Table 2; doi:10.1038/s41467-025-57559-2",73.00200000000001,460.64262,PROPOSED_NOT_APPLIED,v2_deep_integrated_review
44,Guangdong,广东,2025,gasccs,gas,75.571882,7.83,591.7278360600001,True,False,published provincial values converted at 2025 FX and held constant through 2060; sensitivity trajectories not yet applied,"An et al. (2025), Nature Communications 16, 2311, Supplementary Note 3 and Supplementary Table 2; doi:10.1038/s41467-025-57559-2",73.00200000000001,571.6056600000001,PROPOSED_NOT_APPLIED,v2_deep_integrated_review
44,Guangdong,广东,2025,gchp,gas,75.571882,6.31,476.85857542,True,False,published provincial values converted at 2025 FX and held constant through 2060; sensitivity trajectories not yet applied,"An et al. (2025), Nature Communications 16, 2311, Supplementary Note 3 and Supplementary Table 2; doi:10.1038/s41467-025-57559-2",73.00200000000001,460.64262,PROPOSED_NOT_APPLIED,v2_deep_integrated_review
44,Guangdong,广东,2025,gchpccs,gas,75.571882,7.83,591.7278360600001,True,False,published provincial values converted at 2025 FX and held constant through 2060; sensitivity trajectories not yet applied,"An et al. (2025), Nature Communications 16, 2311, Supplementary Note 3 and Supplementary Table 2; doi:10.1038/s41467-025-57559-2",73.00200000000001,571.6056600000001,PROPOSED_NOT_APPLIED,v2_deep_integrated_review
44,Guangdong,广东,2025,bio,biomass,36.500219,9.0,328.501971,True,False,published provincial values converted at 2025 FX and held constant through 2060; sensitivity trajectories not yet applied,"An et al. (2025), Nature Communications 16, 2311, Supplementary Note 3 and Supplementary Table 2; doi:10.1038/s41467-025-57559-2",35.25900000000001,317.3310000000001,PROPOSED_NOT_APPLIED,v2_deep_integrated_review
44,Guangdong,广东,2025,bioccs,biomass,36.500219,10.3,375.9522557,True,False,published provincial values converted at 2025 FX and held constant through 2060; sensitivity trajectories not yet applied,"An et al. (2025), Nature Communications 16, 2311, Supplementary Note 3 and Supplementary Table 2; doi:10.1038/s41467-025-57559-2",35.25900000000001,363.1677000000001,PROPOSED_NOT_APPLIED,v2_deep_integrated_review
44,Guangdong,广东,2030,coal,coal,42.357397,9.0,381.216573,True,True,published provincial values converted at 2025 FX and held constant through 2060; sensitivity trajectories not yet applied,"An et al. (2025), Nature Communications 16, 2311, Supplementary Note 3 and Supplementary Table 2; doi:10.1038/s41467-025-57559-2",40.917,368.253,PROPOSED_NOT_APPLIED,v2_deep_integrated_review
44,Guangdong,广东,2030,coalccs,coal,42.357397,11.25,476.52071625,True,True,published provincial values converted at 2025 FX and held constant through 2060; sensitivity trajectories not yet applied,"An et al. (2025), Nature Communications 16, 2311, Supplementary Note 3 and Supplementary Table 2; doi:10.1038/s41467-025-57559-2",40.917,460.31625,PROPOSED_NOT_APPLIED,v2_deep_integrated_review
44,Guangdong,广东,2030,cchp,coal,42.357397,9.47,401.12454959,True,True,published provincial values converted at 2025 FX and held constant through 2060; sensitivity trajectories not yet applied,"An et al. (2025), Nature Communications 16, 2311, Supplementary Note 3 and Supplementary Table 2; doi:10.1038/s41467-025-57559-2",40.917,387.48399000000006,PROPOSED_NOT_APPLIED,v2_deep_integrated_review
44,Guangdong,广东,2030,cchpccs,coal,42.357397,11.25,476.52071625,True,True,published provincial values converted at 2025 FX and held constant through 2060; sensitivity trajectories not yet applied,"An et al. (2025), Nature Communications 16, 2311, Supplementary Note 3 and Supplementary Table 2; doi:10.1038/s41467-025-57559-2",40.917,460.31625,PROPOSED_NOT_APPLIED,v2_deep_integrated_review
44,Guangdong,广东,2030,gas,gas,75.571882,6.31,476.85857542,True,True,published provincial values converted at 2025 FX and held constant through 2060; sensitivity trajectories not yet applied,"An et al. (2025), Nature Communications 16, 2311, Supplementary Note 3 and Supplementary Table 2; doi:10.1038/s41467-025-57559-2",73.00200000000001,460.64262,PROPOSED_NOT_APPLIED,v2_deep_integrated_review
44,Guangdong,广东,2030,gasccs,gas,75.571882,7.83,591.7278360600001,True,True,published provincial values converted at 2025 FX and held constant through 2060; sensitivity trajectories not yet applied,"An et al. (2025), Nature Communications 16, 2311, Supplementary Note 3 and Supplementary Table 2; doi:10.1038/s41467-025-57559-2",73.00200000000001,571.6056600000001,PROPOSED_NOT_APPLIED,v2_deep_integrated_review
44,Guangdong,广东,2030,gchp,gas,75.571882,6.31,476.85857542,True,True,published provincial values converted at 2025 FX and held constant through 2060; sensitivity trajectories not yet applied,"An et al. (2025), Nature Communications 16, 2311, Supplementary Note 3 and Supplementary Table 2; doi:10.1038/s41467-025-57559-2",73.00200000000001,460.64262,PROPOSED_NOT_APPLIED,v2_deep_integrated_review
44,Guangdong,广东,2030,gchpccs,gas,75.571882,7.83,591.7278360600001,True,True,published provincial values converted at 2025 FX and held constant through 2060; sensitivity trajectories not yet applied,"An et al. (2025), Nature Communications 16, 2311, Supplementary Note 3 and Supplementary Table 2; doi:10.1038/s41467-025-57559-2",73.00200000000001,571.6056600000001,PROPOSED_NOT_APPLIED,v2_deep_integrated_review
44,Guangdong,广东,2030,bio,biomass,36.500219,9.0,328.501971,True,True,published provincial values converted at 2025 FX and held constant through 2060; sensitivity trajectories not yet applied,"An et al. (2025), Nature Communications 16, 2311, Supplementary Note 3 and Supplementary Table 2; doi:10.1038/s41467-025-57559-2",35.25900000000001,317.3310000000001,PROPOSED_NOT_APPLIED,v2_deep_integrated_review
44,Guangdong,广东,2030,bioccs,biomass,36.500219,10.3,375.9522557,True,True,published provincial values converted at 2025 FX and held constant through 2060; sensitivity trajectories not yet applied,"An et al. (2025), Nature Communications 16, 2311, Supplementary Note 3 and Supplementary Table 2; doi:10.1038/s41467-025-57559-2",35.25900000000001,363.1677000000001,PROPOSED_NOT_APPLIED,v2_deep_integrated_review
44,Guangdong,广东,2040,coal,coal,42.357397,9.0,381.216573,True,True,published provincial values converted at 2025 FX and held constant through 2060; sensitivity trajectories not yet applied,"An et al. (2025), Nature Communications 16, 2311, Supplementary Note 3 and Supplementary Table 2; doi:10.1038/s41467-025-57559-2",40.917,368.253,PROPOSED_NOT_APPLIED,v2_deep_integrated_review
44,Guangdong,广东,2040,coalccs,coal,42.357397,11.25,476.52071625,True,True,published provincial values converted at 2025 FX and held constant through 2060; sensitivity trajectories not yet applied,"An et al. (2025), Nature Communications 16, 2311, Supplementary Note 3 and Supplementary Table 2; doi:10.1038/s41467-025-57559-2",40.917,460.31625,PROPOSED_NOT_APPLIED,v2_deep_integrated_review
44,Guangdong,广东,2040,cchp,coal,42.357397,9.47,401.12454959,True,True,published provincial values converted at 2025 FX and held constant through 2060; sensitivity trajectories not yet applied,"An et al. (2025), Nature Communications 16, 2311, Supplementary Note 3 and Supplementary Table 2; doi:10.1038/s41467-025-57559-2",40.917,387.48399000000006,PROPOSED_NOT_APPLIED,v2_deep_integrated_review
44,Guangdong,广东,2040,cchpccs,coal,42.357397,11.25,476.52071625,True,True,published provincial values converted at 2025 FX and held constant through 2060; sensitivity trajectories not yet applied,"An et al. (2025), Nature Communications 16, 2311, Supplementary Note 3 and Supplementary Table 2; doi:10.1038/s41467-025-57559-2",40.917,460.31625,PROPOSED_NOT_APPLIED,v2_deep_integrated_review
44,Guangdong,广东,2040,gas,gas,75.571882,6.31,476.85857542,True,True,published provincial values converted at 2025 FX and held constant through 2060; sensitivity trajectories not yet applied,"An et al. (2025), Nature Communications 16, 2311, Supplementary Note 3 and Supplementary Table 2; doi:10.1038/s41467-025-57559-2",73.00200000000001,460.64262,PROPOSED_NOT_APPLIED,v2_deep_integrated_review
44,Guangdong,广东,2040,gasccs,gas,75.571882,7.83,591.7278360600001,True,True,published provincial values converted at 2025 FX and held constant through 2060; sensitivity trajectories not yet applied,"An et al. (2025), Nature Communications 16, 2311, Supplementary Note 3 and Supplementary Table 2; doi:10.1038/s41467-025-57559-2",73.00200000000001,571.6056600000001,PROPOSED_NOT_APPLIED,v2_deep_integrated_review
44,Guangdong,广东,2040,gchp,gas,75.571882,6.31,476.85857542,True,True,published provincial values converted at 2025 FX and held constant through 2060; sensitivity trajectories not yet applied,"An et al. (2025), Nature Communications 16, 2311, Supplementary Note 3 and Supplementary Table 2; doi:10.1038/s41467-025-57559-2",73.00200000000001,460.64262,PROPOSED_NOT_APPLIED,v2_deep_integrated_review
44,Guangdong,广东,2040,gchpccs,gas,75.571882,7.83,591.7278360600001,True,True,published provincial values converted at 2025 FX and held constant through 2060; sensitivity trajectories not yet applied,"An et al. (2025), Nature Communications 16, 2311, Supplementary Note 3 and Supplementary Table 2; doi:10.1038/s41467-025-57559-2",73.00200000000001,571.6056600000001,PROPOSED_NOT_APPLIED,v2_deep_integrated_review
44,Guangdong,广东,2040,bio,biomass,36.500219,9.0,328.501971,True,True,published provincial values converted at 2025 FX and held constant through 2060; sensitivity trajectories not yet applied,"An et al. (2025), Nature Communications 16, 2311, Supplementary Note 3 and Supplementary Table 2; doi:10.1038/s41467-025-57559-2",35.25900000000001,317.3310000000001,PROPOSED_NOT_APPLIED,v2_deep_integrated_review
44,Guangdong,广东,2040,bioccs,biomass,36.500219,10.3,375.9522557,True,True,published provincial values converted at 2025 FX and held constant through 2060; sensitivity trajectories not yet applied,"An et al. (2025), Nature Communications 16, 2311, Supplementary Note 3 and Supplementary Table 2; doi:10.1038/s41467-025-57559-2",35.25900000000001,363.1677000000001,PROPOSED_NOT_APPLIED,v2_deep_integrated_review
44,Guangdong,广东,2050,coal,coal,42.357397,9.0,381.216573,True,True,published provincial values converted at 2025 FX and held constant through 2060; sensitivity trajectories not yet applied,"An et al. (2025), Nature Communications 16, 2311, Supplementary Note 3 and Supplementary Table 2; doi:10.1038/s41467-025-57559-2",40.917,368.253,PROPOSED_NOT_APPLIED,v2_deep_integrated_review
44,Guangdong,广东,2050,coalccs,coal,42.357397,11.25,476.52071625,True,True,published provincial values converted at 2025 FX and held constant through 2060; sensitivity trajectories not yet applied,"An et al. (2025), Nature Communications 16, 2311, Supplementary Note 3 and Supplementary Table 2; doi:10.1038/s41467-025-57559-2",40.917,460.31625,PROPOSED_NOT_APPLIED,v2_deep_integrated_review
44,Guangdong,广东,2050,cchp,coal,42.357397,9.47,401.12454959,True,True,published provincial values converted at 2025 FX and held constant through 2060; sensitivity trajectories not yet applied,"An et al. (2025), Nature Communications 16, 2311, Supplementary Note 3 and Supplementary Table 2; doi:10.1038/s41467-025-57559-2",40.917,387.48399000000006,PROPOSED_NOT_APPLIED,v2_deep_integrated_review
44,Guangdong,广东,2050,cchpccs,coal,42.357397,11.25,476.52071625,True,True,published provincial values converted at 2025 FX and held constant through 2060; sensitivity trajectories not yet applied,"An et al. (2025), Nature Communications 16, 2311, Supplementary Note 3 and Supplementary Table 2; doi:10.1038/s41467-025-57559-2",40.917,460.31625,PROPOSED_NOT_APPLIED,v2_deep_integrated_review
44,Guangdong,广东,2050,gas,gas,75.571882,6.31,476.85857542,True,True,published provincial values converted at 2025 FX and held constant through 2060; sensitivity trajectories not yet applied,"An et al. (2025), Nature Communications 16, 2311, Supplementary Note 3 and Supplementary Table 2; doi:10.1038/s41467-025-57559-2",73.00200000000001,460.64262,PROPOSED_NOT_APPLIED,v2_deep_integrated_review
44,Guangdong,广东,2050,gasccs,gas,75.571882,7.83,591.7278360600001,True,True,published provincial values converted at 2025 FX and held constant through 2060; sensitivity trajectories not yet applied,"An et al. (2025), Nature Communications 16, 2311, Supplementary Note 3 and Supplementary Table 2; doi:10.1038/s41467-025-57559-2",73.00200000000001,571.6056600000001,PROPOSED_NOT_APPLIED,v2_deep_integrated_review
44,Guangdong,广东,2050,gchp,gas,75.571882,6.31,476.85857542,True,True,published provincial values converted at 2025 FX and held constant through 2060; sensitivity trajectories not yet applied,"An et al. (2025), Nature Communications 16, 2311, Supplementary Note 3 and Supplementary Table 2; doi:10.1038/s41467-025-57559-2",73.00200000000001,460.64262,PROPOSED_NOT_APPLIED,v2_deep_integrated_review
44,Guangdong,广东,2050,gchpccs,gas,75.571882,7.83,591.7278360600001,True,True,published provincial values converted at 2025 FX and held constant through 2060; sensitivity trajectories not yet applied,"An et al. (2025), Nature Communications 16, 2311, Supplementary Note 3 and Supplementary Table 2; doi:10.1038/s41467-025-57559-2",73.00200000000001,571.6056600000001,PROPOSED_NOT_APPLIED,v2_deep_integrated_review
44,Guangdong,广东,2050,bio,biomass,36.500219,9.0,328.501971,True,True,published provincial values converted at 2025 FX and held constant through 2060; sensitivity trajectories not yet applied,"An et al. (2025), Nature Communications 16, 2311, Supplementary Note 3 and Supplementary Table 2; doi:10.1038/s41467-025-57559-2",35.25900000000001,317.3310000000001,PROPOSED_NOT_APPLIED,v2_deep_integrated_review
44,Guangdong,广东,2050,bioccs,biomass,36.500219,10.3,375.9522557,True,True,published provincial values converted at 2025 FX and held constant through 2060; sensitivity trajectories not yet applied,"An et al. (2025), Nature Communications 16, 2311, Supplementary Note 3 and Supplementary Table 2; doi:10.1038/s41467-025-57559-2",35.25900000000001,363.1677000000001,PROPOSED_NOT_APPLIED,v2_deep_integrated_review
44,Guangdong,广东,2060,coal,coal,42.357397,9.0,381.216573,True,True,published provincial values converted at 2025 FX and held constant through 2060; sensitivity trajectories not yet applied,"An et al. (2025), Nature Communications 16, 2311, Supplementary Note 3 and Supplementary Table 2; doi:10.1038/s41467-025-57559-2",40.917,368.253,PROPOSED_NOT_APPLIED,v2_deep_integrated_review
44,Guangdong,广东,2060,coalccs,coal,42.357397,11.25,476.52071625,True,True,published provincial values converted at 2025 FX and held constant through 2060; sensitivity trajectories not yet applied,"An et al. (2025), Nature Communications 16, 2311, Supplementary Note 3 and Supplementary Table 2; doi:10.1038/s41467-025-57559-2",40.917,460.31625,PROPOSED_NOT_APPLIED,v2_deep_integrated_review
44,Guangdong,广东,2060,cchp,coal,42.357397,9.47,401.12454959,True,True,published provincial values converted at 2025 FX and held constant through 2060; sensitivity trajectories not yet applied,"An et al. (2025), Nature Communications 16, 2311, Supplementary Note 3 and Supplementary Table 2; doi:10.1038/s41467-025-57559-2",40.917,387.48399000000006,PROPOSED_NOT_APPLIED,v2_deep_integrated_review
44,Guangdong,广东,2060,cchpccs,coal,42.357397,11.25,476.52071625,True,True,published provincial values converted at 2025 FX and held constant through 2060; sensitivity trajectories not yet applied,"An et al. (2025), Nature Communications 16, 2311, Supplementary Note 3 and Supplementary Table 2; doi:10.1038/s41467-025-57559-2",40.917,460.31625,PROPOSED_NOT_APPLIED,v2_deep_integrated_review
44,Guangdong,广东,2060,gas,gas,75.571882,6.31,476.85857542,True,True,published provincial values converted at 2025 FX and held constant through 2060; sensitivity trajectories not yet applied,"An et al. (2025), Nature Communications 16, 2311, Supplementary Note 3 and Supplementary Table 2; doi:10.1038/s41467-025-57559-2",73.00200000000001,460.64262,PROPOSED_NOT_APPLIED,v2_deep_integrated_review
44,Guangdong,广东,2060,gasccs,gas,75.571882,7.83,591.7278360600001,True,True,published provincial values converted at 2025 FX and held constant through 2060; sensitivity trajectories not yet applied,"An et al. (2025), Nature Communications 16, 2311, Supplementary Note 3 and Supplementary Table 2; doi:10.1038/s41467-025-57559-2",73.00200000000001,571.6056600000001,PROPOSED_NOT_APPLIED,v2_deep_integrated_review
44,Guangdong,广东,2060,gchp,gas,75.571882,6.31,476.85857542,True,True,published provincial values converted at 2025 FX and held constant through 2060; sensitivity trajectories not yet applied,"An et al. (2025), Nature Communications 16, 2311, Supplementary Note 3 and Supplementary Table 2; doi:10.1038/s41467-025-57559-2",73.00200000000001,460.64262,PROPOSED_NOT_APPLIED,v2_deep_integrated_review
44,Guangdong,广东,2060,gchpccs,gas,75.571882,7.83,591.7278360600001,True,True,published provincial values converted at 2025 FX and held constant through 2060; sensitivity trajectories not yet applied,"An et al. (2025), Nature Communications 16, 2311, Supplementary Note 3 and Supplementary Table 2; doi:10.1038/s41467-025-57559-2",73.00200000000001,571.6056600000001,PROPOSED_NOT_APPLIED,v2_deep_integrated_review
44,Guangdong,广东,2060,bio,biomass,36.500219,9.0,328.501971,True,True,published provincial values converted at 2025 FX and held constant through 2060; sensitivity trajectories not yet applied,"An et al. (2025), Nature Communications 16, 2311, Supplementary Note 3 and Supplementary Table 2; doi:10.1038/s41467-025-57559-2",35.25900000000001,317.3310000000001,PROPOSED_NOT_APPLIED,v2_deep_integrated_review
44,Guangdong,广东,2060,bioccs,biomass,36.500219,10.3,375.9522557,True,True,published provincial values converted at 2025 FX and held constant through 2060; sensitivity trajectories not yet applied,"An et al. (2025), Nature Communications 16, 2311, Supplementary Note 3 and Supplementary Table 2; doi:10.1038/s41467-025-57559-2",35.25900000000001,363.1677000000001,PROPOSED_NOT_APPLIED,v2_deep_integrated_review
45,Guangxi,广西,2025,coal,coal,48.928865,9.0,440.35978499999993,True,False,published provincial values converted at 2025 FX and held constant through 2060; sensitivity trajectories not yet applied,"An et al. (2025), Nature Communications 16, 2311, Supplementary Note 3 and Supplementary Table 2; doi:10.1038/s41467-025-57559-2",47.265,425.385,PROPOSED_NOT_APPLIED,v2_deep_integrated_review
45,Guangxi,广西,2025,coalccs,coal,48.928865,11.25,550.4497312499999,True,False,published provincial values converted at 2025 FX and held constant through 2060; sensitivity trajectories not yet applied,"An et al. (2025), Nature Communications 16, 2311, Supplementary Note 3 and Supplementary Table 2; doi:10.1038/s41467-025-57559-2",47.265,531.73125,PROPOSED_NOT_APPLIED,v2_deep_integrated_review
45,Guangxi,广西,2025,cchp,coal,48.928865,9.47,463.35635155,True,False,published provincial values converted at 2025 FX and held constant through 2060; sensitivity trajectories not yet applied,"An et al. (2025), Nature Communications 16, 2311, Supplementary Note 3 and Supplementary Table 2; doi:10.1038/s41467-025-57559-2",47.265,447.59955,PROPOSED_NOT_APPLIED,v2_deep_integrated_review
45,Guangxi,广西,2025,cchpccs,coal,48.928865,11.25,550.4497312499999,True,False,published provincial values converted at 2025 FX and held constant through 2060; sensitivity trajectories not yet applied,"An et al. (2025), Nature Communications 16, 2311, Supplementary Note 3 and Supplementary Table 2; doi:10.1038/s41467-025-57559-2",47.265,531.73125,PROPOSED_NOT_APPLIED,v2_deep_integrated_review
45,Guangxi,广西,2025,gas,gas,71.071855,6.31,448.46340505,True,False,published provincial values converted at 2025 FX and held constant through 2060; sensitivity trajectories not yet applied,"An et al. (2025), Nature Communications 16, 2311, Supplementary Note 3 and Supplementary Table 2; doi:10.1038/s41467-025-57559-2",68.655,433.21305,PROPOSED_NOT_APPLIED,v2_deep_integrated_review
45,Guangxi,广西,2025,gasccs,gas,71.071855,7.83,556.49262465,True,False,published provincial values converted at 2025 FX and held constant through 2060; sensitivity trajectories not yet applied,"An et al. (2025), Nature Communications 16, 2311, Supplementary Note 3 and Supplementary Table 2; doi:10.1038/s41467-025-57559-2",68.655,537.56865,PROPOSED_NOT_APPLIED,v2_deep_integrated_review
45,Guangxi,广西,2025,gchp,gas,71.071855,6.31,448.46340505,True,False,published provincial values converted at 2025 FX and held constant through 2060; sensitivity trajectories not yet applied,"An et al. (2025), Nature Communications 16, 2311, Supplementary Note 3 and Supplementary Table 2; doi:10.1038/s41467-025-57559-2",68.655,433.21305,PROPOSED_NOT_APPLIED,v2_deep_integrated_review
45,Guangxi,广西,2025,gchpccs,gas,71.071855,7.83,556.49262465,True,False,published provincial values converted at 2025 FX and held constant through 2060; sensitivity trajectories not yet applied,"An et al. (2025), Nature Communications 16, 2311, Supplementary Note 3 and Supplementary Table 2; doi:10.1038/s41467-025-57559-2",68.655,537.56865,PROPOSED_NOT_APPLIED,v2_deep_integrated_review
45,Guangxi,广西,2025,bio,biomass,33.214485,9.0,298.93036500000005,True,False,published provincial values converted at 2025 FX and held constant through 2060; sensitivity trajectories not yet applied,"An et al. (2025), Nature Communications 16, 2311, Supplementary Note 3 and Supplementary Table 2; doi:10.1038/s41467-025-57559-2",32.085,288.765,PROPOSED_NOT_APPLIED,v2_deep_integrated_review
45,Guangxi,广西,2025,bioccs,biomass,33.214485,10.3,342.10919550000006,True,False,published provincial values converted at 2025 FX and held constant through 2060; sensitivity trajectories not yet applied,"An et al. (2025), Nature Communications 16, 2311, Supplementary Note 3 and Supplementary Table 2; doi:10.1038/s41467-025-57559-2",32.085,330.4755,PROPOSED_NOT_APPLIED,v2_deep_integrated_review
45,Guangxi,广西,2030,coal,coal,48.928865,9.0,440.35978499999993,True,True,published provincial values converted at 2025 FX and held constant through 2060; sensitivity trajectories not yet applied,"An et al. (2025), Nature Communications 16, 2311, Supplementary Note 3 and Supplementary Table 2; doi:10.1038/s41467-025-57559-2",47.265,425.385,PROPOSED_NOT_APPLIED,v2_deep_integrated_review
45,Guangxi,广西,2030,coalccs,coal,48.928865,11.25,550.4497312499999,True,True,published provincial values converted at 2025 FX and held constant through 2060; sensitivity trajectories not yet applied,"An et al. (2025), Nature Communications 16, 2311, Supplementary Note 3 and Supplementary Table 2; doi:10.1038/s41467-025-57559-2",47.265,531.73125,PROPOSED_NOT_APPLIED,v2_deep_integrated_review
45,Guangxi,广西,2030,cchp,coal,48.928865,9.47,463.35635155,True,True,published provincial values converted at 2025 FX and held constant through 2060; sensitivity trajectories not yet applied,"An et al. (2025), Nature Communications 16, 2311, Supplementary Note 3 and Supplementary Table 2; doi:10.1038/s41467-025-57559-2",47.265,447.59955,PROPOSED_NOT_APPLIED,v2_deep_integrated_review
45,Guangxi,广西,2030,cchpccs,coal,48.928865,11.25,550.4497312499999,True,True,published provincial values converted at 2025 FX and held constant through 2060; sensitivity trajectories not yet applied,"An et al. (2025), Nature Communications 16, 2311, Supplementary Note 3 and Supplementary Table 2; doi:10.1038/s41467-025-57559-2",47.265,531.73125,PROPOSED_NOT_APPLIED,v2_deep_integrated_review
45,Guangxi,广西,2030,gas,gas,71.071855,6.31,448.46340505,True,True,published provincial values converted at 2025 FX and held constant through 2060; sensitivity trajectories not yet applied,"An et al. (2025), Nature Communications 16, 2311, Supplementary Note 3 and Supplementary Table 2; doi:10.1038/s41467-025-57559-2",68.655,433.21305,PROPOSED_NOT_APPLIED,v2_deep_integrated_review
45,Guangxi,广西,2030,gasccs,gas,71.071855,7.83,556.49262465,True,True,published provincial values converted at 2025 FX and held constant through 2060; sensitivity trajectories not yet applied,"An et al. (2025), Nature Communications 16, 2311, Supplementary Note 3 and Supplementary Table 2; doi:10.1038/s41467-025-57559-2",68.655,537.56865,PROPOSED_NOT_APPLIED,v2_deep_integrated_review
45,Guangxi,广西,2030,gchp,gas,71.071855,6.31,448.46340505,True,True,published provincial values converted at 2025 FX and held constant through 2060; sensitivity trajectories not yet applied,"An et al. (2025), Nature Communications 16, 2311, Supplementary Note 3 and Supplementary Table 2; doi:10.1038/s41467-025-57559-2",68.655,433.21305,PROPOSED_NOT_APPLIED,v2_deep_integrated_review
45,Guangxi,广西,2030,gchpccs,gas,71.071855,7.83,556.49262465,True,True,published provincial values converted at 2025 FX and held constant through 2060; sensitivity trajectories not yet applied,"An et al. (2025), Nature Communications 16, 2311, Supplementary Note 3 and Supplementary Table 2; doi:10.1038/s41467-025-57559-2",68.655,537.56865,PROPOSED_NOT_APPLIED,v2_deep_integrated_review
45,Guangxi,广西,2030,bio,biomass,33.214485,9.0,298.93036500000005,True,True,published provincial values converted at 2025 FX and held constant through 2060; sensitivity trajectories not yet applied,"An et al. (2025), Nature Communications 16, 2311, Supplementary Note 3 and Supplementary Table 2; doi:10.1038/s41467-025-57559-2",32.085,288.765,PROPOSED_NOT_APPLIED,v2_deep_integrated_review
45,Guangxi,广西,2030,bioccs,biomass,33.214485,10.3,342.10919550000006,True,True,published provincial values converted at 2025 FX and held constant through 2060; sensitivity trajectories not yet applied,"An et al. (2025), Nature Communications 16, 2311, Supplementary Note 3 and Supplementary Table 2; doi:10.1038/s41467-025-57559-2",32.085,330.4755,PROPOSED_NOT_APPLIED,v2_deep_integrated_review
45,Guangxi,广西,2040,coal,coal,48.928865,9.0,440.35978499999993,True,True,published provincial values converted at 2025 FX and held constant through 2060; sensitivity trajectories not yet applied,"An et al. (2025), Nature Communications 16, 2311, Supplementary Note 3 and Supplementary Table 2; doi:10.1038/s41467-025-57559-2",47.265,425.385,PROPOSED_NOT_APPLIED,v2_deep_integrated_review
45,Guangxi,广西,2040,coalccs,coal,48.928865,11.25,550.4497312499999,True,True,published provincial values converted at 2025 FX and held constant through 2060; sensitivity trajectories not yet applied,"An et al. (2025), Nature Communications 16, 2311, Supplementary Note 3 and Supplementary Table 2; doi:10.1038/s41467-025-57559-2",47.265,531.73125,PROPOSED_NOT_APPLIED,v2_deep_integrated_review
45,Guangxi,广西,2040,cchp,coal,48.928865,9.47,463.35635155,True,True,published provincial values converted at 2025 FX and held constant through 2060; sensitivity trajectories not yet applied,"An et al. (2025), Nature Communications 16, 2311, Supplementary Note 3 and Supplementary Table 2; doi:10.1038/s41467-025-57559-2",47.265,447.59955,PROPOSED_NOT_APPLIED,v2_deep_integrated_review
45,Guangxi,广西,2040,cchpccs,coal,48.928865,11.25,550.4497312499999,True,True,published provincial values converted at 2025 FX and held constant through 2060; sensitivity trajectories not yet applied,"An et al. (2025), Nature Communications 16, 2311, Supplementary Note 3 and Supplementary Table 2; doi:10.1038/s41467-025-57559-2",47.265,531.73125,PROPOSED_NOT_APPLIED,v2_deep_integrated_review
45,Guangxi,广西,2040,gas,gas,71.071855,6.31,448.46340505,True,True,published provincial values converted at 2025 FX and held constant through 2060; sensitivity trajectories not yet applied,"An et al. (2025), Nature Communications 16, 2311, Supplementary Note 3 and Supplementary Table 2; doi:10.1038/s41467-025-57559-2",68.655,433.21305,PROPOSED_NOT_APPLIED,v2_deep_integrated_review
45,Guangxi,广西,2040,gasccs,gas,71.071855,7.83,556.49262465,True,True,published provincial values converted at 2025 FX and held constant through 2060; sensitivity trajectories not yet applied,"An et al. (2025), Nature Communications 16, 2311, Supplementary Note 3 and Supplementary Table 2; doi:10.1038/s41467-025-57559-2",68.655,537.56865,PROPOSED_NOT_APPLIED,v2_deep_integrated_review
45,Guangxi,广西,2040,gchp,gas,71.071855,6.31,448.46340505,True,True,published provincial values converted at 2025 FX and held constant through 2060; sensitivity trajectories not yet applied,"An et al. (2025), Nature Communications 16, 2311, Supplementary Note 3 and Supplementary Table 2; doi:10.1038/s41467-025-57559-2",68.655,433.21305,PROPOSED_NOT_APPLIED,v2_deep_integrated_review
45,Guangxi,广西,2040,gchpccs,gas,71.071855,7.83,556.49262465,True,True,published provincial values converted at 2025 FX and held constant through 2060; sensitivity trajectories not yet applied,"An et al. (2025), Nature Communications 16, 2311, Supplementary Note 3 and Supplementary Table 2; doi:10.1038/s41467-025-57559-2",68.655,537.56865,PROPOSED_NOT_APPLIED,v2_deep_integrated_review
45,Guangxi,广西,2040,bio,biomass,33.214485,9.0,298.93036500000005,True,True,published provincial values converted at 2025 FX and held constant through 2060; sensitivity trajectories not yet applied,"An et al. (2025), Nature Communications 16, 2311, Supplementary Note 3 and Supplementary Table 2; doi:10.1038/s41467-025-57559-2",32.085,288.765,PROPOSED_NOT_APPLIED,v2_deep_integrated_review
45,Guangxi,广西,2040,bioccs,biomass,33.214485,10.3,342.10919550000006,True,True,published provincial values converted at 2025 FX and held constant through 2060; sensitivity trajectories not yet applied,"An et al. (2025), Nature Communications 16, 2311, Supplementary Note 3 and Supplementary Table 2; doi:10.1038/s41467-025-57559-2",32.085,330.4755,PROPOSED_NOT_APPLIED,v2_deep_integrated_review
45,Guangxi,广西,2050,coal,coal,48.928865,9.0,440.35978499999993,True,True,published provincial values converted at 2025 FX and held constant through 2060; sensitivity trajectories not yet applied,"An et al. (2025), Nature Communications 16, 2311, Supplementary Note 3 and Supplementary Table 2; doi:10.1038/s41467-025-57559-2",47.265,425.385,PROPOSED_NOT_APPLIED,v2_deep_integrated_review
45,Guangxi,广西,2050,coalccs,coal,48.928865,11.25,550.4497312499999,True,True,published provincial values converted at 2025 FX and held constant through 2060; sensitivity trajectories not yet applied,"An et al. (2025), Nature Communications 16, 2311, Supplementary Note 3 and Supplementary Table 2; doi:10.1038/s41467-025-57559-2",47.265,531.73125,PROPOSED_NOT_APPLIED,v2_deep_integrated_review
45,Guangxi,广西,2050,cchp,coal,48.928865,9.47,463.35635155,True,True,published provincial values converted at 2025 FX and held constant through 2060; sensitivity trajectories not yet applied,"An et al. (2025), Nature Communications 16, 2311, Supplementary Note 3 and Supplementary Table 2; doi:10.1038/s41467-025-57559-2",47.265,447.59955,PROPOSED_NOT_APPLIED,v2_deep_integrated_review
45,Guangxi,广西,2050,cchpccs,coal,48.928865,11.25,550.4497312499999,True,True,published provincial values converted at 2025 FX and held constant through 2060; sensitivity trajectories not yet applied,"An et al. (2025), Nature Communications 16, 2311, Supplementary Note 3 and Supplementary Table 2; doi:10.1038/s41467-025-57559-2",47.265,531.73125,PROPOSED_NOT_APPLIED,v2_deep_integrated_review
45,Guangxi,广西,2050,gas,gas,71.071855,6.31,448.46340505,True,True,published provincial values converted at 2025 FX and held constant through 2060; sensitivity trajectories not yet applied,"An et al. (2025), Nature Communications 16, 2311, Supplementary Note 3 and Supplementary Table 2; doi:10.1038/s41467-025-57559-2",68.655,433.21305,PROPOSED_NOT_APPLIED,v2_deep_integrated_review
45,Guangxi,广西,2050,gasccs,gas,71.071855,7.83,556.49262465,True,True,published provincial values converted at 2025 FX and held constant through 2060; sensitivity trajectories not yet applied,"An et al. (2025), Nature Communications 16, 2311, Supplementary Note 3 and Supplementary Table 2; doi:10.1038/s41467-025-57559-2",68.655,537.56865,PROPOSED_NOT_APPLIED,v2_deep_integrated_review
45,Guangxi,广西,2050,gchp,gas,71.071855,6.31,448.46340505,True,True,published provincial values converted at 2025 FX and held constant through 2060; sensitivity trajectories not yet applied,"An et al. (2025), Nature Communications 16, 2311, Supplementary Note 3 and Supplementary Table 2; doi:10.1038/s41467-025-57559-2",68.655,433.21305,PROPOSED_NOT_APPLIED,v2_deep_integrated_review
45,Guangxi,广西,2050,gchpccs,gas,71.071855,7.83,556.49262465,True,True,published provincial values converted at 2025 FX and held constant through 2060; sensitivity trajectories not yet applied,"An et al. (2025), Nature Communications 16, 2311, Supplementary Note 3 and Supplementary Table 2; doi:10.1038/s41467-025-57559-2",68.655,537.56865,PROPOSED_NOT_APPLIED,v2_deep_integrated_review
45,Guangxi,广西,2050,bio,biomass,33.214485,9.0,298.93036500000005,True,True,published provincial values converted at 2025 FX and held constant through 2060; sensitivity trajectories not yet applied,"An et al. (2025), Nature Communications 16, 2311, Supplementary Note 3 and Supplementary Table 2; doi:10.1038/s41467-025-57559-2",32.085,288.765,PROPOSED_NOT_APPLIED,v2_deep_integrated_review
45,Guangxi,广西,2050,bioccs,biomass,33.214485,10.3,342.10919550000006,True,True,published provincial values converted at 2025 FX and held constant through 2060; sensitivity trajectories not yet applied,"An et al. (2025), Nature Communications 16, 2311, Supplementary Note 3 and Supplementary Table 2; doi:10.1038/s41467-025-57559-2",32.085,330.4755,PROPOSED_NOT_APPLIED,v2_deep_integrated_review
45,Guangxi,广西,2060,coal,coal,48.928865,9.0,440.35978499999993,True,True,published provincial values converted at 2025 FX and held constant through 2060; sensitivity trajectories not yet applied,"An et al. (2025), Nature Communications 16, 2311, Supplementary Note 3 and Supplementary Table 2; doi:10.1038/s41467-025-57559-2",47.265,425.385,PROPOSED_NOT_APPLIED,v2_deep_integrated_review
45,Guangxi,广西,2060,coalccs,coal,48.928865,11.25,550.4497312499999,True,True,published provincial values converted at 2025 FX and held constant through 2060; sensitivity trajectories not yet applied,"An et al. (2025), Nature Communications 16, 2311, Supplementary Note 3 and Supplementary Table 2; doi:10.1038/s41467-025-57559-2",47.265,531.73125,PROPOSED_NOT_APPLIED,v2_deep_integrated_review
45,Guangxi,广西,2060,cchp,coal,48.928865,9.47,463.35635155,True,True,published provincial values converted at 2025 FX and held constant through 2060; sensitivity trajectories not yet applied,"An et al. (2025), Nature Communications 16, 2311, Supplementary Note 3 and Supplementary Table 2; doi:10.1038/s41467-025-57559-2",47.265,447.59955,PROPOSED_NOT_APPLIED,v2_deep_integrated_review
45,Guangxi,广西,2060,cchpccs,coal,48.928865,11.25,550.4497312499999,True,True,published provincial values converted at 2025 FX and held constant through 2060; sensitivity trajectories not yet applied,"An et al. (2025), Nature Communications 16, 2311, Supplementary Note 3 and Supplementary Table 2; doi:10.1038/s41467-025-57559-2",47.265,531.73125,PROPOSED_NOT_APPLIED,v2_deep_integrated_review
45,Guangxi,广西,2060,gas,gas,71.071855,6.31,448.46340505,True,True,published provincial values converted at 2025 FX and held constant through 2060; sensitivity trajectories not yet applied,"An et al. (2025), Nature Communications 16, 2311, Supplementary Note 3 and Supplementary Table 2; doi:10.1038/s41467-025-57559-2",68.655,433.21305,PROPOSED_NOT_APPLIED,v2_deep_integrated_review
45,Guangxi,广西,2060,gasccs,gas,71.071855,7.83,556.49262465,True,True,published provincial values converted at 2025 FX and held constant through 2060; sensitivity trajectories not yet applied,"An et al. (2025), Nature Communications 16, 2311, Supplementary Note 3 and Supplementary Table 2; doi:10.1038/s41467-025-57559-2",68.655,537.56865,PROPOSED_NOT_APPLIED,v2_deep_integrated_review
45,Guangxi,广西,2060,gchp,gas,71.071855,6.31,448.46340505,True,True,published provincial values converted at 2025 FX and held constant through 2060; sensitivity trajectories not yet applied,"An et al. (2025), Nature Communications 16, 2311, Supplementary Note 3 and Supplementary Table 2; doi:10.1038/s41467-025-57559-2",68.655,433.21305,PROPOSED_NOT_APPLIED,v2_deep_integrated_review
45,Guangxi,广西,2060,gchpccs,gas,71.071855,7.83,556.49262465,True,True,published provincial values converted at 2025 FX and held constant through 2060; sensitivity trajectories not yet applied,"An et al. (2025), Nature Communications 16, 2311, Supplementary Note 3 and Supplementary Table 2; doi:10.1038/s41467-025-57559-2",68.655,537.56865,PROPOSED_NOT_APPLIED,v2_deep_integrated_review
45,Guangxi,广西,2060,bio,biomass,33.214485,9.0,298.93036500000005,True,True,published provincial values converted at 2025 FX and held constant through 2060; sensitivity trajectories not yet applied,"An et al. (2025), Nature Communications 16, 2311, Supplementary Note 3 and Supplementary Table 2; doi:10.1038/s41467-025-57559-2",32.085,288.765,PROPOSED_NOT_APPLIED,v2_deep_integrated_review
45,Guangxi,广西,2060,bioccs,biomass,33.214485,10.3,342.10919550000006,True,True,published provincial values converted at 2025 FX and held constant through 2060; sensitivity trajectories not yet applied,"An et al. (2025), Nature Communications 16, 2311, Supplementary Note 3 and Supplementary Table 2; doi:10.1038/s41467-025-57559-2",32.085,330.4755,PROPOSED_NOT_APPLIED,v2_deep_integrated_review
46,Hainan,海南,2025,coal,coal,34.28592,9.0,308.57327999999995,True,False,published provincial values converted at 2025 FX and held constant through 2060; sensitivity trajectories not yet applied,"An et al. (2025), Nature Communications 16, 2311, Supplementary Note 3 and Supplementary Table 2; doi:10.1038/s41467-025-57559-2",33.12,298.08,PROPOSED_NOT_APPLIED,v2_deep_integrated_review
46,Hainan,海南,2025,coalccs,coal,34.28592,11.25,385.7166,True,False,published provincial values converted at 2025 FX and held constant through 2060; sensitivity trajectories not yet applied,"An et al. (2025), Nature Communications 16, 2311, Supplementary Note 3 and Supplementary Table 2; doi:10.1038/s41467-025-57559-2",33.12,372.6,PROPOSED_NOT_APPLIED,v2_deep_integrated_review
46,Hainan,海南,2025,cchp,coal,34.28592,9.47,324.6876624,True,False,published provincial values converted at 2025 FX and held constant through 2060; sensitivity trajectories not yet applied,"An et al. (2025), Nature Communications 16, 2311, Supplementary Note 3 and Supplementary Table 2; doi:10.1038/s41467-025-57559-2",33.12,313.6464,PROPOSED_NOT_APPLIED,v2_deep_integrated_review
46,Hainan,海南,2025,cchpccs,coal,34.28592,11.25,385.7166,True,False,published provincial values converted at 2025 FX and held constant through 2060; sensitivity trajectories not yet applied,"An et al. (2025), Nature Communications 16, 2311, Supplementary Note 3 and Supplementary Table 2; doi:10.1038/s41467-025-57559-2",33.12,372.6,PROPOSED_NOT_APPLIED,v2_deep_integrated_review
46,Hainan,海南,2025,gas,gas,61.571798,6.31,388.51804537999993,True,False,published provincial values converted at 2025 FX and held constant through 2060; sensitivity trajectories not yet applied,"An et al. (2025), Nature Communications 16, 2311, Supplementary Note 3 and Supplementary Table 2; doi:10.1038/s41467-025-57559-2",59.478,375.3061799999999,PROPOSED_NOT_APPLIED,v2_deep_integrated_review
46,Hainan,海南,2025,gasccs,gas,61.571798,7.83,482.10717834,True,False,published provincial values converted at 2025 FX and held constant through 2060; sensitivity trajectories not yet applied,"An et al. (2025), Nature Communications 16, 2311, Supplementary Note 3 and Supplementary Table 2; doi:10.1038/s41467-025-57559-2",59.478,465.71274,PROPOSED_NOT_APPLIED,v2_deep_integrated_review
46,Hainan,海南,2025,gchp,gas,61.571798,6.31,388.51804537999993,True,False,published provincial values converted at 2025 FX and held constant through 2060; sensitivity trajectories not yet applied,"An et al. (2025), Nature Communications 16, 2311, Supplementary Note 3 and Supplementary Table 2; doi:10.1038/s41467-025-57559-2",59.478,375.3061799999999,PROPOSED_NOT_APPLIED,v2_deep_integrated_review
46,Hainan,海南,2025,gchpccs,gas,61.571798,7.83,482.10717834,True,False,published provincial values converted at 2025 FX and held constant through 2060; sensitivity trajectories not yet applied,"An et al. (2025), Nature Communications 16, 2311, Supplementary Note 3 and Supplementary Table 2; doi:10.1038/s41467-025-57559-2",59.478,465.71274,PROPOSED_NOT_APPLIED,v2_deep_integrated_review
46,Hainan,海南,2025,bio,biomass,35.285926,9.0,317.57333400000005,True,False,published provincial values converted at 2025 FX and held constant through 2060; sensitivity trajectories not yet applied,"An et al. (2025), Nature Communications 16, 2311, Supplementary Note 3 and Supplementary Table 2; doi:10.1038/s41467-025-57559-2",34.086000000000006,306.77400000000006,PROPOSED_NOT_APPLIED,v2_deep_integrated_review
46,Hainan,海南,2025,bioccs,biomass,35.285926,10.3,363.4450378000001,True,False,published provincial values converted at 2025 FX and held constant through 2060; sensitivity trajectories not yet applied,"An et al. (2025), Nature Communications 16, 2311, Supplementary Note 3 and Supplementary Table 2; doi:10.1038/s41467-025-57559-2",34.086000000000006,351.08580000000006,PROPOSED_NOT_APPLIED,v2_deep_integrated_review
46,Hainan,海南,2030,coal,coal,34.28592,9.0,308.57327999999995,True,True,published provincial values converted at 2025 FX and held constant through 2060; sensitivity trajectories not yet applied,"An et al. (2025), Nature Communications 16, 2311, Supplementary Note 3 and Supplementary Table 2; doi:10.1038/s41467-025-57559-2",33.12,298.08,PROPOSED_NOT_APPLIED,v2_deep_integrated_review
46,Hainan,海南,2030,coalccs,coal,34.28592,11.25,385.7166,True,True,published provincial values converted at 2025 FX and held constant through 2060; sensitivity trajectories not yet applied,"An et al. (2025), Nature Communications 16, 2311, Supplementary Note 3 and Supplementary Table 2; doi:10.1038/s41467-025-57559-2",33.12,372.6,PROPOSED_NOT_APPLIED,v2_deep_integrated_review
46,Hainan,海南,2030,cchp,coal,34.28592,9.47,324.6876624,True,True,published provincial values converted at 2025 FX and held constant through 2060; sensitivity trajectories not yet applied,"An et al. (2025), Nature Communications 16, 2311, Supplementary Note 3 and Supplementary Table 2; doi:10.1038/s41467-025-57559-2",33.12,313.6464,PROPOSED_NOT_APPLIED,v2_deep_integrated_review
46,Hainan,海南,2030,cchpccs,coal,34.28592,11.25,385.7166,True,True,published provincial values converted at 2025 FX and held constant through 2060; sensitivity trajectories not yet applied,"An et al. (2025), Nature Communications 16, 2311, Supplementary Note 3 and Supplementary Table 2; doi:10.1038/s41467-025-57559-2",33.12,372.6,PROPOSED_NOT_APPLIED,v2_deep_integrated_review
46,Hainan,海南,2030,gas,gas,61.571798,6.31,388.51804537999993,True,True,published provincial values converted at 2025 FX and held constant through 2060; sensitivity trajectories not yet applied,"An et al. (2025), Nature Communications 16, 2311, Supplementary Note 3 and Supplementary Table 2; doi:10.1038/s41467-025-57559-2",59.478,375.3061799999999,PROPOSED_NOT_APPLIED,v2_deep_integrated_review
46,Hainan,海南,2030,gasccs,gas,61.571798,7.83,482.10717834,True,True,published provincial values converted at 2025 FX and held constant through 2060; sensitivity trajectories not yet applied,"An et al. (2025), Nature Communications 16, 2311, Supplementary Note 3 and Supplementary Table 2; doi:10.1038/s41467-025-57559-2",59.478,465.71274,PROPOSED_NOT_APPLIED,v2_deep_integrated_review
46,Hainan,海南,2030,gchp,gas,61.571798,6.31,388.51804537999993,True,True,published provincial values converted at 2025 FX and held constant through 2060; sensitivity trajectories not yet applied,"An et al. (2025), Nature Communications 16, 2311, Supplementary Note 3 and Supplementary Table 2; doi:10.1038/s41467-025-57559-2",59.478,375.3061799999999,PROPOSED_NOT_APPLIED,v2_deep_integrated_review
46,Hainan,海南,2030,gchpccs,gas,61.571798,7.83,482.10717834,True,True,published provincial values converted at 2025 FX and held constant through 2060; sensitivity trajectories not yet applied,"An et al. (2025), Nature Communications 16, 2311, Supplementary Note 3 and Supplementary Table 2; doi:10.1038/s41467-025-57559-2",59.478,465.71274,PROPOSED_NOT_APPLIED,v2_deep_integrated_review
46,Hainan,海南,2030,bio,biomass,35.285926,9.0,317.57333400000005,True,True,published provincial values converted at 2025 FX and held constant through 2060; sensitivity trajectories not yet applied,"An et al. (2025), Nature Communications 16, 2311, Supplementary Note 3 and Supplementary Table 2; doi:10.1038/s41467-025-57559-2",34.086000000000006,306.77400000000006,PROPOSED_NOT_APPLIED,v2_deep_integrated_review
46,Hainan,海南,2030,bioccs,biomass,35.285926,10.3,363.4450378000001,True,True,published provincial values converted at 2025 FX and held constant through 2060; sensitivity trajectories not yet applied,"An et al. (2025), Nature Communications 16, 2311, Supplementary Note 3 and Supplementary Table 2; doi:10.1038/s41467-025-57559-2",34.086000000000006,351.08580000000006,PROPOSED_NOT_APPLIED,v2_deep_integrated_review
46,Hainan,海南,2040,coal,coal,34.28592,9.0,308.57327999999995,True,True,published provincial values converted at 2025 FX and held constant through 2060; sensitivity trajectories not yet applied,"An et al. (2025), Nature Communications 16, 2311, Supplementary Note 3 and Supplementary Table 2; doi:10.1038/s41467-025-57559-2",33.12,298.08,PROPOSED_NOT_APPLIED,v2_deep_integrated_review
46,Hainan,海南,2040,coalccs,coal,34.28592,11.25,385.7166,True,True,published provincial values converted at 2025 FX and held constant through 2060; sensitivity trajectories not yet applied,"An et al. (2025), Nature Communications 16, 2311, Supplementary Note 3 and Supplementary Table 2; doi:10.1038/s41467-025-57559-2",33.12,372.6,PROPOSED_NOT_APPLIED,v2_deep_integrated_review
46,Hainan,海南,2040,cchp,coal,34.28592,9.47,324.6876624,True,True,published provincial values converted at 2025 FX and held constant through 2060; sensitivity trajectories not yet applied,"An et al. (2025), Nature Communications 16, 2311, Supplementary Note 3 and Supplementary Table 2; doi:10.1038/s41467-025-57559-2",33.12,313.6464,PROPOSED_NOT_APPLIED,v2_deep_integrated_review
46,Hainan,海南,2040,cchpccs,coal,34.28592,11.25,385.7166,True,True,published provincial values converted at 2025 FX and held constant through 2060; sensitivity trajectories not yet applied,"An et al. (2025), Nature Communications 16, 2311, Supplementary Note 3 and Supplementary Table 2; doi:10.1038/s41467-025-57559-2",33.12,372.6,PROPOSED_NOT_APPLIED,v2_deep_integrated_review
46,Hainan,海南,2040,gas,gas,61.571798,6.31,388.51804537999993,True,True,published provincial values converted at 2025 FX and held constant through 2060; sensitivity trajectories not yet applied,"An et al. (2025), Nature Communications 16, 2311, Supplementary Note 3 and Supplementary Table 2; doi:10.1038/s41467-025-57559-2",59.478,375.3061799999999,PROPOSED_NOT_APPLIED,v2_deep_integrated_review
46,Hainan,海南,2040,gasccs,gas,61.571798,7.83,482.10717834,True,True,published provincial values converted at 2025 FX and held constant through 2060; sensitivity trajectories not yet applied,"An et al. (2025), Nature Communications 16, 2311, Supplementary Note 3 and Supplementary Table 2; doi:10.1038/s41467-025-57559-2",59.478,465.71274,PROPOSED_NOT_APPLIED,v2_deep_integrated_review
46,Hainan,海南,2040,gchp,gas,61.571798,6.31,388.51804537999993,True,True,published provincial values converted at 2025 FX and held constant through 2060; sensitivity trajectories not yet applied,"An et al. (2025), Nature Communications 16, 2311, Supplementary Note 3 and Supplementary Table 2; doi:10.1038/s41467-025-57559-2",59.478,375.3061799999999,PROPOSED_NOT_APPLIED,v2_deep_integrated_review
46,Hainan,海南,2040,gchpccs,gas,61.571798,7.83,482.10717834,True,True,published provincial values converted at 2025 FX and held constant through 2060; sensitivity trajectories not yet applied,"An et al. (2025), Nature Communications 16, 2311, Supplementary Note 3 and Supplementary Table 2; doi:10.1038/s41467-025-57559-2",59.478,465.71274,PROPOSED_NOT_APPLIED,v2_deep_integrated_review
46,Hainan,海南,2040,bio,biomass,35.285926,9.0,317.57333400000005,True,True,published provincial values converted at 2025 FX and held constant through 2060; sensitivity trajectories not yet applied,"An et al. (2025), Nature Communications 16, 2311, Supplementary Note 3 and Supplementary Table 2; doi:10.1038/s41467-025-57559-2",34.086000000000006,306.77400000000006,PROPOSED_NOT_APPLIED,v2_deep_integrated_review
46,Hainan,海南,2040,bioccs,biomass,35.285926,10.3,363.4450378000001,True,True,published provincial values converted at 2025 FX and held constant through 2060; sensitivity trajectories not yet applied,"An et al. (2025), Nature Communications 16, 2311, Supplementary Note 3 and Supplementary Table 2; doi:10.1038/s41467-025-57559-2",34.086000000000006,351.08580000000006,PROPOSED_NOT_APPLIED,v2_deep_integrated_review
46,Hainan,海南,2050,coal,coal,34.28592,9.0,308.57327999999995,True,True,published provincial values converted at 2025 FX and held constant through 2060; sensitivity trajectories not yet applied,"An et al. (2025), Nature Communications 16, 2311, Supplementary Note 3 and Supplementary Table 2; doi:10.1038/s41467-025-57559-2",33.12,298.08,PROPOSED_NOT_APPLIED,v2_deep_integrated_review
46,Hainan,海南,2050,coalccs,coal,34.28592,11.25,385.7166,True,True,published provincial values converted at 2025 FX and held constant through 2060; sensitivity trajectories not yet applied,"An et al. (2025), Nature Communications 16, 2311, Supplementary Note 3 and Supplementary Table 2; doi:10.1038/s41467-025-57559-2",33.12,372.6,PROPOSED_NOT_APPLIED,v2_deep_integrated_review
46,Hainan,海南,2050,cchp,coal,34.28592,9.47,324.6876624,True,True,published provincial values converted at 2025 FX and held constant through 2060; sensitivity trajectories not yet applied,"An et al. (2025), Nature Communications 16, 2311, Supplementary Note 3 and Supplementary Table 2; doi:10.1038/s41467-025-57559-2",33.12,313.6464,PROPOSED_NOT_APPLIED,v2_deep_integrated_review
46,Hainan,海南,2050,cchpccs,coal,34.28592,11.25,385.7166,True,True,published provincial values converted at 2025 FX and held constant through 2060; sensitivity trajectories not yet applied,"An et al. (2025), Nature Communications 16, 2311, Supplementary Note 3 and Supplementary Table 2; doi:10.1038/s41467-025-57559-2",33.12,372.6,PROPOSED_NOT_APPLIED,v2_deep_integrated_review
46,Hainan,海南,2050,gas,gas,61.571798,6.31,388.51804537999993,True,True,published provincial values converted at 2025 FX and held constant through 2060; sensitivity trajectories not yet applied,"An et al. (2025), Nature Communications 16, 2311, Supplementary Note 3 and Supplementary Table 2; doi:10.1038/s41467-025-57559-2",59.478,375.3061799999999,PROPOSED_NOT_APPLIED,v2_deep_integrated_review
46,Hainan,海南,2050,gasccs,gas,61.571798,7.83,482.10717834,True,True,published provincial values converted at 2025 FX and held constant through 2060; sensitivity trajectories not yet applied,"An et al. (2025), Nature Communications 16, 2311, Supplementary Note 3 and Supplementary Table 2; doi:10.1038/s41467-025-57559-2",59.478,465.71274,PROPOSED_NOT_APPLIED,v2_deep_integrated_review
46,Hainan,海南,2050,gchp,gas,61.571798,6.31,388.51804537999993,True,True,published provincial values converted at 2025 FX and held constant through 2060; sensitivity trajectories not yet applied,"An et al. (2025), Nature Communications 16, 2311, Supplementary Note 3 and Supplementary Table 2; doi:10.1038/s41467-025-57559-2",59.478,375.3061799999999,PROPOSED_NOT_APPLIED,v2_deep_integrated_review
46,Hainan,海南,2050,gchpccs,gas,61.571798,7.83,482.10717834,True,True,published provincial values converted at 2025 FX and held constant through 2060; sensitivity trajectories not yet applied,"An et al. (2025), Nature Communications 16, 2311, Supplementary Note 3 and Supplementary Table 2; doi:10.1038/s41467-025-57559-2",59.478,465.71274,PROPOSED_NOT_APPLIED,v2_deep_integrated_review
46,Hainan,海南,2050,bio,biomass,35.285926,9.0,317.57333400000005,True,True,published provincial values converted at 2025 FX and held constant through 2060; sensitivity trajectories not yet applied,"An et al. (2025), Nature Communications 16, 2311, Supplementary Note 3 and Supplementary Table 2; doi:10.1038/s41467-025-57559-2",34.086000000000006,306.77400000000006,PROPOSED_NOT_APPLIED,v2_deep_integrated_review
46,Hainan,海南,2050,bioccs,biomass,35.285926,10.3,363.4450378000001,True,True,published provincial values converted at 2025 FX and held constant through 2060; sensitivity trajectories not yet applied,"An et al. (2025), Nature Communications 16, 2311, Supplementary Note 3 and Supplementary Table 2; doi:10.1038/s41467-025-57559-2",34.086000000000006,351.08580000000006,PROPOSED_NOT_APPLIED,v2_deep_integrated_review
46,Hainan,海南,2060,coal,coal,34.28592,9.0,308.57327999999995,True,True,published provincial values converted at 2025 FX and held constant through 2060; sensitivity trajectories not yet applied,"An et al. (2025), Nature Communications 16, 2311, Supplementary Note 3 and Supplementary Table 2; doi:10.1038/s41467-025-57559-2",33.12,298.08,PROPOSED_NOT_APPLIED,v2_deep_integrated_review
46,Hainan,海南,2060,coalccs,coal,34.28592,11.25,385.7166,True,True,published provincial values converted at 2025 FX and held constant through 2060; sensitivity trajectories not yet applied,"An et al. (2025), Nature Communications 16, 2311, Supplementary Note 3 and Supplementary Table 2; doi:10.1038/s41467-025-57559-2",33.12,372.6,PROPOSED_NOT_APPLIED,v2_deep_integrated_review
46,Hainan,海南,2060,cchp,coal,34.28592,9.47,324.6876624,True,True,published provincial values converted at 2025 FX and held constant through 2060; sensitivity trajectories not yet applied,"An et al. (2025), Nature Communications 16, 2311, Supplementary Note 3 and Supplementary Table 2; doi:10.1038/s41467-025-57559-2",33.12,313.6464,PROPOSED_NOT_APPLIED,v2_deep_integrated_review
46,Hainan,海南,2060,cchpccs,coal,34.28592,11.25,385.7166,True,True,published provincial values converted at 2025 FX and held constant through 2060; sensitivity trajectories not yet applied,"An et al. (2025), Nature Communications 16, 2311, Supplementary Note 3 and Supplementary Table 2; doi:10.1038/s41467-025-57559-2",33.12,372.6,PROPOSED_NOT_APPLIED,v2_deep_integrated_review
46,Hainan,海南,2060,gas,gas,61.571798,6.31,388.51804537999993,True,True,published provincial values converted at 2025 FX and held constant through 2060; sensitivity trajectories not yet applied,"An et al. (2025), Nature Communications 16, 2311, Supplementary Note 3 and Supplementary Table 2; doi:10.1038/s41467-025-57559-2",59.478,375.3061799999999,PROPOSED_NOT_APPLIED,v2_deep_integrated_review
46,Hainan,海南,2060,gasccs,gas,61.571798,7.83,482.10717834,True,True,published provincial values converted at 2025 FX and held constant through 2060; sensitivity trajectories not yet applied,"An et al. (2025), Nature Communications 16, 2311, Supplementary Note 3 and Supplementary Table 2; doi:10.1038/s41467-025-57559-2",59.478,465.71274,PROPOSED_NOT_APPLIED,v2_deep_integrated_review
46,Hainan,海南,2060,gchp,gas,61.571798,6.31,388.51804537999993,True,True,published provincial values converted at 2025 FX and held constant through 2060; sensitivity trajectories not yet applied,"An et al. (2025), Nature Communications 16, 2311, Supplementary Note 3 and Supplementary Table 2; doi:10.1038/s41467-025-57559-2",59.478,375.3061799999999,PROPOSED_NOT_APPLIED,v2_deep_integrated_review
46,Hainan,海南,2060,gchpccs,gas,61.571798,7.83,482.10717834,True,True,published provincial values converted at 2025 FX and held constant through 2060; sensitivity trajectories not yet applied,"An et al. (2025), Nature Communications 16, 2311, Supplementary Note 3 and Supplementary Table 2; doi:10.1038/s41467-025-57559-2",59.478,465.71274,PROPOSED_NOT_APPLIED,v2_deep_integrated_review
46,Hainan,海南,2060,bio,biomass,35.285926,9.0,317.57333400000005,True,True,published provincial values converted at 2025 FX and held constant through 2060; sensitivity trajectories not yet applied,"An et al. (2025), Nature Communications 16, 2311, Supplementary Note 3 and Supplementary Table 2; doi:10.1038/s41467-025-57559-2",34.086000000000006,306.77400000000006,PROPOSED_NOT_APPLIED,v2_deep_integrated_review
46,Hainan,海南,2060,bioccs,biomass,35.285926,10.3,363.4450378000001,True,True,published provincial values converted at 2025 FX and held constant through 2060; sensitivity trajectories not yet applied,"An et al. (2025), Nature Communications 16, 2311, Supplementary Note 3 and Supplementary Table 2; doi:10.1038/s41467-025-57559-2",34.086000000000006,351.08580000000006,PROPOSED_NOT_APPLIED,v2_deep_integrated_review
50,Chongqing,重庆,2025,coal,coal,43.500261,9.0,391.502349,True,False,published provincial values converted at 2025 FX and held constant through 2060; sensitivity trajectories not yet applied,"An et al. (2025), Nature Communications 16, 2311, Supplementary Note 3 and Supplementary Table 2; doi:10.1038/s41467-025-57559-2",42.021,378.189,PROPOSED_NOT_APPLIED,v2_deep_integrated_review
50,Chongqing,重庆,2025,coalccs,coal,43.500261,11.25,489.37793625,True,False,published provincial values converted at 2025 FX and held constant through 2060; sensitivity trajectories not yet applied,"An et al. (2025), Nature Communications 16, 2311, Supplementary Note 3 and Supplementary Table 2; doi:10.1038/s41467-025-57559-2",42.021,472.73625,PROPOSED_NOT_APPLIED,v2_deep_integrated_review
50,Chongqing,重庆,2025,cchp,coal,43.500261,9.47,411.94747167,True,False,published provincial values converted at 2025 FX and held constant through 2060; sensitivity trajectories not yet applied,"An et al. (2025), Nature Communications 16, 2311, Supplementary Note 3 and Supplementary Table 2; doi:10.1038/s41467-025-57559-2",42.021,397.93887,PROPOSED_NOT_APPLIED,v2_deep_integrated_review
50,Chongqing,重庆,2025,cchpccs,coal,43.500261,11.25,489.37793625,True,False,published provincial values converted at 2025 FX and held constant through 2060; sensitivity trajectories not yet applied,"An et al. (2025), Nature Communications 16, 2311, Supplementary Note 3 and Supplementary Table 2; doi:10.1038/s41467-025-57559-2",42.021,472.73625,PROPOSED_NOT_APPLIED,v2_deep_integrated_review
50,Chongqing,重庆,2025,gas,gas,61.571798,6.31,388.51804537999993,True,False,published provincial values converted at 2025 FX and held constant through 2060; sensitivity trajectories not yet applied,"An et al. (2025), Nature Communications 16, 2311, Supplementary Note 3 and Supplementary Table 2; doi:10.1038/s41467-025-57559-2",59.478,375.3061799999999,PROPOSED_NOT_APPLIED,v2_deep_integrated_review
50,Chongqing,重庆,2025,gasccs,gas,61.571798,7.83,482.10717834,True,False,published provincial values converted at 2025 FX and held constant through 2060; sensitivity trajectories not yet applied,"An et al. (2025), Nature Communications 16, 2311, Supplementary Note 3 and Supplementary Table 2; doi:10.1038/s41467-025-57559-2",59.478,465.71274,PROPOSED_NOT_APPLIED,v2_deep_integrated_review
50,Chongqing,重庆,2025,gchp,gas,61.571798,6.31,388.51804537999993,True,False,published provincial values converted at 2025 FX and held constant through 2060; sensitivity trajectories not yet applied,"An et al. (2025), Nature Communications 16, 2311, Supplementary Note 3 and Supplementary Table 2; doi:10.1038/s41467-025-57559-2",59.478,375.3061799999999,PROPOSED_NOT_APPLIED,v2_deep_integrated_review
50,Chongqing,重庆,2025,gchpccs,gas,61.571798,7.83,482.10717834,True,False,published provincial values converted at 2025 FX and held constant through 2060; sensitivity trajectories not yet applied,"An et al. (2025), Nature Communications 16, 2311, Supplementary Note 3 and Supplementary Table 2; doi:10.1038/s41467-025-57559-2",59.478,465.71274,PROPOSED_NOT_APPLIED,v2_deep_integrated_review
50,Chongqing,重庆,2025,bio,biomass,33.428771999999995,9.0,300.85894799999994,True,False,published provincial values converted at 2025 FX and held constant through 2060; sensitivity trajectories not yet applied,"An et al. (2025), Nature Communications 16, 2311, Supplementary Note 3 and Supplementary Table 2; doi:10.1038/s41467-025-57559-2",32.292,290.62800000000004,PROPOSED_NOT_APPLIED,v2_deep_integrated_review
50,Chongqing,重庆,2025,bioccs,biomass,33.428771999999995,10.3,344.3163516,True,False,published provincial values converted at 2025 FX and held constant through 2060; sensitivity trajectories not yet applied,"An et al. (2025), Nature Communications 16, 2311, Supplementary Note 3 and Supplementary Table 2; doi:10.1038/s41467-025-57559-2",32.292,332.60760000000005,PROPOSED_NOT_APPLIED,v2_deep_integrated_review
50,Chongqing,重庆,2030,coal,coal,43.500261,9.0,391.502349,True,True,published provincial values converted at 2025 FX and held constant through 2060; sensitivity trajectories not yet applied,"An et al. (2025), Nature Communications 16, 2311, Supplementary Note 3 and Supplementary Table 2; doi:10.1038/s41467-025-57559-2",42.021,378.189,PROPOSED_NOT_APPLIED,v2_deep_integrated_review
50,Chongqing,重庆,2030,coalccs,coal,43.500261,11.25,489.37793625,True,True,published provincial values converted at 2025 FX and held constant through 2060; sensitivity trajectories not yet applied,"An et al. (2025), Nature Communications 16, 2311, Supplementary Note 3 and Supplementary Table 2; doi:10.1038/s41467-025-57559-2",42.021,472.73625,PROPOSED_NOT_APPLIED,v2_deep_integrated_review
50,Chongqing,重庆,2030,cchp,coal,43.500261,9.47,411.94747167,True,True,published provincial values converted at 2025 FX and held constant through 2060; sensitivity trajectories not yet applied,"An et al. (2025), Nature Communications 16, 2311, Supplementary Note 3 and Supplementary Table 2; doi:10.1038/s41467-025-57559-2",42.021,397.93887,PROPOSED_NOT_APPLIED,v2_deep_integrated_review
50,Chongqing,重庆,2030,cchpccs,coal,43.500261,11.25,489.37793625,True,True,published provincial values converted at 2025 FX and held constant through 2060; sensitivity trajectories not yet applied,"An et al. (2025), Nature Communications 16, 2311, Supplementary Note 3 and Supplementary Table 2; doi:10.1038/s41467-025-57559-2",42.021,472.73625,PROPOSED_NOT_APPLIED,v2_deep_integrated_review
50,Chongqing,重庆,2030,gas,gas,61.571798,6.31,388.51804537999993,True,True,published provincial values converted at 2025 FX and held constant through 2060; sensitivity trajectories not yet applied,"An et al. (2025), Nature Communications 16, 2311, Supplementary Note 3 and Supplementary Table 2; doi:10.1038/s41467-025-57559-2",59.478,375.3061799999999,PROPOSED_NOT_APPLIED,v2_deep_integrated_review
50,Chongqing,重庆,2030,gasccs,gas,61.571798,7.83,482.10717834,True,True,published provincial values converted at 2025 FX and held constant through 2060; sensitivity trajectories not yet applied,"An et al. (2025), Nature Communications 16, 2311, Supplementary Note 3 and Supplementary Table 2; doi:10.1038/s41467-025-57559-2",59.478,465.71274,PROPOSED_NOT_APPLIED,v2_deep_integrated_review
50,Chongqing,重庆,2030,gchp,gas,61.571798,6.31,388.51804537999993,True,True,published provincial values converted at 2025 FX and held constant through 2060; sensitivity trajectories not yet applied,"An et al. (2025), Nature Communications 16, 2311, Supplementary Note 3 and Supplementary Table 2; doi:10.1038/s41467-025-57559-2",59.478,375.3061799999999,PROPOSED_NOT_APPLIED,v2_deep_integrated_review
50,Chongqing,重庆,2030,gchpccs,gas,61.571798,7.83,482.10717834,True,True,published provincial values converted at 2025 FX and held constant through 2060; sensitivity trajectories not yet applied,"An et al. (2025), Nature Communications 16, 2311, Supplementary Note 3 and Supplementary Table 2; doi:10.1038/s41467-025-57559-2",59.478,465.71274,PROPOSED_NOT_APPLIED,v2_deep_integrated_review
50,Chongqing,重庆,2030,bio,biomass,33.428771999999995,9.0,300.85894799999994,True,True,published provincial values converted at 2025 FX and held constant through 2060; sensitivity trajectories not yet applied,"An et al. (2025), Nature Communications 16, 2311, Supplementary Note 3 and Supplementary Table 2; doi:10.1038/s41467-025-57559-2",32.292,290.62800000000004,PROPOSED_NOT_APPLIED,v2_deep_integrated_review
50,Chongqing,重庆,2030,bioccs,biomass,33.428771999999995,10.3,344.3163516,True,True,published provincial values converted at 2025 FX and held constant through 2060; sensitivity trajectories not yet applied,"An et al. (2025), Nature Communications 16, 2311, Supplementary Note 3 and Supplementary Table 2; doi:10.1038/s41467-025-57559-2",32.292,332.60760000000005,PROPOSED_NOT_APPLIED,v2_deep_integrated_review
50,Chongqing,重庆,2040,coal,coal,43.500261,9.0,391.502349,True,True,published provincial values converted at 2025 FX and held constant through 2060; sensitivity trajectories not yet applied,"An et al. (2025), Nature Communications 16, 2311, Supplementary Note 3 and Supplementary Table 2; doi:10.1038/s41467-025-57559-2",42.021,378.189,PROPOSED_NOT_APPLIED,v2_deep_integrated_review
50,Chongqing,重庆,2040,coalccs,coal,43.500261,11.25,489.37793625,True,True,published provincial values converted at 2025 FX and held constant through 2060; sensitivity trajectories not yet applied,"An et al. (2025), Nature Communications 16, 2311, Supplementary Note 3 and Supplementary Table 2; doi:10.1038/s41467-025-57559-2",42.021,472.73625,PROPOSED_NOT_APPLIED,v2_deep_integrated_review
50,Chongqing,重庆,2040,cchp,coal,43.500261,9.47,411.94747167,True,True,published provincial values converted at 2025 FX and held constant through 2060; sensitivity trajectories not yet applied,"An et al. (2025), Nature Communications 16, 2311, Supplementary Note 3 and Supplementary Table 2; doi:10.1038/s41467-025-57559-2",42.021,397.93887,PROPOSED_NOT_APPLIED,v2_deep_integrated_review
50,Chongqing,重庆,2040,cchpccs,coal,43.500261,11.25,489.37793625,True,True,published provincial values converted at 2025 FX and held constant through 2060; sensitivity trajectories not yet applied,"An et al. (2025), Nature Communications 16, 2311, Supplementary Note 3 and Supplementary Table 2; doi:10.1038/s41467-025-57559-2",42.021,472.73625,PROPOSED_NOT_APPLIED,v2_deep_integrated_review
50,Chongqing,重庆,2040,gas,gas,61.571798,6.31,388.51804537999993,True,True,published provincial values converted at 2025 FX and held constant through 2060; sensitivity trajectories not yet applied,"An et al. (2025), Nature Communications 16, 2311, Supplementary Note 3 and Supplementary Table 2; doi:10.1038/s41467-025-57559-2",59.478,375.3061799999999,PROPOSED_NOT_APPLIED,v2_deep_integrated_review
50,Chongqing,重庆,2040,gasccs,gas,61.571798,7.83,482.10717834,True,True,published provincial values converted at 2025 FX and held constant through 2060; sensitivity trajectories not yet applied,"An et al. (2025), Nature Communications 16, 2311, Supplementary Note 3 and Supplementary Table 2; doi:10.1038/s41467-025-57559-2",59.478,465.71274,PROPOSED_NOT_APPLIED,v2_deep_integrated_review
50,Chongqing,重庆,2040,gchp,gas,61.571798,6.31,388.51804537999993,True,True,published provincial values converted at 2025 FX and held constant through 2060; sensitivity trajectories not yet applied,"An et al. (2025), Nature Communications 16, 2311, Supplementary Note 3 and Supplementary Table 2; doi:10.1038/s41467-025-57559-2",59.478,375.3061799999999,PROPOSED_NOT_APPLIED,v2_deep_integrated_review
50,Chongqing,重庆,2040,gchpccs,gas,61.571798,7.83,482.10717834,True,True,published provincial values converted at 2025 FX and held constant through 2060; sensitivity trajectories not yet applied,"An et al. (2025), Nature Communications 16, 2311, Supplementary Note 3 and Supplementary Table 2; doi:10.1038/s41467-025-57559-2",59.478,465.71274,PROPOSED_NOT_APPLIED,v2_deep_integrated_review
50,Chongqing,重庆,2040,bio,biomass,33.428771999999995,9.0,300.85894799999994,True,True,published provincial values converted at 2025 FX and held constant through 2060; sensitivity trajectories not yet applied,"An et al. (2025), Nature Communications 16, 2311, Supplementary Note 3 and Supplementary Table 2; doi:10.1038/s41467-025-57559-2",32.292,290.62800000000004,PROPOSED_NOT_APPLIED,v2_deep_integrated_review
50,Chongqing,重庆,2040,bioccs,biomass,33.428771999999995,10.3,344.3163516,True,True,published provincial values converted at 2025 FX and held constant through 2060; sensitivity trajectories not yet applied,"An et al. (2025), Nature Communications 16, 2311, Supplementary Note 3 and Supplementary Table 2; doi:10.1038/s41467-025-57559-2",32.292,332.60760000000005,PROPOSED_NOT_APPLIED,v2_deep_integrated_review
50,Chongqing,重庆,2050,coal,coal,43.500261,9.0,391.502349,True,True,published provincial values converted at 2025 FX and held constant through 2060; sensitivity trajectories not yet applied,"An et al. (2025), Nature Communications 16, 2311, Supplementary Note 3 and Supplementary Table 2; doi:10.1038/s41467-025-57559-2",42.021,378.189,PROPOSED_NOT_APPLIED,v2_deep_integrated_review
50,Chongqing,重庆,2050,coalccs,coal,43.500261,11.25,489.37793625,True,True,published provincial values converted at 2025 FX and held constant through 2060; sensitivity trajectories not yet applied,"An et al. (2025), Nature Communications 16, 2311, Supplementary Note 3 and Supplementary Table 2; doi:10.1038/s41467-025-57559-2",42.021,472.73625,PROPOSED_NOT_APPLIED,v2_deep_integrated_review
50,Chongqing,重庆,2050,cchp,coal,43.500261,9.47,411.94747167,True,True,published provincial values converted at 2025 FX and held constant through 2060; sensitivity trajectories not yet applied,"An et al. (2025), Nature Communications 16, 2311, Supplementary Note 3 and Supplementary Table 2; doi:10.1038/s41467-025-57559-2",42.021,397.93887,PROPOSED_NOT_APPLIED,v2_deep_integrated_review
50,Chongqing,重庆,2050,cchpccs,coal,43.500261,11.25,489.37793625,True,True,published provincial values converted at 2025 FX and held constant through 2060; sensitivity trajectories not yet applied,"An et al. (2025), Nature Communications 16, 2311, Supplementary Note 3 and Supplementary Table 2; doi:10.1038/s41467-025-57559-2",42.021,472.73625,PROPOSED_NOT_APPLIED,v2_deep_integrated_review
50,Chongqing,重庆,2050,gas,gas,61.571798,6.31,388.51804537999993,True,True,published provincial values converted at 2025 FX and held constant through 2060; sensitivity trajectories not yet applied,"An et al. (2025), Nature Communications 16, 2311, Supplementary Note 3 and Supplementary Table 2; doi:10.1038/s41467-025-57559-2",59.478,375.3061799999999,PROPOSED_NOT_APPLIED,v2_deep_integrated_review
50,Chongqing,重庆,2050,gasccs,gas,61.571798,7.83,482.10717834,True,True,published provincial values converted at 2025 FX and held constant through 2060; sensitivity trajectories not yet applied,"An et al. (2025), Nature Communications 16, 2311, Supplementary Note 3 and Supplementary Table 2; doi:10.1038/s41467-025-57559-2",59.478,465.71274,PROPOSED_NOT_APPLIED,v2_deep_integrated_review
50,Chongqing,重庆,2050,gchp,gas,61.571798,6.31,388.51804537999993,True,True,published provincial values converted at 2025 FX and held constant through 2060; sensitivity trajectories not yet applied,"An et al. (2025), Nature Communications 16, 2311, Supplementary Note 3 and Supplementary Table 2; doi:10.1038/s41467-025-57559-2",59.478,375.3061799999999,PROPOSED_NOT_APPLIED,v2_deep_integrated_review
50,Chongqing,重庆,2050,gchpccs,gas,61.571798,7.83,482.10717834,True,True,published provincial values converted at 2025 FX and held constant through 2060; sensitivity trajectories not yet applied,"An et al. (2025), Nature Communications 16, 2311, Supplementary Note 3 and Supplementary Table 2; doi:10.1038/s41467-025-57559-2",59.478,465.71274,PROPOSED_NOT_APPLIED,v2_deep_integrated_review
50,Chongqing,重庆,2050,bio,biomass,33.428771999999995,9.0,300.85894799999994,True,True,published provincial values converted at 2025 FX and held constant through 2060; sensitivity trajectories not yet applied,"An et al. (2025), Nature Communications 16, 2311, Supplementary Note 3 and Supplementary Table 2; doi:10.1038/s41467-025-57559-2",32.292,290.62800000000004,PROPOSED_NOT_APPLIED,v2_deep_integrated_review
50,Chongqing,重庆,2050,bioccs,biomass,33.428771999999995,10.3,344.3163516,True,True,published provincial values converted at 2025 FX and held constant through 2060; sensitivity trajectories not yet applied,"An et al. (2025), Nature Communications 16, 2311, Supplementary Note 3 and Supplementary Table 2; doi:10.1038/s41467-025-57559-2",32.292,332.60760000000005,PROPOSED_NOT_APPLIED,v2_deep_integrated_review
50,Chongqing,重庆,2060,coal,coal,43.500261,9.0,391.502349,True,True,published provincial values converted at 2025 FX and held constant through 2060; sensitivity trajectories not yet applied,"An et al. (2025), Nature Communications 16, 2311, Supplementary Note 3 and Supplementary Table 2; doi:10.1038/s41467-025-57559-2",42.021,378.189,PROPOSED_NOT_APPLIED,v2_deep_integrated_review
50,Chongqing,重庆,2060,coalccs,coal,43.500261,11.25,489.37793625,True,True,published provincial values converted at 2025 FX and held constant through 2060; sensitivity trajectories not yet applied,"An et al. (2025), Nature Communications 16, 2311, Supplementary Note 3 and Supplementary Table 2; doi:10.1038/s41467-025-57559-2",42.021,472.73625,PROPOSED_NOT_APPLIED,v2_deep_integrated_review
50,Chongqing,重庆,2060,cchp,coal,43.500261,9.47,411.94747167,True,True,published provincial values converted at 2025 FX and held constant through 2060; sensitivity trajectories not yet applied,"An et al. (2025), Nature Communications 16, 2311, Supplementary Note 3 and Supplementary Table 2; doi:10.1038/s41467-025-57559-2",42.021,397.93887,PROPOSED_NOT_APPLIED,v2_deep_integrated_review
50,Chongqing,重庆,2060,cchpccs,coal,43.500261,11.25,489.37793625,True,True,published provincial values converted at 2025 FX and held constant through 2060; sensitivity trajectories not yet applied,"An et al. (2025), Nature Communications 16, 2311, Supplementary Note 3 and Supplementary Table 2; doi:10.1038/s41467-025-57559-2",42.021,472.73625,PROPOSED_NOT_APPLIED,v2_deep_integrated_review
50,Chongqing,重庆,2060,gas,gas,61.571798,6.31,388.51804537999993,True,True,published provincial values converted at 2025 FX and held constant through 2060; sensitivity trajectories not yet applied,"An et al. (2025), Nature Communications 16, 2311, Supplementary Note 3 and Supplementary Table 2; doi:10.1038/s41467-025-57559-2",59.478,375.3061799999999,PROPOSED_NOT_APPLIED,v2_deep_integrated_review
50,Chongqing,重庆,2060,gasccs,gas,61.571798,7.83,482.10717834,True,True,published provincial values converted at 2025 FX and held constant through 2060; sensitivity trajectories not yet applied,"An et al. (2025), Nature Communications 16, 2311, Supplementary Note 3 and Supplementary Table 2; doi:10.1038/s41467-025-57559-2",59.478,465.71274,PROPOSED_NOT_APPLIED,v2_deep_integrated_review
50,Chongqing,重庆,2060,gchp,gas,61.571798,6.31,388.51804537999993,True,True,published provincial values converted at 2025 FX and held constant through 2060; sensitivity trajectories not yet applied,"An et al. (2025), Nature Communications 16, 2311, Supplementary Note 3 and Supplementary Table 2; doi:10.1038/s41467-025-57559-2",59.478,375.3061799999999,PROPOSED_NOT_APPLIED,v2_deep_integrated_review
50,Chongqing,重庆,2060,gchpccs,gas,61.571798,7.83,482.10717834,True,True,published provincial values converted at 2025 FX and held constant through 2060; sensitivity trajectories not yet applied,"An et al. (2025), Nature Communications 16, 2311, Supplementary Note 3 and Supplementary Table 2; doi:10.1038/s41467-025-57559-2",59.478,465.71274,PROPOSED_NOT_APPLIED,v2_deep_integrated_review
50,Chongqing,重庆,2060,bio,biomass,33.428771999999995,9.0,300.85894799999994,True,True,published provincial values converted at 2025 FX and held constant through 2060; sensitivity trajectories not yet applied,"An et al. (2025), Nature Communications 16, 2311, Supplementary Note 3 and Supplementary Table 2; doi:10.1038/s41467-025-57559-2",32.292,290.62800000000004,PROPOSED_NOT_APPLIED,v2_deep_integrated_review
50,Chongqing,重庆,2060,bioccs,biomass,33.428771999999995,10.3,344.3163516,True,True,published provincial values converted at 2025 FX and held constant through 2060; sensitivity trajectories not yet applied,"An et al. (2025), Nature Communications 16, 2311, Supplementary Note 3 and Supplementary Table 2; doi:10.1038/s41467-025-57559-2",32.292,332.60760000000005,PROPOSED_NOT_APPLIED,v2_deep_integrated_review
51,Sichuan,四川,2025,coal,coal,46.357421,9.0,417.216789,True,False,published provincial values converted at 2025 FX and held constant through 2060; sensitivity trajectories not yet applied,"An et al. (2025), Nature Communications 16, 2311, Supplementary Note 3 and Supplementary Table 2; doi:10.1038/s41467-025-57559-2",44.781000000000006,403.02900000000005,PROPOSED_NOT_APPLIED,v2_deep_integrated_review
51,Sichuan,四川,2025,coalccs,coal,46.357421,11.25,521.5209862500001,True,False,published provincial values converted at 2025 FX and held constant through 2060; sensitivity trajectories not yet applied,"An et al. (2025), Nature Communications 16, 2311, Supplementary Note 3 and Supplementary Table 2; doi:10.1038/s41467-025-57559-2",44.781000000000006,503.78625000000005,PROPOSED_NOT_APPLIED,v2_deep_integrated_review
51,Sichuan,四川,2025,cchp,coal,46.357421,9.47,439.00477687000006,True,False,published provincial values converted at 2025 FX and held constant through 2060; sensitivity trajectories not yet applied,"An et al. (2025), Nature Communications 16, 2311, Supplementary Note 3 and Supplementary Table 2; doi:10.1038/s41467-025-57559-2",44.781000000000006,424.0760700000001,PROPOSED_NOT_APPLIED,v2_deep_integrated_review
51,Sichuan,四川,2025,cchpccs,coal,46.357421,11.25,521.5209862500001,True,False,published provincial values converted at 2025 FX and held constant through 2060; sensitivity trajectories not yet applied,"An et al. (2025), Nature Communications 16, 2311, Supplementary Note 3 and Supplementary Table 2; doi:10.1038/s41467-025-57559-2",44.781000000000006,503.78625000000005,PROPOSED_NOT_APPLIED,v2_deep_integrated_review
51,Sichuan,四川,2025,gas,gas,61.857514,6.31,390.32091334,True,False,published provincial values converted at 2025 FX and held constant through 2060; sensitivity trajectories not yet applied,"An et al. (2025), Nature Communications 16, 2311, Supplementary Note 3 and Supplementary Table 2; doi:10.1038/s41467-025-57559-2",59.754000000000005,377.04774,PROPOSED_NOT_APPLIED,v2_deep_integrated_review
51,Sichuan,四川,2025,gasccs,gas,61.857514,7.83,484.34433462,True,False,published provincial values converted at 2025 FX and held constant through 2060; sensitivity trajectories not yet applied,"An et al. (2025), Nature Communications 16, 2311, Supplementary Note 3 and Supplementary Table 2; doi:10.1038/s41467-025-57559-2",59.754000000000005,467.87382,PROPOSED_NOT_APPLIED,v2_deep_integrated_review
51,Sichuan,四川,2025,gchp,gas,61.857514,6.31,390.32091334,True,False,published provincial values converted at 2025 FX and held constant through 2060; sensitivity trajectories not yet applied,"An et al. (2025), Nature Communications 16, 2311, Supplementary Note 3 and Supplementary Table 2; doi:10.1038/s41467-025-57559-2",59.754000000000005,377.04774,PROPOSED_NOT_APPLIED,v2_deep_integrated_review
51,Sichuan,四川,2025,gchpccs,gas,61.857514,7.83,484.34433462,True,False,published provincial values converted at 2025 FX and held constant through 2060; sensitivity trajectories not yet applied,"An et al. (2025), Nature Communications 16, 2311, Supplementary Note 3 and Supplementary Table 2; doi:10.1038/s41467-025-57559-2",59.754000000000005,467.87382,PROPOSED_NOT_APPLIED,v2_deep_integrated_review
51,Sichuan,四川,2025,bio,biomass,33.57163,9.0,302.14467,True,False,published provincial values converted at 2025 FX and held constant through 2060; sensitivity trajectories not yet applied,"An et al. (2025), Nature Communications 16, 2311, Supplementary Note 3 and Supplementary Table 2; doi:10.1038/s41467-025-57559-2",32.43,291.87,PROPOSED_NOT_APPLIED,v2_deep_integrated_review
51,Sichuan,四川,2025,bioccs,biomass,33.57163,10.3,345.78778900000003,True,False,published provincial values converted at 2025 FX and held constant through 2060; sensitivity trajectories not yet applied,"An et al. (2025), Nature Communications 16, 2311, Supplementary Note 3 and Supplementary Table 2; doi:10.1038/s41467-025-57559-2",32.43,334.029,PROPOSED_NOT_APPLIED,v2_deep_integrated_review
51,Sichuan,四川,2030,coal,coal,46.357421,9.0,417.216789,True,True,published provincial values converted at 2025 FX and held constant through 2060; sensitivity trajectories not yet applied,"An et al. (2025), Nature Communications 16, 2311, Supplementary Note 3 and Supplementary Table 2; doi:10.1038/s41467-025-57559-2",44.781000000000006,403.02900000000005,PROPOSED_NOT_APPLIED,v2_deep_integrated_review
51,Sichuan,四川,2030,coalccs,coal,46.357421,11.25,521.5209862500001,True,True,published provincial values converted at 2025 FX and held constant through 2060; sensitivity trajectories not yet applied,"An et al. (2025), Nature Communications 16, 2311, Supplementary Note 3 and Supplementary Table 2; doi:10.1038/s41467-025-57559-2",44.781000000000006,503.78625000000005,PROPOSED_NOT_APPLIED,v2_deep_integrated_review
51,Sichuan,四川,2030,cchp,coal,46.357421,9.47,439.00477687000006,True,True,published provincial values converted at 2025 FX and held constant through 2060; sensitivity trajectories not yet applied,"An et al. (2025), Nature Communications 16, 2311, Supplementary Note 3 and Supplementary Table 2; doi:10.1038/s41467-025-57559-2",44.781000000000006,424.0760700000001,PROPOSED_NOT_APPLIED,v2_deep_integrated_review
51,Sichuan,四川,2030,cchpccs,coal,46.357421,11.25,521.5209862500001,True,True,published provincial values converted at 2025 FX and held constant through 2060; sensitivity trajectories not yet applied,"An et al. (2025), Nature Communications 16, 2311, Supplementary Note 3 and Supplementary Table 2; doi:10.1038/s41467-025-57559-2",44.781000000000006,503.78625000000005,PROPOSED_NOT_APPLIED,v2_deep_integrated_review
51,Sichuan,四川,2030,gas,gas,61.857514,6.31,390.32091334,True,True,published provincial values converted at 2025 FX and held constant through 2060; sensitivity trajectories not yet applied,"An et al. (2025), Nature Communications 16, 2311, Supplementary Note 3 and Supplementary Table 2; doi:10.1038/s41467-025-57559-2",59.754000000000005,377.04774,PROPOSED_NOT_APPLIED,v2_deep_integrated_review
51,Sichuan,四川,2030,gasccs,gas,61.857514,7.83,484.34433462,True,True,published provincial values converted at 2025 FX and held constant through 2060; sensitivity trajectories not yet applied,"An et al. (2025), Nature Communications 16, 2311, Supplementary Note 3 and Supplementary Table 2; doi:10.1038/s41467-025-57559-2",59.754000000000005,467.87382,PROPOSED_NOT_APPLIED,v2_deep_integrated_review
51,Sichuan,四川,2030,gchp,gas,61.857514,6.31,390.32091334,True,True,published provincial values converted at 2025 FX and held constant through 2060; sensitivity trajectories not yet applied,"An et al. (2025), Nature Communications 16, 2311, Supplementary Note 3 and Supplementary Table 2; doi:10.1038/s41467-025-57559-2",59.754000000000005,377.04774,PROPOSED_NOT_APPLIED,v2_deep_integrated_review
51,Sichuan,四川,2030,gchpccs,gas,61.857514,7.83,484.34433462,True,True,published provincial values converted at 2025 FX and held constant through 2060; sensitivity trajectories not yet applied,"An et al. (2025), Nature Communications 16, 2311, Supplementary Note 3 and Supplementary Table 2; doi:10.1038/s41467-025-57559-2",59.754000000000005,467.87382,PROPOSED_NOT_APPLIED,v2_deep_integrated_review
51,Sichuan,四川,2030,bio,biomass,33.57163,9.0,302.14467,True,True,published provincial values converted at 2025 FX and held constant through 2060; sensitivity trajectories not yet applied,"An et al. (2025), Nature Communications 16, 2311, Supplementary Note 3 and Supplementary Table 2; doi:10.1038/s41467-025-57559-2",32.43,291.87,PROPOSED_NOT_APPLIED,v2_deep_integrated_review
51,Sichuan,四川,2030,bioccs,biomass,33.57163,10.3,345.78778900000003,True,True,published provincial values converted at 2025 FX and held constant through 2060; sensitivity trajectories not yet applied,"An et al. (2025), Nature Communications 16, 2311, Supplementary Note 3 and Supplementary Table 2; doi:10.1038/s41467-025-57559-2",32.43,334.029,PROPOSED_NOT_APPLIED,v2_deep_integrated_review
51,Sichuan,四川,2040,coal,coal,46.357421,9.0,417.216789,True,True,published provincial values converted at 2025 FX and held constant through 2060; sensitivity trajectories not yet applied,"An et al. (2025), Nature Communications 16, 2311, Supplementary Note 3 and Supplementary Table 2; doi:10.1038/s41467-025-57559-2",44.781000000000006,403.02900000000005,PROPOSED_NOT_APPLIED,v2_deep_integrated_review
51,Sichuan,四川,2040,coalccs,coal,46.357421,11.25,521.5209862500001,True,True,published provincial values converted at 2025 FX and held constant through 2060; sensitivity trajectories not yet applied,"An et al. (2025), Nature Communications 16, 2311, Supplementary Note 3 and Supplementary Table 2; doi:10.1038/s41467-025-57559-2",44.781000000000006,503.78625000000005,PROPOSED_NOT_APPLIED,v2_deep_integrated_review
51,Sichuan,四川,2040,cchp,coal,46.357421,9.47,439.00477687000006,True,True,published provincial values converted at 2025 FX and held constant through 2060; sensitivity trajectories not yet applied,"An et al. (2025), Nature Communications 16, 2311, Supplementary Note 3 and Supplementary Table 2; doi:10.1038/s41467-025-57559-2",44.781000000000006,424.0760700000001,PROPOSED_NOT_APPLIED,v2_deep_integrated_review
51,Sichuan,四川,2040,cchpccs,coal,46.357421,11.25,521.5209862500001,True,True,published provincial values converted at 2025 FX and held constant through 2060; sensitivity trajectories not yet applied,"An et al. (2025), Nature Communications 16, 2311, Supplementary Note 3 and Supplementary Table 2; doi:10.1038/s41467-025-57559-2",44.781000000000006,503.78625000000005,PROPOSED_NOT_APPLIED,v2_deep_integrated_review
51,Sichuan,四川,2040,gas,gas,61.857514,6.31,390.32091334,True,True,published provincial values converted at 2025 FX and held constant through 2060; sensitivity trajectories not yet applied,"An et al. (2025), Nature Communications 16, 2311, Supplementary Note 3 and Supplementary Table 2; doi:10.1038/s41467-025-57559-2",59.754000000000005,377.04774,PROPOSED_NOT_APPLIED,v2_deep_integrated_review
51,Sichuan,四川,2040,gasccs,gas,61.857514,7.83,484.34433462,True,True,published provincial values converted at 2025 FX and held constant through 2060; sensitivity trajectories not yet applied,"An et al. (2025), Nature Communications 16, 2311, Supplementary Note 3 and Supplementary Table 2; doi:10.1038/s41467-025-57559-2",59.754000000000005,467.87382,PROPOSED_NOT_APPLIED,v2_deep_integrated_review
51,Sichuan,四川,2040,gchp,gas,61.857514,6.31,390.32091334,True,True,published provincial values converted at 2025 FX and held constant through 2060; sensitivity trajectories not yet applied,"An et al. (2025), Nature Communications 16, 2311, Supplementary Note 3 and Supplementary Table 2; doi:10.1038/s41467-025-57559-2",59.754000000000005,377.04774,PROPOSED_NOT_APPLIED,v2_deep_integrated_review
51,Sichuan,四川,2040,gchpccs,gas,61.857514,7.83,484.34433462,True,True,published provincial values converted at 2025 FX and held constant through 2060; sensitivity trajectories not yet applied,"An et al. (2025), Nature Communications 16, 2311, Supplementary Note 3 and Supplementary Table 2; doi:10.1038/s41467-025-57559-2",59.754000000000005,467.87382,PROPOSED_NOT_APPLIED,v2_deep_integrated_review
51,Sichuan,四川,2040,bio,biomass,33.57163,9.0,302.14467,True,True,published provincial values converted at 2025 FX and held constant through 2060; sensitivity trajectories not yet applied,"An et al. (2025), Nature Communications 16, 2311, Supplementary Note 3 and Supplementary Table 2; doi:10.1038/s41467-025-57559-2",32.43,291.87,PROPOSED_NOT_APPLIED,v2_deep_integrated_review
51,Sichuan,四川,2040,bioccs,biomass,33.57163,10.3,345.78778900000003,True,True,published provincial values converted at 2025 FX and held constant through 2060; sensitivity trajectories not yet applied,"An et al. (2025), Nature Communications 16, 2311, Supplementary Note 3 and Supplementary Table 2; doi:10.1038/s41467-025-57559-2",32.43,334.029,PROPOSED_NOT_APPLIED,v2_deep_integrated_review
51,Sichuan,四川,2050,coal,coal,46.357421,9.0,417.216789,True,True,published provincial values converted at 2025 FX and held constant through 2060; sensitivity trajectories not yet applied,"An et al. (2025), Nature Communications 16, 2311, Supplementary Note 3 and Supplementary Table 2; doi:10.1038/s41467-025-57559-2",44.781000000000006,403.02900000000005,PROPOSED_NOT_APPLIED,v2_deep_integrated_review
51,Sichuan,四川,2050,coalccs,coal,46.357421,11.25,521.5209862500001,True,True,published provincial values converted at 2025 FX and held constant through 2060; sensitivity trajectories not yet applied,"An et al. (2025), Nature Communications 16, 2311, Supplementary Note 3 and Supplementary Table 2; doi:10.1038/s41467-025-57559-2",44.781000000000006,503.78625000000005,PROPOSED_NOT_APPLIED,v2_deep_integrated_review
51,Sichuan,四川,2050,cchp,coal,46.357421,9.47,439.00477687000006,True,True,published provincial values converted at 2025 FX and held constant through 2060; sensitivity trajectories not yet applied,"An et al. (2025), Nature Communications 16, 2311, Supplementary Note 3 and Supplementary Table 2; doi:10.1038/s41467-025-57559-2",44.781000000000006,424.0760700000001,PROPOSED_NOT_APPLIED,v2_deep_integrated_review
51,Sichuan,四川,2050,cchpccs,coal,46.357421,11.25,521.5209862500001,True,True,published provincial values converted at 2025 FX and held constant through 2060; sensitivity trajectories not yet applied,"An et al. (2025), Nature Communications 16, 2311, Supplementary Note 3 and Supplementary Table 2; doi:10.1038/s41467-025-57559-2",44.781000000000006,503.78625000000005,PROPOSED_NOT_APPLIED,v2_deep_integrated_review
51,Sichuan,四川,2050,gas,gas,61.857514,6.31,390.32091334,True,True,published provincial values converted at 2025 FX and held constant through 2060; sensitivity trajectories not yet applied,"An et al. (2025), Nature Communications 16, 2311, Supplementary Note 3 and Supplementary Table 2; doi:10.1038/s41467-025-57559-2",59.754000000000005,377.04774,PROPOSED_NOT_APPLIED,v2_deep_integrated_review
51,Sichuan,四川,2050,gasccs,gas,61.857514,7.83,484.34433462,True,True,published provincial values converted at 2025 FX and held constant through 2060; sensitivity trajectories not yet applied,"An et al. (2025), Nature Communications 16, 2311, Supplementary Note 3 and Supplementary Table 2; doi:10.1038/s41467-025-57559-2",59.754000000000005,467.87382,PROPOSED_NOT_APPLIED,v2_deep_integrated_review
51,Sichuan,四川,2050,gchp,gas,61.857514,6.31,390.32091334,True,True,published provincial values converted at 2025 FX and held constant through 2060; sensitivity trajectories not yet applied,"An et al. (2025), Nature Communications 16, 2311, Supplementary Note 3 and Supplementary Table 2; doi:10.1038/s41467-025-57559-2",59.754000000000005,377.04774,PROPOSED_NOT_APPLIED,v2_deep_integrated_review
51,Sichuan,四川,2050,gchpccs,gas,61.857514,7.83,484.34433462,True,True,published provincial values converted at 2025 FX and held constant through 2060; sensitivity trajectories not yet applied,"An et al. (2025), Nature Communications 16, 2311, Supplementary Note 3 and Supplementary Table 2; doi:10.1038/s41467-025-57559-2",59.754000000000005,467.87382,PROPOSED_NOT_APPLIED,v2_deep_integrated_review
51,Sichuan,四川,2050,bio,biomass,33.57163,9.0,302.14467,True,True,published provincial values converted at 2025 FX and held constant through 2060; sensitivity trajectories not yet applied,"An et al. (2025), Nature Communications 16, 2311, Supplementary Note 3 and Supplementary Table 2; doi:10.1038/s41467-025-57559-2",32.43,291.87,PROPOSED_NOT_APPLIED,v2_deep_integrated_review
51,Sichuan,四川,2050,bioccs,biomass,33.57163,10.3,345.78778900000003,True,True,published provincial values converted at 2025 FX and held constant through 2060; sensitivity trajectories not yet applied,"An et al. (2025), Nature Communications 16, 2311, Supplementary Note 3 and Supplementary Table 2; doi:10.1038/s41467-025-57559-2",32.43,334.029,PROPOSED_NOT_APPLIED,v2_deep_integrated_review
51,Sichuan,四川,2060,coal,coal,46.357421,9.0,417.216789,True,True,published provincial values converted at 2025 FX and held constant through 2060; sensitivity trajectories not yet applied,"An et al. (2025), Nature Communications 16, 2311, Supplementary Note 3 and Supplementary Table 2; doi:10.1038/s41467-025-57559-2",44.781000000000006,403.02900000000005,PROPOSED_NOT_APPLIED,v2_deep_integrated_review
51,Sichuan,四川,2060,coalccs,coal,46.357421,11.25,521.5209862500001,True,True,published provincial values converted at 2025 FX and held constant through 2060; sensitivity trajectories not yet applied,"An et al. (2025), Nature Communications 16, 2311, Supplementary Note 3 and Supplementary Table 2; doi:10.1038/s41467-025-57559-2",44.781000000000006,503.78625000000005,PROPOSED_NOT_APPLIED,v2_deep_integrated_review
51,Sichuan,四川,2060,cchp,coal,46.357421,9.47,439.00477687000006,True,True,published provincial values converted at 2025 FX and held constant through 2060; sensitivity trajectories not yet applied,"An et al. (2025), Nature Communications 16, 2311, Supplementary Note 3 and Supplementary Table 2; doi:10.1038/s41467-025-57559-2",44.781000000000006,424.0760700000001,PROPOSED_NOT_APPLIED,v2_deep_integrated_review
51,Sichuan,四川,2060,cchpccs,coal,46.357421,11.25,521.5209862500001,True,True,published provincial values converted at 2025 FX and held constant through 2060; sensitivity trajectories not yet applied,"An et al. (2025), Nature Communications 16, 2311, Supplementary Note 3 and Supplementary Table 2; doi:10.1038/s41467-025-57559-2",44.781000000000006,503.78625000000005,PROPOSED_NOT_APPLIED,v2_deep_integrated_review
51,Sichuan,四川,2060,gas,gas,61.857514,6.31,390.32091334,True,True,published provincial values converted at 2025 FX and held constant through 2060; sensitivity trajectories not yet applied,"An et al. (2025), Nature Communications 16, 2311, Supplementary Note 3 and Supplementary Table 2; doi:10.1038/s41467-025-57559-2",59.754000000000005,377.04774,PROPOSED_NOT_APPLIED,v2_deep_integrated_review
51,Sichuan,四川,2060,gasccs,gas,61.857514,7.83,484.34433462,True,True,published provincial values converted at 2025 FX and held constant through 2060; sensitivity trajectories not yet applied,"An et al. (2025), Nature Communications 16, 2311, Supplementary Note 3 and Supplementary Table 2; doi:10.1038/s41467-025-57559-2",59.754000000000005,467.87382,PROPOSED_NOT_APPLIED,v2_deep_integrated_review
51,Sichuan,四川,2060,gchp,gas,61.857514,6.31,390.32091334,True,True,published provincial values converted at 2025 FX and held constant through 2060; sensitivity trajectories not yet applied,"An et al. (2025), Nature Communications 16, 2311, Supplementary Note 3 and Supplementary Table 2; doi:10.1038/s41467-025-57559-2",59.754000000000005,377.04774,PROPOSED_NOT_APPLIED,v2_deep_integrated_review
51,Sichuan,四川,2060,gchpccs,gas,61.857514,7.83,484.34433462,True,True,published provincial values converted at 2025 FX and held constant through 2060; sensitivity trajectories not yet applied,"An et al. (2025), Nature Communications 16, 2311, Supplementary Note 3 and Supplementary Table 2; doi:10.1038/s41467-025-57559-2",59.754000000000005,467.87382,PROPOSED_NOT_APPLIED,v2_deep_integrated_review
51,Sichuan,四川,2060,bio,biomass,33.57163,9.0,302.14467,True,True,published provincial values converted at 2025 FX and held constant through 2060; sensitivity trajectories not yet applied,"An et al. (2025), Nature Communications 16, 2311, Supplementary Note 3 and Supplementary Table 2; doi:10.1038/s41467-025-57559-2",32.43,291.87,PROPOSED_NOT_APPLIED,v2_deep_integrated_review
51,Sichuan,四川,2060,bioccs,biomass,33.57163,10.3,345.78778900000003,True,True,published provincial values converted at 2025 FX and held constant through 2060; sensitivity trajectories not yet applied,"An et al. (2025), Nature Communications 16, 2311, Supplementary Note 3 and Supplementary Table 2; doi:10.1038/s41467-025-57559-2",32.43,334.029,PROPOSED_NOT_APPLIED,v2_deep_integrated_review
52,Guizhou,贵州,2025,coal,coal,35.357355,9.0,318.216195,True,False,published provincial values converted at 2025 FX and held constant through 2060; sensitivity trajectories not yet applied,"An et al. (2025), Nature Communications 16, 2311, Supplementary Note 3 and Supplementary Table 2; doi:10.1038/s41467-025-57559-2",34.155,307.395,PROPOSED_NOT_APPLIED,v2_deep_integrated_review
52,Guizhou,贵州,2025,coalccs,coal,35.357355,11.25,397.77024375,True,False,published provincial values converted at 2025 FX and held constant through 2060; sensitivity trajectories not yet applied,"An et al. (2025), Nature Communications 16, 2311, Supplementary Note 3 and Supplementary Table 2; doi:10.1038/s41467-025-57559-2",34.155,384.24375,PROPOSED_NOT_APPLIED,v2_deep_integrated_review
52,Guizhou,贵州,2025,cchp,coal,35.357355,9.47,334.83415185,True,False,published provincial values converted at 2025 FX and held constant through 2060; sensitivity trajectories not yet applied,"An et al. (2025), Nature Communications 16, 2311, Supplementary Note 3 and Supplementary Table 2; doi:10.1038/s41467-025-57559-2",34.155,323.44785,PROPOSED_NOT_APPLIED,v2_deep_integrated_review
52,Guizhou,贵州,2025,cchpccs,coal,35.357355,11.25,397.77024375,True,False,published provincial values converted at 2025 FX and held constant through 2060; sensitivity trajectories not yet applied,"An et al. (2025), Nature Communications 16, 2311, Supplementary Note 3 and Supplementary Table 2; doi:10.1038/s41467-025-57559-2",34.155,384.24375,PROPOSED_NOT_APPLIED,v2_deep_integrated_review
52,Guizhou,贵州,2025,gas,gas,63.428952,6.31,400.23668712,True,False,published provincial values converted at 2025 FX and held constant through 2060; sensitivity trajectories not yet applied,"An et al. (2025), Nature Communications 16, 2311, Supplementary Note 3 and Supplementary Table 2; doi:10.1038/s41467-025-57559-2",61.272000000000006,386.62632,PROPOSED_NOT_APPLIED,v2_deep_integrated_review
52,Guizhou,贵州,2025,gasccs,gas,63.428952,7.83,496.6486941600001,True,False,published provincial values converted at 2025 FX and held constant through 2060; sensitivity trajectories not yet applied,"An et al. (2025), Nature Communications 16, 2311, Supplementary Note 3 and Supplementary Table 2; doi:10.1038/s41467-025-57559-2",61.272000000000006,479.75976,PROPOSED_NOT_APPLIED,v2_deep_integrated_review
52,Guizhou,贵州,2025,gchp,gas,63.428952,6.31,400.23668712,True,False,published provincial values converted at 2025 FX and held constant through 2060; sensitivity trajectories not yet applied,"An et al. (2025), Nature Communications 16, 2311, Supplementary Note 3 and Supplementary Table 2; doi:10.1038/s41467-025-57559-2",61.272000000000006,386.62632,PROPOSED_NOT_APPLIED,v2_deep_integrated_review
52,Guizhou,贵州,2025,gchpccs,gas,63.428952,7.83,496.6486941600001,True,False,published provincial values converted at 2025 FX and held constant through 2060; sensitivity trajectories not yet applied,"An et al. (2025), Nature Communications 16, 2311, Supplementary Note 3 and Supplementary Table 2; doi:10.1038/s41467-025-57559-2",61.272000000000006,479.75976,PROPOSED_NOT_APPLIED,v2_deep_integrated_review
52,Guizhou,贵州,2025,bio,biomass,32.071621,9.0,288.644589,True,False,published provincial values converted at 2025 FX and held constant through 2060; sensitivity trajectories not yet applied,"An et al. (2025), Nature Communications 16, 2311, Supplementary Note 3 and Supplementary Table 2; doi:10.1038/s41467-025-57559-2",30.981,278.829,PROPOSED_NOT_APPLIED,v2_deep_integrated_review
52,Guizhou,贵州,2025,bioccs,biomass,32.071621,10.3,330.3376963,True,False,published provincial values converted at 2025 FX and held constant through 2060; sensitivity trajectories not yet applied,"An et al. (2025), Nature Communications 16, 2311, Supplementary Note 3 and Supplementary Table 2; doi:10.1038/s41467-025-57559-2",30.981,319.1043,PROPOSED_NOT_APPLIED,v2_deep_integrated_review
52,Guizhou,贵州,2030,coal,coal,35.357355,9.0,318.216195,True,True,published provincial values converted at 2025 FX and held constant through 2060; sensitivity trajectories not yet applied,"An et al. (2025), Nature Communications 16, 2311, Supplementary Note 3 and Supplementary Table 2; doi:10.1038/s41467-025-57559-2",34.155,307.395,PROPOSED_NOT_APPLIED,v2_deep_integrated_review
52,Guizhou,贵州,2030,coalccs,coal,35.357355,11.25,397.77024375,True,True,published provincial values converted at 2025 FX and held constant through 2060; sensitivity trajectories not yet applied,"An et al. (2025), Nature Communications 16, 2311, Supplementary Note 3 and Supplementary Table 2; doi:10.1038/s41467-025-57559-2",34.155,384.24375,PROPOSED_NOT_APPLIED,v2_deep_integrated_review
52,Guizhou,贵州,2030,cchp,coal,35.357355,9.47,334.83415185,True,True,published provincial values converted at 2025 FX and held constant through 2060; sensitivity trajectories not yet applied,"An et al. (2025), Nature Communications 16, 2311, Supplementary Note 3 and Supplementary Table 2; doi:10.1038/s41467-025-57559-2",34.155,323.44785,PROPOSED_NOT_APPLIED,v2_deep_integrated_review
52,Guizhou,贵州,2030,cchpccs,coal,35.357355,11.25,397.77024375,True,True,published provincial values converted at 2025 FX and held constant through 2060; sensitivity trajectories not yet applied,"An et al. (2025), Nature Communications 16, 2311, Supplementary Note 3 and Supplementary Table 2; doi:10.1038/s41467-025-57559-2",34.155,384.24375,PROPOSED_NOT_APPLIED,v2_deep_integrated_review
52,Guizhou,贵州,2030,gas,gas,63.428952,6.31,400.23668712,True,True,published provincial values converted at 2025 FX and held constant through 2060; sensitivity trajectories not yet applied,"An et al. (2025), Nature Communications 16, 2311, Supplementary Note 3 and Supplementary Table 2; doi:10.1038/s41467-025-57559-2",61.272000000000006,386.62632,PROPOSED_NOT_APPLIED,v2_deep_integrated_review
52,Guizhou,贵州,2030,gasccs,gas,63.428952,7.83,496.6486941600001,True,True,published provincial values converted at 2025 FX and held constant through 2060; sensitivity trajectories not yet applied,"An et al. (2025), Nature Communications 16, 2311, Supplementary Note 3 and Supplementary Table 2; doi:10.1038/s41467-025-57559-2",61.272000000000006,479.75976,PROPOSED_NOT_APPLIED,v2_deep_integrated_review
52,Guizhou,贵州,2030,gchp,gas,63.428952,6.31,400.23668712,True,True,published provincial values converted at 2025 FX and held constant through 2060; sensitivity trajectories not yet applied,"An et al. (2025), Nature Communications 16, 2311, Supplementary Note 3 and Supplementary Table 2; doi:10.1038/s41467-025-57559-2",61.272000000000006,386.62632,PROPOSED_NOT_APPLIED,v2_deep_integrated_review
52,Guizhou,贵州,2030,gchpccs,gas,63.428952,7.83,496.6486941600001,True,True,published provincial values converted at 2025 FX and held constant through 2060; sensitivity trajectories not yet applied,"An et al. (2025), Nature Communications 16, 2311, Supplementary Note 3 and Supplementary Table 2; doi:10.1038/s41467-025-57559-2",61.272000000000006,479.75976,PROPOSED_NOT_APPLIED,v2_deep_integrated_review
52,Guizhou,贵州,2030,bio,biomass,32.071621,9.0,288.644589,True,True,published provincial values converted at 2025 FX and held constant through 2060; sensitivity trajectories not yet applied,"An et al. (2025), Nature Communications 16, 2311, Supplementary Note 3 and Supplementary Table 2; doi:10.1038/s41467-025-57559-2",30.981,278.829,PROPOSED_NOT_APPLIED,v2_deep_integrated_review
52,Guizhou,贵州,2030,bioccs,biomass,32.071621,10.3,330.3376963,True,True,published provincial values converted at 2025 FX and held constant through 2060; sensitivity trajectories not yet applied,"An et al. (2025), Nature Communications 16, 2311, Supplementary Note 3 and Supplementary Table 2; doi:10.1038/s41467-025-57559-2",30.981,319.1043,PROPOSED_NOT_APPLIED,v2_deep_integrated_review
52,Guizhou,贵州,2040,coal,coal,35.357355,9.0,318.216195,True,True,published provincial values converted at 2025 FX and held constant through 2060; sensitivity trajectories not yet applied,"An et al. (2025), Nature Communications 16, 2311, Supplementary Note 3 and Supplementary Table 2; doi:10.1038/s41467-025-57559-2",34.155,307.395,PROPOSED_NOT_APPLIED,v2_deep_integrated_review
52,Guizhou,贵州,2040,coalccs,coal,35.357355,11.25,397.77024375,True,True,published provincial values converted at 2025 FX and held constant through 2060; sensitivity trajectories not yet applied,"An et al. (2025), Nature Communications 16, 2311, Supplementary Note 3 and Supplementary Table 2; doi:10.1038/s41467-025-57559-2",34.155,384.24375,PROPOSED_NOT_APPLIED,v2_deep_integrated_review
52,Guizhou,贵州,2040,cchp,coal,35.357355,9.47,334.83415185,True,True,published provincial values converted at 2025 FX and held constant through 2060; sensitivity trajectories not yet applied,"An et al. (2025), Nature Communications 16, 2311, Supplementary Note 3 and Supplementary Table 2; doi:10.1038/s41467-025-57559-2",34.155,323.44785,PROPOSED_NOT_APPLIED,v2_deep_integrated_review
52,Guizhou,贵州,2040,cchpccs,coal,35.357355,11.25,397.77024375,True,True,published provincial values converted at 2025 FX and held constant through 2060; sensitivity trajectories not yet applied,"An et al. (2025), Nature Communications 16, 2311, Supplementary Note 3 and Supplementary Table 2; doi:10.1038/s41467-025-57559-2",34.155,384.24375,PROPOSED_NOT_APPLIED,v2_deep_integrated_review
52,Guizhou,贵州,2040,gas,gas,63.428952,6.31,400.23668712,True,True,published provincial values converted at 2025 FX and held constant through 2060; sensitivity trajectories not yet applied,"An et al. (2025), Nature Communications 16, 2311, Supplementary Note 3 and Supplementary Table 2; doi:10.1038/s41467-025-57559-2",61.272000000000006,386.62632,PROPOSED_NOT_APPLIED,v2_deep_integrated_review
52,Guizhou,贵州,2040,gasccs,gas,63.428952,7.83,496.6486941600001,True,True,published provincial values converted at 2025 FX and held constant through 2060; sensitivity trajectories not yet applied,"An et al. (2025), Nature Communications 16, 2311, Supplementary Note 3 and Supplementary Table 2; doi:10.1038/s41467-025-57559-2",61.272000000000006,479.75976,PROPOSED_NOT_APPLIED,v2_deep_integrated_review
52,Guizhou,贵州,2040,gchp,gas,63.428952,6.31,400.23668712,True,True,published provincial values converted at 2025 FX and held constant through 2060; sensitivity trajectories not yet applied,"An et al. (2025), Nature Communications 16, 2311, Supplementary Note 3 and Supplementary Table 2; doi:10.1038/s41467-025-57559-2",61.272000000000006,386.62632,PROPOSED_NOT_APPLIED,v2_deep_integrated_review
52,Guizhou,贵州,2040,gchpccs,gas,63.428952,7.83,496.6486941600001,True,True,published provincial values converted at 2025 FX and held constant through 2060; sensitivity trajectories not yet applied,"An et al. (2025), Nature Communications 16, 2311, Supplementary Note 3 and Supplementary Table 2; doi:10.1038/s41467-025-57559-2",61.272000000000006,479.75976,PROPOSED_NOT_APPLIED,v2_deep_integrated_review
52,Guizhou,贵州,2040,bio,biomass,32.071621,9.0,288.644589,True,True,published provincial values converted at 2025 FX and held constant through 2060; sensitivity trajectories not yet applied,"An et al. (2025), Nature Communications 16, 2311, Supplementary Note 3 and Supplementary Table 2; doi:10.1038/s41467-025-57559-2",30.981,278.829,PROPOSED_NOT_APPLIED,v2_deep_integrated_review
52,Guizhou,贵州,2040,bioccs,biomass,32.071621,10.3,330.3376963,True,True,published provincial values converted at 2025 FX and held constant through 2060; sensitivity trajectories not yet applied,"An et al. (2025), Nature Communications 16, 2311, Supplementary Note 3 and Supplementary Table 2; doi:10.1038/s41467-025-57559-2",30.981,319.1043,PROPOSED_NOT_APPLIED,v2_deep_integrated_review
52,Guizhou,贵州,2050,coal,coal,35.357355,9.0,318.216195,True,True,published provincial values converted at 2025 FX and held constant through 2060; sensitivity trajectories not yet applied,"An et al. (2025), Nature Communications 16, 2311, Supplementary Note 3 and Supplementary Table 2; doi:10.1038/s41467-025-57559-2",34.155,307.395,PROPOSED_NOT_APPLIED,v2_deep_integrated_review
52,Guizhou,贵州,2050,coalccs,coal,35.357355,11.25,397.77024375,True,True,published provincial values converted at 2025 FX and held constant through 2060; sensitivity trajectories not yet applied,"An et al. (2025), Nature Communications 16, 2311, Supplementary Note 3 and Supplementary Table 2; doi:10.1038/s41467-025-57559-2",34.155,384.24375,PROPOSED_NOT_APPLIED,v2_deep_integrated_review
52,Guizhou,贵州,2050,cchp,coal,35.357355,9.47,334.83415185,True,True,published provincial values converted at 2025 FX and held constant through 2060; sensitivity trajectories not yet applied,"An et al. (2025), Nature Communications 16, 2311, Supplementary Note 3 and Supplementary Table 2; doi:10.1038/s41467-025-57559-2",34.155,323.44785,PROPOSED_NOT_APPLIED,v2_deep_integrated_review
52,Guizhou,贵州,2050,cchpccs,coal,35.357355,11.25,397.77024375,True,True,published provincial values converted at 2025 FX and held constant through 2060; sensitivity trajectories not yet applied,"An et al. (2025), Nature Communications 16, 2311, Supplementary Note 3 and Supplementary Table 2; doi:10.1038/s41467-025-57559-2",34.155,384.24375,PROPOSED_NOT_APPLIED,v2_deep_integrated_review
52,Guizhou,贵州,2050,gas,gas,63.428952,6.31,400.23668712,True,True,published provincial values converted at 2025 FX and held constant through 2060; sensitivity trajectories not yet applied,"An et al. (2025), Nature Communications 16, 2311, Supplementary Note 3 and Supplementary Table 2; doi:10.1038/s41467-025-57559-2",61.272000000000006,386.62632,PROPOSED_NOT_APPLIED,v2_deep_integrated_review
52,Guizhou,贵州,2050,gasccs,gas,63.428952,7.83,496.6486941600001,True,True,published provincial values converted at 2025 FX and held constant through 2060; sensitivity trajectories not yet applied,"An et al. (2025), Nature Communications 16, 2311, Supplementary Note 3 and Supplementary Table 2; doi:10.1038/s41467-025-57559-2",61.272000000000006,479.75976,PROPOSED_NOT_APPLIED,v2_deep_integrated_review
52,Guizhou,贵州,2050,gchp,gas,63.428952,6.31,400.23668712,True,True,published provincial values converted at 2025 FX and held constant through 2060; sensitivity trajectories not yet applied,"An et al. (2025), Nature Communications 16, 2311, Supplementary Note 3 and Supplementary Table 2; doi:10.1038/s41467-025-57559-2",61.272000000000006,386.62632,PROPOSED_NOT_APPLIED,v2_deep_integrated_review
52,Guizhou,贵州,2050,gchpccs,gas,63.428952,7.83,496.6486941600001,True,True,published provincial values converted at 2025 FX and held constant through 2060; sensitivity trajectories not yet applied,"An et al. (2025), Nature Communications 16, 2311, Supplementary Note 3 and Supplementary Table 2; doi:10.1038/s41467-025-57559-2",61.272000000000006,479.75976,PROPOSED_NOT_APPLIED,v2_deep_integrated_review
52,Guizhou,贵州,2050,bio,biomass,32.071621,9.0,288.644589,True,True,published provincial values converted at 2025 FX and held constant through 2060; sensitivity trajectories not yet applied,"An et al. (2025), Nature Communications 16, 2311, Supplementary Note 3 and Supplementary Table 2; doi:10.1038/s41467-025-57559-2",30.981,278.829,PROPOSED_NOT_APPLIED,v2_deep_integrated_review
52,Guizhou,贵州,2050,bioccs,biomass,32.071621,10.3,330.3376963,True,True,published provincial values converted at 2025 FX and held constant through 2060; sensitivity trajectories not yet applied,"An et al. (2025), Nature Communications 16, 2311, Supplementary Note 3 and Supplementary Table 2; doi:10.1038/s41467-025-57559-2",30.981,319.1043,PROPOSED_NOT_APPLIED,v2_deep_integrated_review
52,Guizhou,贵州,2060,coal,coal,35.357355,9.0,318.216195,True,True,published provincial values converted at 2025 FX and held constant through 2060; sensitivity trajectories not yet applied,"An et al. (2025), Nature Communications 16, 2311, Supplementary Note 3 and Supplementary Table 2; doi:10.1038/s41467-025-57559-2",34.155,307.395,PROPOSED_NOT_APPLIED,v2_deep_integrated_review
52,Guizhou,贵州,2060,coalccs,coal,35.357355,11.25,397.77024375,True,True,published provincial values converted at 2025 FX and held constant through 2060; sensitivity trajectories not yet applied,"An et al. (2025), Nature Communications 16, 2311, Supplementary Note 3 and Supplementary Table 2; doi:10.1038/s41467-025-57559-2",34.155,384.24375,PROPOSED_NOT_APPLIED,v2_deep_integrated_review
52,Guizhou,贵州,2060,cchp,coal,35.357355,9.47,334.83415185,True,True,published provincial values converted at 2025 FX and held constant through 2060; sensitivity trajectories not yet applied,"An et al. (2025), Nature Communications 16, 2311, Supplementary Note 3 and Supplementary Table 2; doi:10.1038/s41467-025-57559-2",34.155,323.44785,PROPOSED_NOT_APPLIED,v2_deep_integrated_review
52,Guizhou,贵州,2060,cchpccs,coal,35.357355,11.25,397.77024375,True,True,published provincial values converted at 2025 FX and held constant through 2060; sensitivity trajectories not yet applied,"An et al. (2025), Nature Communications 16, 2311, Supplementary Note 3 and Supplementary Table 2; doi:10.1038/s41467-025-57559-2",34.155,384.24375,PROPOSED_NOT_APPLIED,v2_deep_integrated_review
52,Guizhou,贵州,2060,gas,gas,63.428952,6.31,400.23668712,True,True,published provincial values converted at 2025 FX and held constant through 2060; sensitivity trajectories not yet applied,"An et al. (2025), Nature Communications 16, 2311, Supplementary Note 3 and Supplementary Table 2; doi:10.1038/s41467-025-57559-2",61.272000000000006,386.62632,PROPOSED_NOT_APPLIED,v2_deep_integrated_review
52,Guizhou,贵州,2060,gasccs,gas,63.428952,7.83,496.6486941600001,True,True,published provincial values converted at 2025 FX and held constant through 2060; sensitivity trajectories not yet applied,"An et al. (2025), Nature Communications 16, 2311, Supplementary Note 3 and Supplementary Table 2; doi:10.1038/s41467-025-57559-2",61.272000000000006,479.75976,PROPOSED_NOT_APPLIED,v2_deep_integrated_review
52,Guizhou,贵州,2060,gchp,gas,63.428952,6.31,400.23668712,True,True,published provincial values converted at 2025 FX and held constant through 2060; sensitivity trajectories not yet applied,"An et al. (2025), Nature Communications 16, 2311, Supplementary Note 3 and Supplementary Table 2; doi:10.1038/s41467-025-57559-2",61.272000000000006,386.62632,PROPOSED_NOT_APPLIED,v2_deep_integrated_review
52,Guizhou,贵州,2060,gchpccs,gas,63.428952,7.83,496.6486941600001,True,True,published provincial values converted at 2025 FX and held constant through 2060; sensitivity trajectories not yet applied,"An et al. (2025), Nature Communications 16, 2311, Supplementary Note 3 and Supplementary Table 2; doi:10.1038/s41467-025-57559-2",61.272000000000006,479.75976,PROPOSED_NOT_APPLIED,v2_deep_integrated_review
52,Guizhou,贵州,2060,bio,biomass,32.071621,9.0,288.644589,True,True,published provincial values converted at 2025 FX and held constant through 2060; sensitivity trajectories not yet applied,"An et al. (2025), Nature Communications 16, 2311, Supplementary Note 3 and Supplementary Table 2; doi:10.1038/s41467-025-57559-2",30.981,278.829,PROPOSED_NOT_APPLIED,v2_deep_integrated_review
52,Guizhou,贵州,2060,bioccs,biomass,32.071621,10.3,330.3376963,True,True,published provincial values converted at 2025 FX and held constant through 2060; sensitivity trajectories not yet applied,"An et al. (2025), Nature Communications 16, 2311, Supplementary Note 3 and Supplementary Table 2; doi:10.1038/s41467-025-57559-2",30.981,319.1043,PROPOSED_NOT_APPLIED,v2_deep_integrated_review
53,Yunnan,云南,2025,coal,coal,30.214467000000003,9.0,271.930203,True,False,published provincial values converted at 2025 FX and held constant through 2060; sensitivity trajectories not yet applied,"An et al. (2025), Nature Communications 16, 2311, Supplementary Note 3 and Supplementary Table 2; doi:10.1038/s41467-025-57559-2",29.187000000000005,262.68300000000005,PROPOSED_NOT_APPLIED,v2_deep_integrated_review
53,Yunnan,云南,2025,coalccs,coal,30.214467000000003,11.25,339.91275375000004,True,False,published provincial values converted at 2025 FX and held constant through 2060; sensitivity trajectories not yet applied,"An et al. (2025), Nature Communications 16, 2311, Supplementary Note 3 and Supplementary Table 2; doi:10.1038/s41467-025-57559-2",29.187000000000005,328.35375000000005,PROPOSED_NOT_APPLIED,v2_deep_integrated_review
53,Yunnan,云南,2025,cchp,coal,30.214467000000003,9.47,286.13100249000007,True,False,published provincial values converted at 2025 FX and held constant through 2060; sensitivity trajectories not yet applied,"An et al. (2025), Nature Communications 16, 2311, Supplementary Note 3 and Supplementary Table 2; doi:10.1038/s41467-025-57559-2",29.187000000000005,276.40089000000006,PROPOSED_NOT_APPLIED,v2_deep_integrated_review
53,Yunnan,云南,2025,cchpccs,coal,30.214467000000003,11.25,339.91275375000004,True,False,published provincial values converted at 2025 FX and held constant through 2060; sensitivity trajectories not yet applied,"An et al. (2025), Nature Communications 16, 2311, Supplementary Note 3 and Supplementary Table 2; doi:10.1038/s41467-025-57559-2",29.187000000000005,328.35375000000005,PROPOSED_NOT_APPLIED,v2_deep_integrated_review
53,Yunnan,云南,2025,gas,gas,63.428952,6.31,400.23668712,True,False,published provincial values converted at 2025 FX and held constant through 2060; sensitivity trajectories not yet applied,"An et al. (2025), Nature Communications 16, 2311, Supplementary Note 3 and Supplementary Table 2; doi:10.1038/s41467-025-57559-2",61.272000000000006,386.62632,PROPOSED_NOT_APPLIED,v2_deep_integrated_review
53,Yunnan,云南,2025,gasccs,gas,63.428952,7.83,496.6486941600001,True,False,published provincial values converted at 2025 FX and held constant through 2060; sensitivity trajectories not yet applied,"An et al. (2025), Nature Communications 16, 2311, Supplementary Note 3 and Supplementary Table 2; doi:10.1038/s41467-025-57559-2",61.272000000000006,479.75976,PROPOSED_NOT_APPLIED,v2_deep_integrated_review
53,Yunnan,云南,2025,gchp,gas,63.428952,6.31,400.23668712,True,False,published provincial values converted at 2025 FX and held constant through 2060; sensitivity trajectories not yet applied,"An et al. (2025), Nature Communications 16, 2311, Supplementary Note 3 and Supplementary Table 2; doi:10.1038/s41467-025-57559-2",61.272000000000006,386.62632,PROPOSED_NOT_APPLIED,v2_deep_integrated_review
53,Yunnan,云南,2025,gchpccs,gas,63.428952,7.83,496.6486941600001,True,False,published provincial values converted at 2025 FX and held constant through 2060; sensitivity trajectories not yet applied,"An et al. (2025), Nature Communications 16, 2311, Supplementary Note 3 and Supplementary Table 2; doi:10.1038/s41467-025-57559-2",61.272000000000006,479.75976,PROPOSED_NOT_APPLIED,v2_deep_integrated_review
53,Yunnan,云南,2025,bio,biomass,32.428766,9.0,291.858894,True,False,published provincial values converted at 2025 FX and held constant through 2060; sensitivity trajectories not yet applied,"An et al. (2025), Nature Communications 16, 2311, Supplementary Note 3 and Supplementary Table 2; doi:10.1038/s41467-025-57559-2",31.326,281.934,PROPOSED_NOT_APPLIED,v2_deep_integrated_review
53,Yunnan,云南,2025,bioccs,biomass,32.428766,10.3,334.01628980000004,True,False,published provincial values converted at 2025 FX and held constant through 2060; sensitivity trajectories not yet applied,"An et al. (2025), Nature Communications 16, 2311, Supplementary Note 3 and Supplementary Table 2; doi:10.1038/s41467-025-57559-2",31.326,322.6578,PROPOSED_NOT_APPLIED,v2_deep_integrated_review
53,Yunnan,云南,2030,coal,coal,30.214467000000003,9.0,271.930203,True,True,published provincial values converted at 2025 FX and held constant through 2060; sensitivity trajectories not yet applied,"An et al. (2025), Nature Communications 16, 2311, Supplementary Note 3 and Supplementary Table 2; doi:10.1038/s41467-025-57559-2",29.187000000000005,262.68300000000005,PROPOSED_NOT_APPLIED,v2_deep_integrated_review
53,Yunnan,云南,2030,coalccs,coal,30.214467000000003,11.25,339.91275375000004,True,True,published provincial values converted at 2025 FX and held constant through 2060; sensitivity trajectories not yet applied,"An et al. (2025), Nature Communications 16, 2311, Supplementary Note 3 and Supplementary Table 2; doi:10.1038/s41467-025-57559-2",29.187000000000005,328.35375000000005,PROPOSED_NOT_APPLIED,v2_deep_integrated_review
53,Yunnan,云南,2030,cchp,coal,30.214467000000003,9.47,286.13100249000007,True,True,published provincial values converted at 2025 FX and held constant through 2060; sensitivity trajectories not yet applied,"An et al. (2025), Nature Communications 16, 2311, Supplementary Note 3 and Supplementary Table 2; doi:10.1038/s41467-025-57559-2",29.187000000000005,276.40089000000006,PROPOSED_NOT_APPLIED,v2_deep_integrated_review
53,Yunnan,云南,2030,cchpccs,coal,30.214467000000003,11.25,339.91275375000004,True,True,published provincial values converted at 2025 FX and held constant through 2060; sensitivity trajectories not yet applied,"An et al. (2025), Nature Communications 16, 2311, Supplementary Note 3 and Supplementary Table 2; doi:10.1038/s41467-025-57559-2",29.187000000000005,328.35375000000005,PROPOSED_NOT_APPLIED,v2_deep_integrated_review
53,Yunnan,云南,2030,gas,gas,63.428952,6.31,400.23668712,True,True,published provincial values converted at 2025 FX and held constant through 2060; sensitivity trajectories not yet applied,"An et al. (2025), Nature Communications 16, 2311, Supplementary Note 3 and Supplementary Table 2; doi:10.1038/s41467-025-57559-2",61.272000000000006,386.62632,PROPOSED_NOT_APPLIED,v2_deep_integrated_review
53,Yunnan,云南,2030,gasccs,gas,63.428952,7.83,496.6486941600001,True,True,published provincial values converted at 2025 FX and held constant through 2060; sensitivity trajectories not yet applied,"An et al. (2025), Nature Communications 16, 2311, Supplementary Note 3 and Supplementary Table 2; doi:10.1038/s41467-025-57559-2",61.272000000000006,479.75976,PROPOSED_NOT_APPLIED,v2_deep_integrated_review
53,Yunnan,云南,2030,gchp,gas,63.428952,6.31,400.23668712,True,True,published provincial values converted at 2025 FX and held constant through 2060; sensitivity trajectories not yet applied,"An et al. (2025), Nature Communications 16, 2311, Supplementary Note 3 and Supplementary Table 2; doi:10.1038/s41467-025-57559-2",61.272000000000006,386.62632,PROPOSED_NOT_APPLIED,v2_deep_integrated_review
53,Yunnan,云南,2030,gchpccs,gas,63.428952,7.83,496.6486941600001,True,True,published provincial values converted at 2025 FX and held constant through 2060; sensitivity trajectories not yet applied,"An et al. (2025), Nature Communications 16, 2311, Supplementary Note 3 and Supplementary Table 2; doi:10.1038/s41467-025-57559-2",61.272000000000006,479.75976,PROPOSED_NOT_APPLIED,v2_deep_integrated_review
53,Yunnan,云南,2030,bio,biomass,32.428766,9.0,291.858894,True,True,published provincial values converted at 2025 FX and held constant through 2060; sensitivity trajectories not yet applied,"An et al. (2025), Nature Communications 16, 2311, Supplementary Note 3 and Supplementary Table 2; doi:10.1038/s41467-025-57559-2",31.326,281.934,PROPOSED_NOT_APPLIED,v2_deep_integrated_review
53,Yunnan,云南,2030,bioccs,biomass,32.428766,10.3,334.01628980000004,True,True,published provincial values converted at 2025 FX and held constant through 2060; sensitivity trajectories not yet applied,"An et al. (2025), Nature Communications 16, 2311, Supplementary Note 3 and Supplementary Table 2; doi:10.1038/s41467-025-57559-2",31.326,322.6578,PROPOSED_NOT_APPLIED,v2_deep_integrated_review
53,Yunnan,云南,2040,coal,coal,30.214467000000003,9.0,271.930203,True,True,published provincial values converted at 2025 FX and held constant through 2060; sensitivity trajectories not yet applied,"An et al. (2025), Nature Communications 16, 2311, Supplementary Note 3 and Supplementary Table 2; doi:10.1038/s41467-025-57559-2",29.187000000000005,262.68300000000005,PROPOSED_NOT_APPLIED,v2_deep_integrated_review
53,Yunnan,云南,2040,coalccs,coal,30.214467000000003,11.25,339.91275375000004,True,True,published provincial values converted at 2025 FX and held constant through 2060; sensitivity trajectories not yet applied,"An et al. (2025), Nature Communications 16, 2311, Supplementary Note 3 and Supplementary Table 2; doi:10.1038/s41467-025-57559-2",29.187000000000005,328.35375000000005,PROPOSED_NOT_APPLIED,v2_deep_integrated_review
53,Yunnan,云南,2040,cchp,coal,30.214467000000003,9.47,286.13100249000007,True,True,published provincial values converted at 2025 FX and held constant through 2060; sensitivity trajectories not yet applied,"An et al. (2025), Nature Communications 16, 2311, Supplementary Note 3 and Supplementary Table 2; doi:10.1038/s41467-025-57559-2",29.187000000000005,276.40089000000006,PROPOSED_NOT_APPLIED,v2_deep_integrated_review
53,Yunnan,云南,2040,cchpccs,coal,30.214467000000003,11.25,339.91275375000004,True,True,published provincial values converted at 2025 FX and held constant through 2060; sensitivity trajectories not yet applied,"An et al. (2025), Nature Communications 16, 2311, Supplementary Note 3 and Supplementary Table 2; doi:10.1038/s41467-025-57559-2",29.187000000000005,328.35375000000005,PROPOSED_NOT_APPLIED,v2_deep_integrated_review
53,Yunnan,云南,2040,gas,gas,63.428952,6.31,400.23668712,True,True,published provincial values converted at 2025 FX and held constant through 2060; sensitivity trajectories not yet applied,"An et al. (2025), Nature Communications 16, 2311, Supplementary Note 3 and Supplementary Table 2; doi:10.1038/s41467-025-57559-2",61.272000000000006,386.62632,PROPOSED_NOT_APPLIED,v2_deep_integrated_review
53,Yunnan,云南,2040,gasccs,gas,63.428952,7.83,496.6486941600001,True,True,published provincial values converted at 2025 FX and held constant through 2060; sensitivity trajectories not yet applied,"An et al. (2025), Nature Communications 16, 2311, Supplementary Note 3 and Supplementary Table 2; doi:10.1038/s41467-025-57559-2",61.272000000000006,479.75976,PROPOSED_NOT_APPLIED,v2_deep_integrated_review
53,Yunnan,云南,2040,gchp,gas,63.428952,6.31,400.23668712,True,True,published provincial values converted at 2025 FX and held constant through 2060; sensitivity trajectories not yet applied,"An et al. (2025), Nature Communications 16, 2311, Supplementary Note 3 and Supplementary Table 2; doi:10.1038/s41467-025-57559-2",61.272000000000006,386.62632,PROPOSED_NOT_APPLIED,v2_deep_integrated_review
53,Yunnan,云南,2040,gchpccs,gas,63.428952,7.83,496.6486941600001,True,True,published provincial values converted at 2025 FX and held constant through 2060; sensitivity trajectories not yet applied,"An et al. (2025), Nature Communications 16, 2311, Supplementary Note 3 and Supplementary Table 2; doi:10.1038/s41467-025-57559-2",61.272000000000006,479.75976,PROPOSED_NOT_APPLIED,v2_deep_integrated_review
53,Yunnan,云南,2040,bio,biomass,32.428766,9.0,291.858894,True,True,published provincial values converted at 2025 FX and held constant through 2060; sensitivity trajectories not yet applied,"An et al. (2025), Nature Communications 16, 2311, Supplementary Note 3 and Supplementary Table 2; doi:10.1038/s41467-025-57559-2",31.326,281.934,PROPOSED_NOT_APPLIED,v2_deep_integrated_review
53,Yunnan,云南,2040,bioccs,biomass,32.428766,10.3,334.01628980000004,True,True,published provincial values converted at 2025 FX and held constant through 2060; sensitivity trajectories not yet applied,"An et al. (2025), Nature Communications 16, 2311, Supplementary Note 3 and Supplementary Table 2; doi:10.1038/s41467-025-57559-2",31.326,322.6578,PROPOSED_NOT_APPLIED,v2_deep_integrated_review
53,Yunnan,云南,2050,coal,coal,30.214467000000003,9.0,271.930203,True,True,published provincial values converted at 2025 FX and held constant through 2060; sensitivity trajectories not yet applied,"An et al. (2025), Nature Communications 16, 2311, Supplementary Note 3 and Supplementary Table 2; doi:10.1038/s41467-025-57559-2",29.187000000000005,262.68300000000005,PROPOSED_NOT_APPLIED,v2_deep_integrated_review
53,Yunnan,云南,2050,coalccs,coal,30.214467000000003,11.25,339.91275375000004,True,True,published provincial values converted at 2025 FX and held constant through 2060; sensitivity trajectories not yet applied,"An et al. (2025), Nature Communications 16, 2311, Supplementary Note 3 and Supplementary Table 2; doi:10.1038/s41467-025-57559-2",29.187000000000005,328.35375000000005,PROPOSED_NOT_APPLIED,v2_deep_integrated_review
53,Yunnan,云南,2050,cchp,coal,30.214467000000003,9.47,286.13100249000007,True,True,published provincial values converted at 2025 FX and held constant through 2060; sensitivity trajectories not yet applied,"An et al. (2025), Nature Communications 16, 2311, Supplementary Note 3 and Supplementary Table 2; doi:10.1038/s41467-025-57559-2",29.187000000000005,276.40089000000006,PROPOSED_NOT_APPLIED,v2_deep_integrated_review
53,Yunnan,云南,2050,cchpccs,coal,30.214467000000003,11.25,339.91275375000004,True,True,published provincial values converted at 2025 FX and held constant through 2060; sensitivity trajectories not yet applied,"An et al. (2025), Nature Communications 16, 2311, Supplementary Note 3 and Supplementary Table 2; doi:10.1038/s41467-025-57559-2",29.187000000000005,328.35375000000005,PROPOSED_NOT_APPLIED,v2_deep_integrated_review
53,Yunnan,云南,2050,gas,gas,63.428952,6.31,400.23668712,True,True,published provincial values converted at 2025 FX and held constant through 2060; sensitivity trajectories not yet applied,"An et al. (2025), Nature Communications 16, 2311, Supplementary Note 3 and Supplementary Table 2; doi:10.1038/s41467-025-57559-2",61.272000000000006,386.62632,PROPOSED_NOT_APPLIED,v2_deep_integrated_review
53,Yunnan,云南,2050,gasccs,gas,63.428952,7.83,496.6486941600001,True,True,published provincial values converted at 2025 FX and held constant through 2060; sensitivity trajectories not yet applied,"An et al. (2025), Nature Communications 16, 2311, Supplementary Note 3 and Supplementary Table 2; doi:10.1038/s41467-025-57559-2",61.272000000000006,479.75976,PROPOSED_NOT_APPLIED,v2_deep_integrated_review
53,Yunnan,云南,2050,gchp,gas,63.428952,6.31,400.23668712,True,True,published provincial values converted at 2025 FX and held constant through 2060; sensitivity trajectories not yet applied,"An et al. (2025), Nature Communications 16, 2311, Supplementary Note 3 and Supplementary Table 2; doi:10.1038/s41467-025-57559-2",61.272000000000006,386.62632,PROPOSED_NOT_APPLIED,v2_deep_integrated_review
53,Yunnan,云南,2050,gchpccs,gas,63.428952,7.83,496.6486941600001,True,True,published provincial values converted at 2025 FX and held constant through 2060; sensitivity trajectories not yet applied,"An et al. (2025), Nature Communications 16, 2311, Supplementary Note 3 and Supplementary Table 2; doi:10.1038/s41467-025-57559-2",61.272000000000006,479.75976,PROPOSED_NOT_APPLIED,v2_deep_integrated_review
53,Yunnan,云南,2050,bio,biomass,32.428766,9.0,291.858894,True,True,published provincial values converted at 2025 FX and held constant through 2060; sensitivity trajectories not yet applied,"An et al. (2025), Nature Communications 16, 2311, Supplementary Note 3 and Supplementary Table 2; doi:10.1038/s41467-025-57559-2",31.326,281.934,PROPOSED_NOT_APPLIED,v2_deep_integrated_review
53,Yunnan,云南,2050,bioccs,biomass,32.428766,10.3,334.01628980000004,True,True,published provincial values converted at 2025 FX and held constant through 2060; sensitivity trajectories not yet applied,"An et al. (2025), Nature Communications 16, 2311, Supplementary Note 3 and Supplementary Table 2; doi:10.1038/s41467-025-57559-2",31.326,322.6578,PROPOSED_NOT_APPLIED,v2_deep_integrated_review
53,Yunnan,云南,2060,coal,coal,30.214467000000003,9.0,271.930203,True,True,published provincial values converted at 2025 FX and held constant through 2060; sensitivity trajectories not yet applied,"An et al. (2025), Nature Communications 16, 2311, Supplementary Note 3 and Supplementary Table 2; doi:10.1038/s41467-025-57559-2",29.187000000000005,262.68300000000005,PROPOSED_NOT_APPLIED,v2_deep_integrated_review
53,Yunnan,云南,2060,coalccs,coal,30.214467000000003,11.25,339.91275375000004,True,True,published provincial values converted at 2025 FX and held constant through 2060; sensitivity trajectories not yet applied,"An et al. (2025), Nature Communications 16, 2311, Supplementary Note 3 and Supplementary Table 2; doi:10.1038/s41467-025-57559-2",29.187000000000005,328.35375000000005,PROPOSED_NOT_APPLIED,v2_deep_integrated_review
53,Yunnan,云南,2060,cchp,coal,30.214467000000003,9.47,286.13100249000007,True,True,published provincial values converted at 2025 FX and held constant through 2060; sensitivity trajectories not yet applied,"An et al. (2025), Nature Communications 16, 2311, Supplementary Note 3 and Supplementary Table 2; doi:10.1038/s41467-025-57559-2",29.187000000000005,276.40089000000006,PROPOSED_NOT_APPLIED,v2_deep_integrated_review
53,Yunnan,云南,2060,cchpccs,coal,30.214467000000003,11.25,339.91275375000004,True,True,published provincial values converted at 2025 FX and held constant through 2060; sensitivity trajectories not yet applied,"An et al. (2025), Nature Communications 16, 2311, Supplementary Note 3 and Supplementary Table 2; doi:10.1038/s41467-025-57559-2",29.187000000000005,328.35375000000005,PROPOSED_NOT_APPLIED,v2_deep_integrated_review
53,Yunnan,云南,2060,gas,gas,63.428952,6.31,400.23668712,True,True,published provincial values converted at 2025 FX and held constant through 2060; sensitivity trajectories not yet applied,"An et al. (2025), Nature Communications 16, 2311, Supplementary Note 3 and Supplementary Table 2; doi:10.1038/s41467-025-57559-2",61.272000000000006,386.62632,PROPOSED_NOT_APPLIED,v2_deep_integrated_review
53,Yunnan,云南,2060,gasccs,gas,63.428952,7.83,496.6486941600001,True,True,published provincial values converted at 2025 FX and held constant through 2060; sensitivity trajectories not yet applied,"An et al. (2025), Nature Communications 16, 2311, Supplementary Note 3 and Supplementary Table 2; doi:10.1038/s41467-025-57559-2",61.272000000000006,479.75976,PROPOSED_NOT_APPLIED,v2_deep_integrated_review
53,Yunnan,云南,2060,gchp,gas,63.428952,6.31,400.23668712,True,True,published provincial values converted at 2025 FX and held constant through 2060; sensitivity trajectories not yet applied,"An et al. (2025), Nature Communications 16, 2311, Supplementary Note 3 and Supplementary Table 2; doi:10.1038/s41467-025-57559-2",61.272000000000006,386.62632,PROPOSED_NOT_APPLIED,v2_deep_integrated_review
53,Yunnan,云南,2060,gchpccs,gas,63.428952,7.83,496.6486941600001,True,True,published provincial values converted at 2025 FX and held constant through 2060; sensitivity trajectories not yet applied,"An et al. (2025), Nature Communications 16, 2311, Supplementary Note 3 and Supplementary Table 2; doi:10.1038/s41467-025-57559-2",61.272000000000006,479.75976,PROPOSED_NOT_APPLIED,v2_deep_integrated_review
53,Yunnan,云南,2060,bio,biomass,32.428766,9.0,291.858894,True,True,published provincial values converted at 2025 FX and held constant through 2060; sensitivity trajectories not yet applied,"An et al. (2025), Nature Communications 16, 2311, Supplementary Note 3 and Supplementary Table 2; doi:10.1038/s41467-025-57559-2",31.326,281.934,PROPOSED_NOT_APPLIED,v2_deep_integrated_review
53,Yunnan,云南,2060,bioccs,biomass,32.428766,10.3,334.01628980000004,True,True,published provincial values converted at 2025 FX and held constant through 2060; sensitivity trajectories not yet applied,"An et al. (2025), Nature Communications 16, 2311, Supplementary Note 3 and Supplementary Table 2; doi:10.1038/s41467-025-57559-2",31.326,322.6578,PROPOSED_NOT_APPLIED,v2_deep_integrated_review
54,Tibet,西藏,2025,coal,coal,,9.0,,False,False,published provincial values converted at 2025 FX and held constant through 2060; sensitivity trajectories not yet applied,"An et al. (2025), Nature Communications 16, 2311, Supplementary Note 3 and Supplementary Table 2; doi:10.1038/s41467-025-57559-2",,,PROPOSED_NOT_APPLIED,v2_deep_integrated_review
54,Tibet,西藏,2025,coalccs,coal,,11.25,,False,False,published provincial values converted at 2025 FX and held constant through 2060; sensitivity trajectories not yet applied,"An et al. (2025), Nature Communications 16, 2311, Supplementary Note 3 and Supplementary Table 2; doi:10.1038/s41467-025-57559-2",,,PROPOSED_NOT_APPLIED,v2_deep_integrated_review
54,Tibet,西藏,2025,cchp,coal,,9.47,,False,False,published provincial values converted at 2025 FX and held constant through 2060; sensitivity trajectories not yet applied,"An et al. (2025), Nature Communications 16, 2311, Supplementary Note 3 and Supplementary Table 2; doi:10.1038/s41467-025-57559-2",,,PROPOSED_NOT_APPLIED,v2_deep_integrated_review
54,Tibet,西藏,2025,cchpccs,coal,,11.25,,False,False,published provincial values converted at 2025 FX and held constant through 2060; sensitivity trajectories not yet applied,"An et al. (2025), Nature Communications 16, 2311, Supplementary Note 3 and Supplementary Table 2; doi:10.1038/s41467-025-57559-2",,,PROPOSED_NOT_APPLIED,v2_deep_integrated_review
54,Tibet,西藏,2025,gas,gas,75.571882,6.31,476.85857542,True,False,published provincial values converted at 2025 FX and held constant through 2060; sensitivity trajectories not yet applied,"An et al. (2025), Nature Communications 16, 2311, Supplementary Note 3 and Supplementary Table 2; doi:10.1038/s41467-025-57559-2",73.00200000000001,460.64262,PROPOSED_NOT_APPLIED,v2_deep_integrated_review
54,Tibet,西藏,2025,gasccs,gas,75.571882,7.83,591.7278360600001,True,False,published provincial values converted at 2025 FX and held constant through 2060; sensitivity trajectories not yet applied,"An et al. (2025), Nature Communications 16, 2311, Supplementary Note 3 and Supplementary Table 2; doi:10.1038/s41467-025-57559-2",73.00200000000001,571.6056600000001,PROPOSED_NOT_APPLIED,v2_deep_integrated_review
54,Tibet,西藏,2025,gchp,gas,75.571882,6.31,476.85857542,True,False,published provincial values converted at 2025 FX and held constant through 2060; sensitivity trajectories not yet applied,"An et al. (2025), Nature Communications 16, 2311, Supplementary Note 3 and Supplementary Table 2; doi:10.1038/s41467-025-57559-2",73.00200000000001,460.64262,PROPOSED_NOT_APPLIED,v2_deep_integrated_review
54,Tibet,西藏,2025,gchpccs,gas,75.571882,7.83,591.7278360600001,True,False,published provincial values converted at 2025 FX and held constant through 2060; sensitivity trajectories not yet applied,"An et al. (2025), Nature Communications 16, 2311, Supplementary Note 3 and Supplementary Table 2; doi:10.1038/s41467-025-57559-2",73.00200000000001,571.6056600000001,PROPOSED_NOT_APPLIED,v2_deep_integrated_review
54,Tibet,西藏,2025,bio,biomass,35.357355,9.0,318.216195,True,False,published provincial values converted at 2025 FX and held constant through 2060; sensitivity trajectories not yet applied,"An et al. (2025), Nature Communications 16, 2311, Supplementary Note 3 and Supplementary Table 2; doi:10.1038/s41467-025-57559-2",34.155,307.395,PROPOSED_NOT_APPLIED,v2_deep_integrated_review
54,Tibet,西藏,2025,bioccs,biomass,35.357355,10.3,364.1807565,True,False,published provincial values converted at 2025 FX and held constant through 2060; sensitivity trajectories not yet applied,"An et al. (2025), Nature Communications 16, 2311, Supplementary Note 3 and Supplementary Table 2; doi:10.1038/s41467-025-57559-2",34.155,351.79650000000004,PROPOSED_NOT_APPLIED,v2_deep_integrated_review
54,Tibet,西藏,2030,coal,coal,,9.0,,False,False,published provincial values converted at 2025 FX and held constant through 2060; sensitivity trajectories not yet applied,"An et al. (2025), Nature Communications 16, 2311, Supplementary Note 3 and Supplementary Table 2; doi:10.1038/s41467-025-57559-2",,,PROPOSED_NOT_APPLIED,v2_deep_integrated_review
54,Tibet,西藏,2030,coalccs,coal,,11.25,,False,False,published provincial values converted at 2025 FX and held constant through 2060; sensitivity trajectories not yet applied,"An et al. (2025), Nature Communications 16, 2311, Supplementary Note 3 and Supplementary Table 2; doi:10.1038/s41467-025-57559-2",,,PROPOSED_NOT_APPLIED,v2_deep_integrated_review
54,Tibet,西藏,2030,cchp,coal,,9.47,,False,False,published provincial values converted at 2025 FX and held constant through 2060; sensitivity trajectories not yet applied,"An et al. (2025), Nature Communications 16, 2311, Supplementary Note 3 and Supplementary Table 2; doi:10.1038/s41467-025-57559-2",,,PROPOSED_NOT_APPLIED,v2_deep_integrated_review
54,Tibet,西藏,2030,cchpccs,coal,,11.25,,False,False,published provincial values converted at 2025 FX and held constant through 2060; sensitivity trajectories not yet applied,"An et al. (2025), Nature Communications 16, 2311, Supplementary Note 3 and Supplementary Table 2; doi:10.1038/s41467-025-57559-2",,,PROPOSED_NOT_APPLIED,v2_deep_integrated_review
54,Tibet,西藏,2030,gas,gas,75.571882,6.31,476.85857542,True,True,published provincial values converted at 2025 FX and held constant through 2060; sensitivity trajectories not yet applied,"An et al. (2025), Nature Communications 16, 2311, Supplementary Note 3 and Supplementary Table 2; doi:10.1038/s41467-025-57559-2",73.00200000000001,460.64262,PROPOSED_NOT_APPLIED,v2_deep_integrated_review
54,Tibet,西藏,2030,gasccs,gas,75.571882,7.83,591.7278360600001,True,True,published provincial values converted at 2025 FX and held constant through 2060; sensitivity trajectories not yet applied,"An et al. (2025), Nature Communications 16, 2311, Supplementary Note 3 and Supplementary Table 2; doi:10.1038/s41467-025-57559-2",73.00200000000001,571.6056600000001,PROPOSED_NOT_APPLIED,v2_deep_integrated_review
54,Tibet,西藏,2030,gchp,gas,75.571882,6.31,476.85857542,True,True,published provincial values converted at 2025 FX and held constant through 2060; sensitivity trajectories not yet applied,"An et al. (2025), Nature Communications 16, 2311, Supplementary Note 3 and Supplementary Table 2; doi:10.1038/s41467-025-57559-2",73.00200000000001,460.64262,PROPOSED_NOT_APPLIED,v2_deep_integrated_review
54,Tibet,西藏,2030,gchpccs,gas,75.571882,7.83,591.7278360600001,True,True,published provincial values converted at 2025 FX and held constant through 2060; sensitivity trajectories not yet applied,"An et al. (2025), Nature Communications 16, 2311, Supplementary Note 3 and Supplementary Table 2; doi:10.1038/s41467-025-57559-2",73.00200000000001,571.6056600000001,PROPOSED_NOT_APPLIED,v2_deep_integrated_review
54,Tibet,西藏,2030,bio,biomass,35.357355,9.0,318.216195,True,True,published provincial values converted at 2025 FX and held constant through 2060; sensitivity trajectories not yet applied,"An et al. (2025), Nature Communications 16, 2311, Supplementary Note 3 and Supplementary Table 2; doi:10.1038/s41467-025-57559-2",34.155,307.395,PROPOSED_NOT_APPLIED,v2_deep_integrated_review
54,Tibet,西藏,2030,bioccs,biomass,35.357355,10.3,364.1807565,True,True,published provincial values converted at 2025 FX and held constant through 2060; sensitivity trajectories not yet applied,"An et al. (2025), Nature Communications 16, 2311, Supplementary Note 3 and Supplementary Table 2; doi:10.1038/s41467-025-57559-2",34.155,351.79650000000004,PROPOSED_NOT_APPLIED,v2_deep_integrated_review
54,Tibet,西藏,2040,coal,coal,,9.0,,False,False,published provincial values converted at 2025 FX and held constant through 2060; sensitivity trajectories not yet applied,"An et al. (2025), Nature Communications 16, 2311, Supplementary Note 3 and Supplementary Table 2; doi:10.1038/s41467-025-57559-2",,,PROPOSED_NOT_APPLIED,v2_deep_integrated_review
54,Tibet,西藏,2040,coalccs,coal,,11.25,,False,False,published provincial values converted at 2025 FX and held constant through 2060; sensitivity trajectories not yet applied,"An et al. (2025), Nature Communications 16, 2311, Supplementary Note 3 and Supplementary Table 2; doi:10.1038/s41467-025-57559-2",,,PROPOSED_NOT_APPLIED,v2_deep_integrated_review
54,Tibet,西藏,2040,cchp,coal,,9.47,,False,False,published provincial values converted at 2025 FX and held constant through 2060; sensitivity trajectories not yet applied,"An et al. (2025), Nature Communications 16, 2311, Supplementary Note 3 and Supplementary Table 2; doi:10.1038/s41467-025-57559-2",,,PROPOSED_NOT_APPLIED,v2_deep_integrated_review
54,Tibet,西藏,2040,cchpccs,coal,,11.25,,False,False,published provincial values converted at 2025 FX and held constant through 2060; sensitivity trajectories not yet applied,"An et al. (2025), Nature Communications 16, 2311, Supplementary Note 3 and Supplementary Table 2; doi:10.1038/s41467-025-57559-2",,,PROPOSED_NOT_APPLIED,v2_deep_integrated_review
54,Tibet,西藏,2040,gas,gas,75.571882,6.31,476.85857542,True,True,published provincial values converted at 2025 FX and held constant through 2060; sensitivity trajectories not yet applied,"An et al. (2025), Nature Communications 16, 2311, Supplementary Note 3 and Supplementary Table 2; doi:10.1038/s41467-025-57559-2",73.00200000000001,460.64262,PROPOSED_NOT_APPLIED,v2_deep_integrated_review
54,Tibet,西藏,2040,gasccs,gas,75.571882,7.83,591.7278360600001,True,True,published provincial values converted at 2025 FX and held constant through 2060; sensitivity trajectories not yet applied,"An et al. (2025), Nature Communications 16, 2311, Supplementary Note 3 and Supplementary Table 2; doi:10.1038/s41467-025-57559-2",73.00200000000001,571.6056600000001,PROPOSED_NOT_APPLIED,v2_deep_integrated_review
54,Tibet,西藏,2040,gchp,gas,75.571882,6.31,476.85857542,True,True,published provincial values converted at 2025 FX and held constant through 2060; sensitivity trajectories not yet applied,"An et al. (2025), Nature Communications 16, 2311, Supplementary Note 3 and Supplementary Table 2; doi:10.1038/s41467-025-57559-2",73.00200000000001,460.64262,PROPOSED_NOT_APPLIED,v2_deep_integrated_review
54,Tibet,西藏,2040,gchpccs,gas,75.571882,7.83,591.7278360600001,True,True,published provincial values converted at 2025 FX and held constant through 2060; sensitivity trajectories not yet applied,"An et al. (2025), Nature Communications 16, 2311, Supplementary Note 3 and Supplementary Table 2; doi:10.1038/s41467-025-57559-2",73.00200000000001,571.6056600000001,PROPOSED_NOT_APPLIED,v2_deep_integrated_review
54,Tibet,西藏,2040,bio,biomass,35.357355,9.0,318.216195,True,True,published provincial values converted at 2025 FX and held constant through 2060; sensitivity trajectories not yet applied,"An et al. (2025), Nature Communications 16, 2311, Supplementary Note 3 and Supplementary Table 2; doi:10.1038/s41467-025-57559-2",34.155,307.395,PROPOSED_NOT_APPLIED,v2_deep_integrated_review
54,Tibet,西藏,2040,bioccs,biomass,35.357355,10.3,364.1807565,True,True,published provincial values converted at 2025 FX and held constant through 2060; sensitivity trajectories not yet applied,"An et al. (2025), Nature Communications 16, 2311, Supplementary Note 3 and Supplementary Table 2; doi:10.1038/s41467-025-57559-2",34.155,351.79650000000004,PROPOSED_NOT_APPLIED,v2_deep_integrated_review
54,Tibet,西藏,2050,coal,coal,,9.0,,False,False,published provincial values converted at 2025 FX and held constant through 2060; sensitivity trajectories not yet applied,"An et al. (2025), Nature Communications 16, 2311, Supplementary Note 3 and Supplementary Table 2; doi:10.1038/s41467-025-57559-2",,,PROPOSED_NOT_APPLIED,v2_deep_integrated_review
54,Tibet,西藏,2050,coalccs,coal,,11.25,,False,False,published provincial values converted at 2025 FX and held constant through 2060; sensitivity trajectories not yet applied,"An et al. (2025), Nature Communications 16, 2311, Supplementary Note 3 and Supplementary Table 2; doi:10.1038/s41467-025-57559-2",,,PROPOSED_NOT_APPLIED,v2_deep_integrated_review
54,Tibet,西藏,2050,cchp,coal,,9.47,,False,False,published provincial values converted at 2025 FX and held constant through 2060; sensitivity trajectories not yet applied,"An et al. (2025), Nature Communications 16, 2311, Supplementary Note 3 and Supplementary Table 2; doi:10.1038/s41467-025-57559-2",,,PROPOSED_NOT_APPLIED,v2_deep_integrated_review
54,Tibet,西藏,2050,cchpccs,coal,,11.25,,False,False,published provincial values converted at 2025 FX and held constant through 2060; sensitivity trajectories not yet applied,"An et al. (2025), Nature Communications 16, 2311, Supplementary Note 3 and Supplementary Table 2; doi:10.1038/s41467-025-57559-2",,,PROPOSED_NOT_APPLIED,v2_deep_integrated_review
54,Tibet,西藏,2050,gas,gas,75.571882,6.31,476.85857542,True,True,published provincial values converted at 2025 FX and held constant through 2060; sensitivity trajectories not yet applied,"An et al. (2025), Nature Communications 16, 2311, Supplementary Note 3 and Supplementary Table 2; doi:10.1038/s41467-025-57559-2",73.00200000000001,460.64262,PROPOSED_NOT_APPLIED,v2_deep_integrated_review
54,Tibet,西藏,2050,gasccs,gas,75.571882,7.83,591.7278360600001,True,True,published provincial values converted at 2025 FX and held constant through 2060; sensitivity trajectories not yet applied,"An et al. (2025), Nature Communications 16, 2311, Supplementary Note 3 and Supplementary Table 2; doi:10.1038/s41467-025-57559-2",73.00200000000001,571.6056600000001,PROPOSED_NOT_APPLIED,v2_deep_integrated_review
54,Tibet,西藏,2050,gchp,gas,75.571882,6.31,476.85857542,True,True,published provincial values converted at 2025 FX and held constant through 2060; sensitivity trajectories not yet applied,"An et al. (2025), Nature Communications 16, 2311, Supplementary Note 3 and Supplementary Table 2; doi:10.1038/s41467-025-57559-2",73.00200000000001,460.64262,PROPOSED_NOT_APPLIED,v2_deep_integrated_review
54,Tibet,西藏,2050,gchpccs,gas,75.571882,7.83,591.7278360600001,True,True,published provincial values converted at 2025 FX and held constant through 2060; sensitivity trajectories not yet applied,"An et al. (2025), Nature Communications 16, 2311, Supplementary Note 3 and Supplementary Table 2; doi:10.1038/s41467-025-57559-2",73.00200000000001,571.6056600000001,PROPOSED_NOT_APPLIED,v2_deep_integrated_review
54,Tibet,西藏,2050,bio,biomass,35.357355,9.0,318.216195,True,True,published provincial values converted at 2025 FX and held constant through 2060; sensitivity trajectories not yet applied,"An et al. (2025), Nature Communications 16, 2311, Supplementary Note 3 and Supplementary Table 2; doi:10.1038/s41467-025-57559-2",34.155,307.395,PROPOSED_NOT_APPLIED,v2_deep_integrated_review
54,Tibet,西藏,2050,bioccs,biomass,35.357355,10.3,364.1807565,True,True,published provincial values converted at 2025 FX and held constant through 2060; sensitivity trajectories not yet applied,"An et al. (2025), Nature Communications 16, 2311, Supplementary Note 3 and Supplementary Table 2; doi:10.1038/s41467-025-57559-2",34.155,351.79650000000004,PROPOSED_NOT_APPLIED,v2_deep_integrated_review
54,Tibet,西藏,2060,coal,coal,,9.0,,False,False,published provincial values converted at 2025 FX and held constant through 2060; sensitivity trajectories not yet applied,"An et al. (2025), Nature Communications 16, 2311, Supplementary Note 3 and Supplementary Table 2; doi:10.1038/s41467-025-57559-2",,,PROPOSED_NOT_APPLIED,v2_deep_integrated_review
54,Tibet,西藏,2060,coalccs,coal,,11.25,,False,False,published provincial values converted at 2025 FX and held constant through 2060; sensitivity trajectories not yet applied,"An et al. (2025), Nature Communications 16, 2311, Supplementary Note 3 and Supplementary Table 2; doi:10.1038/s41467-025-57559-2",,,PROPOSED_NOT_APPLIED,v2_deep_integrated_review
54,Tibet,西藏,2060,cchp,coal,,9.47,,False,False,published provincial values converted at 2025 FX and held constant through 2060; sensitivity trajectories not yet applied,"An et al. (2025), Nature Communications 16, 2311, Supplementary Note 3 and Supplementary Table 2; doi:10.1038/s41467-025-57559-2",,,PROPOSED_NOT_APPLIED,v2_deep_integrated_review
54,Tibet,西藏,2060,cchpccs,coal,,11.25,,False,False,published provincial values converted at 2025 FX and held constant through 2060; sensitivity trajectories not yet applied,"An et al. (2025), Nature Communications 16, 2311, Supplementary Note 3 and Supplementary Table 2; doi:10.1038/s41467-025-57559-2",,,PROPOSED_NOT_APPLIED,v2_deep_integrated_review
54,Tibet,西藏,2060,gas,gas,75.571882,6.31,476.85857542,True,True,published provincial values converted at 2025 FX and held constant through 2060; sensitivity trajectories not yet applied,"An et al. (2025), Nature Communications 16, 2311, Supplementary Note 3 and Supplementary Table 2; doi:10.1038/s41467-025-57559-2",73.00200000000001,460.64262,PROPOSED_NOT_APPLIED,v2_deep_integrated_review
54,Tibet,西藏,2060,gasccs,gas,75.571882,7.83,591.7278360600001,True,True,published provincial values converted at 2025 FX and held constant through 2060; sensitivity trajectories not yet applied,"An et al. (2025), Nature Communications 16, 2311, Supplementary Note 3 and Supplementary Table 2; doi:10.1038/s41467-025-57559-2",73.00200000000001,571.6056600000001,PROPOSED_NOT_APPLIED,v2_deep_integrated_review
54,Tibet,西藏,2060,gchp,gas,75.571882,6.31,476.85857542,True,True,published provincial values converted at 2025 FX and held constant through 2060; sensitivity trajectories not yet applied,"An et al. (2025), Nature Communications 16, 2311, Supplementary Note 3 and Supplementary Table 2; doi:10.1038/s41467-025-57559-2",73.00200000000001,460.64262,PROPOSED_NOT_APPLIED,v2_deep_integrated_review
54,Tibet,西藏,2060,gchpccs,gas,75.571882,7.83,591.7278360600001,True,True,published provincial values converted at 2025 FX and held constant through 2060; sensitivity trajectories not yet applied,"An et al. (2025), Nature Communications 16, 2311, Supplementary Note 3 and Supplementary Table 2; doi:10.1038/s41467-025-57559-2",73.00200000000001,571.6056600000001,PROPOSED_NOT_APPLIED,v2_deep_integrated_review
54,Tibet,西藏,2060,bio,biomass,35.357355,9.0,318.216195,True,True,published provincial values converted at 2025 FX and held constant through 2060; sensitivity trajectories not yet applied,"An et al. (2025), Nature Communications 16, 2311, Supplementary Note 3 and Supplementary Table 2; doi:10.1038/s41467-025-57559-2",34.155,307.395,PROPOSED_NOT_APPLIED,v2_deep_integrated_review
54,Tibet,西藏,2060,bioccs,biomass,35.357355,10.3,364.1807565,True,True,published provincial values converted at 2025 FX and held constant through 2060; sensitivity trajectories not yet applied,"An et al. (2025), Nature Communications 16, 2311, Supplementary Note 3 and Supplementary Table 2; doi:10.1038/s41467-025-57559-2",34.155,351.79650000000004,PROPOSED_NOT_APPLIED,v2_deep_integrated_review
61,Shaanxi,陕西,2025,coal,coal,31.643047,9.0,284.787423,True,False,published provincial values converted at 2025 FX and held constant through 2060; sensitivity trajectories not yet applied,"An et al. (2025), Nature Communications 16, 2311, Supplementary Note 3 and Supplementary Table 2; doi:10.1038/s41467-025-57559-2",30.567,275.103,PROPOSED_NOT_APPLIED,v2_deep_integrated_review
61,Shaanxi,陕西,2025,coalccs,coal,31.643047,11.25,355.98427875,True,False,published provincial values converted at 2025 FX and held constant through 2060; sensitivity trajectories not yet applied,"An et al. (2025), Nature Communications 16, 2311, Supplementary Note 3 and Supplementary Table 2; doi:10.1038/s41467-025-57559-2",30.567,343.87875,PROPOSED_NOT_APPLIED,v2_deep_integrated_review
61,Shaanxi,陕西,2025,cchp,coal,31.643047,9.47,299.65965509,True,False,published provincial values converted at 2025 FX and held constant through 2060; sensitivity trajectories not yet applied,"An et al. (2025), Nature Communications 16, 2311, Supplementary Note 3 and Supplementary Table 2; doi:10.1038/s41467-025-57559-2",30.567,289.46949,PROPOSED_NOT_APPLIED,v2_deep_integrated_review
61,Shaanxi,陕西,2025,cchpccs,coal,31.643047,11.25,355.98427875,True,False,published provincial values converted at 2025 FX and held constant through 2060; sensitivity trajectories not yet applied,"An et al. (2025), Nature Communications 16, 2311, Supplementary Note 3 and Supplementary Table 2; doi:10.1038/s41467-025-57559-2",30.567,343.87875,PROPOSED_NOT_APPLIED,v2_deep_integrated_review
61,Shaanxi,陕西,2025,gas,gas,53.643179,6.31,338.48845949,True,False,published provincial values converted at 2025 FX and held constant through 2060; sensitivity trajectories not yet applied,"An et al. (2025), Nature Communications 16, 2311, Supplementary Note 3 and Supplementary Table 2; doi:10.1038/s41467-025-57559-2",51.819,326.97789,PROPOSED_NOT_APPLIED,v2_deep_integrated_review
61,Shaanxi,陕西,2025,gasccs,gas,53.643179,7.83,420.02609157,True,False,published provincial values converted at 2025 FX and held constant through 2060; sensitivity trajectories not yet applied,"An et al. (2025), Nature Communications 16, 2311, Supplementary Note 3 and Supplementary Table 2; doi:10.1038/s41467-025-57559-2",51.819,405.74277,PROPOSED_NOT_APPLIED,v2_deep_integrated_review
61,Shaanxi,陕西,2025,gchp,gas,53.643179,6.31,338.48845949,True,False,published provincial values converted at 2025 FX and held constant through 2060; sensitivity trajectories not yet applied,"An et al. (2025), Nature Communications 16, 2311, Supplementary Note 3 and Supplementary Table 2; doi:10.1038/s41467-025-57559-2",51.819,326.97789,PROPOSED_NOT_APPLIED,v2_deep_integrated_review
61,Shaanxi,陕西,2025,gchpccs,gas,53.643179,7.83,420.02609157,True,False,published provincial values converted at 2025 FX and held constant through 2060; sensitivity trajectories not yet applied,"An et al. (2025), Nature Communications 16, 2311, Supplementary Note 3 and Supplementary Table 2; doi:10.1038/s41467-025-57559-2",51.819,405.74277,PROPOSED_NOT_APPLIED,v2_deep_integrated_review
61,Shaanxi,陕西,2025,bio,biomass,32.643053,9.0,293.787477,True,False,published provincial values converted at 2025 FX and held constant through 2060; sensitivity trajectories not yet applied,"An et al. (2025), Nature Communications 16, 2311, Supplementary Note 3 and Supplementary Table 2; doi:10.1038/s41467-025-57559-2",31.533000000000005,283.797,PROPOSED_NOT_APPLIED,v2_deep_integrated_review
61,Shaanxi,陕西,2025,bioccs,biomass,32.643053,10.3,336.22344590000006,True,False,published provincial values converted at 2025 FX and held constant through 2060; sensitivity trajectories not yet applied,"An et al. (2025), Nature Communications 16, 2311, Supplementary Note 3 and Supplementary Table 2; doi:10.1038/s41467-025-57559-2",31.533000000000005,324.78990000000005,PROPOSED_NOT_APPLIED,v2_deep_integrated_review
61,Shaanxi,陕西,2030,coal,coal,31.643047,9.0,284.787423,True,True,published provincial values converted at 2025 FX and held constant through 2060; sensitivity trajectories not yet applied,"An et al. (2025), Nature Communications 16, 2311, Supplementary Note 3 and Supplementary Table 2; doi:10.1038/s41467-025-57559-2",30.567,275.103,PROPOSED_NOT_APPLIED,v2_deep_integrated_review
61,Shaanxi,陕西,2030,coalccs,coal,31.643047,11.25,355.98427875,True,True,published provincial values converted at 2025 FX and held constant through 2060; sensitivity trajectories not yet applied,"An et al. (2025), Nature Communications 16, 2311, Supplementary Note 3 and Supplementary Table 2; doi:10.1038/s41467-025-57559-2",30.567,343.87875,PROPOSED_NOT_APPLIED,v2_deep_integrated_review
61,Shaanxi,陕西,2030,cchp,coal,31.643047,9.47,299.65965509,True,True,published provincial values converted at 2025 FX and held constant through 2060; sensitivity trajectories not yet applied,"An et al. (2025), Nature Communications 16, 2311, Supplementary Note 3 and Supplementary Table 2; doi:10.1038/s41467-025-57559-2",30.567,289.46949,PROPOSED_NOT_APPLIED,v2_deep_integrated_review
61,Shaanxi,陕西,2030,cchpccs,coal,31.643047,11.25,355.98427875,True,True,published provincial values converted at 2025 FX and held constant through 2060; sensitivity trajectories not yet applied,"An et al. (2025), Nature Communications 16, 2311, Supplementary Note 3 and Supplementary Table 2; doi:10.1038/s41467-025-57559-2",30.567,343.87875,PROPOSED_NOT_APPLIED,v2_deep_integrated_review
61,Shaanxi,陕西,2030,gas,gas,53.643179,6.31,338.48845949,True,True,published provincial values converted at 2025 FX and held constant through 2060; sensitivity trajectories not yet applied,"An et al. (2025), Nature Communications 16, 2311, Supplementary Note 3 and Supplementary Table 2; doi:10.1038/s41467-025-57559-2",51.819,326.97789,PROPOSED_NOT_APPLIED,v2_deep_integrated_review
61,Shaanxi,陕西,2030,gasccs,gas,53.643179,7.83,420.02609157,True,True,published provincial values converted at 2025 FX and held constant through 2060; sensitivity trajectories not yet applied,"An et al. (2025), Nature Communications 16, 2311, Supplementary Note 3 and Supplementary Table 2; doi:10.1038/s41467-025-57559-2",51.819,405.74277,PROPOSED_NOT_APPLIED,v2_deep_integrated_review
61,Shaanxi,陕西,2030,gchp,gas,53.643179,6.31,338.48845949,True,True,published provincial values converted at 2025 FX and held constant through 2060; sensitivity trajectories not yet applied,"An et al. (2025), Nature Communications 16, 2311, Supplementary Note 3 and Supplementary Table 2; doi:10.1038/s41467-025-57559-2",51.819,326.97789,PROPOSED_NOT_APPLIED,v2_deep_integrated_review
61,Shaanxi,陕西,2030,gchpccs,gas,53.643179,7.83,420.02609157,True,True,published provincial values converted at 2025 FX and held constant through 2060; sensitivity trajectories not yet applied,"An et al. (2025), Nature Communications 16, 2311, Supplementary Note 3 and Supplementary Table 2; doi:10.1038/s41467-025-57559-2",51.819,405.74277,PROPOSED_NOT_APPLIED,v2_deep_integrated_review
61,Shaanxi,陕西,2030,bio,biomass,32.643053,9.0,293.787477,True,True,published provincial values converted at 2025 FX and held constant through 2060; sensitivity trajectories not yet applied,"An et al. (2025), Nature Communications 16, 2311, Supplementary Note 3 and Supplementary Table 2; doi:10.1038/s41467-025-57559-2",31.533000000000005,283.797,PROPOSED_NOT_APPLIED,v2_deep_integrated_review
61,Shaanxi,陕西,2030,bioccs,biomass,32.643053,10.3,336.22344590000006,True,True,published provincial values converted at 2025 FX and held constant through 2060; sensitivity trajectories not yet applied,"An et al. (2025), Nature Communications 16, 2311, Supplementary Note 3 and Supplementary Table 2; doi:10.1038/s41467-025-57559-2",31.533000000000005,324.78990000000005,PROPOSED_NOT_APPLIED,v2_deep_integrated_review
61,Shaanxi,陕西,2040,coal,coal,31.643047,9.0,284.787423,True,True,published provincial values converted at 2025 FX and held constant through 2060; sensitivity trajectories not yet applied,"An et al. (2025), Nature Communications 16, 2311, Supplementary Note 3 and Supplementary Table 2; doi:10.1038/s41467-025-57559-2",30.567,275.103,PROPOSED_NOT_APPLIED,v2_deep_integrated_review
61,Shaanxi,陕西,2040,coalccs,coal,31.643047,11.25,355.98427875,True,True,published provincial values converted at 2025 FX and held constant through 2060; sensitivity trajectories not yet applied,"An et al. (2025), Nature Communications 16, 2311, Supplementary Note 3 and Supplementary Table 2; doi:10.1038/s41467-025-57559-2",30.567,343.87875,PROPOSED_NOT_APPLIED,v2_deep_integrated_review
61,Shaanxi,陕西,2040,cchp,coal,31.643047,9.47,299.65965509,True,True,published provincial values converted at 2025 FX and held constant through 2060; sensitivity trajectories not yet applied,"An et al. (2025), Nature Communications 16, 2311, Supplementary Note 3 and Supplementary Table 2; doi:10.1038/s41467-025-57559-2",30.567,289.46949,PROPOSED_NOT_APPLIED,v2_deep_integrated_review
61,Shaanxi,陕西,2040,cchpccs,coal,31.643047,11.25,355.98427875,True,True,published provincial values converted at 2025 FX and held constant through 2060; sensitivity trajectories not yet applied,"An et al. (2025), Nature Communications 16, 2311, Supplementary Note 3 and Supplementary Table 2; doi:10.1038/s41467-025-57559-2",30.567,343.87875,PROPOSED_NOT_APPLIED,v2_deep_integrated_review
61,Shaanxi,陕西,2040,gas,gas,53.643179,6.31,338.48845949,True,True,published provincial values converted at 2025 FX and held constant through 2060; sensitivity trajectories not yet applied,"An et al. (2025), Nature Communications 16, 2311, Supplementary Note 3 and Supplementary Table 2; doi:10.1038/s41467-025-57559-2",51.819,326.97789,PROPOSED_NOT_APPLIED,v2_deep_integrated_review
61,Shaanxi,陕西,2040,gasccs,gas,53.643179,7.83,420.02609157,True,True,published provincial values converted at 2025 FX and held constant through 2060; sensitivity trajectories not yet applied,"An et al. (2025), Nature Communications 16, 2311, Supplementary Note 3 and Supplementary Table 2; doi:10.1038/s41467-025-57559-2",51.819,405.74277,PROPOSED_NOT_APPLIED,v2_deep_integrated_review
61,Shaanxi,陕西,2040,gchp,gas,53.643179,6.31,338.48845949,True,True,published provincial values converted at 2025 FX and held constant through 2060; sensitivity trajectories not yet applied,"An et al. (2025), Nature Communications 16, 2311, Supplementary Note 3 and Supplementary Table 2; doi:10.1038/s41467-025-57559-2",51.819,326.97789,PROPOSED_NOT_APPLIED,v2_deep_integrated_review
61,Shaanxi,陕西,2040,gchpccs,gas,53.643179,7.83,420.02609157,True,True,published provincial values converted at 2025 FX and held constant through 2060; sensitivity trajectories not yet applied,"An et al. (2025), Nature Communications 16, 2311, Supplementary Note 3 and Supplementary Table 2; doi:10.1038/s41467-025-57559-2",51.819,405.74277,PROPOSED_NOT_APPLIED,v2_deep_integrated_review
61,Shaanxi,陕西,2040,bio,biomass,32.643053,9.0,293.787477,True,True,published provincial values converted at 2025 FX and held constant through 2060; sensitivity trajectories not yet applied,"An et al. (2025), Nature Communications 16, 2311, Supplementary Note 3 and Supplementary Table 2; doi:10.1038/s41467-025-57559-2",31.533000000000005,283.797,PROPOSED_NOT_APPLIED,v2_deep_integrated_review
61,Shaanxi,陕西,2040,bioccs,biomass,32.643053,10.3,336.22344590000006,True,True,published provincial values converted at 2025 FX and held constant through 2060; sensitivity trajectories not yet applied,"An et al. (2025), Nature Communications 16, 2311, Supplementary Note 3 and Supplementary Table 2; doi:10.1038/s41467-025-57559-2",31.533000000000005,324.78990000000005,PROPOSED_NOT_APPLIED,v2_deep_integrated_review
61,Shaanxi,陕西,2050,coal,coal,31.643047,9.0,284.787423,True,True,published provincial values converted at 2025 FX and held constant through 2060; sensitivity trajectories not yet applied,"An et al. (2025), Nature Communications 16, 2311, Supplementary Note 3 and Supplementary Table 2; doi:10.1038/s41467-025-57559-2",30.567,275.103,PROPOSED_NOT_APPLIED,v2_deep_integrated_review
61,Shaanxi,陕西,2050,coalccs,coal,31.643047,11.25,355.98427875,True,True,published provincial values converted at 2025 FX and held constant through 2060; sensitivity trajectories not yet applied,"An et al. (2025), Nature Communications 16, 2311, Supplementary Note 3 and Supplementary Table 2; doi:10.1038/s41467-025-57559-2",30.567,343.87875,PROPOSED_NOT_APPLIED,v2_deep_integrated_review
61,Shaanxi,陕西,2050,cchp,coal,31.643047,9.47,299.65965509,True,True,published provincial values converted at 2025 FX and held constant through 2060; sensitivity trajectories not yet applied,"An et al. (2025), Nature Communications 16, 2311, Supplementary Note 3 and Supplementary Table 2; doi:10.1038/s41467-025-57559-2",30.567,289.46949,PROPOSED_NOT_APPLIED,v2_deep_integrated_review
61,Shaanxi,陕西,2050,cchpccs,coal,31.643047,11.25,355.98427875,True,True,published provincial values converted at 2025 FX and held constant through 2060; sensitivity trajectories not yet applied,"An et al. (2025), Nature Communications 16, 2311, Supplementary Note 3 and Supplementary Table 2; doi:10.1038/s41467-025-57559-2",30.567,343.87875,PROPOSED_NOT_APPLIED,v2_deep_integrated_review
61,Shaanxi,陕西,2050,gas,gas,53.643179,6.31,338.48845949,True,True,published provincial values converted at 2025 FX and held constant through 2060; sensitivity trajectories not yet applied,"An et al. (2025), Nature Communications 16, 2311, Supplementary Note 3 and Supplementary Table 2; doi:10.1038/s41467-025-57559-2",51.819,326.97789,PROPOSED_NOT_APPLIED,v2_deep_integrated_review
61,Shaanxi,陕西,2050,gasccs,gas,53.643179,7.83,420.02609157,True,True,published provincial values converted at 2025 FX and held constant through 2060; sensitivity trajectories not yet applied,"An et al. (2025), Nature Communications 16, 2311, Supplementary Note 3 and Supplementary Table 2; doi:10.1038/s41467-025-57559-2",51.819,405.74277,PROPOSED_NOT_APPLIED,v2_deep_integrated_review
61,Shaanxi,陕西,2050,gchp,gas,53.643179,6.31,338.48845949,True,True,published provincial values converted at 2025 FX and held constant through 2060; sensitivity trajectories not yet applied,"An et al. (2025), Nature Communications 16, 2311, Supplementary Note 3 and Supplementary Table 2; doi:10.1038/s41467-025-57559-2",51.819,326.97789,PROPOSED_NOT_APPLIED,v2_deep_integrated_review
61,Shaanxi,陕西,2050,gchpccs,gas,53.643179,7.83,420.02609157,True,True,published provincial values converted at 2025 FX and held constant through 2060; sensitivity trajectories not yet applied,"An et al. (2025), Nature Communications 16, 2311, Supplementary Note 3 and Supplementary Table 2; doi:10.1038/s41467-025-57559-2",51.819,405.74277,PROPOSED_NOT_APPLIED,v2_deep_integrated_review
61,Shaanxi,陕西,2050,bio,biomass,32.643053,9.0,293.787477,True,True,published provincial values converted at 2025 FX and held constant through 2060; sensitivity trajectories not yet applied,"An et al. (2025), Nature Communications 16, 2311, Supplementary Note 3 and Supplementary Table 2; doi:10.1038/s41467-025-57559-2",31.533000000000005,283.797,PROPOSED_NOT_APPLIED,v2_deep_integrated_review
61,Shaanxi,陕西,2050,bioccs,biomass,32.643053,10.3,336.22344590000006,True,True,published provincial values converted at 2025 FX and held constant through 2060; sensitivity trajectories not yet applied,"An et al. (2025), Nature Communications 16, 2311, Supplementary Note 3 and Supplementary Table 2; doi:10.1038/s41467-025-57559-2",31.533000000000005,324.78990000000005,PROPOSED_NOT_APPLIED,v2_deep_integrated_review
61,Shaanxi,陕西,2060,coal,coal,31.643047,9.0,284.787423,True,True,published provincial values converted at 2025 FX and held constant through 2060; sensitivity trajectories not yet applied,"An et al. (2025), Nature Communications 16, 2311, Supplementary Note 3 and Supplementary Table 2; doi:10.1038/s41467-025-57559-2",30.567,275.103,PROPOSED_NOT_APPLIED,v2_deep_integrated_review
61,Shaanxi,陕西,2060,coalccs,coal,31.643047,11.25,355.98427875,True,True,published provincial values converted at 2025 FX and held constant through 2060; sensitivity trajectories not yet applied,"An et al. (2025), Nature Communications 16, 2311, Supplementary Note 3 and Supplementary Table 2; doi:10.1038/s41467-025-57559-2",30.567,343.87875,PROPOSED_NOT_APPLIED,v2_deep_integrated_review
61,Shaanxi,陕西,2060,cchp,coal,31.643047,9.47,299.65965509,True,True,published provincial values converted at 2025 FX and held constant through 2060; sensitivity trajectories not yet applied,"An et al. (2025), Nature Communications 16, 2311, Supplementary Note 3 and Supplementary Table 2; doi:10.1038/s41467-025-57559-2",30.567,289.46949,PROPOSED_NOT_APPLIED,v2_deep_integrated_review
61,Shaanxi,陕西,2060,cchpccs,coal,31.643047,11.25,355.98427875,True,True,published provincial values converted at 2025 FX and held constant through 2060; sensitivity trajectories not yet applied,"An et al. (2025), Nature Communications 16, 2311, Supplementary Note 3 and Supplementary Table 2; doi:10.1038/s41467-025-57559-2",30.567,343.87875,PROPOSED_NOT_APPLIED,v2_deep_integrated_review
61,Shaanxi,陕西,2060,gas,gas,53.643179,6.31,338.48845949,True,True,published provincial values converted at 2025 FX and held constant through 2060; sensitivity trajectories not yet applied,"An et al. (2025), Nature Communications 16, 2311, Supplementary Note 3 and Supplementary Table 2; doi:10.1038/s41467-025-57559-2",51.819,326.97789,PROPOSED_NOT_APPLIED,v2_deep_integrated_review
61,Shaanxi,陕西,2060,gasccs,gas,53.643179,7.83,420.02609157,True,True,published provincial values converted at 2025 FX and held constant through 2060; sensitivity trajectories not yet applied,"An et al. (2025), Nature Communications 16, 2311, Supplementary Note 3 and Supplementary Table 2; doi:10.1038/s41467-025-57559-2",51.819,405.74277,PROPOSED_NOT_APPLIED,v2_deep_integrated_review
61,Shaanxi,陕西,2060,gchp,gas,53.643179,6.31,338.48845949,True,True,published provincial values converted at 2025 FX and held constant through 2060; sensitivity trajectories not yet applied,"An et al. (2025), Nature Communications 16, 2311, Supplementary Note 3 and Supplementary Table 2; doi:10.1038/s41467-025-57559-2",51.819,326.97789,PROPOSED_NOT_APPLIED,v2_deep_integrated_review
61,Shaanxi,陕西,2060,gchpccs,gas,53.643179,7.83,420.02609157,True,True,published provincial values converted at 2025 FX and held constant through 2060; sensitivity trajectories not yet applied,"An et al. (2025), Nature Communications 16, 2311, Supplementary Note 3 and Supplementary Table 2; doi:10.1038/s41467-025-57559-2",51.819,405.74277,PROPOSED_NOT_APPLIED,v2_deep_integrated_review
61,Shaanxi,陕西,2060,bio,biomass,32.643053,9.0,293.787477,True,True,published provincial values converted at 2025 FX and held constant through 2060; sensitivity trajectories not yet applied,"An et al. (2025), Nature Communications 16, 2311, Supplementary Note 3 and Supplementary Table 2; doi:10.1038/s41467-025-57559-2",31.533000000000005,283.797,PROPOSED_NOT_APPLIED,v2_deep_integrated_review
61,Shaanxi,陕西,2060,bioccs,biomass,32.643053,10.3,336.22344590000006,True,True,published provincial values converted at 2025 FX and held constant through 2060; sensitivity trajectories not yet applied,"An et al. (2025), Nature Communications 16, 2311, Supplementary Note 3 and Supplementary Table 2; doi:10.1038/s41467-025-57559-2",31.533000000000005,324.78990000000005,PROPOSED_NOT_APPLIED,v2_deep_integrated_review
62,Gansu,甘肃,2025,coal,coal,37.785941,9.0,340.073469,True,False,published provincial values converted at 2025 FX and held constant through 2060; sensitivity trajectories not yet applied,"An et al. (2025), Nature Communications 16, 2311, Supplementary Note 3 and Supplementary Table 2; doi:10.1038/s41467-025-57559-2",36.501000000000005,328.509,PROPOSED_NOT_APPLIED,v2_deep_integrated_review
62,Gansu,甘肃,2025,coalccs,coal,37.785941,11.25,425.09183625,True,False,published provincial values converted at 2025 FX and held constant through 2060; sensitivity trajectories not yet applied,"An et al. (2025), Nature Communications 16, 2311, Supplementary Note 3 and Supplementary Table 2; doi:10.1038/s41467-025-57559-2",36.501000000000005,410.6362500000001,PROPOSED_NOT_APPLIED,v2_deep_integrated_review
62,Gansu,甘肃,2025,cchp,coal,37.785941,9.47,357.83286127,True,False,published provincial values converted at 2025 FX and held constant through 2060; sensitivity trajectories not yet applied,"An et al. (2025), Nature Communications 16, 2311, Supplementary Note 3 and Supplementary Table 2; doi:10.1038/s41467-025-57559-2",36.501000000000005,345.66447000000005,PROPOSED_NOT_APPLIED,v2_deep_integrated_review
62,Gansu,甘肃,2025,cchpccs,coal,37.785941,11.25,425.09183625,True,False,published provincial values converted at 2025 FX and held constant through 2060; sensitivity trajectories not yet applied,"An et al. (2025), Nature Communications 16, 2311, Supplementary Note 3 and Supplementary Table 2; doi:10.1038/s41467-025-57559-2",36.501000000000005,410.6362500000001,PROPOSED_NOT_APPLIED,v2_deep_integrated_review
62,Gansu,甘肃,2025,gas,gas,56.000336,6.31,353.36212016,True,False,published provincial values converted at 2025 FX and held constant through 2060; sensitivity trajectories not yet applied,"An et al. (2025), Nature Communications 16, 2311, Supplementary Note 3 and Supplementary Table 2; doi:10.1038/s41467-025-57559-2",54.096,341.34576,PROPOSED_NOT_APPLIED,v2_deep_integrated_review
62,Gansu,甘肃,2025,gasccs,gas,56.000336,7.83,438.48263088,True,False,published provincial values converted at 2025 FX and held constant through 2060; sensitivity trajectories not yet applied,"An et al. (2025), Nature Communications 16, 2311, Supplementary Note 3 and Supplementary Table 2; doi:10.1038/s41467-025-57559-2",54.096,423.57168,PROPOSED_NOT_APPLIED,v2_deep_integrated_review
62,Gansu,甘肃,2025,gchp,gas,56.000336,6.31,353.36212016,True,False,published provincial values converted at 2025 FX and held constant through 2060; sensitivity trajectories not yet applied,"An et al. (2025), Nature Communications 16, 2311, Supplementary Note 3 and Supplementary Table 2; doi:10.1038/s41467-025-57559-2",54.096,341.34576,PROPOSED_NOT_APPLIED,v2_deep_integrated_review
62,Gansu,甘肃,2025,gchpccs,gas,56.000336,7.83,438.48263088,True,False,published provincial values converted at 2025 FX and held constant through 2060; sensitivity trajectories not yet applied,"An et al. (2025), Nature Communications 16, 2311, Supplementary Note 3 and Supplementary Table 2; doi:10.1038/s41467-025-57559-2",54.096,423.57168,PROPOSED_NOT_APPLIED,v2_deep_integrated_review
62,Gansu,甘肃,2025,bio,biomass,32.214479,9.0,289.930311,True,False,published provincial values converted at 2025 FX and held constant through 2060; sensitivity trajectories not yet applied,"An et al. (2025), Nature Communications 16, 2311, Supplementary Note 3 and Supplementary Table 2; doi:10.1038/s41467-025-57559-2",31.119,280.071,PROPOSED_NOT_APPLIED,v2_deep_integrated_review
62,Gansu,甘肃,2025,bioccs,biomass,32.214479,10.3,331.8091337,True,False,published provincial values converted at 2025 FX and held constant through 2060; sensitivity trajectories not yet applied,"An et al. (2025), Nature Communications 16, 2311, Supplementary Note 3 and Supplementary Table 2; doi:10.1038/s41467-025-57559-2",31.119,320.52570000000003,PROPOSED_NOT_APPLIED,v2_deep_integrated_review
62,Gansu,甘肃,2030,coal,coal,37.785941,9.0,340.073469,True,True,published provincial values converted at 2025 FX and held constant through 2060; sensitivity trajectories not yet applied,"An et al. (2025), Nature Communications 16, 2311, Supplementary Note 3 and Supplementary Table 2; doi:10.1038/s41467-025-57559-2",36.501000000000005,328.509,PROPOSED_NOT_APPLIED,v2_deep_integrated_review
62,Gansu,甘肃,2030,coalccs,coal,37.785941,11.25,425.09183625,True,True,published provincial values converted at 2025 FX and held constant through 2060; sensitivity trajectories not yet applied,"An et al. (2025), Nature Communications 16, 2311, Supplementary Note 3 and Supplementary Table 2; doi:10.1038/s41467-025-57559-2",36.501000000000005,410.6362500000001,PROPOSED_NOT_APPLIED,v2_deep_integrated_review
62,Gansu,甘肃,2030,cchp,coal,37.785941,9.47,357.83286127,True,True,published provincial values converted at 2025 FX and held constant through 2060; sensitivity trajectories not yet applied,"An et al. (2025), Nature Communications 16, 2311, Supplementary Note 3 and Supplementary Table 2; doi:10.1038/s41467-025-57559-2",36.501000000000005,345.66447000000005,PROPOSED_NOT_APPLIED,v2_deep_integrated_review
62,Gansu,甘肃,2030,cchpccs,coal,37.785941,11.25,425.09183625,True,True,published provincial values converted at 2025 FX and held constant through 2060; sensitivity trajectories not yet applied,"An et al. (2025), Nature Communications 16, 2311, Supplementary Note 3 and Supplementary Table 2; doi:10.1038/s41467-025-57559-2",36.501000000000005,410.6362500000001,PROPOSED_NOT_APPLIED,v2_deep_integrated_review
62,Gansu,甘肃,2030,gas,gas,56.000336,6.31,353.36212016,True,True,published provincial values converted at 2025 FX and held constant through 2060; sensitivity trajectories not yet applied,"An et al. (2025), Nature Communications 16, 2311, Supplementary Note 3 and Supplementary Table 2; doi:10.1038/s41467-025-57559-2",54.096,341.34576,PROPOSED_NOT_APPLIED,v2_deep_integrated_review
62,Gansu,甘肃,2030,gasccs,gas,56.000336,7.83,438.48263088,True,True,published provincial values converted at 2025 FX and held constant through 2060; sensitivity trajectories not yet applied,"An et al. (2025), Nature Communications 16, 2311, Supplementary Note 3 and Supplementary Table 2; doi:10.1038/s41467-025-57559-2",54.096,423.57168,PROPOSED_NOT_APPLIED,v2_deep_integrated_review
62,Gansu,甘肃,2030,gchp,gas,56.000336,6.31,353.36212016,True,True,published provincial values converted at 2025 FX and held constant through 2060; sensitivity trajectories not yet applied,"An et al. (2025), Nature Communications 16, 2311, Supplementary Note 3 and Supplementary Table 2; doi:10.1038/s41467-025-57559-2",54.096,341.34576,PROPOSED_NOT_APPLIED,v2_deep_integrated_review
62,Gansu,甘肃,2030,gchpccs,gas,56.000336,7.83,438.48263088,True,True,published provincial values converted at 2025 FX and held constant through 2060; sensitivity trajectories not yet applied,"An et al. (2025), Nature Communications 16, 2311, Supplementary Note 3 and Supplementary Table 2; doi:10.1038/s41467-025-57559-2",54.096,423.57168,PROPOSED_NOT_APPLIED,v2_deep_integrated_review
62,Gansu,甘肃,2030,bio,biomass,32.214479,9.0,289.930311,True,True,published provincial values converted at 2025 FX and held constant through 2060; sensitivity trajectories not yet applied,"An et al. (2025), Nature Communications 16, 2311, Supplementary Note 3 and Supplementary Table 2; doi:10.1038/s41467-025-57559-2",31.119,280.071,PROPOSED_NOT_APPLIED,v2_deep_integrated_review
62,Gansu,甘肃,2030,bioccs,biomass,32.214479,10.3,331.8091337,True,True,published provincial values converted at 2025 FX and held constant through 2060; sensitivity trajectories not yet applied,"An et al. (2025), Nature Communications 16, 2311, Supplementary Note 3 and Supplementary Table 2; doi:10.1038/s41467-025-57559-2",31.119,320.52570000000003,PROPOSED_NOT_APPLIED,v2_deep_integrated_review
62,Gansu,甘肃,2040,coal,coal,37.785941,9.0,340.073469,True,True,published provincial values converted at 2025 FX and held constant through 2060; sensitivity trajectories not yet applied,"An et al. (2025), Nature Communications 16, 2311, Supplementary Note 3 and Supplementary Table 2; doi:10.1038/s41467-025-57559-2",36.501000000000005,328.509,PROPOSED_NOT_APPLIED,v2_deep_integrated_review
62,Gansu,甘肃,2040,coalccs,coal,37.785941,11.25,425.09183625,True,True,published provincial values converted at 2025 FX and held constant through 2060; sensitivity trajectories not yet applied,"An et al. (2025), Nature Communications 16, 2311, Supplementary Note 3 and Supplementary Table 2; doi:10.1038/s41467-025-57559-2",36.501000000000005,410.6362500000001,PROPOSED_NOT_APPLIED,v2_deep_integrated_review
62,Gansu,甘肃,2040,cchp,coal,37.785941,9.47,357.83286127,True,True,published provincial values converted at 2025 FX and held constant through 2060; sensitivity trajectories not yet applied,"An et al. (2025), Nature Communications 16, 2311, Supplementary Note 3 and Supplementary Table 2; doi:10.1038/s41467-025-57559-2",36.501000000000005,345.66447000000005,PROPOSED_NOT_APPLIED,v2_deep_integrated_review
62,Gansu,甘肃,2040,cchpccs,coal,37.785941,11.25,425.09183625,True,True,published provincial values converted at 2025 FX and held constant through 2060; sensitivity trajectories not yet applied,"An et al. (2025), Nature Communications 16, 2311, Supplementary Note 3 and Supplementary Table 2; doi:10.1038/s41467-025-57559-2",36.501000000000005,410.6362500000001,PROPOSED_NOT_APPLIED,v2_deep_integrated_review
62,Gansu,甘肃,2040,gas,gas,56.000336,6.31,353.36212016,True,True,published provincial values converted at 2025 FX and held constant through 2060; sensitivity trajectories not yet applied,"An et al. (2025), Nature Communications 16, 2311, Supplementary Note 3 and Supplementary Table 2; doi:10.1038/s41467-025-57559-2",54.096,341.34576,PROPOSED_NOT_APPLIED,v2_deep_integrated_review
62,Gansu,甘肃,2040,gasccs,gas,56.000336,7.83,438.48263088,True,True,published provincial values converted at 2025 FX and held constant through 2060; sensitivity trajectories not yet applied,"An et al. (2025), Nature Communications 16, 2311, Supplementary Note 3 and Supplementary Table 2; doi:10.1038/s41467-025-57559-2",54.096,423.57168,PROPOSED_NOT_APPLIED,v2_deep_integrated_review
62,Gansu,甘肃,2040,gchp,gas,56.000336,6.31,353.36212016,True,True,published provincial values converted at 2025 FX and held constant through 2060; sensitivity trajectories not yet applied,"An et al. (2025), Nature Communications 16, 2311, Supplementary Note 3 and Supplementary Table 2; doi:10.1038/s41467-025-57559-2",54.096,341.34576,PROPOSED_NOT_APPLIED,v2_deep_integrated_review
62,Gansu,甘肃,2040,gchpccs,gas,56.000336,7.83,438.48263088,True,True,published provincial values converted at 2025 FX and held constant through 2060; sensitivity trajectories not yet applied,"An et al. (2025), Nature Communications 16, 2311, Supplementary Note 3 and Supplementary Table 2; doi:10.1038/s41467-025-57559-2",54.096,423.57168,PROPOSED_NOT_APPLIED,v2_deep_integrated_review
62,Gansu,甘肃,2040,bio,biomass,32.214479,9.0,289.930311,True,True,published provincial values converted at 2025 FX and held constant through 2060; sensitivity trajectories not yet applied,"An et al. (2025), Nature Communications 16, 2311, Supplementary Note 3 and Supplementary Table 2; doi:10.1038/s41467-025-57559-2",31.119,280.071,PROPOSED_NOT_APPLIED,v2_deep_integrated_review
62,Gansu,甘肃,2040,bioccs,biomass,32.214479,10.3,331.8091337,True,True,published provincial values converted at 2025 FX and held constant through 2060; sensitivity trajectories not yet applied,"An et al. (2025), Nature Communications 16, 2311, Supplementary Note 3 and Supplementary Table 2; doi:10.1038/s41467-025-57559-2",31.119,320.52570000000003,PROPOSED_NOT_APPLIED,v2_deep_integrated_review
62,Gansu,甘肃,2050,coal,coal,37.785941,9.0,340.073469,True,True,published provincial values converted at 2025 FX and held constant through 2060; sensitivity trajectories not yet applied,"An et al. (2025), Nature Communications 16, 2311, Supplementary Note 3 and Supplementary Table 2; doi:10.1038/s41467-025-57559-2",36.501000000000005,328.509,PROPOSED_NOT_APPLIED,v2_deep_integrated_review
62,Gansu,甘肃,2050,coalccs,coal,37.785941,11.25,425.09183625,True,True,published provincial values converted at 2025 FX and held constant through 2060; sensitivity trajectories not yet applied,"An et al. (2025), Nature Communications 16, 2311, Supplementary Note 3 and Supplementary Table 2; doi:10.1038/s41467-025-57559-2",36.501000000000005,410.6362500000001,PROPOSED_NOT_APPLIED,v2_deep_integrated_review
62,Gansu,甘肃,2050,cchp,coal,37.785941,9.47,357.83286127,True,True,published provincial values converted at 2025 FX and held constant through 2060; sensitivity trajectories not yet applied,"An et al. (2025), Nature Communications 16, 2311, Supplementary Note 3 and Supplementary Table 2; doi:10.1038/s41467-025-57559-2",36.501000000000005,345.66447000000005,PROPOSED_NOT_APPLIED,v2_deep_integrated_review
62,Gansu,甘肃,2050,cchpccs,coal,37.785941,11.25,425.09183625,True,True,published provincial values converted at 2025 FX and held constant through 2060; sensitivity trajectories not yet applied,"An et al. (2025), Nature Communications 16, 2311, Supplementary Note 3 and Supplementary Table 2; doi:10.1038/s41467-025-57559-2",36.501000000000005,410.6362500000001,PROPOSED_NOT_APPLIED,v2_deep_integrated_review
62,Gansu,甘肃,2050,gas,gas,56.000336,6.31,353.36212016,True,True,published provincial values converted at 2025 FX and held constant through 2060; sensitivity trajectories not yet applied,"An et al. (2025), Nature Communications 16, 2311, Supplementary Note 3 and Supplementary Table 2; doi:10.1038/s41467-025-57559-2",54.096,341.34576,PROPOSED_NOT_APPLIED,v2_deep_integrated_review
62,Gansu,甘肃,2050,gasccs,gas,56.000336,7.83,438.48263088,True,True,published provincial values converted at 2025 FX and held constant through 2060; sensitivity trajectories not yet applied,"An et al. (2025), Nature Communications 16, 2311, Supplementary Note 3 and Supplementary Table 2; doi:10.1038/s41467-025-57559-2",54.096,423.57168,PROPOSED_NOT_APPLIED,v2_deep_integrated_review
62,Gansu,甘肃,2050,gchp,gas,56.000336,6.31,353.36212016,True,True,published provincial values converted at 2025 FX and held constant through 2060; sensitivity trajectories not yet applied,"An et al. (2025), Nature Communications 16, 2311, Supplementary Note 3 and Supplementary Table 2; doi:10.1038/s41467-025-57559-2",54.096,341.34576,PROPOSED_NOT_APPLIED,v2_deep_integrated_review
62,Gansu,甘肃,2050,gchpccs,gas,56.000336,7.83,438.48263088,True,True,published provincial values converted at 2025 FX and held constant through 2060; sensitivity trajectories not yet applied,"An et al. (2025), Nature Communications 16, 2311, Supplementary Note 3 and Supplementary Table 2; doi:10.1038/s41467-025-57559-2",54.096,423.57168,PROPOSED_NOT_APPLIED,v2_deep_integrated_review
62,Gansu,甘肃,2050,bio,biomass,32.214479,9.0,289.930311,True,True,published provincial values converted at 2025 FX and held constant through 2060; sensitivity trajectories not yet applied,"An et al. (2025), Nature Communications 16, 2311, Supplementary Note 3 and Supplementary Table 2; doi:10.1038/s41467-025-57559-2",31.119,280.071,PROPOSED_NOT_APPLIED,v2_deep_integrated_review
62,Gansu,甘肃,2050,bioccs,biomass,32.214479,10.3,331.8091337,True,True,published provincial values converted at 2025 FX and held constant through 2060; sensitivity trajectories not yet applied,"An et al. (2025), Nature Communications 16, 2311, Supplementary Note 3 and Supplementary Table 2; doi:10.1038/s41467-025-57559-2",31.119,320.52570000000003,PROPOSED_NOT_APPLIED,v2_deep_integrated_review
62,Gansu,甘肃,2060,coal,coal,37.785941,9.0,340.073469,True,True,published provincial values converted at 2025 FX and held constant through 2060; sensitivity trajectories not yet applied,"An et al. (2025), Nature Communications 16, 2311, Supplementary Note 3 and Supplementary Table 2; doi:10.1038/s41467-025-57559-2",36.501000000000005,328.509,PROPOSED_NOT_APPLIED,v2_deep_integrated_review
62,Gansu,甘肃,2060,coalccs,coal,37.785941,11.25,425.09183625,True,True,published provincial values converted at 2025 FX and held constant through 2060; sensitivity trajectories not yet applied,"An et al. (2025), Nature Communications 16, 2311, Supplementary Note 3 and Supplementary Table 2; doi:10.1038/s41467-025-57559-2",36.501000000000005,410.6362500000001,PROPOSED_NOT_APPLIED,v2_deep_integrated_review
62,Gansu,甘肃,2060,cchp,coal,37.785941,9.47,357.83286127,True,True,published provincial values converted at 2025 FX and held constant through 2060; sensitivity trajectories not yet applied,"An et al. (2025), Nature Communications 16, 2311, Supplementary Note 3 and Supplementary Table 2; doi:10.1038/s41467-025-57559-2",36.501000000000005,345.66447000000005,PROPOSED_NOT_APPLIED,v2_deep_integrated_review
62,Gansu,甘肃,2060,cchpccs,coal,37.785941,11.25,425.09183625,True,True,published provincial values converted at 2025 FX and held constant through 2060; sensitivity trajectories not yet applied,"An et al. (2025), Nature Communications 16, 2311, Supplementary Note 3 and Supplementary Table 2; doi:10.1038/s41467-025-57559-2",36.501000000000005,410.6362500000001,PROPOSED_NOT_APPLIED,v2_deep_integrated_review
62,Gansu,甘肃,2060,gas,gas,56.000336,6.31,353.36212016,True,True,published provincial values converted at 2025 FX and held constant through 2060; sensitivity trajectories not yet applied,"An et al. (2025), Nature Communications 16, 2311, Supplementary Note 3 and Supplementary Table 2; doi:10.1038/s41467-025-57559-2",54.096,341.34576,PROPOSED_NOT_APPLIED,v2_deep_integrated_review
62,Gansu,甘肃,2060,gasccs,gas,56.000336,7.83,438.48263088,True,True,published provincial values converted at 2025 FX and held constant through 2060; sensitivity trajectories not yet applied,"An et al. (2025), Nature Communications 16, 2311, Supplementary Note 3 and Supplementary Table 2; doi:10.1038/s41467-025-57559-2",54.096,423.57168,PROPOSED_NOT_APPLIED,v2_deep_integrated_review
62,Gansu,甘肃,2060,gchp,gas,56.000336,6.31,353.36212016,True,True,published provincial values converted at 2025 FX and held constant through 2060; sensitivity trajectories not yet applied,"An et al. (2025), Nature Communications 16, 2311, Supplementary Note 3 and Supplementary Table 2; doi:10.1038/s41467-025-57559-2",54.096,341.34576,PROPOSED_NOT_APPLIED,v2_deep_integrated_review
62,Gansu,甘肃,2060,gchpccs,gas,56.000336,7.83,438.48263088,True,True,published provincial values converted at 2025 FX and held constant through 2060; sensitivity trajectories not yet applied,"An et al. (2025), Nature Communications 16, 2311, Supplementary Note 3 and Supplementary Table 2; doi:10.1038/s41467-025-57559-2",54.096,423.57168,PROPOSED_NOT_APPLIED,v2_deep_integrated_review
62,Gansu,甘肃,2060,bio,biomass,32.214479,9.0,289.930311,True,True,published provincial values converted at 2025 FX and held constant through 2060; sensitivity trajectories not yet applied,"An et al. (2025), Nature Communications 16, 2311, Supplementary Note 3 and Supplementary Table 2; doi:10.1038/s41467-025-57559-2",31.119,280.071,PROPOSED_NOT_APPLIED,v2_deep_integrated_review
62,Gansu,甘肃,2060,bioccs,biomass,32.214479,10.3,331.8091337,True,True,published provincial values converted at 2025 FX and held constant through 2060; sensitivity trajectories not yet applied,"An et al. (2025), Nature Communications 16, 2311, Supplementary Note 3 and Supplementary Table 2; doi:10.1038/s41467-025-57559-2",31.119,320.52570000000003,PROPOSED_NOT_APPLIED,v2_deep_integrated_review
63,Qinghai,青海,2025,coal,coal,34.643065,9.0,311.787585,True,False,published provincial values converted at 2025 FX and held constant through 2060; sensitivity trajectories not yet applied,"An et al. (2025), Nature Communications 16, 2311, Supplementary Note 3 and Supplementary Table 2; doi:10.1038/s41467-025-57559-2",33.465,301.18499999999995,PROPOSED_NOT_APPLIED,v2_deep_integrated_review
63,Qinghai,青海,2025,coalccs,coal,34.643065,11.25,389.73448125,True,False,published provincial values converted at 2025 FX and held constant through 2060; sensitivity trajectories not yet applied,"An et al. (2025), Nature Communications 16, 2311, Supplementary Note 3 and Supplementary Table 2; doi:10.1038/s41467-025-57559-2",33.465,376.48124999999993,PROPOSED_NOT_APPLIED,v2_deep_integrated_review
63,Qinghai,青海,2025,cchp,coal,34.643065,9.47,328.06982555,True,False,published provincial values converted at 2025 FX and held constant through 2060; sensitivity trajectories not yet applied,"An et al. (2025), Nature Communications 16, 2311, Supplementary Note 3 and Supplementary Table 2; doi:10.1038/s41467-025-57559-2",33.465,316.91355,PROPOSED_NOT_APPLIED,v2_deep_integrated_review
63,Qinghai,青海,2025,cchpccs,coal,34.643065,11.25,389.73448125,True,False,published provincial values converted at 2025 FX and held constant through 2060; sensitivity trajectories not yet applied,"An et al. (2025), Nature Communications 16, 2311, Supplementary Note 3 and Supplementary Table 2; doi:10.1038/s41467-025-57559-2",33.465,376.48124999999993,PROPOSED_NOT_APPLIED,v2_deep_integrated_review
63,Qinghai,青海,2025,gas,gas,58.143206000000006,6.31,366.88362986,True,False,published provincial values converted at 2025 FX and held constant through 2060; sensitivity trajectories not yet applied,"An et al. (2025), Nature Communications 16, 2311, Supplementary Note 3 and Supplementary Table 2; doi:10.1038/s41467-025-57559-2",56.166,354.40746,PROPOSED_NOT_APPLIED,v2_deep_integrated_review
63,Qinghai,青海,2025,gasccs,gas,58.143206000000006,7.83,455.26130298,True,False,published provincial values converted at 2025 FX and held constant through 2060; sensitivity trajectories not yet applied,"An et al. (2025), Nature Communications 16, 2311, Supplementary Note 3 and Supplementary Table 2; doi:10.1038/s41467-025-57559-2",56.166,439.77978,PROPOSED_NOT_APPLIED,v2_deep_integrated_review
63,Qinghai,青海,2025,gchp,gas,58.143206000000006,6.31,366.88362986,True,False,published provincial values converted at 2025 FX and held constant through 2060; sensitivity trajectories not yet applied,"An et al. (2025), Nature Communications 16, 2311, Supplementary Note 3 and Supplementary Table 2; doi:10.1038/s41467-025-57559-2",56.166,354.40746,PROPOSED_NOT_APPLIED,v2_deep_integrated_review
63,Qinghai,青海,2025,gchpccs,gas,58.143206000000006,7.83,455.26130298,True,False,published provincial values converted at 2025 FX and held constant through 2060; sensitivity trajectories not yet applied,"An et al. (2025), Nature Communications 16, 2311, Supplementary Note 3 and Supplementary Table 2; doi:10.1038/s41467-025-57559-2",56.166,439.77978,PROPOSED_NOT_APPLIED,v2_deep_integrated_review
63,Qinghai,青海,2025,bio,biomass,33.285914,9.0,299.573226,True,False,published provincial values converted at 2025 FX and held constant through 2060; sensitivity trajectories not yet applied,"An et al. (2025), Nature Communications 16, 2311, Supplementary Note 3 and Supplementary Table 2; doi:10.1038/s41467-025-57559-2",32.154,289.386,PROPOSED_NOT_APPLIED,v2_deep_integrated_review
63,Qinghai,青海,2025,bioccs,biomass,33.285914,10.3,342.8449142,True,False,published provincial values converted at 2025 FX and held constant through 2060; sensitivity trajectories not yet applied,"An et al. (2025), Nature Communications 16, 2311, Supplementary Note 3 and Supplementary Table 2; doi:10.1038/s41467-025-57559-2",32.154,331.18620000000004,PROPOSED_NOT_APPLIED,v2_deep_integrated_review
63,Qinghai,青海,2030,coal,coal,34.643065,9.0,311.787585,True,True,published provincial values converted at 2025 FX and held constant through 2060; sensitivity trajectories not yet applied,"An et al. (2025), Nature Communications 16, 2311, Supplementary Note 3 and Supplementary Table 2; doi:10.1038/s41467-025-57559-2",33.465,301.18499999999995,PROPOSED_NOT_APPLIED,v2_deep_integrated_review
63,Qinghai,青海,2030,coalccs,coal,34.643065,11.25,389.73448125,True,True,published provincial values converted at 2025 FX and held constant through 2060; sensitivity trajectories not yet applied,"An et al. (2025), Nature Communications 16, 2311, Supplementary Note 3 and Supplementary Table 2; doi:10.1038/s41467-025-57559-2",33.465,376.48124999999993,PROPOSED_NOT_APPLIED,v2_deep_integrated_review
63,Qinghai,青海,2030,cchp,coal,34.643065,9.47,328.06982555,True,True,published provincial values converted at 2025 FX and held constant through 2060; sensitivity trajectories not yet applied,"An et al. (2025), Nature Communications 16, 2311, Supplementary Note 3 and Supplementary Table 2; doi:10.1038/s41467-025-57559-2",33.465,316.91355,PROPOSED_NOT_APPLIED,v2_deep_integrated_review
63,Qinghai,青海,2030,cchpccs,coal,34.643065,11.25,389.73448125,True,True,published provincial values converted at 2025 FX and held constant through 2060; sensitivity trajectories not yet applied,"An et al. (2025), Nature Communications 16, 2311, Supplementary Note 3 and Supplementary Table 2; doi:10.1038/s41467-025-57559-2",33.465,376.48124999999993,PROPOSED_NOT_APPLIED,v2_deep_integrated_review
63,Qinghai,青海,2030,gas,gas,58.143206000000006,6.31,366.88362986,True,True,published provincial values converted at 2025 FX and held constant through 2060; sensitivity trajectories not yet applied,"An et al. (2025), Nature Communications 16, 2311, Supplementary Note 3 and Supplementary Table 2; doi:10.1038/s41467-025-57559-2",56.166,354.40746,PROPOSED_NOT_APPLIED,v2_deep_integrated_review
63,Qinghai,青海,2030,gasccs,gas,58.143206000000006,7.83,455.26130298,True,True,published provincial values converted at 2025 FX and held constant through 2060; sensitivity trajectories not yet applied,"An et al. (2025), Nature Communications 16, 2311, Supplementary Note 3 and Supplementary Table 2; doi:10.1038/s41467-025-57559-2",56.166,439.77978,PROPOSED_NOT_APPLIED,v2_deep_integrated_review
63,Qinghai,青海,2030,gchp,gas,58.143206000000006,6.31,366.88362986,True,True,published provincial values converted at 2025 FX and held constant through 2060; sensitivity trajectories not yet applied,"An et al. (2025), Nature Communications 16, 2311, Supplementary Note 3 and Supplementary Table 2; doi:10.1038/s41467-025-57559-2",56.166,354.40746,PROPOSED_NOT_APPLIED,v2_deep_integrated_review
63,Qinghai,青海,2030,gchpccs,gas,58.143206000000006,7.83,455.26130298,True,True,published provincial values converted at 2025 FX and held constant through 2060; sensitivity trajectories not yet applied,"An et al. (2025), Nature Communications 16, 2311, Supplementary Note 3 and Supplementary Table 2; doi:10.1038/s41467-025-57559-2",56.166,439.77978,PROPOSED_NOT_APPLIED,v2_deep_integrated_review
63,Qinghai,青海,2030,bio,biomass,33.285914,9.0,299.573226,True,True,published provincial values converted at 2025 FX and held constant through 2060; sensitivity trajectories not yet applied,"An et al. (2025), Nature Communications 16, 2311, Supplementary Note 3 and Supplementary Table 2; doi:10.1038/s41467-025-57559-2",32.154,289.386,PROPOSED_NOT_APPLIED,v2_deep_integrated_review
63,Qinghai,青海,2030,bioccs,biomass,33.285914,10.3,342.8449142,True,True,published provincial values converted at 2025 FX and held constant through 2060; sensitivity trajectories not yet applied,"An et al. (2025), Nature Communications 16, 2311, Supplementary Note 3 and Supplementary Table 2; doi:10.1038/s41467-025-57559-2",32.154,331.18620000000004,PROPOSED_NOT_APPLIED,v2_deep_integrated_review
63,Qinghai,青海,2040,coal,coal,34.643065,9.0,311.787585,True,True,published provincial values converted at 2025 FX and held constant through 2060; sensitivity trajectories not yet applied,"An et al. (2025), Nature Communications 16, 2311, Supplementary Note 3 and Supplementary Table 2; doi:10.1038/s41467-025-57559-2",33.465,301.18499999999995,PROPOSED_NOT_APPLIED,v2_deep_integrated_review
63,Qinghai,青海,2040,coalccs,coal,34.643065,11.25,389.73448125,True,True,published provincial values converted at 2025 FX and held constant through 2060; sensitivity trajectories not yet applied,"An et al. (2025), Nature Communications 16, 2311, Supplementary Note 3 and Supplementary Table 2; doi:10.1038/s41467-025-57559-2",33.465,376.48124999999993,PROPOSED_NOT_APPLIED,v2_deep_integrated_review
63,Qinghai,青海,2040,cchp,coal,34.643065,9.47,328.06982555,True,True,published provincial values converted at 2025 FX and held constant through 2060; sensitivity trajectories not yet applied,"An et al. (2025), Nature Communications 16, 2311, Supplementary Note 3 and Supplementary Table 2; doi:10.1038/s41467-025-57559-2",33.465,316.91355,PROPOSED_NOT_APPLIED,v2_deep_integrated_review
63,Qinghai,青海,2040,cchpccs,coal,34.643065,11.25,389.73448125,True,True,published provincial values converted at 2025 FX and held constant through 2060; sensitivity trajectories not yet applied,"An et al. (2025), Nature Communications 16, 2311, Supplementary Note 3 and Supplementary Table 2; doi:10.1038/s41467-025-57559-2",33.465,376.48124999999993,PROPOSED_NOT_APPLIED,v2_deep_integrated_review
63,Qinghai,青海,2040,gas,gas,58.143206000000006,6.31,366.88362986,True,True,published provincial values converted at 2025 FX and held constant through 2060; sensitivity trajectories not yet applied,"An et al. (2025), Nature Communications 16, 2311, Supplementary Note 3 and Supplementary Table 2; doi:10.1038/s41467-025-57559-2",56.166,354.40746,PROPOSED_NOT_APPLIED,v2_deep_integrated_review
63,Qinghai,青海,2040,gasccs,gas,58.143206000000006,7.83,455.26130298,True,True,published provincial values converted at 2025 FX and held constant through 2060; sensitivity trajectories not yet applied,"An et al. (2025), Nature Communications 16, 2311, Supplementary Note 3 and Supplementary Table 2; doi:10.1038/s41467-025-57559-2",56.166,439.77978,PROPOSED_NOT_APPLIED,v2_deep_integrated_review
63,Qinghai,青海,2040,gchp,gas,58.143206000000006,6.31,366.88362986,True,True,published provincial values converted at 2025 FX and held constant through 2060; sensitivity trajectories not yet applied,"An et al. (2025), Nature Communications 16, 2311, Supplementary Note 3 and Supplementary Table 2; doi:10.1038/s41467-025-57559-2",56.166,354.40746,PROPOSED_NOT_APPLIED,v2_deep_integrated_review
63,Qinghai,青海,2040,gchpccs,gas,58.143206000000006,7.83,455.26130298,True,True,published provincial values converted at 2025 FX and held constant through 2060; sensitivity trajectories not yet applied,"An et al. (2025), Nature Communications 16, 2311, Supplementary Note 3 and Supplementary Table 2; doi:10.1038/s41467-025-57559-2",56.166,439.77978,PROPOSED_NOT_APPLIED,v2_deep_integrated_review
63,Qinghai,青海,2040,bio,biomass,33.285914,9.0,299.573226,True,True,published provincial values converted at 2025 FX and held constant through 2060; sensitivity trajectories not yet applied,"An et al. (2025), Nature Communications 16, 2311, Supplementary Note 3 and Supplementary Table 2; doi:10.1038/s41467-025-57559-2",32.154,289.386,PROPOSED_NOT_APPLIED,v2_deep_integrated_review
63,Qinghai,青海,2040,bioccs,biomass,33.285914,10.3,342.8449142,True,True,published provincial values converted at 2025 FX and held constant through 2060; sensitivity trajectories not yet applied,"An et al. (2025), Nature Communications 16, 2311, Supplementary Note 3 and Supplementary Table 2; doi:10.1038/s41467-025-57559-2",32.154,331.18620000000004,PROPOSED_NOT_APPLIED,v2_deep_integrated_review
63,Qinghai,青海,2050,coal,coal,34.643065,9.0,311.787585,True,True,published provincial values converted at 2025 FX and held constant through 2060; sensitivity trajectories not yet applied,"An et al. (2025), Nature Communications 16, 2311, Supplementary Note 3 and Supplementary Table 2; doi:10.1038/s41467-025-57559-2",33.465,301.18499999999995,PROPOSED_NOT_APPLIED,v2_deep_integrated_review
63,Qinghai,青海,2050,coalccs,coal,34.643065,11.25,389.73448125,True,True,published provincial values converted at 2025 FX and held constant through 2060; sensitivity trajectories not yet applied,"An et al. (2025), Nature Communications 16, 2311, Supplementary Note 3 and Supplementary Table 2; doi:10.1038/s41467-025-57559-2",33.465,376.48124999999993,PROPOSED_NOT_APPLIED,v2_deep_integrated_review
63,Qinghai,青海,2050,cchp,coal,34.643065,9.47,328.06982555,True,True,published provincial values converted at 2025 FX and held constant through 2060; sensitivity trajectories not yet applied,"An et al. (2025), Nature Communications 16, 2311, Supplementary Note 3 and Supplementary Table 2; doi:10.1038/s41467-025-57559-2",33.465,316.91355,PROPOSED_NOT_APPLIED,v2_deep_integrated_review
63,Qinghai,青海,2050,cchpccs,coal,34.643065,11.25,389.73448125,True,True,published provincial values converted at 2025 FX and held constant through 2060; sensitivity trajectories not yet applied,"An et al. (2025), Nature Communications 16, 2311, Supplementary Note 3 and Supplementary Table 2; doi:10.1038/s41467-025-57559-2",33.465,376.48124999999993,PROPOSED_NOT_APPLIED,v2_deep_integrated_review
63,Qinghai,青海,2050,gas,gas,58.143206000000006,6.31,366.88362986,True,True,published provincial values converted at 2025 FX and held constant through 2060; sensitivity trajectories not yet applied,"An et al. (2025), Nature Communications 16, 2311, Supplementary Note 3 and Supplementary Table 2; doi:10.1038/s41467-025-57559-2",56.166,354.40746,PROPOSED_NOT_APPLIED,v2_deep_integrated_review
63,Qinghai,青海,2050,gasccs,gas,58.143206000000006,7.83,455.26130298,True,True,published provincial values converted at 2025 FX and held constant through 2060; sensitivity trajectories not yet applied,"An et al. (2025), Nature Communications 16, 2311, Supplementary Note 3 and Supplementary Table 2; doi:10.1038/s41467-025-57559-2",56.166,439.77978,PROPOSED_NOT_APPLIED,v2_deep_integrated_review
63,Qinghai,青海,2050,gchp,gas,58.143206000000006,6.31,366.88362986,True,True,published provincial values converted at 2025 FX and held constant through 2060; sensitivity trajectories not yet applied,"An et al. (2025), Nature Communications 16, 2311, Supplementary Note 3 and Supplementary Table 2; doi:10.1038/s41467-025-57559-2",56.166,354.40746,PROPOSED_NOT_APPLIED,v2_deep_integrated_review
63,Qinghai,青海,2050,gchpccs,gas,58.143206000000006,7.83,455.26130298,True,True,published provincial values converted at 2025 FX and held constant through 2060; sensitivity trajectories not yet applied,"An et al. (2025), Nature Communications 16, 2311, Supplementary Note 3 and Supplementary Table 2; doi:10.1038/s41467-025-57559-2",56.166,439.77978,PROPOSED_NOT_APPLIED,v2_deep_integrated_review
63,Qinghai,青海,2050,bio,biomass,33.285914,9.0,299.573226,True,True,published provincial values converted at 2025 FX and held constant through 2060; sensitivity trajectories not yet applied,"An et al. (2025), Nature Communications 16, 2311, Supplementary Note 3 and Supplementary Table 2; doi:10.1038/s41467-025-57559-2",32.154,289.386,PROPOSED_NOT_APPLIED,v2_deep_integrated_review
63,Qinghai,青海,2050,bioccs,biomass,33.285914,10.3,342.8449142,True,True,published provincial values converted at 2025 FX and held constant through 2060; sensitivity trajectories not yet applied,"An et al. (2025), Nature Communications 16, 2311, Supplementary Note 3 and Supplementary Table 2; doi:10.1038/s41467-025-57559-2",32.154,331.18620000000004,PROPOSED_NOT_APPLIED,v2_deep_integrated_review
63,Qinghai,青海,2060,coal,coal,34.643065,9.0,311.787585,True,True,published provincial values converted at 2025 FX and held constant through 2060; sensitivity trajectories not yet applied,"An et al. (2025), Nature Communications 16, 2311, Supplementary Note 3 and Supplementary Table 2; doi:10.1038/s41467-025-57559-2",33.465,301.18499999999995,PROPOSED_NOT_APPLIED,v2_deep_integrated_review
63,Qinghai,青海,2060,coalccs,coal,34.643065,11.25,389.73448125,True,True,published provincial values converted at 2025 FX and held constant through 2060; sensitivity trajectories not yet applied,"An et al. (2025), Nature Communications 16, 2311, Supplementary Note 3 and Supplementary Table 2; doi:10.1038/s41467-025-57559-2",33.465,376.48124999999993,PROPOSED_NOT_APPLIED,v2_deep_integrated_review
63,Qinghai,青海,2060,cchp,coal,34.643065,9.47,328.06982555,True,True,published provincial values converted at 2025 FX and held constant through 2060; sensitivity trajectories not yet applied,"An et al. (2025), Nature Communications 16, 2311, Supplementary Note 3 and Supplementary Table 2; doi:10.1038/s41467-025-57559-2",33.465,316.91355,PROPOSED_NOT_APPLIED,v2_deep_integrated_review
63,Qinghai,青海,2060,cchpccs,coal,34.643065,11.25,389.73448125,True,True,published provincial values converted at 2025 FX and held constant through 2060; sensitivity trajectories not yet applied,"An et al. (2025), Nature Communications 16, 2311, Supplementary Note 3 and Supplementary Table 2; doi:10.1038/s41467-025-57559-2",33.465,376.48124999999993,PROPOSED_NOT_APPLIED,v2_deep_integrated_review
63,Qinghai,青海,2060,gas,gas,58.143206000000006,6.31,366.88362986,True,True,published provincial values converted at 2025 FX and held constant through 2060; sensitivity trajectories not yet applied,"An et al. (2025), Nature Communications 16, 2311, Supplementary Note 3 and Supplementary Table 2; doi:10.1038/s41467-025-57559-2",56.166,354.40746,PROPOSED_NOT_APPLIED,v2_deep_integrated_review
63,Qinghai,青海,2060,gasccs,gas,58.143206000000006,7.83,455.26130298,True,True,published provincial values converted at 2025 FX and held constant through 2060; sensitivity trajectories not yet applied,"An et al. (2025), Nature Communications 16, 2311, Supplementary Note 3 and Supplementary Table 2; doi:10.1038/s41467-025-57559-2",56.166,439.77978,PROPOSED_NOT_APPLIED,v2_deep_integrated_review
63,Qinghai,青海,2060,gchp,gas,58.143206000000006,6.31,366.88362986,True,True,published provincial values converted at 2025 FX and held constant through 2060; sensitivity trajectories not yet applied,"An et al. (2025), Nature Communications 16, 2311, Supplementary Note 3 and Supplementary Table 2; doi:10.1038/s41467-025-57559-2",56.166,354.40746,PROPOSED_NOT_APPLIED,v2_deep_integrated_review
63,Qinghai,青海,2060,gchpccs,gas,58.143206000000006,7.83,455.26130298,True,True,published provincial values converted at 2025 FX and held constant through 2060; sensitivity trajectories not yet applied,"An et al. (2025), Nature Communications 16, 2311, Supplementary Note 3 and Supplementary Table 2; doi:10.1038/s41467-025-57559-2",56.166,439.77978,PROPOSED_NOT_APPLIED,v2_deep_integrated_review
63,Qinghai,青海,2060,bio,biomass,33.285914,9.0,299.573226,True,True,published provincial values converted at 2025 FX and held constant through 2060; sensitivity trajectories not yet applied,"An et al. (2025), Nature Communications 16, 2311, Supplementary Note 3 and Supplementary Table 2; doi:10.1038/s41467-025-57559-2",32.154,289.386,PROPOSED_NOT_APPLIED,v2_deep_integrated_review
63,Qinghai,青海,2060,bioccs,biomass,33.285914,10.3,342.8449142,True,True,published provincial values converted at 2025 FX and held constant through 2060; sensitivity trajectories not yet applied,"An et al. (2025), Nature Communications 16, 2311, Supplementary Note 3 and Supplementary Table 2; doi:10.1038/s41467-025-57559-2",32.154,331.18620000000004,PROPOSED_NOT_APPLIED,v2_deep_integrated_review
64,Ningxia,宁夏,2025,coal,coal,28.000168,9.0,252.001512,True,False,published provincial values converted at 2025 FX and held constant through 2060; sensitivity trajectories not yet applied,"An et al. (2025), Nature Communications 16, 2311, Supplementary Note 3 and Supplementary Table 2; doi:10.1038/s41467-025-57559-2",27.048,243.432,PROPOSED_NOT_APPLIED,v2_deep_integrated_review
64,Ningxia,宁夏,2025,coalccs,coal,28.000168,11.25,315.00189,True,False,published provincial values converted at 2025 FX and held constant through 2060; sensitivity trajectories not yet applied,"An et al. (2025), Nature Communications 16, 2311, Supplementary Note 3 and Supplementary Table 2; doi:10.1038/s41467-025-57559-2",27.048,304.29,PROPOSED_NOT_APPLIED,v2_deep_integrated_review
64,Ningxia,宁夏,2025,cchp,coal,28.000168,9.47,265.16159096,True,False,published provincial values converted at 2025 FX and held constant through 2060; sensitivity trajectories not yet applied,"An et al. (2025), Nature Communications 16, 2311, Supplementary Note 3 and Supplementary Table 2; doi:10.1038/s41467-025-57559-2",27.048,256.14456,PROPOSED_NOT_APPLIED,v2_deep_integrated_review
64,Ningxia,宁夏,2025,cchpccs,coal,28.000168,11.25,315.00189,True,False,published provincial values converted at 2025 FX and held constant through 2060; sensitivity trajectories not yet applied,"An et al. (2025), Nature Communications 16, 2311, Supplementary Note 3 and Supplementary Table 2; doi:10.1038/s41467-025-57559-2",27.048,304.29,PROPOSED_NOT_APPLIED,v2_deep_integrated_review
64,Ningxia,宁夏,2025,gas,gas,51.786025,6.31,326.76981775,True,False,published provincial values converted at 2025 FX and held constant through 2060; sensitivity trajectories not yet applied,"An et al. (2025), Nature Communications 16, 2311, Supplementary Note 3 and Supplementary Table 2; doi:10.1038/s41467-025-57559-2",50.025000000000006,315.65775,PROPOSED_NOT_APPLIED,v2_deep_integrated_review
64,Ningxia,宁夏,2025,gasccs,gas,51.786025,7.83,405.48457575,True,False,published provincial values converted at 2025 FX and held constant through 2060; sensitivity trajectories not yet applied,"An et al. (2025), Nature Communications 16, 2311, Supplementary Note 3 and Supplementary Table 2; doi:10.1038/s41467-025-57559-2",50.025000000000006,391.69575,PROPOSED_NOT_APPLIED,v2_deep_integrated_review
64,Ningxia,宁夏,2025,gchp,gas,51.786025,6.31,326.76981775,True,False,published provincial values converted at 2025 FX and held constant through 2060; sensitivity trajectories not yet applied,"An et al. (2025), Nature Communications 16, 2311, Supplementary Note 3 and Supplementary Table 2; doi:10.1038/s41467-025-57559-2",50.025000000000006,315.65775,PROPOSED_NOT_APPLIED,v2_deep_integrated_review
64,Ningxia,宁夏,2025,gchpccs,gas,51.786025,7.83,405.48457575,True,False,published provincial values converted at 2025 FX and held constant through 2060; sensitivity trajectories not yet applied,"An et al. (2025), Nature Communications 16, 2311, Supplementary Note 3 and Supplementary Table 2; doi:10.1038/s41467-025-57559-2",50.025000000000006,391.69575,PROPOSED_NOT_APPLIED,v2_deep_integrated_review
64,Ningxia,宁夏,2025,bio,biomass,32.643053,9.0,293.787477,True,False,published provincial values converted at 2025 FX and held constant through 2060; sensitivity trajectories not yet applied,"An et al. (2025), Nature Communications 16, 2311, Supplementary Note 3 and Supplementary Table 2; doi:10.1038/s41467-025-57559-2",31.533000000000005,283.797,PROPOSED_NOT_APPLIED,v2_deep_integrated_review
64,Ningxia,宁夏,2025,bioccs,biomass,32.643053,10.3,336.22344590000006,True,False,published provincial values converted at 2025 FX and held constant through 2060; sensitivity trajectories not yet applied,"An et al. (2025), Nature Communications 16, 2311, Supplementary Note 3 and Supplementary Table 2; doi:10.1038/s41467-025-57559-2",31.533000000000005,324.78990000000005,PROPOSED_NOT_APPLIED,v2_deep_integrated_review
64,Ningxia,宁夏,2030,coal,coal,28.000168,9.0,252.001512,True,True,published provincial values converted at 2025 FX and held constant through 2060; sensitivity trajectories not yet applied,"An et al. (2025), Nature Communications 16, 2311, Supplementary Note 3 and Supplementary Table 2; doi:10.1038/s41467-025-57559-2",27.048,243.432,PROPOSED_NOT_APPLIED,v2_deep_integrated_review
64,Ningxia,宁夏,2030,coalccs,coal,28.000168,11.25,315.00189,True,True,published provincial values converted at 2025 FX and held constant through 2060; sensitivity trajectories not yet applied,"An et al. (2025), Nature Communications 16, 2311, Supplementary Note 3 and Supplementary Table 2; doi:10.1038/s41467-025-57559-2",27.048,304.29,PROPOSED_NOT_APPLIED,v2_deep_integrated_review
64,Ningxia,宁夏,2030,cchp,coal,28.000168,9.47,265.16159096,True,True,published provincial values converted at 2025 FX and held constant through 2060; sensitivity trajectories not yet applied,"An et al. (2025), Nature Communications 16, 2311, Supplementary Note 3 and Supplementary Table 2; doi:10.1038/s41467-025-57559-2",27.048,256.14456,PROPOSED_NOT_APPLIED,v2_deep_integrated_review
64,Ningxia,宁夏,2030,cchpccs,coal,28.000168,11.25,315.00189,True,True,published provincial values converted at 2025 FX and held constant through 2060; sensitivity trajectories not yet applied,"An et al. (2025), Nature Communications 16, 2311, Supplementary Note 3 and Supplementary Table 2; doi:10.1038/s41467-025-57559-2",27.048,304.29,PROPOSED_NOT_APPLIED,v2_deep_integrated_review
64,Ningxia,宁夏,2030,gas,gas,51.786025,6.31,326.76981775,True,True,published provincial values converted at 2025 FX and held constant through 2060; sensitivity trajectories not yet applied,"An et al. (2025), Nature Communications 16, 2311, Supplementary Note 3 and Supplementary Table 2; doi:10.1038/s41467-025-57559-2",50.025000000000006,315.65775,PROPOSED_NOT_APPLIED,v2_deep_integrated_review
64,Ningxia,宁夏,2030,gasccs,gas,51.786025,7.83,405.48457575,True,True,published provincial values converted at 2025 FX and held constant through 2060; sensitivity trajectories not yet applied,"An et al. (2025), Nature Communications 16, 2311, Supplementary Note 3 and Supplementary Table 2; doi:10.1038/s41467-025-57559-2",50.025000000000006,391.69575,PROPOSED_NOT_APPLIED,v2_deep_integrated_review
64,Ningxia,宁夏,2030,gchp,gas,51.786025,6.31,326.76981775,True,True,published provincial values converted at 2025 FX and held constant through 2060; sensitivity trajectories not yet applied,"An et al. (2025), Nature Communications 16, 2311, Supplementary Note 3 and Supplementary Table 2; doi:10.1038/s41467-025-57559-2",50.025000000000006,315.65775,PROPOSED_NOT_APPLIED,v2_deep_integrated_review
64,Ningxia,宁夏,2030,gchpccs,gas,51.786025,7.83,405.48457575,True,True,published provincial values converted at 2025 FX and held constant through 2060; sensitivity trajectories not yet applied,"An et al. (2025), Nature Communications 16, 2311, Supplementary Note 3 and Supplementary Table 2; doi:10.1038/s41467-025-57559-2",50.025000000000006,391.69575,PROPOSED_NOT_APPLIED,v2_deep_integrated_review
64,Ningxia,宁夏,2030,bio,biomass,32.643053,9.0,293.787477,True,True,published provincial values converted at 2025 FX and held constant through 2060; sensitivity trajectories not yet applied,"An et al. (2025), Nature Communications 16, 2311, Supplementary Note 3 and Supplementary Table 2; doi:10.1038/s41467-025-57559-2",31.533000000000005,283.797,PROPOSED_NOT_APPLIED,v2_deep_integrated_review
64,Ningxia,宁夏,2030,bioccs,biomass,32.643053,10.3,336.22344590000006,True,True,published provincial values converted at 2025 FX and held constant through 2060; sensitivity trajectories not yet applied,"An et al. (2025), Nature Communications 16, 2311, Supplementary Note 3 and Supplementary Table 2; doi:10.1038/s41467-025-57559-2",31.533000000000005,324.78990000000005,PROPOSED_NOT_APPLIED,v2_deep_integrated_review
64,Ningxia,宁夏,2040,coal,coal,28.000168,9.0,252.001512,True,True,published provincial values converted at 2025 FX and held constant through 2060; sensitivity trajectories not yet applied,"An et al. (2025), Nature Communications 16, 2311, Supplementary Note 3 and Supplementary Table 2; doi:10.1038/s41467-025-57559-2",27.048,243.432,PROPOSED_NOT_APPLIED,v2_deep_integrated_review
64,Ningxia,宁夏,2040,coalccs,coal,28.000168,11.25,315.00189,True,True,published provincial values converted at 2025 FX and held constant through 2060; sensitivity trajectories not yet applied,"An et al. (2025), Nature Communications 16, 2311, Supplementary Note 3 and Supplementary Table 2; doi:10.1038/s41467-025-57559-2",27.048,304.29,PROPOSED_NOT_APPLIED,v2_deep_integrated_review
64,Ningxia,宁夏,2040,cchp,coal,28.000168,9.47,265.16159096,True,True,published provincial values converted at 2025 FX and held constant through 2060; sensitivity trajectories not yet applied,"An et al. (2025), Nature Communications 16, 2311, Supplementary Note 3 and Supplementary Table 2; doi:10.1038/s41467-025-57559-2",27.048,256.14456,PROPOSED_NOT_APPLIED,v2_deep_integrated_review
64,Ningxia,宁夏,2040,cchpccs,coal,28.000168,11.25,315.00189,True,True,published provincial values converted at 2025 FX and held constant through 2060; sensitivity trajectories not yet applied,"An et al. (2025), Nature Communications 16, 2311, Supplementary Note 3 and Supplementary Table 2; doi:10.1038/s41467-025-57559-2",27.048,304.29,PROPOSED_NOT_APPLIED,v2_deep_integrated_review
64,Ningxia,宁夏,2040,gas,gas,51.786025,6.31,326.76981775,True,True,published provincial values converted at 2025 FX and held constant through 2060; sensitivity trajectories not yet applied,"An et al. (2025), Nature Communications 16, 2311, Supplementary Note 3 and Supplementary Table 2; doi:10.1038/s41467-025-57559-2",50.025000000000006,315.65775,PROPOSED_NOT_APPLIED,v2_deep_integrated_review
64,Ningxia,宁夏,2040,gasccs,gas,51.786025,7.83,405.48457575,True,True,published provincial values converted at 2025 FX and held constant through 2060; sensitivity trajectories not yet applied,"An et al. (2025), Nature Communications 16, 2311, Supplementary Note 3 and Supplementary Table 2; doi:10.1038/s41467-025-57559-2",50.025000000000006,391.69575,PROPOSED_NOT_APPLIED,v2_deep_integrated_review
64,Ningxia,宁夏,2040,gchp,gas,51.786025,6.31,326.76981775,True,True,published provincial values converted at 2025 FX and held constant through 2060; sensitivity trajectories not yet applied,"An et al. (2025), Nature Communications 16, 2311, Supplementary Note 3 and Supplementary Table 2; doi:10.1038/s41467-025-57559-2",50.025000000000006,315.65775,PROPOSED_NOT_APPLIED,v2_deep_integrated_review
64,Ningxia,宁夏,2040,gchpccs,gas,51.786025,7.83,405.48457575,True,True,published provincial values converted at 2025 FX and held constant through 2060; sensitivity trajectories not yet applied,"An et al. (2025), Nature Communications 16, 2311, Supplementary Note 3 and Supplementary Table 2; doi:10.1038/s41467-025-57559-2",50.025000000000006,391.69575,PROPOSED_NOT_APPLIED,v2_deep_integrated_review
64,Ningxia,宁夏,2040,bio,biomass,32.643053,9.0,293.787477,True,True,published provincial values converted at 2025 FX and held constant through 2060; sensitivity trajectories not yet applied,"An et al. (2025), Nature Communications 16, 2311, Supplementary Note 3 and Supplementary Table 2; doi:10.1038/s41467-025-57559-2",31.533000000000005,283.797,PROPOSED_NOT_APPLIED,v2_deep_integrated_review
64,Ningxia,宁夏,2040,bioccs,biomass,32.643053,10.3,336.22344590000006,True,True,published provincial values converted at 2025 FX and held constant through 2060; sensitivity trajectories not yet applied,"An et al. (2025), Nature Communications 16, 2311, Supplementary Note 3 and Supplementary Table 2; doi:10.1038/s41467-025-57559-2",31.533000000000005,324.78990000000005,PROPOSED_NOT_APPLIED,v2_deep_integrated_review
64,Ningxia,宁夏,2050,coal,coal,28.000168,9.0,252.001512,True,True,published provincial values converted at 2025 FX and held constant through 2060; sensitivity trajectories not yet applied,"An et al. (2025), Nature Communications 16, 2311, Supplementary Note 3 and Supplementary Table 2; doi:10.1038/s41467-025-57559-2",27.048,243.432,PROPOSED_NOT_APPLIED,v2_deep_integrated_review
64,Ningxia,宁夏,2050,coalccs,coal,28.000168,11.25,315.00189,True,True,published provincial values converted at 2025 FX and held constant through 2060; sensitivity trajectories not yet applied,"An et al. (2025), Nature Communications 16, 2311, Supplementary Note 3 and Supplementary Table 2; doi:10.1038/s41467-025-57559-2",27.048,304.29,PROPOSED_NOT_APPLIED,v2_deep_integrated_review
64,Ningxia,宁夏,2050,cchp,coal,28.000168,9.47,265.16159096,True,True,published provincial values converted at 2025 FX and held constant through 2060; sensitivity trajectories not yet applied,"An et al. (2025), Nature Communications 16, 2311, Supplementary Note 3 and Supplementary Table 2; doi:10.1038/s41467-025-57559-2",27.048,256.14456,PROPOSED_NOT_APPLIED,v2_deep_integrated_review
64,Ningxia,宁夏,2050,cchpccs,coal,28.000168,11.25,315.00189,True,True,published provincial values converted at 2025 FX and held constant through 2060; sensitivity trajectories not yet applied,"An et al. (2025), Nature Communications 16, 2311, Supplementary Note 3 and Supplementary Table 2; doi:10.1038/s41467-025-57559-2",27.048,304.29,PROPOSED_NOT_APPLIED,v2_deep_integrated_review
64,Ningxia,宁夏,2050,gas,gas,51.786025,6.31,326.76981775,True,True,published provincial values converted at 2025 FX and held constant through 2060; sensitivity trajectories not yet applied,"An et al. (2025), Nature Communications 16, 2311, Supplementary Note 3 and Supplementary Table 2; doi:10.1038/s41467-025-57559-2",50.025000000000006,315.65775,PROPOSED_NOT_APPLIED,v2_deep_integrated_review
64,Ningxia,宁夏,2050,gasccs,gas,51.786025,7.83,405.48457575,True,True,published provincial values converted at 2025 FX and held constant through 2060; sensitivity trajectories not yet applied,"An et al. (2025), Nature Communications 16, 2311, Supplementary Note 3 and Supplementary Table 2; doi:10.1038/s41467-025-57559-2",50.025000000000006,391.69575,PROPOSED_NOT_APPLIED,v2_deep_integrated_review
64,Ningxia,宁夏,2050,gchp,gas,51.786025,6.31,326.76981775,True,True,published provincial values converted at 2025 FX and held constant through 2060; sensitivity trajectories not yet applied,"An et al. (2025), Nature Communications 16, 2311, Supplementary Note 3 and Supplementary Table 2; doi:10.1038/s41467-025-57559-2",50.025000000000006,315.65775,PROPOSED_NOT_APPLIED,v2_deep_integrated_review
64,Ningxia,宁夏,2050,gchpccs,gas,51.786025,7.83,405.48457575,True,True,published provincial values converted at 2025 FX and held constant through 2060; sensitivity trajectories not yet applied,"An et al. (2025), Nature Communications 16, 2311, Supplementary Note 3 and Supplementary Table 2; doi:10.1038/s41467-025-57559-2",50.025000000000006,391.69575,PROPOSED_NOT_APPLIED,v2_deep_integrated_review
64,Ningxia,宁夏,2050,bio,biomass,32.643053,9.0,293.787477,True,True,published provincial values converted at 2025 FX and held constant through 2060; sensitivity trajectories not yet applied,"An et al. (2025), Nature Communications 16, 2311, Supplementary Note 3 and Supplementary Table 2; doi:10.1038/s41467-025-57559-2",31.533000000000005,283.797,PROPOSED_NOT_APPLIED,v2_deep_integrated_review
64,Ningxia,宁夏,2050,bioccs,biomass,32.643053,10.3,336.22344590000006,True,True,published provincial values converted at 2025 FX and held constant through 2060; sensitivity trajectories not yet applied,"An et al. (2025), Nature Communications 16, 2311, Supplementary Note 3 and Supplementary Table 2; doi:10.1038/s41467-025-57559-2",31.533000000000005,324.78990000000005,PROPOSED_NOT_APPLIED,v2_deep_integrated_review
64,Ningxia,宁夏,2060,coal,coal,28.000168,9.0,252.001512,True,True,published provincial values converted at 2025 FX and held constant through 2060; sensitivity trajectories not yet applied,"An et al. (2025), Nature Communications 16, 2311, Supplementary Note 3 and Supplementary Table 2; doi:10.1038/s41467-025-57559-2",27.048,243.432,PROPOSED_NOT_APPLIED,v2_deep_integrated_review
64,Ningxia,宁夏,2060,coalccs,coal,28.000168,11.25,315.00189,True,True,published provincial values converted at 2025 FX and held constant through 2060; sensitivity trajectories not yet applied,"An et al. (2025), Nature Communications 16, 2311, Supplementary Note 3 and Supplementary Table 2; doi:10.1038/s41467-025-57559-2",27.048,304.29,PROPOSED_NOT_APPLIED,v2_deep_integrated_review
64,Ningxia,宁夏,2060,cchp,coal,28.000168,9.47,265.16159096,True,True,published provincial values converted at 2025 FX and held constant through 2060; sensitivity trajectories not yet applied,"An et al. (2025), Nature Communications 16, 2311, Supplementary Note 3 and Supplementary Table 2; doi:10.1038/s41467-025-57559-2",27.048,256.14456,PROPOSED_NOT_APPLIED,v2_deep_integrated_review
64,Ningxia,宁夏,2060,cchpccs,coal,28.000168,11.25,315.00189,True,True,published provincial values converted at 2025 FX and held constant through 2060; sensitivity trajectories not yet applied,"An et al. (2025), Nature Communications 16, 2311, Supplementary Note 3 and Supplementary Table 2; doi:10.1038/s41467-025-57559-2",27.048,304.29,PROPOSED_NOT_APPLIED,v2_deep_integrated_review
64,Ningxia,宁夏,2060,gas,gas,51.786025,6.31,326.76981775,True,True,published provincial values converted at 2025 FX and held constant through 2060; sensitivity trajectories not yet applied,"An et al. (2025), Nature Communications 16, 2311, Supplementary Note 3 and Supplementary Table 2; doi:10.1038/s41467-025-57559-2",50.025000000000006,315.65775,PROPOSED_NOT_APPLIED,v2_deep_integrated_review
64,Ningxia,宁夏,2060,gasccs,gas,51.786025,7.83,405.48457575,True,True,published provincial values converted at 2025 FX and held constant through 2060; sensitivity trajectories not yet applied,"An et al. (2025), Nature Communications 16, 2311, Supplementary Note 3 and Supplementary Table 2; doi:10.1038/s41467-025-57559-2",50.025000000000006,391.69575,PROPOSED_NOT_APPLIED,v2_deep_integrated_review
64,Ningxia,宁夏,2060,gchp,gas,51.786025,6.31,326.76981775,True,True,published provincial values converted at 2025 FX and held constant through 2060; sensitivity trajectories not yet applied,"An et al. (2025), Nature Communications 16, 2311, Supplementary Note 3 and Supplementary Table 2; doi:10.1038/s41467-025-57559-2",50.025000000000006,315.65775,PROPOSED_NOT_APPLIED,v2_deep_integrated_review
64,Ningxia,宁夏,2060,gchpccs,gas,51.786025,7.83,405.48457575,True,True,published provincial values converted at 2025 FX and held constant through 2060; sensitivity trajectories not yet applied,"An et al. (2025), Nature Communications 16, 2311, Supplementary Note 3 and Supplementary Table 2; doi:10.1038/s41467-025-57559-2",50.025000000000006,391.69575,PROPOSED_NOT_APPLIED,v2_deep_integrated_review
64,Ningxia,宁夏,2060,bio,biomass,32.643053,9.0,293.787477,True,True,published provincial values converted at 2025 FX and held constant through 2060; sensitivity trajectories not yet applied,"An et al. (2025), Nature Communications 16, 2311, Supplementary Note 3 and Supplementary Table 2; doi:10.1038/s41467-025-57559-2",31.533000000000005,283.797,PROPOSED_NOT_APPLIED,v2_deep_integrated_review
64,Ningxia,宁夏,2060,bioccs,biomass,32.643053,10.3,336.22344590000006,True,True,published provincial values converted at 2025 FX and held constant through 2060; sensitivity trajectories not yet applied,"An et al. (2025), Nature Communications 16, 2311, Supplementary Note 3 and Supplementary Table 2; doi:10.1038/s41467-025-57559-2",31.533000000000005,324.78990000000005,PROPOSED_NOT_APPLIED,v2_deep_integrated_review
65,Xinjiang,新疆,2025,coal,coal,17.14296,9.0,154.28663999999998,True,False,published provincial values converted at 2025 FX and held constant through 2060; sensitivity trajectories not yet applied,"An et al. (2025), Nature Communications 16, 2311, Supplementary Note 3 and Supplementary Table 2; doi:10.1038/s41467-025-57559-2",16.56,149.04,PROPOSED_NOT_APPLIED,v2_deep_integrated_review
65,Xinjiang,新疆,2025,coalccs,coal,17.14296,11.25,192.8583,True,False,published provincial values converted at 2025 FX and held constant through 2060; sensitivity trajectories not yet applied,"An et al. (2025), Nature Communications 16, 2311, Supplementary Note 3 and Supplementary Table 2; doi:10.1038/s41467-025-57559-2",16.56,186.3,PROPOSED_NOT_APPLIED,v2_deep_integrated_review
65,Xinjiang,新疆,2025,cchp,coal,17.14296,9.47,162.3438312,True,False,published provincial values converted at 2025 FX and held constant through 2060; sensitivity trajectories not yet applied,"An et al. (2025), Nature Communications 16, 2311, Supplementary Note 3 and Supplementary Table 2; doi:10.1038/s41467-025-57559-2",16.56,156.8232,PROPOSED_NOT_APPLIED,v2_deep_integrated_review
65,Xinjiang,新疆,2025,cchpccs,coal,17.14296,11.25,192.8583,True,False,published provincial values converted at 2025 FX and held constant through 2060; sensitivity trajectories not yet applied,"An et al. (2025), Nature Communications 16, 2311, Supplementary Note 3 and Supplementary Table 2; doi:10.1038/s41467-025-57559-2",16.56,186.3,PROPOSED_NOT_APPLIED,v2_deep_integrated_review
65,Xinjiang,新疆,2025,gas,gas,48.643149,6.31,306.93827019,True,False,published provincial values converted at 2025 FX and held constant through 2060; sensitivity trajectories not yet applied,"An et al. (2025), Nature Communications 16, 2311, Supplementary Note 3 and Supplementary Table 2; doi:10.1038/s41467-025-57559-2",46.989,296.50059,PROPOSED_NOT_APPLIED,v2_deep_integrated_review
65,Xinjiang,新疆,2025,gasccs,gas,48.643149,7.83,380.87585667,True,False,published provincial values converted at 2025 FX and held constant through 2060; sensitivity trajectories not yet applied,"An et al. (2025), Nature Communications 16, 2311, Supplementary Note 3 and Supplementary Table 2; doi:10.1038/s41467-025-57559-2",46.989,367.92387,PROPOSED_NOT_APPLIED,v2_deep_integrated_review
65,Xinjiang,新疆,2025,gchp,gas,48.643149,6.31,306.93827019,True,False,published provincial values converted at 2025 FX and held constant through 2060; sensitivity trajectories not yet applied,"An et al. (2025), Nature Communications 16, 2311, Supplementary Note 3 and Supplementary Table 2; doi:10.1038/s41467-025-57559-2",46.989,296.50059,PROPOSED_NOT_APPLIED,v2_deep_integrated_review
65,Xinjiang,新疆,2025,gchpccs,gas,48.643149,7.83,380.87585667,True,False,published provincial values converted at 2025 FX and held constant through 2060; sensitivity trajectories not yet applied,"An et al. (2025), Nature Communications 16, 2311, Supplementary Note 3 and Supplementary Table 2; doi:10.1038/s41467-025-57559-2",46.989,367.92387,PROPOSED_NOT_APPLIED,v2_deep_integrated_review
65,Xinjiang,新疆,2025,bio,biomass,35.357355,9.0,318.216195,True,False,published provincial values converted at 2025 FX and held constant through 2060; sensitivity trajectories not yet applied,"An et al. (2025), Nature Communications 16, 2311, Supplementary Note 3 and Supplementary Table 2; doi:10.1038/s41467-025-57559-2",34.155,307.395,PROPOSED_NOT_APPLIED,v2_deep_integrated_review
65,Xinjiang,新疆,2025,bioccs,biomass,35.357355,10.3,364.1807565,True,False,published provincial values converted at 2025 FX and held constant through 2060; sensitivity trajectories not yet applied,"An et al. (2025), Nature Communications 16, 2311, Supplementary Note 3 and Supplementary Table 2; doi:10.1038/s41467-025-57559-2",34.155,351.79650000000004,PROPOSED_NOT_APPLIED,v2_deep_integrated_review
65,Xinjiang,新疆,2030,coal,coal,17.14296,9.0,154.28663999999998,True,True,published provincial values converted at 2025 FX and held constant through 2060; sensitivity trajectories not yet applied,"An et al. (2025), Nature Communications 16, 2311, Supplementary Note 3 and Supplementary Table 2; doi:10.1038/s41467-025-57559-2",16.56,149.04,PROPOSED_NOT_APPLIED,v2_deep_integrated_review
65,Xinjiang,新疆,2030,coalccs,coal,17.14296,11.25,192.8583,True,True,published provincial values converted at 2025 FX and held constant through 2060; sensitivity trajectories not yet applied,"An et al. (2025), Nature Communications 16, 2311, Supplementary Note 3 and Supplementary Table 2; doi:10.1038/s41467-025-57559-2",16.56,186.3,PROPOSED_NOT_APPLIED,v2_deep_integrated_review
65,Xinjiang,新疆,2030,cchp,coal,17.14296,9.47,162.3438312,True,True,published provincial values converted at 2025 FX and held constant through 2060; sensitivity trajectories not yet applied,"An et al. (2025), Nature Communications 16, 2311, Supplementary Note 3 and Supplementary Table 2; doi:10.1038/s41467-025-57559-2",16.56,156.8232,PROPOSED_NOT_APPLIED,v2_deep_integrated_review
65,Xinjiang,新疆,2030,cchpccs,coal,17.14296,11.25,192.8583,True,True,published provincial values converted at 2025 FX and held constant through 2060; sensitivity trajectories not yet applied,"An et al. (2025), Nature Communications 16, 2311, Supplementary Note 3 and Supplementary Table 2; doi:10.1038/s41467-025-57559-2",16.56,186.3,PROPOSED_NOT_APPLIED,v2_deep_integrated_review
65,Xinjiang,新疆,2030,gas,gas,48.643149,6.31,306.93827019,True,True,published provincial values converted at 2025 FX and held constant through 2060; sensitivity trajectories not yet applied,"An et al. (2025), Nature Communications 16, 2311, Supplementary Note 3 and Supplementary Table 2; doi:10.1038/s41467-025-57559-2",46.989,296.50059,PROPOSED_NOT_APPLIED,v2_deep_integrated_review
65,Xinjiang,新疆,2030,gasccs,gas,48.643149,7.83,380.87585667,True,True,published provincial values converted at 2025 FX and held constant through 2060; sensitivity trajectories not yet applied,"An et al. (2025), Nature Communications 16, 2311, Supplementary Note 3 and Supplementary Table 2; doi:10.1038/s41467-025-57559-2",46.989,367.92387,PROPOSED_NOT_APPLIED,v2_deep_integrated_review
65,Xinjiang,新疆,2030,gchp,gas,48.643149,6.31,306.93827019,True,True,published provincial values converted at 2025 FX and held constant through 2060; sensitivity trajectories not yet applied,"An et al. (2025), Nature Communications 16, 2311, Supplementary Note 3 and Supplementary Table 2; doi:10.1038/s41467-025-57559-2",46.989,296.50059,PROPOSED_NOT_APPLIED,v2_deep_integrated_review
65,Xinjiang,新疆,2030,gchpccs,gas,48.643149,7.83,380.87585667,True,True,published provincial values converted at 2025 FX and held constant through 2060; sensitivity trajectories not yet applied,"An et al. (2025), Nature Communications 16, 2311, Supplementary Note 3 and Supplementary Table 2; doi:10.1038/s41467-025-57559-2",46.989,367.92387,PROPOSED_NOT_APPLIED,v2_deep_integrated_review
65,Xinjiang,新疆,2030,bio,biomass,35.357355,9.0,318.216195,True,True,published provincial values converted at 2025 FX and held constant through 2060; sensitivity trajectories not yet applied,"An et al. (2025), Nature Communications 16, 2311, Supplementary Note 3 and Supplementary Table 2; doi:10.1038/s41467-025-57559-2",34.155,307.395,PROPOSED_NOT_APPLIED,v2_deep_integrated_review
65,Xinjiang,新疆,2030,bioccs,biomass,35.357355,10.3,364.1807565,True,True,published provincial values converted at 2025 FX and held constant through 2060; sensitivity trajectories not yet applied,"An et al. (2025), Nature Communications 16, 2311, Supplementary Note 3 and Supplementary Table 2; doi:10.1038/s41467-025-57559-2",34.155,351.79650000000004,PROPOSED_NOT_APPLIED,v2_deep_integrated_review
65,Xinjiang,新疆,2040,coal,coal,17.14296,9.0,154.28663999999998,True,True,published provincial values converted at 2025 FX and held constant through 2060; sensitivity trajectories not yet applied,"An et al. (2025), Nature Communications 16, 2311, Supplementary Note 3 and Supplementary Table 2; doi:10.1038/s41467-025-57559-2",16.56,149.04,PROPOSED_NOT_APPLIED,v2_deep_integrated_review
65,Xinjiang,新疆,2040,coalccs,coal,17.14296,11.25,192.8583,True,True,published provincial values converted at 2025 FX and held constant through 2060; sensitivity trajectories not yet applied,"An et al. (2025), Nature Communications 16, 2311, Supplementary Note 3 and Supplementary Table 2; doi:10.1038/s41467-025-57559-2",16.56,186.3,PROPOSED_NOT_APPLIED,v2_deep_integrated_review
65,Xinjiang,新疆,2040,cchp,coal,17.14296,9.47,162.3438312,True,True,published provincial values converted at 2025 FX and held constant through 2060; sensitivity trajectories not yet applied,"An et al. (2025), Nature Communications 16, 2311, Supplementary Note 3 and Supplementary Table 2; doi:10.1038/s41467-025-57559-2",16.56,156.8232,PROPOSED_NOT_APPLIED,v2_deep_integrated_review
65,Xinjiang,新疆,2040,cchpccs,coal,17.14296,11.25,192.8583,True,True,published provincial values converted at 2025 FX and held constant through 2060; sensitivity trajectories not yet applied,"An et al. (2025), Nature Communications 16, 2311, Supplementary Note 3 and Supplementary Table 2; doi:10.1038/s41467-025-57559-2",16.56,186.3,PROPOSED_NOT_APPLIED,v2_deep_integrated_review
65,Xinjiang,新疆,2040,gas,gas,48.643149,6.31,306.93827019,True,True,published provincial values converted at 2025 FX and held constant through 2060; sensitivity trajectories not yet applied,"An et al. (2025), Nature Communications 16, 2311, Supplementary Note 3 and Supplementary Table 2; doi:10.1038/s41467-025-57559-2",46.989,296.50059,PROPOSED_NOT_APPLIED,v2_deep_integrated_review
65,Xinjiang,新疆,2040,gasccs,gas,48.643149,7.83,380.87585667,True,True,published provincial values converted at 2025 FX and held constant through 2060; sensitivity trajectories not yet applied,"An et al. (2025), Nature Communications 16, 2311, Supplementary Note 3 and Supplementary Table 2; doi:10.1038/s41467-025-57559-2",46.989,367.92387,PROPOSED_NOT_APPLIED,v2_deep_integrated_review
65,Xinjiang,新疆,2040,gchp,gas,48.643149,6.31,306.93827019,True,True,published provincial values converted at 2025 FX and held constant through 2060; sensitivity trajectories not yet applied,"An et al. (2025), Nature Communications 16, 2311, Supplementary Note 3 and Supplementary Table 2; doi:10.1038/s41467-025-57559-2",46.989,296.50059,PROPOSED_NOT_APPLIED,v2_deep_integrated_review
65,Xinjiang,新疆,2040,gchpccs,gas,48.643149,7.83,380.87585667,True,True,published provincial values converted at 2025 FX and held constant through 2060; sensitivity trajectories not yet applied,"An et al. (2025), Nature Communications 16, 2311, Supplementary Note 3 and Supplementary Table 2; doi:10.1038/s41467-025-57559-2",46.989,367.92387,PROPOSED_NOT_APPLIED,v2_deep_integrated_review
65,Xinjiang,新疆,2040,bio,biomass,35.357355,9.0,318.216195,True,True,published provincial values converted at 2025 FX and held constant through 2060; sensitivity trajectories not yet applied,"An et al. (2025), Nature Communications 16, 2311, Supplementary Note 3 and Supplementary Table 2; doi:10.1038/s41467-025-57559-2",34.155,307.395,PROPOSED_NOT_APPLIED,v2_deep_integrated_review
65,Xinjiang,新疆,2040,bioccs,biomass,35.357355,10.3,364.1807565,True,True,published provincial values converted at 2025 FX and held constant through 2060; sensitivity trajectories not yet applied,"An et al. (2025), Nature Communications 16, 2311, Supplementary Note 3 and Supplementary Table 2; doi:10.1038/s41467-025-57559-2",34.155,351.79650000000004,PROPOSED_NOT_APPLIED,v2_deep_integrated_review
65,Xinjiang,新疆,2050,coal,coal,17.14296,9.0,154.28663999999998,True,True,published provincial values converted at 2025 FX and held constant through 2060; sensitivity trajectories not yet applied,"An et al. (2025), Nature Communications 16, 2311, Supplementary Note 3 and Supplementary Table 2; doi:10.1038/s41467-025-57559-2",16.56,149.04,PROPOSED_NOT_APPLIED,v2_deep_integrated_review
65,Xinjiang,新疆,2050,coalccs,coal,17.14296,11.25,192.8583,True,True,published provincial values converted at 2025 FX and held constant through 2060; sensitivity trajectories not yet applied,"An et al. (2025), Nature Communications 16, 2311, Supplementary Note 3 and Supplementary Table 2; doi:10.1038/s41467-025-57559-2",16.56,186.3,PROPOSED_NOT_APPLIED,v2_deep_integrated_review
65,Xinjiang,新疆,2050,cchp,coal,17.14296,9.47,162.3438312,True,True,published provincial values converted at 2025 FX and held constant through 2060; sensitivity trajectories not yet applied,"An et al. (2025), Nature Communications 16, 2311, Supplementary Note 3 and Supplementary Table 2; doi:10.1038/s41467-025-57559-2",16.56,156.8232,PROPOSED_NOT_APPLIED,v2_deep_integrated_review
65,Xinjiang,新疆,2050,cchpccs,coal,17.14296,11.25,192.8583,True,True,published provincial values converted at 2025 FX and held constant through 2060; sensitivity trajectories not yet applied,"An et al. (2025), Nature Communications 16, 2311, Supplementary Note 3 and Supplementary Table 2; doi:10.1038/s41467-025-57559-2",16.56,186.3,PROPOSED_NOT_APPLIED,v2_deep_integrated_review
65,Xinjiang,新疆,2050,gas,gas,48.643149,6.31,306.93827019,True,True,published provincial values converted at 2025 FX and held constant through 2060; sensitivity trajectories not yet applied,"An et al. (2025), Nature Communications 16, 2311, Supplementary Note 3 and Supplementary Table 2; doi:10.1038/s41467-025-57559-2",46.989,296.50059,PROPOSED_NOT_APPLIED,v2_deep_integrated_review
65,Xinjiang,新疆,2050,gasccs,gas,48.643149,7.83,380.87585667,True,True,published provincial values converted at 2025 FX and held constant through 2060; sensitivity trajectories not yet applied,"An et al. (2025), Nature Communications 16, 2311, Supplementary Note 3 and Supplementary Table 2; doi:10.1038/s41467-025-57559-2",46.989,367.92387,PROPOSED_NOT_APPLIED,v2_deep_integrated_review
65,Xinjiang,新疆,2050,gchp,gas,48.643149,6.31,306.93827019,True,True,published provincial values converted at 2025 FX and held constant through 2060; sensitivity trajectories not yet applied,"An et al. (2025), Nature Communications 16, 2311, Supplementary Note 3 and Supplementary Table 2; doi:10.1038/s41467-025-57559-2",46.989,296.50059,PROPOSED_NOT_APPLIED,v2_deep_integrated_review
65,Xinjiang,新疆,2050,gchpccs,gas,48.643149,7.83,380.87585667,True,True,published provincial values converted at 2025 FX and held constant through 2060; sensitivity trajectories not yet applied,"An et al. (2025), Nature Communications 16, 2311, Supplementary Note 3 and Supplementary Table 2; doi:10.1038/s41467-025-57559-2",46.989,367.92387,PROPOSED_NOT_APPLIED,v2_deep_integrated_review
65,Xinjiang,新疆,2050,bio,biomass,35.357355,9.0,318.216195,True,True,published provincial values converted at 2025 FX and held constant through 2060; sensitivity trajectories not yet applied,"An et al. (2025), Nature Communications 16, 2311, Supplementary Note 3 and Supplementary Table 2; doi:10.1038/s41467-025-57559-2",34.155,307.395,PROPOSED_NOT_APPLIED,v2_deep_integrated_review
65,Xinjiang,新疆,2050,bioccs,biomass,35.357355,10.3,364.1807565,True,True,published provincial values converted at 2025 FX and held constant through 2060; sensitivity trajectories not yet applied,"An et al. (2025), Nature Communications 16, 2311, Supplementary Note 3 and Supplementary Table 2; doi:10.1038/s41467-025-57559-2",34.155,351.79650000000004,PROPOSED_NOT_APPLIED,v2_deep_integrated_review
65,Xinjiang,新疆,2060,coal,coal,17.14296,9.0,154.28663999999998,True,True,published provincial values converted at 2025 FX and held constant through 2060; sensitivity trajectories not yet applied,"An et al. (2025), Nature Communications 16, 2311, Supplementary Note 3 and Supplementary Table 2; doi:10.1038/s41467-025-57559-2",16.56,149.04,PROPOSED_NOT_APPLIED,v2_deep_integrated_review
65,Xinjiang,新疆,2060,coalccs,coal,17.14296,11.25,192.8583,True,True,published provincial values converted at 2025 FX and held constant through 2060; sensitivity trajectories not yet applied,"An et al. (2025), Nature Communications 16, 2311, Supplementary Note 3 and Supplementary Table 2; doi:10.1038/s41467-025-57559-2",16.56,186.3,PROPOSED_NOT_APPLIED,v2_deep_integrated_review
65,Xinjiang,新疆,2060,cchp,coal,17.14296,9.47,162.3438312,True,True,published provincial values converted at 2025 FX and held constant through 2060; sensitivity trajectories not yet applied,"An et al. (2025), Nature Communications 16, 2311, Supplementary Note 3 and Supplementary Table 2; doi:10.1038/s41467-025-57559-2",16.56,156.8232,PROPOSED_NOT_APPLIED,v2_deep_integrated_review
65,Xinjiang,新疆,2060,cchpccs,coal,17.14296,11.25,192.8583,True,True,published provincial values converted at 2025 FX and held constant through 2060; sensitivity trajectories not yet applied,"An et al. (2025), Nature Communications 16, 2311, Supplementary Note 3 and Supplementary Table 2; doi:10.1038/s41467-025-57559-2",16.56,186.3,PROPOSED_NOT_APPLIED,v2_deep_integrated_review
65,Xinjiang,新疆,2060,gas,gas,48.643149,6.31,306.93827019,True,True,published provincial values converted at 2025 FX and held constant through 2060; sensitivity trajectories not yet applied,"An et al. (2025), Nature Communications 16, 2311, Supplementary Note 3 and Supplementary Table 2; doi:10.1038/s41467-025-57559-2",46.989,296.50059,PROPOSED_NOT_APPLIED,v2_deep_integrated_review
65,Xinjiang,新疆,2060,gasccs,gas,48.643149,7.83,380.87585667,True,True,published provincial values converted at 2025 FX and held constant through 2060; sensitivity trajectories not yet applied,"An et al. (2025), Nature Communications 16, 2311, Supplementary Note 3 and Supplementary Table 2; doi:10.1038/s41467-025-57559-2",46.989,367.92387,PROPOSED_NOT_APPLIED,v2_deep_integrated_review
65,Xinjiang,新疆,2060,gchp,gas,48.643149,6.31,306.93827019,True,True,published provincial values converted at 2025 FX and held constant through 2060; sensitivity trajectories not yet applied,"An et al. (2025), Nature Communications 16, 2311, Supplementary Note 3 and Supplementary Table 2; doi:10.1038/s41467-025-57559-2",46.989,296.50059,PROPOSED_NOT_APPLIED,v2_deep_integrated_review
65,Xinjiang,新疆,2060,gchpccs,gas,48.643149,7.83,380.87585667,True,True,published provincial values converted at 2025 FX and held constant through 2060; sensitivity trajectories not yet applied,"An et al. (2025), Nature Communications 16, 2311, Supplementary Note 3 and Supplementary Table 2; doi:10.1038/s41467-025-57559-2",46.989,367.92387,PROPOSED_NOT_APPLIED,v2_deep_integrated_review
65,Xinjiang,新疆,2060,bio,biomass,35.357355,9.0,318.216195,True,True,published provincial values converted at 2025 FX and held constant through 2060; sensitivity trajectories not yet applied,"An et al. (2025), Nature Communications 16, 2311, Supplementary Note 3 and Supplementary Table 2; doi:10.1038/s41467-025-57559-2",34.155,307.395,PROPOSED_NOT_APPLIED,v2_deep_integrated_review
65,Xinjiang,新疆,2060,bioccs,biomass,35.357355,10.3,364.1807565,True,True,published provincial values converted at 2025 FX and held constant through 2060; sensitivity trajectories not yet applied,"An et al. (2025), Nature Communications 16, 2311, Supplementary Note 3 and Supplementary Table 2; doi:10.1038/s41467-025-57559-2",34.155,351.79650000000004,PROPOSED_NOT_APPLIED,v2_deep_integrated_review
