independent_subset_index,reservoir_local_index,hydrochn_row_id,plant_name_model,maximum_residual_hour_index,constraint_name,max_absolute_balance_residual_m3,max_absolute_balance_residual_million_m3,selected_horizon_inflow_m3,active_storage_upper_m3,storage_at_max_residual_m3,previous_storage_at_max_residual_m3,inflow_at_max_residual_m3s,total_release_at_max_residual_m3s,residual_to_selected_inflow,exact_zero_selected_inflow,violated_hour_count
348,475,HydroCHN_01147,Gengda hydroelectric plant,16,"reservoir_independent_hourly_transition[348,15]",42651.77930521954,0.04265177930521954,9776.164877414703,2965618074.0,1482789662.770936,1482832314.5502412,0.0,3.021953930918642e-14,4.362833466910468,False,16
297,418,HydroCHN_00807,Yutiao hydroelectric plant,23,"reservoir_independent_hourly_transition[297,22]",17498.807962891973,0.017498807962891973,21828.529357910156,5831004983.000001,2915492070.8962684,2915507673.8931503,0.5266141891479492,6.856436565831276e-13,0.8016485066847074,False,19
374,505,HydroCHN_01540,Guanmaozhou hydroelectric plant,17,"reservoir_independent_hourly_transition[374,16]",9203.175799674867,0.009203175799674867,20535.063511133194,1595215640.9999998,797603747.1780949,797613489.5691389,0.03697305545210838,0.18675506777038212,0.44816885005908635,False,19
36,71,HydroCHN_00080,,1,"reservoir_independent_hourly_transition[36,0]",8188.324510753152,0.008188324510753152,1025.6710410118103,971491502.0,485746679.0040362,485754857.75574297,0.0026591122150421143,7.363666858760272e-16,7.983382764395379,False,24
335,459,HydroCHN_01028,Luyutan hydroelectric plant,13,"reservoir_independent_hourly_transition[335,12]",7339.230960078837,0.007339230960078836,21092.997675356655,3588528270.0,1794261339.2158968,1794268115.7498195,0.15630473261294156,6.756901006100181e-15,0.34794632195182945,False,13
226,333,HydroCHN_00523,Baishiyao hydroelectric plant,22,"reservoir_independent_hourly_transition[226,21]",6222.344533056017,0.006222344533056017,1019.7443783283234,218214790.70000002,109106189.17025544,109112071.59999572,0.09442077577114105,9.585372156614896e-16,6.101866963225005,False,4
155,248,HydroCHN_00348,Panjiakou hydroelectric plant,9,"reservoir_independent_hourly_transition[155,8]",5140.87958049774,0.00514087958049774,3929.087519645691,1377951157.0,688972169.5453386,688977145.9346962,0.045691728591918945,5.745999652948864e-16,1.3084156448012447,False,23
371,502,HydroCHN_01491,Jianke hydroelectric plant,14,"reservoir_independent_hourly_transition[371,13]",4831.4276709052265,0.0048314276709052265,11732.15737107774,1719797681.0,859894166.7759539,859898499.8103122,0.13844258684507557,1.6912373757363787e-14,0.4118106771066439,False,24
227,334,HydroCHN_00526,Cuijiaying hydroelectric plant,7,"reservoir_independent_hourly_transition[227,6]",4784.316776648154,0.004784316776648154,4562.324630096555,237379720.1,118688851.35027276,118692939.9958412,0.19324200227856636,2.7327197915135945e-15,1.0486576832098204,False,16
305,427,HydroCHN_00842,Tongkou hydroelectric plant,23,"reservoir_independent_hourly_transition[305,22]",4113.963848114,0.004113963848114,5208.549499511719,5457258856.0,2728628973.4463105,2728631351.226992,0.4822731018066406,3.799128210696376e-15,0.7898482770490456,False,4
334,458,HydroCHN_01026,Mienhuatan hydroelectric plant,18,"reservoir_independent_hourly_transition[334,17]",3932.3104054928003,0.0039323104054928,12078.218293190002,3588528270.0,1794264121.3871024,1794259686.247479,0.13967478275299072,4.9687903094830815e-15,0.32557040368362394,False,22
320,444,HydroCHN_00923,Jinping Stage 2 hydroelectric plant,0,reservoir_independent_cyclic_first_hour[320],3094.9039261341063,0.0030949039261341064,3734.2958986759186,4522893564.999999,2261391240.1219788,2261394180.1480217,0.043021634221076965,9.097815926106295e-16,0.8287784391246222,False,24
143,232,HydroCHN_00319,Gudi hydroelectric plant,13,"reservoir_independent_hourly_transition[143,12]",2820.4043967127755,0.0028204043967127754,3147.031331062317,287549864.50000006,143762446.24049264,143765134.21886587,0.036785006523132324,1.2346437169871828e-15,0.8962110954773098,False,24
282,403,HydroCHN_00764,Liangqian hydroelectric plant,13,"reservoir_independent_hourly_transition[282,12]",2155.1711989187584,0.002155171198918758,6327.899302606997,409152732.5,204575639.22364107,204577625.58572876,0.04689141978388247,2.5377243475637555e-15,0.34058241066365597,False,13
168,263,HydroCHN_00376,Xiaoshixia hydroelectric plant,1,"reservoir_independent_hourly_transition[168,0]",1544.1864957305884,0.0015441864957305884,859.7952961921692,32450044.3,16225131.673961187,16226639.19331858,0.01018531620502472,1.807942500681454e-14,1.7959931888083438,False,22
317,441,HydroCHN_00897,Fengkai Jiangkou hydroelectric plant,5,"reservoir_independent_hourly_transition[317,4]",1291.73753470184,0.0012917375347018401,1211.3711200654507,4834348664.0,2417175404.9329185,2417174060.486691,0.014641303569078445,4.423383553839203e-15,1.0663433470595265,False,24
385,519,HydroCHN_01749,Luhun hydroelectric plant,16,"reservoir_independent_hourly_transition[385,15]",1266.9516081213942,0.0012669516081213943,1552.3420929908752,620783456.3,310387850.8848455,310389061.73644274,0.015583336353302002,2.760185569932589e-16,0.8161549015786699,False,24
289,410,HydroCHN_00778,Meishan hydroelectric plant,16,"reservoir_independent_hourly_transition[289,15]",747.8075174689284,0.0007478075174689283,1410.3947639465332,1064737685.9999999,532368612.1324162,532369348.6901053,0.0031249523162841797,2.3744840827360254e-16,0.5302114958059196,False,10
175,271,HydroCHN_00389,Yamadu hydroelectric plant,22,"reservoir_independent_hourly_transition[175,21]",594.8177457749833,0.0005948177457749833,1402.2132351994514,423498367.3,211749014.37960213,211749552.12124094,0.015854474157094955,2.8834665109307033e-16,0.42419920939512185,False,24
324,448,HydroCHN_00952,Chunyangtan hydroelectric plant,17,"reservoir_independent_hourly_transition[324,16]",10.823448061824644,1.0823448061824643e-05,15.162701904773712,4236354875.0,2118177411.2548246,2118177421.6701746,0.00011336058378219604,3.289169735963035e-14,0.7138205400197883,False,1
191,288,HydroCHN_00421,Duobu hydroelectric plant,4,"reservoir_independent_hourly_transition[191,3]",3.881373949341251,3.881373949341251e-06,10.978174209594727,39974692.26,19987343.60598161,19987347.48735556,0.0,2.13208218833898e-15,0.35355368527027015,False,0
99,173,HydroCHN_00224,Tarileiga hydroelectric plant,10,"reservoir_independent_hourly_transition[99,9]",1.743293315157107,1.7432933151571071e-06,3.704385459423065,375179956.6999999,187589978.22760573,187589979.55707443,0.00011495128273963928,4.191232132110123e-15,0.47060256937425027,False,0
318,442,HydroCHN_00901,Zhouning hydroelectric plant,22,"reservoir_independent_hourly_transition[318,21]",0.0006224114372344047,6.224114372344047e-10,6639.244294166565,4834348664.0,2417171418.399671,2417173033.487047,0.16928631067276,0.6179215200356125,9.374733172286998e-08,False,0
164,257,HydroCHN_00362,,9,"reservoir_independent_hourly_transition[164,8]",0.0004324771434767172,4.3247714347671716e-10,2160449.642944336,893551945.0,446583403.0629544,446491516.76577955,25.523971557617188,2.048896197363835e-11,2.0017922884206748e-10,False,0
25,51,HydroCHN_00057,,9,"reservoir_independent_hourly_transition[25,8]",0.00023728131782263517,2.372813178226352e-10,709991.8335441529,217000000.0,108161119.15383464,108841436.24962978,8.242982579028514,197.21995369914546,3.3420288320524624e-10,False,0
293,414,HydroCHN_00798,Liuxihe hydroelectric plant,1,"reservoir_independent_hourly_transition[293,0]",0.0002266597684865701,2.266597684865701e-10,113338.7580871582,182002422.4,90955160.55286919,90947463.23167433,2.1381447315216064,1.8133386912802238e-08,1.9998434102504224e-09,False,0
157,250,HydroCHN_00351,Fengshuba hydroelectric plant,21,"reservoir_independent_hourly_transition[157,20]",0.00021948181529296562,2.1948181529296563e-10,561971.4477539062,917066469.0,458755201.9431911,458729662.0534453,7.094413757324219,4.864808901973995e-12,3.9055688001622324e-10,False,0
298,419,HydroCHN_00812,Mengzhouba hydroelectric plant,5,"reservoir_independent_hourly_transition[298,4]",0.00019068857363890857,1.9068857363890855e-10,382244.73760369123,95939261.4,47865233.48811443,47848546.809090845,4.635188670640582,8.69638429675067e-12,4.988651376454348e-10,False,0
233,341,HydroCHN_00548,Nanshui hydroelectric plant,4,"reservoir_independent_hourly_transition[233,3]",0.0001634602012927644,1.634602012927644e-10,314076.4051437378,60385299.84,30097720.386074632,30081506.695916373,4.50380277633667,3.6363625298953497e-12,5.204472498274948e-10,False,0
245,355,HydroCHN_00603,Luodong hydroelectric plant,1,"reservoir_independent_hourly_transition[245,0]",0.00014816012844676152,1.4816012844676152e-10,14031.793212890625,87003741.98,43504209.85800323,43499532.593451075,1.2992401123046875,8.426574431295166e-11,1.0558887677353372e-08,False,0
163,256,HydroCHN_00360,,22,"reservoir_independent_hourly_transition[163,21]",0.00010109426875715144,1.0109426875715144e-10,543317.0127868652,1834132.939,949899.4238884224,927771.1945577043,6.146730422973633,2.5247955614042467e-08,1.8606866042828875e-10,False,0
342,467,HydroCHN_01058,Guanting hydroelectric plant,16,"reservoir_independent_hourly_transition[342,15]",8.076954827629379e-05,8.076954827629379e-11,62823.470306396484,1956408468.0,978232046.2402201,978229459.0465549,0.7186648845672607,1.80165150956036e-11,1.2856588132169784e-09,False,0
239,348,HydroCHN_00565,Guding hydroelectric plant,23,"reservoir_independent_hourly_transition[239,22]",8.41259679873474e-06,8.41259679873474e-12,79721.52099609375,95939261.4,47932718.04391638,47932456.78904341,0.07257080078125,3.9711672115395437e-10,1.055247904658887e-10,False,0
96,170,HydroCHN_00219,Nierji hydroelectric plant,9,"reservoir_independent_hourly_transition[96,8]",7.434540748363361e-06,7.434540748363361e-12,546280.2108764648,4049201181.0,2024678599.1514688,2024655701.7485075,6.360389709472656,7.832817673603484e-11,1.3609390566125777e-11,False,0
228,336,HydroCHN_00529,Rongge hydroelectric plant,20,"reservoir_independent_hourly_transition[228,19]",7.429035122186178e-06,7.429035122186179e-12,119670.81305980682,23194727.319999997,11596154.293496057,11593279.993166788,0.798416756093502,2.661152725982048e-11,6.207892243928714e-11,False,0
0,0,HydroCHN_00000,,10,"reservoir_independent_hourly_transition[0,9]",6.898731953697279e-06,6.898731953697279e-12,26765172.509765625,44779949240.0,22390124953.852417,22390110601.088154,311.52532958984375,307.53845062594047,2.5775032651779794e-13,False,0
134,221,HydroCHN_00302,Maojiahe hydroelectric plant,9,"reservoir_independent_hourly_transition[134,8]",5.88573584536789e-06,5.8857358453678895e-12,106013.33692597179,6718000.000000001,3397066.499975002,3391178.5100504416,1.6355527552162727,2.88936486770139e-11,5.551882448033731e-11,False,0
347,473,HydroCHN_01094,Baishi hydroelectric plant,8,"reservoir_independent_hourly_transition[347,7]",4.528967110672966e-06,4.5289671106729654e-12,79935.87799072266,41328929.46,20698922.656738553,20693457.576472882,1.5180778503417969,2.456143351876559e-11,5.66575012937069e-11,False,0
40,78,HydroCHN_00087,,8,"reservoir_independent_hourly_transition[40,7]",4.136884854233358e-06,4.136884854233358e-12,109672.00927734375,1925369295.0,962868486.7698554,962860630.8860705,2.18218994140625,9.84460965189709e-12,3.772051667050075e-11,False,0
151,240,HydroCHN_00335,,11,"reservoir_independent_hourly_transition[151,10]",3.972221747972071e-06,3.9722217479720714e-12,903204.6913146973,109107395.3,54317227.56026221,54279459.04983639,10.491252899169922,2.0051528249154323e-09,4.397919747505007e-12,False,0
199,298,HydroCHN_00436,Guigang Multi-Purpose Navigation hydroelectric plant,4,"reservoir_independent_hourly_transition[199,3]",3.5772609408013523e-06,3.5772609408013523e-12,1821326.0009765625,90480997.7,45043906.12038933,45024159.95340239,5.48504638671875,4.653885730898428e-10,1.964097003437764e-12,False,0
102,176,HydroCHN_00229,Daguangba hydroelectric plant,3,"reservoir_independent_hourly_transition[102,2]",3.533383278409019e-06,3.5333832784090192e-12,650452.7870178223,804196750.1,401874865.2091832,401848479.00159913,7.329502105712891,4.6420153025003495e-12,5.432190235679942e-12,False,0
86,153,HydroCHN_00193,Haokou hydroelectric plant,0,reservoir_independent_cyclic_first_hour[86],3.2364678190788254e-06,3.2364678190788253e-12,36912.579345703125,237496701.1,118714063.26249924,118705728.67692475,2.3151626586914062,9.08819250822735e-12,8.76792648047656e-11,False,0
38,76,HydroCHN_00085,,12,"reservoir_independent_hourly_transition[38,11]",2.6116613298654556e-06,2.6116613298654555e-12,730534.7763061523,123921546.0,61701719.229966275,61671368.18015899,8.43084716796875,3.169897943264839e-12,3.574999321826893e-12,False,0
1,7,HydroCHN_00007,,6,"reservoir_independent_hourly_transition[1,5]",2.4561595637351274e-06,2.4561595637351273e-12,8045530.6640625,11303000000.0,5650896118.981599,5651072404.215818,90.54736328125,139.5154838971097,3.0528248120490256e-13,False,0
118,198,HydroCHN_00270,Qiafuqihai hydroelectric plant,7,"reservoir_independent_hourly_transition[118,6]",2.4382607080042362e-06,2.4382607080042364e-12,616217.9015980883,354278748.1,177023367.66460764,177384994.2969663,7.200776801450652,107.6526191226262,3.956815765463637e-12,False,0
5,14,HydroCHN_00016,,19,"reservoir_independent_hourly_transition[5,18]",2.2532185539603233e-06,2.2532185539603234e-12,17545527.465820312,568000000.0,287494143.8684755,288328424.67681056,200.1783447265625,431.9230137091511,1.284212491388316e-13,False,0
50,94,HydroCHN_00103,,3,"reservoir_independent_hourly_transition[50,2]",2.2384338080883026e-06,2.2384338080883024e-12,11282064.038085938,188116198.9,93609345.96090166,93143448.74410789,129.4158935546875,2.3916178972711507e-10,1.9840640866173144e-13,False,0
120,200,HydroCHN_00272,,10,"reservoir_independent_hourly_transition[120,9]",2.2359308786690235e-06,2.2359308786690237e-12,1766236.5829467773,2713576.1689999998,814684.7600648816,988029.026151318,20.50957489013672,68.66075991352572,1.265929434514719e-12,False,0
291,412,HydroCHN_00791,Chahan Wusu hydroelectric plant,7,"reservoir_independent_hourly_transition[291,6]",1.8944265320897102e-06,1.89442653208971e-12,717111.9209289551,6017878037.0,3008729822.7686706,3009256078.483542,8.359378814697266,154.54152183400618,2.641744582401654e-12,False,0
236,344,HydroCHN_00556,Huangtankou hydroelectric plant,22,"reservoir_independent_hourly_transition[236,21]",1.8796425251821347e-06,1.8796425251821345e-12,28757.140338420868,39974692.26,19998638.072018184,19998196.37415609,0.1226939857006073,1.3564150645467336e-07,6.536263700291665e-11,False,0
7,20,HydroCHN_00023,,19,"reservoir_independent_hourly_transition[7,18]",1.789536327123642e-06,1.789536327123642e-12,14765930.200195312,99000000.0,52405855.20997687,53088855.56057012,168.91690063476562,358.63922024449994,1.2119360601474138e-13,False,0
165,259,HydroCHN_00368,Kalasuke hydroelectric plant,11,"reservoir_independent_hourly_transition[165,10]",1.5226924006128684e-06,1.5226924006128684e-12,352210.29510498047,1137632713.0,568738280.7087077,568723561.5318531,4.08866024017334,2.358580001891177e-09,4.323247848729157e-12,False,0
123,204,HydroCHN_00276,Shanxi hydroelectric plant,1,"reservoir_independent_hourly_transition[123,0]",1.4317556633614004e-06,1.4317556633614004e-12,20791.104125976562,857809866.8,428887101.7460149,428883876.4793662,0.8959074020385742,1.6902427238893305e-11,6.886385901807658e-11,False,0
353,480,HydroCHN_01198,Baise hydroelectric plant,13,"reservoir_independent_hourly_transition[353,12]",1.210074515256565e-06,1.2100745152565651e-12,123921.1669921875,2841036035.0,1420525488.4645562,1420521629.2970746,1.071990966796875,4.994956732317141e-12,9.764873464537766e-12,False,0
213,318,HydroCHN_00484,Kushitayi hydroelectric plant,7,"reservoir_independent_hourly_transition[213,6]",1.1826632544398308e-06,1.1826632544398307e-12,221035.82382202148,74000000.0,36962601.767500356,37088256.60260354,2.5874509811401367,37.49157184280717,5.350550123459235e-12,False,0
52,96,HydroCHN_00105,Zipingpu hydroelectric plant,3,"reservoir_independent_hourly_transition[52,2]",1.1422816896811128e-06,1.1422816896811127e-12,2737924.920436314,522963032.79999995,261378342.14403376,261257513.97761855,33.5633795601981,9.898651468399056e-11,4.172070903606369e-13,False,0
315,439,HydroCHN_00889,Hualiangting hydroelectric plant,17,"reservoir_independent_hourly_transition[315,16]",1.1220045053050853e-06,1.1220045053050853e-12,132199.8098373413,4834348664.0,2417214576.109632,2417207676.765981,1.9164843559265137,8.165437076969054e-09,8.487186983745286e-12,False,0
119,199,HydroCHN_00271,Xiabandi hydroelectric plant,7,"reservoir_independent_hourly_transition[119,6]",1.1142401490360498e-06,1.1142401490360498e-12,1027214.6827697754,813602.5599999999,442749.44560237066,644174.250435674,12.024117946624756,67.97545262223284,1.0847198426249317e-12,False,0
279,398,HydroCHN_00750,Xuanhan Jiangkou hydroelectric plant,8,"reservoir_independent_hourly_transition[279,7]",1.079127258662993e-06,1.079127258662993e-12,5641.527557373047,130270467.70000002,65134432.60876953,65134684.890465066,0.050960540771484375,0.12103878983159448,1.9128281262273652e-10,False,0
308,431,HydroCHN_00862,Gongchuan hydroelectric plant,11,"reservoir_independent_hourly_transition[308,10]",1.0531039151828736e-06,1.0531039151828735e-12,566577.2186279297,5208094781.000001,2604133683.824693,2604110078.9571385,6.556907653808594,2.7619660555028764e-11,1.858712070586172e-12,False,0
307,430,HydroCHN_00861,Ya'an Daxing hydroelectric plant,18,"reservoir_independent_hourly_transition[307,17]",1.0424018910271116e-06,1.0424018910271116e-12,184620.2299118042,5208094781.000001,2604076631.335266,2604083132.176813,1.9570560455322266,3.7628453644363185,5.646195389991022e-12,False,0
244,354,HydroCHN_00596,Caoyutan hydroelectric plant,4,"reservoir_independent_hourly_transition[244,3]",9.576294779693039e-07,9.576294779693039e-13,8357.533264160156,59972190.08,29989791.8257323,29989791.825735297,0.0,5.670081145257047e-10,1.1458278988561531e-10,False,0
296,417,HydroCHN_00805,Shunchang Dam hydroelectric plant,22,"reservoir_independent_hourly_transition[296,21]",9.287032298743725e-07,9.287032298743725e-13,1079172.3999023438,5831004983.000001,2915063376.6536746,2915246307.882614,11.34201431274414,62.156244573467625,8.605698495980925e-13,False,0
67,122,HydroCHN_00142,,3,"reservoir_independent_hourly_transition[67,2]",9.133873390965164e-07,9.133873390965164e-13,362993.3521270752,1189834958.0,595037327.4584943,595021956.9640536,4.2695817947387695,5.408722652557939e-09,2.516264647118831e-12,False,0
316,440,HydroCHN_00891,Wangjianglou hydroelectric plant,20,"reservoir_independent_hourly_transition[316,19]",8.746576440898934e-07,8.746576440898935e-13,1621613.3422851562,4834348664.0,2417167759.9511747,2417169244.3319077,18.33892059326172,18.75124857489722,5.39374967683318e-13,False,0
339,463,HydroCHN_01048,Kizil hydroelectric plant,11,"reservoir_independent_hourly_transition[339,10]",8.241368050221354e-07,8.241368050221353e-13,309620.8190917969,3588528270.0,1794254686.3539512,1794241734.4824853,3.5977420806884766,6.592493544375544e-09,2.6617615941962676e-12,False,0
51,95,HydroCHN_00104,Shuifeng hydroelectric plant,0,reservoir_independent_cyclic_first_hour[51],8.124879968818277e-07,8.124879968818277e-13,4501319.073486328,6019880647.0,3011041010.9592853,3011026075.171668,54.094520568847656,49.945690675404855,1.804999786990318e-13,False,0
4,12,HydroCHN_00014,,13,"reservoir_independent_hourly_transition[4,12]",8.060414984356612e-07,8.060414984356612e-13,12260452.807617188,4910000000.0,2454992066.118591,2455000210.46032,141.66653442382812,143.92885157104206,6.574320794537726e-14,False,0
295,416,HydroCHN_00803,Guangxi Nabi hydroelectric plant,10,"reservoir_independent_hourly_transition[295,9]",7.937851478345692e-07,7.937851478345692e-13,151330.68237304688,5831004983.000001,2915328470.8350706,2915318736.21667,5.138633728027344,2.434573060980812,5.2453681922731375e-12,False,0
3,10,HydroCHN_00011,,0,reservoir_independent_cyclic_first_hour[3],7.838243618607521e-07,7.838243618607521e-13,20520894.506835938,7074579949.0,3537104479.284011,3537667540.6270723,245.3673095703125,401.77323819871,3.8196403261058814e-14,False,0
232,340,HydroCHN_00538,Hongyanzi hydroelectric plant,19,"reservoir_independent_hourly_transition[232,18]",7.427297532558441e-07,7.427297532558441e-13,3506899.053955078,166953126.5,83705882.90871859,83842192.46485703,41.33219909667969,79.19596469089738,2.1179102729466764e-13,False,0
351,478,HydroCHN_01178,Yuzixi hydroelectric plant,7,"reservoir_independent_hourly_transition[351,6]",6.873979145893827e-07,6.873979145893827e-13,19719.46849822998,2841036035.0,1420517294.380179,1420518804.458593,0.0,0.4194662259099778,3.485884594968082e-11,False,0
333,457,HydroCHN_00999,Songshanhekou hydroelectric plant,10,"reservoir_independent_hourly_transition[333,9]",6.709612989652669e-07,6.709612989652669e-13,62427.94189453125,3837692349.0,1918837261.5092695,1918838321.7642298,0.7257992029190063,1.0203144694822222,1.0747772209098628e-11,False,0
108,183,HydroCHN_00242,Xiaotiandu hydroelectric plant,19,"reservoir_independent_hourly_transition[108,18]",5.922775017097592e-07,5.922775017097593e-13,1913322.2369552753,107000000.0,53635711.170215376,53717015.54893917,21.570072839019495,44.154622484352956,3.0955449650356203e-13,False,0
352,479,HydroCHN_01185,Wanba hydroelectric plant,20,"reservoir_independent_hourly_transition[352,19]",5.710171535611153e-07,5.710171535611152e-13,580366.3035290359,2841036035.0,1420539764.9614987,1420558875.997472,6.9399667075291624,12.2485878110679,9.83890949713877e-13,False,0
241,350,HydroCHN_00578,Salikete hydroelectric plant,11,"reservoir_independent_hourly_transition[241,10]",5.386282282415777e-07,5.386282282415777e-13,225946.7742919922,1636893.104,787471.6463020856,778037.9335443008,2.6204757690429688,3.1412661392169574e-09,2.3838721748933035e-12,False,0
24,50,HydroCHN_00056,,8,"reservoir_independent_hourly_transition[24,7]",5.336951289791614e-07,5.336951289791614e-13,5371393.7094045235,3085105661.0,1542561357.2159824,1542557927.7820296,63.12030526094659,62.167684718351566,9.935878057956158e-14,False,0
2,9,HydroCHN_00009,,13,"reservoir_independent_hourly_transition[2,12]",5.331326065061148e-07,5.331326065061148e-13,7833504.528808594,2534865780.0,1267357637.853524,1267357085.949998,90.76487731933594,90.61157078446521,6.805799429175788e-14,False,0
43,82,HydroCHN_00091,Jinkang hydroelectric plant,7,"reservoir_independent_hourly_transition[43,6]",5.092297215014696e-07,5.092297215014696e-13,5603507.4462890625,12400000.000000006,5997386.168547862,6226031.003792688,65.51712036132812,129.02957459614348,9.087695990101848e-14,False,0
258,370,HydroCHN_00647,Gaoqiao hydroelectric plant,13,"reservoir_independent_hourly_transition[258,12]",5.033020045175363e-07,5.033020045175363e-13,296.254800260067,594000.0,296989.7047500855,296973.33156012656,0.004548108205199242,2.308358353425423e-11,1.6988821922065503e-09,False,0
325,449,HydroCHN_00953,Fujian Zhangping Huakou Plant hydroelectric plant,0,reservoir_independent_cyclic_first_hour[325],5.01934664498549e-07,5.01934664498549e-13,174949.48814392093,4211438467.0,2105662285.0223207,2105655748.7736936,1.8156246185302736,6.9718595519599256e-12,2.869026196210623e-12,False,0
355,482,HydroCHN_01233,Sankeshu hydroelectric plant,9,"reservoir_independent_hourly_transition[355,8]",4.991088644601405e-07,4.991088644601405e-13,1139121.043395996,2566955547.0,1283312497.430408,1283340773.912519,15.070538520812988,22.925116884834672,4.3815261543424384e-13,False,0
81,147,HydroCHN_00181,Xinfengjiang hydroelectric plant,2,"reservoir_independent_hourly_transition[81,1]",4.946778062731028e-07,4.946778062731028e-13,1795595.3338623047,6535156749.0,3266912038.6812453,3266858593.3328867,14.845930099487305,4.955428880308789e-12,2.754951502402585e-13,False,0
171,267,HydroCHN_00383,Wenquan hydroelectric plant,7,"reservoir_independent_hourly_transition[171,6]",4.722678568214178e-07,4.722678568214178e-13,252153.71652082965,82771127.5,41366368.13062385,41479206.9520968,2.9450251839377666,34.28914225988847,1.8729363316063008e-12,False,0
33,67,HydroCHN_00075,,15,"reservoir_independent_hourly_transition[33,14]",4.623070708476007e-07,4.623070708476007e-13,34262177.34375,2606349935.0,1303240164.4472508,1303268264.00151,391.6667938232422,399.47222556174205,1.3493219249007632e-14,False,0
22,48,HydroCHN_00054,,0,reservoir_independent_cyclic_first_hour[22],4.602243279805407e-07,4.602243279805407e-13,1297737.3504638672,2501945445.0,1250951160.0589204,1250948681.6285388,14.496343612670898,13.807890729038604,3.54635957588827e-13,False,0
354,481,HydroCHN_01226,Shankou hydroelectric plant,7,"reservoir_independent_hourly_transition[354,6]",4.489993443712592e-07,4.489993443712592e-13,271521.0128916577,2591871955.9999995,1296046669.522021,1296118466.2416975,3.172842278139193,23.116375521485192,1.6536449226875082e-12,False,0
340,464,HydroCHN_01049,Ximen hydroelectric plant,18,"reservoir_independent_hourly_transition[340,17]",4.2852479964494705e-07,4.2852479964494703e-13,419111.38916015625,3588528270.0,1794438099.2461696,1794428384.829333,4.149049758911133,1.4506006377801208,1.02246040248072e-12,False,0
361,489,HydroCHN_01379,Kehe hydroelectric plant,18,"reservoir_independent_hourly_transition[361,17]",4.1100429370999336e-07,4.1100429370999334e-13,110141846.19140625,2093543798.0000002,1046760012.5147467,1046856648.2048554,1248.20556640625,1275.0488136585736,3.731590743410489e-15,False,0
84,150,HydroCHN_00188,,7,"reservoir_independent_hourly_transition[84,6]",4.0658051148056984e-07,4.0658051148056983e-13,247764.29328918457,832414180.0,416191433.45258754,416296513.25142044,2.889357089996338,32.078190099020446,1.6409971997297397e-12,False,0
332,456,HydroCHN_00990,Baiyangxi hydroelectric plant,8,"reservoir_independent_hourly_transition[332,7]",4.0637587517267093e-07,4.0637587517267095e-13,101011.45935058594,3837692349.0,1918719722.9371395,1918723349.293018,1.163686752319336,2.171007829592992,4.023067063730266e-12,False,0
382,515,HydroCHN_01687,Guwa hydroelectric plant,21,"reservoir_independent_hourly_transition[382,20]",3.9571887100464664e-07,3.9571887100464667e-13,50727.36951112747,1346051563.0,673029121.023777,673032691.2824433,0.09352734684944153,1.0852658651497784,7.800894759935115e-12,False,0
329,453,HydroCHN_00973,Duping hydroelectric plant,5,"reservoir_independent_hourly_transition[329,4]",3.8690632209181786e-07,3.8690632209181786e-13,1500559.2361450195,3962274389.0,1980714324.1235466,1980647792.0739865,18.481124877929688,2.4981694125108023e-11,2.5784141856724797e-13,False,0
20,39,HydroCHN_00045,,3,"reservoir_independent_hourly_transition[20,2]",3.8603320717811584e-07,3.8603320717811584e-13,53405848.388671875,262422097.39999998,129211194.93233946,129608776.19403782,630.2412109375,740.6804502980498,7.22829463111757e-15,False,0
9,22,HydroCHN_00025,,13,"reservoir_independent_hourly_transition[9,12]",3.697805368574336e-07,3.697805368574336e-13,10275683.203125,2097548737.0,1048726156.4388864,1048717049.9976507,121.43084716796875,118.90128015796006,3.598598064457431e-14,False,0
345,471,HydroCHN_01080,Gaofengshan hydroelectric plant,21,"reservoir_independent_hourly_transition[345,20]",3.6957499105483294e-07,3.6957499105483293e-13,228796.13553560694,3354936947.0,1677453935.7828066,1677468637.5562027,0.9042138319749098,4.988039775415116,1.615302593243831e-12,False,0
100,174,HydroCHN_00225,Wanmipo hydroelectric plant,3,"reservoir_independent_hourly_transition[100,2]",3.634340828284621e-07,3.6343408282846213e-13,1461699.7283935547,125000000.0,62223440.34054415,62152069.33529563,19.825279235839844,3.9780180000120734e-11,2.486379902580166e-13,False,0
8,21,HydroCHN_00024,,1,"reservoir_independent_hourly_transition[8,0]",3.6286837712395936e-07,3.6286837712395936e-13,7629093.566894531,2116130539.0000002,1058026252.6928523,1058021821.8416258,89.96295166015625,88.7321596529101,4.7563760221604823e-14,False,0
364,492,HydroCHN_01389,Youchou hydroelectric plant,5,"reservoir_independent_hourly_transition[364,4]",3.5467746783979237e-07,3.5467746783979236e-13,139370.44372558594,2093543798.0000002,1046779714.9279704,1046769807.7593923,2.7519912719726562,1.663879525959311e-10,2.544854262917726e-12,False,0
105,180,HydroCHN_00237,Shangtongba hydroelectric plant,19,"reservoir_independent_hourly_transition[105,18]",3.521709004417062e-07,3.521709004417062e-13,1246087.8204345703,930000.0,517046.3360464319,552330.9866560145,15.062820434570312,24.86411227046764,2.8262125242415687e-13,False,0
80,146,HydroCHN_00178,Mulihe Shawan hydroelectric plant,3,"reservoir_independent_hourly_transition[80,2]",3.4530239645391703e-07,3.4530239645391703e-13,1181292.4758911133,79200000.0,39544397.51234637,39495932.26652893,13.462568283081055,3.614657583743882e-10,2.923089780906601e-13,False,0
158,251,HydroCHN_00354,Nalan hydroelectric plant,3,"reservoir_independent_hourly_transition[158,2]",3.410059434827417e-07,3.410059434827417e-13,1858991.3635253906,134503082.2,67186228.0322761,67211115.73661153,25.12421417236328,32.0374653765564,1.8343600200275172e-13,False,0
304,426,HydroCHN_00840,Bailianhe hydroelectric plant,21,"reservoir_independent_hourly_transition[304,20]",3.341201590956189e-07,3.341201590956189e-13,17224.02276992798,519200708.9,259611027.95760018,259609710.47480786,0.7925779819488525,0.426610539731145,1.9398497294079924e-11,False,0
358,485,HydroCHN_01262,Baishan hydroelectric plant,19,"reservoir_independent_hourly_transition[358,18]",3.234567884646822e-07,3.2345678846468215e-13,290093.3006286621,2442373509.0,1221184308.5482507,1221185921.5888586,2.9105358123779297,3.358602648003676,1.115009508195184e-12,False,0
82,148,HydroCHN_00184,,23,"reservoir_independent_hourly_transition[82,22]",3.1152740120887756e-07,3.1152740120887756e-13,1141337.5762939453,42326144.739999995,20636448.314016003,21118355.923570123,12.884632110595703,146.74785698682652,2.72949395235407e-13,False,0
360,488,HydroCHN_01378,Dongsong hydroelectric plant,18,"reservoir_independent_hourly_transition[360,17]",3.083850970142521e-07,3.083850970142521e-13,242595.6756591797,2093543798.0000002,1046802613.3877283,1046807962.2265368,3.699888229370117,5.185676787178155,1.2711895880926556e-12,False,0
240,349,HydroCHN_00572,Tongtou hydroelectric plant,3,"reservoir_independent_hourly_transition[240,2]",3.0596129363402724e-07,3.0596129363402723e-13,477032.20024108887,10581536.19,5271587.693190626,5256661.8051294545,4.146080017089844,1.8277858477295543e-10,6.413849913682901e-13,False,0
135,222,HydroCHN_00303,,3,"reservoir_independent_hourly_transition[135,2]",3.0038427212275565e-07,3.0038427212275566e-13,616949.9382019043,724247.366,330567.69710606174,319898.0842214517,2.9637813568115234,5.88469907649826e-11,4.868859748948565e-13,False,0
14,28,HydroCHN_00031,,22,"reservoir_independent_hourly_transition[14,21]",2.958477125503123e-07,2.958477125503123e-13,50965512.451171875,1818821698.0,909200971.7743186,909257761.2929605,574.1139526367188,589.8888189262311,5.804860940694999e-15,False,0
383,517,HydroCHN_01701,Xiaoguanzi hydroelectric plant,7,"reservoir_independent_hourly_transition[383,6]",2.874695610444178e-07,2.8746956104441777e-13,18247.521060705185,1271302339.0,635647089.4331858,635646496.4747072,0.5551605820655823,0.3904498936537726,1.5753896657418536e-11,False,0
203,303,HydroCHN_00443,Shimen Sanjiangkou hydroelectric plant,23,"reservoir_independent_hourly_transition[203,22]",2.715096343308687e-07,2.7150963433086874e-13,1403486.902998217,103463909.4,51149513.44774194,51111543.1661398,10.54730054082995,9.586530066655459e-08,1.934536287804701e-13,False,0
346,472,HydroCHN_01085,Shanmei hydroelectric plant,2,"reservoir_independent_hourly_transition[346,1]",2.6993939172825776e-07,2.6993939172825776e-13,40616.22934341431,3339364191.0,1669672578.3702006,1669670788.2381546,0.49725890159606934,8.755790490730692e-12,6.646096796575897e-12,False,0
210,314,HydroCHN_00474,Jiyu hydroelectric plant,3,"reservoir_independent_hourly_transition[210,2]",2.6613270165398717e-07,2.6613270165398716e-13,1279962.4053955078,56744243.24,28325055.806440677,28281288.733382326,12.157520294189453,2.7674763977260147e-10,2.079222800077103e-13,False,0
336,460,HydroCHN_01031,Fujian Yongan Fenghai hydroelectric plant,19,"reservoir_independent_hourly_transition[336,18]",2.647575456649065e-07,2.647575456649065e-13,286412.27645874023,3588528270.0,1794271177.6333437,1794381006.0890133,2.7163867950439453,33.22429114764859,9.243931473134558e-13,False,0
327,451,HydroCHN_00968,Danzhuwo hydroelectric plant,19,"reservoir_independent_hourly_transition[327,18]",2.636516001075506e-07,2.636516001075506e-13,2763405.422973633,4086856427.999999,2044252812.0042236,2044153703.3082402,27.530193328857422,5.921592710712051e-11,9.54082227369452e-14,False,0
23,49,HydroCHN_00055,,6,"reservoir_independent_hourly_transition[23,5]",2.5488179744570516e-07,2.5488179744570514e-13,4341168.143859727,1298531226.0,649259539.8933755,649258459.1606947,50.41087707550055,50.11067355298598,5.871272178347141e-14,False,0
379,511,HydroCHN_01657,Shuangling hydroelectric plant,19,"reservoir_independent_hourly_transition[379,18]",2.5248664314858615e-07,2.524866431485862e-13,482812.22763061523,1346051563.0,673125247.12704,673105675.2100782,5.436643600463867,3.702196714984178e-11,5.229499766144198e-13,False,0
372,503,HydroCHN_01520,Sichuan Muchuan County Huogu hydroelectric plant,7,"reservoir_independent_hourly_transition[372,6]",2.427113940939307e-07,2.427113940939307e-13,1026157.3791503906,1595215640.9999998,797553847.0092082,797589935.1035576,12.293365955352783,22.317836607892115,2.3652453222612323e-13,False,0
10,23,HydroCHN_00026,,12,"reservoir_independent_hourly_transition[10,11]",2.3845768737373874e-07,2.3845768737373874e-13,42743341.40625,1997207002.0,998672272.9346163,998671547.7395189,494.7966613769531,494.59521829439535,5.578826538321851e-15,False,0
17,32,HydroCHN_00035,,2,"reservoir_independent_hourly_transition[17,1]",2.3352299649559427e-07,2.3352299649559427e-13,52654.29496765137,1284833638.0,642411759.5381138,642413391.8625042,0.15596938133239746,0.609392823048468,4.435022758144633e-12,False,0
70,127,HydroCHN_00148,,11,"reservoir_independent_hourly_transition[70,10]",2.3085158318281174e-07,2.3085158318281173e-13,2690889.971923828,192348813.29999998,95941679.12988812,95820502.34766196,33.66021728515625,4.763231124669243e-11,8.579004923704347e-14,False,0
127,209,HydroCHN_00284,Shiziping hydroelectric plant,23,"reservoir_independent_hourly_transition[127,22]",2.2680615074932575e-07,2.2680615074932574e-13,632089.18702238,63630304.27000001,31748392.57791106,31778249.477947943,5.447951716627096,13.7415350602686,3.588198554981694e-13,False,0
63,116,HydroCHN_00131,Wan’an hydroelectric plant,23,"reservoir_independent_hourly_transition[63,22]",2.2456515580415726e-07,2.2456515580415725e-13,1382032.0129394531,1128697193.0,563873503.2501704,563815636.8868057,16.073989868164062,4.469963695705805e-08,1.6248911291608082e-13,False,0
28,59,HydroCHN_00065,,19,"reservoir_independent_hourly_transition[28,18]",2.2320091375149786e-07,2.2320091375149786e-13,2293063.494873047,1598987690.0,799569057.717052,799578551.9459035,23.89301300048828,26.530298792525386,9.733743276212906e-14,False,0
373,504,HydroCHN_01526,Renzhonghai hydroelectric plant,17,"reservoir_independent_hourly_transition[373,16]",2.2007316147210076e-07,2.2007316147210076e-13,63414.8478269577,1595215640.9999998,797624371.597178,797627027.0974096,0.6213344931602478,1.3589734464501708,3.470372775672695e-12,False,0
375,506,HydroCHN_01569,Jiulongxia hydroelectric plant,12,"reservoir_independent_hourly_transition[375,11]",2.194974513258785e-07,2.194974513258785e-13,179823.5595703125,1458175398.0,729103124.967277,729095661.521995,2.073179244995117,2.7857531108836474e-11,1.2206267735460612e-12,False,0
74,137,HydroCHN_00162,Weiyuan hydroelectric plant,0,reservoir_independent_cyclic_first_hour[74],2.1738560462836176e-07,2.1738560462836177e-13,2304417.7001953125,1839306134.0,919596244.7100683,919581342.0377134,27.51849365234375,23.378862442578754,9.43342887055316e-14,False,0
61,112,HydroCHN_00126,Xinjiang Bulunkou - Kongur hydroelectric plant,7,"reservoir_independent_hourly_transition[61,6]",2.1270534489303827e-07,2.1270534489303827e-13,253476.89380645752,300515627.7,150251370.85237893,150365387.63520998,2.9594640731811523,34.63079263730068,8.391508263291628e-13,False,0
275,390,HydroCHN_00722,Gaotan hydroelectric plant,11,"reservoir_independent_hourly_transition[275,10]",2.1084269974380732e-07,2.1084269974380732e-13,1787406.9213867188,28099857.21,14285540.763304472,14210251.566527413,20.913665771484375,2.0596396238412454e-11,1.1796010031125416e-13,False,0
366,496,HydroCHN_01442,Mowu Dam hydroelectric plant,7,"reservoir_independent_hourly_transition[366,6]",2.0609786588465795e-07,2.0609786588465795e-13,56823.36959838867,1844379719.0,922195860.890652,922192094.3379178,1.0462646484375,8.977954313306618e-12,3.6269912773793378e-12,False,0
48,91,HydroCHN_00100,,9,"reservoir_independent_hourly_transition[48,8]",1.9786637039942434e-07,1.9786637039942434e-13,8663.675880432129,23420466.76,11711294.319316415,11711025.500112807,0.17496657371520996,0.1002945727680234,2.2838616440664343e-11,False,0
116,194,HydroCHN_00257,Huanren hydroelectric plant,5,"reservoir_independent_hourly_transition[116,4]",1.9326762412674725e-07,1.9326762412674725e-13,404971.2226867676,1622502215.0,811180190.1296798,811204334.8919939,4.811703681945801,11.518582102577595,4.772379203749834e-13,False,0
72,131,HydroCHN_00154,,3,"reservoir_independent_hourly_transition[72,2]",1.913576852530241e-07,1.913576852530241e-13,9185686.413574219,35271787.29,17361274.6483074,17476322.65580852,108.49642944335938,140.45420930483417,2.0832159583658747e-14,False,0
217,323,HydroCHN_00491,Chitan hydroelectric plant,1,"reservoir_independent_hourly_transition[217,0]",1.8370956188493226e-07,1.8370956188493225e-13,21092.997675356655,409152732.5,204574544.89474493,204574544.89474514,0.0,6.918526341370812e-12,8.709504676026375e-12,False,0
189,286,HydroCHN_00416,Dayuandu hydroelectric plant,7,"reservoir_independent_hourly_transition[189,6]",1.8212490865887523e-07,1.8212490865887522e-13,21805.6640625,212101014.20000002,106060022.6379104,106060022.63833882,0.0,1.1905705844249245e-07,8.352183549047796e-12,False,0
271,384,HydroCHN_00694,Liangjiang hydroelectric plant,14,"reservoir_independent_hourly_transition[271,13]",1.7605644231366568e-07,1.760564423136657e-13,20060.993099212646,98996149.7,49498054.29231733,49498050.02655034,0.23304152488708496,0.23185658966011036,8.776058166361442e-12,False,0
201,301,HydroCHN_00439,Chongqing Shizitan hydroelectric plant,20,"reservoir_independent_hourly_transition[201,19]",1.746375346556306e-07,1.7463753465563058e-13,420149.9164581299,49601538.74,24878139.82061741,24861403.354781684,4.649018287658691,5.048263182677554e-12,4.1565528830239364e-13,False,0
384,518,HydroCHN_01724,Shanzai hydroelectric plant,23,"reservoir_independent_hourly_transition[384,22]",1.730113581288606e-07,1.730113581288606e-13,363142.0280456543,1221469522.9999998,610619772.9981318,610600776.1021512,5.276915550231934,1.8168188725776694e-11,4.764289032034308e-13,False,0
207,310,HydroCHN_00464,Minzhi hydroelectric plant,3,"reservoir_independent_hourly_transition[207,2]",1.7194543033838272e-07,1.7194543033838272e-13,369211.30657196045,413855.63800000004,203729.29763243624,199451.7518945878,1.1882071495056152,5.5507345152891763e-11,4.657100887154711e-13,False,0
182,279,HydroCHN_00401,Dajinping hydroelectric plant,7,"reservoir_independent_hourly_transition[182,6]",1.668595359660685e-07,1.668595359660685e-13,1055689.1441345215,549999.9999999999,219864.93997914504,284835.18873250403,12.215893268585205,30.263184588916353,1.5805745175381513e-13,False,0
32,65,HydroCHN_00071,,19,"reservoir_independent_hourly_transition[32,18]",1.6514513845322654e-07,1.6514513845322653e-13,3189786.163330078,1023520548.0000002,511772249.8006444,511771127.7081148,37.225250244140625,36.91355787485458,5.177310640811673e-14,False,0
281,402,HydroCHN_00763,Songshuling hydroelectric plant,20,"reservoir_independent_hourly_transition[281,19]",1.6367405919481826e-07,1.6367405919481826e-13,6831.182098388672,27032297.78,13518128.558577899,13517916.419566695,0.23121070861816406,0.17228320555133944,2.395984426083817e-11,False,0
37,75,HydroCHN_00084,,10,"reservoir_independent_hourly_transition[37,9]",1.6299782146234065e-07,1.6299782146234064e-13,12266294.458007812,941760617.0,470867682.44468486,470862019.22989434,142.119873046875,140.54675782724,1.3288269087322512e-14,False,0
273,387,HydroCHN_00703,Yunnan Sayutuo hydroelectric plant,23,"reservoir_independent_hourly_transition[273,22]",1.626235643925611e-07,1.626235643925611e-13,9011.497989777594,4895724.075,2451175.340944448,2449893.304226096,0.5049687047158518,0.14884739410762718,1.8046229891749074e-11,False,0
64,117,HydroCHN_00133,,2,"reservoir_independent_hourly_transition[64,1]",1.550974957353901e-07,1.5509749573539011e-13,72236.06185913086,1099539182.0,549796572.3845856,549793843.7652007,0.7579498291015625,9.968882468226673e-12,2.147092348941297e-12,False,0
21,41,HydroCHN_00047,,18,"reservoir_independent_hourly_transition[21,17]",1.5339719539042562e-07,1.5339719539042563e-13,2477061.474609375,535660876.3,268136830.47524774,268148924.02375954,37.262939453125,40.62225848422404,6.192708455675929e-14,False,0
73,133,HydroCHN_00156,,3,"reservoir_independent_hourly_transition[73,2]",1.5293335309252143e-07,1.5293335309252143e-13,610055.6108093262,251605416.0,125768071.60894191,125749210.93587692,5.239075851440429,9.629086599172226e-11,2.506875609088054e-13,False,0
225,332,HydroCHN_00522,Yutian hydroelectric plant,3,"reservoir_independent_hourly_transition[225,2]",1.526423147879541e-07,1.526423147879541e-13,777209.0755462646,319290576.6,159616487.46997845,159593352.14778957,6.426478385925293,8.177564279383907e-11,1.9639800870913507e-13,False,0
381,514,HydroCHN_01665,Ansha hydroelectric plant,16,"reservoir_independent_hourly_transition[381,15]",1.5045952750369906e-07,1.5045952750369906e-13,312683.16192626953,1346051563.0,673132191.3530333,673117857.5250608,3.981618881225586,8.680792254153661e-12,4.811884547181896e-13,False,0
27,53,HydroCHN_00059,Shuikou hydroelectric plant,6,"reservoir_independent_hourly_transition[27,5]",1.420994522050023e-07,1.420994522050023e-13,1706717.3950195312,1222755293.0,611266131.3438438,611198911.3853476,18.672210693359375,6.358459617308227e-12,8.325892301775957e-14,False,0
49,92,HydroCHN_00101,,8,"reservoir_independent_hourly_transition[49,7]",1.391210524559483e-07,1.391210524559483e-13,31354.93175983429,778240754.6,389159605.33501333,389159581.45874745,0.36935970187187195,0.36272740583178176,4.436975131107208e-12,False,0
256,368,HydroCHN_00643,Koktokay hydroelectric plant,11,"reservoir_independent_hourly_transition[256,10]",1.375037754769437e-07,1.375037754769437e-13,134818.6122894287,8230083.7,4105077.1595137,4099444.527459107,1.564620018005371,2.878858796313957e-09,1.0199168582283763e-12,False,0
237,345,HydroCHN_00557,Shuanghe hydroelectric plant,11,"reservoir_independent_hourly_transition[237,10]",1.3352837413549423e-07,1.3352837413549423e-13,452269.9607849121,879443229.6999999,439725632.50754935,439702289.15580404,6.484264373779297,4.5693568343170396e-11,2.952404221225669e-13,False,0
148,237,HydroCHN_00330,,19,"reservoir_independent_hourly_transition[148,18]",1.3304452295415103e-07,1.3304452295415103e-13,1547589.7705078125,552121043.6999999,276284217.7206141,276312073.49804384,17.705278396606445,25.44299434928046,8.596885653392176e-14,False,0
216,321,HydroCHN_00489,Woluoqiao hydroelectric plant,19,"reservoir_independent_hourly_transition[216,18]",1.3278622645884752e-07,1.3278622645884751e-13,1277602.2331237793,3520000.0,1869901.2026208653,1913532.2110080668,15.440042495727539,27.55976704769106,1.0393393422159325e-13,False,0
45,85,HydroCHN_00094,,18,"reservoir_independent_hourly_transition[45,17]",1.2883083400083706e-07,1.2883083400083706e-13,3056590.3381347656,822837080.1,411421077.3877796,411424544.449316,34.4176025390625,35.380675188106984,4.214854453785062e-14,False,0
19,38,HydroCHN_00044,,1,"reservoir_independent_hourly_transition[19,0]",1.2851887731812894e-07,1.2851887731812893e-13,8649262.463378906,723777075.1,361848721.10224324,361832211.14796805,104.68890380859375,100.10280539878282,1.485894061629874e-14,False,0
46,89,HydroCHN_00098,,4,"reservoir_independent_hourly_transition[46,3]",1.2831151252612472e-07,1.2831151252612473e-13,49108292.138671875,797565829.1000001,398849356.74242425,398809085.0203943,576.9254760742188,565.7388866214263,2.6128278329003784e-15,False,0
193,291,HydroCHN_00426,Liuping hydroelectric plant,3,"reservoir_independent_hourly_transition[193,2]",1.2570308172143996e-07,1.2570308172143996e-13,724624.0425109864,511534.97399999993,238310.15577553867,211694.74592520273,7.393169403076172,1.701602455106651e-10,1.734735177787509e-13,False,0
68,124,HydroCHN_00144,Kajiwa hydroelectric plant,20,"reservoir_independent_hourly_transition[68,19]",1.254584844900819e-07,1.254584844900819e-13,10068.508172035217,280600000.0,140300376.71601805,140300748.48320198,0.11239337921142578,0.2156620413792656,1.2460483951191164e-11,False,0
192,289,HydroCHN_00422,Shuozhong hydroelectric plant,9,"reservoir_independent_hourly_transition[192,8]",1.2409805094648618e-07,1.2409805094648618e-13,14509.192353487015,1899973.609,947893.2459369843,946981.2393009532,0.562104269862175,0.3087690932213443,8.553064010944863e-12,False,0
341,465,HydroCHN_01050,Chengbihe hydroelectric plant,9,"reservoir_independent_hourly_transition[341,8]",1.1933661880902946e-07,1.1933661880902946e-13,411639.2063140869,531428261.79999995,265744572.61524212,265773098.9180783,5.102695465087891,13.026668475104668,2.89905861683092e-13,False,0
311,435,HydroCHN_00880,Kongtou hydroelectric plant,1,"reservoir_independent_hourly_transition[311,0]",1.1823703971458599e-07,1.18237039714586e-13,28633.179473876953,15519586.41,7749623.4235955635,7745213.058300163,1.2251014709472656,3.5430609834595314e-11,4.129371655091875e-12,False,0
283,404,HydroCHN_00766,Mingtai hydroelectric plant,19,"reservoir_independent_hourly_transition[283,18]",1.176958903670311e-07,1.176958903670311e-13,1839820.687866211,10675594.29,5463242.562649024,5534201.67836246,20.281036376953125,39.99190185287492,6.397139196403566e-14,False,0
42,81,HydroCHN_00090,,7,"reservoir_independent_hourly_transition[42,6]",1.1694464774336666e-07,1.1694464774336666e-13,10317872.398141561,867433406.6999999,433810869.6295494,433805336.12383366,120.87686656480278,119.3397816437348,1.1334182400281529e-14,False,0
59,109,HydroCHN_00123,Mianhuatan hydroelectric plant,22,"reservoir_independent_hourly_transition[59,21]",1.1391239240765572e-07,1.1391239240765571e-13,982586.6729736328,957041162.0,478119347.01404786,478327440.989781,9.915571212768555,67.71945336083718,1.1593113924791904e-13,False,0
47,90,HydroCHN_00099,,7,"reservoir_independent_hourly_transition[47,6]",1.1293741408735514e-07,1.1293741408735513e-13,1666869.8181152344,815013431.6,407528094.5722118,407521349.61093444,21.16754150390625,19.29394114911382,6.775418983532614e-14,False,0
13,27,HydroCHN_00030,,6,"reservoir_independent_hourly_transition[13,5]",1.1284510037512518e-07,1.1284510037512519e-13,181393.53504180908,557294239.1,278633518.3100972,278631983.9094031,2.525669813156128,2.0994473980881567,6.221010045871575e-13,False,0
98,172,HydroCHN_00223,Biedieli hydroelectric plant,3,"reservoir_independent_hourly_transition[98,2]",1.094649633159861e-07,1.094649633159861e-13,350533.1359863281,884146.1349999999,478493.5753199234,463720.82318831445,4.103542327880859,6.907018696968019e-08,3.122813568194465e-13,False,0
264,377,HydroCHN_00673,Mangtangxi hydroelectric plant,19,"reservoir_independent_hourly_transition[264,18]",1.0663643479347229e-07,1.066364347934723e-13,371678.1784057617,71954446.07000001,35983165.58287322,36123731.14572894,2.273082733154297,41.31907241526927,2.869052879318008e-13,False,0
103,178,HydroCHN_00233,Qiaoqi hydroelectric plant,3,"reservoir_independent_hourly_transition[103,2]",1.0631993063725531e-07,1.0631993063725531e-13,435269.8917388916,99701585.4,49873215.170107305,49862848.90862526,2.879517078399658,2.427679896377851e-11,2.4426208349148624e-13,False,0
15,29,HydroCHN_00032,,22,"reservoir_independent_hourly_transition[15,21]",1.0616713552735746e-07,1.0616713552735746e-13,7820919.665528295,696970516.8000001,348437590.5009818,348447101.4160871,88.14502934367471,90.78695020628288,1.3574763591461335e-14,False,0
39,77,HydroCHN_00086,,16,"reservoir_independent_hourly_transition[39,15]",1.061106189581551e-07,1.061106189581551e-13,142357.1662902832,938044256.0,469023802.9400951,469023911.59379905,1.6267452239990234,1.656926808393991,7.453830511193438e-13,False,0
18,33,HydroCHN_00039,,20,"reservoir_independent_hourly_transition[18,19]",1.0470830602571368e-07,1.0470830602571368e-13,46570982.958984375,824000000.0,411915849.7904651,411946923.7951881,530.1631774902344,538.7948454688199,2.248359372571791e-15,False,0
30,61,HydroCHN_00067,,12,"reservoir_independent_hourly_transition[30,11]",1.0320218279957771e-07,1.0320218279957772e-13,7910816.748046875,996703695.0,497847893.4392966,497523657.62991214,91.29953002929688,1.2340274224723022,1.3045705151122051e-14,False,0
235,343,HydroCHN_00553,Dahekou hydroelectric plant,21,"reservoir_independent_hourly_transition[235,20]",1.0076928447233513e-07,1.0076928447233514e-13,302543.9895629883,7703358.344,3864283.0953238434,3857920.5693840254,1.7673683166503906,6.286329199096854e-12,3.3307316604733086e-13,False,0
176,272,HydroCHN_00390,Egongbao hydroelectric plant,7,"reservoir_independent_hourly_transition[176,6]",9.818541002459824e-08,9.818541002459824e-14,1255862.9196166992,379524.431,196401.2312696296,216697.4873511796,14.955461502075195,20.59331041358958,7.818162993025172e-14,False,0
138,226,HydroCHN_00310,Shapai hydroelectric plant,23,"reservoir_independent_hourly_transition[138,22]",9.660288924351335e-08,9.660288924351335e-14,2879537.3931884766,580000.0000000001,160882.67692028653,221442.06700529458,34.25208282470703,51.07413562612499,3.3548058612479466e-14,False,0
198,296,HydroCHN_00432,Baihuatan hydroelectric plant,6,"reservoir_independent_hourly_transition[198,5]",9.479481377638876e-08,9.479481377638877e-14,366073.8168569711,12312205.219999999,6163285.57112946,6172522.534968163,5.34441669170673,7.910239980209009,2.589499969986274e-13,False,0
112,188,HydroCHN_00249,Longjiang hydroelectric plant,5,"reservoir_independent_hourly_transition[112,4]",9.31204340304248e-08,9.312043403042481e-14,521984.9281311035,572343535.0,286141935.56818193,286147562.67662627,6.753166198730469,8.316251877686012,1.783967869797121e-13,False,0
174,270,HydroCHN_00386,Yaoheba hydroelectric plant,3,"reservoir_independent_hourly_transition[174,2]",9.146060619968921e-08,9.146060619968921e-14,207876.753616333,763281.4770000001,387745.63753554394,378897.1621747341,2.4579098224639893,4.222146961103231e-11,4.3997515166363024e-13,False,0
248,360,HydroCHN_00616,Shangyoujiang hydroelectric plant,1,"reservoir_independent_hourly_transition[248,0]",9.029833959067458e-08,9.029833959067458e-14,10250.34419468471,386672846.8000001,193358602.2037474,193358602.20374775,0.0,7.425820251713032e-11,8.809298290441657e-12,False,0
104,179,HydroCHN_00234,Guidufu hydroelectric plant,23,"reservoir_independent_hourly_transition[104,22]",8.99526639841497e-08,8.99526639841497e-14,764115.9027099609,264460596.20000005,132302927.99819937,132298584.56145129,17.844684600830078,16.638174393003034,1.1772123007141947e-13,False,0
107,182,HydroCHN_00240,Yele hydroelectric plant,3,"reservoir_independent_hourly_transition[107,2]",8.929407613322837e-08,8.929407613322837e-14,203517.14322566986,263000000.0,131483037.25651735,131482237.22201835,0.22223180532455444,2.0727407303396237e-11,4.387545673939354e-13,False,0
424,558,HydroCHN_01795,,1,"reservoir_independent_hourly_transition[424,0]",8.879032975528389e-08,8.87903297552839e-14,7669661.1328125,615517723.0,307725842.5511943,307710604.9492646,92.94499715169272,88.71232994896688,1.1576825653407202e-14,False,0
69,126,HydroCHN_00146,Jiangpinghe hydroelectric plant,17,"reservoir_independent_hourly_transition[69,16]",8.482493285555393e-08,8.482493285555393e-14,127591.08810424805,642416819.1,321252989.83067065,321244695.31087786,2.3040332794189453,3.666068185926645e-09,6.648186336199898e-13,False,0
130,217,HydroCHN_00296,Liuhong hydroelectric plant,19,"reservoir_independent_hourly_transition[130,18]",8.435426934738643e-08,8.435426934738643e-14,427581.0293197632,305688.823,161653.2504090374,163605.29909018567,5.859644412994385,6.401880157781225,1.9728253491878552e-13,False,0
34,69,HydroCHN_00078,,14,"reservoir_independent_hourly_transition[34,13]",8.146503205352928e-08,8.146503205352929e-14,3867403.4707712573,986356942.9999998,493192092.2444539,493191067.18745834,45.05051155977471,44.7657735054269,2.1064528867809883e-14,False,0
95,168,HydroCHN_00215,Wawushan hydroelectric plant,18,"reservoir_independent_hourly_transition[95,17]",7.741482477285899e-08,7.741482477285899e-14,88447.45135951688,274649650.3,137330140.5329519,137328167.2018604,2.4052942765725627,1.857146751136234,8.752634879007083e-13,False,0
331,455,HydroCHN_00983,Luogu hydroelectric plant,8,"reservoir_independent_hourly_transition[331,7]",7.702692528255284e-08,7.702692528255284e-14,101721.81301116943,102993618.9,51496701.60721673,51499995.44250444,1.2670753002166748,2.182029546782088,7.572311483879568e-13,False,0
111,187,HydroCHN_00248,Jiniu hydroelectric plant,3,"reservoir_independent_hourly_transition[111,2]",7.624112186022103e-08,7.624112186022103e-14,319286.8137359619,928823.732,460625.3415007414,454669.35776663705,1.654439926147461,2.85508644839966e-11,2.3878568916807677e-13,False,0
166,261,HydroCHN_00371,Bashan hydroelectric plant,8,"reservoir_independent_hourly_transition[166,7]",7.52343112253584e-08,7.52343112253584e-14,13438.070366181524,150492959.1,75234629.78917885,75240473.52618825,0.1783390504768096,1.8015993308882885,5.598594826136224e-12,False,0
153,244,HydroCHN_00340,Longshou 2 hydroelectric plant,22,"reservoir_independent_hourly_transition[153,21]",7.299240678548813e-08,7.299240678548812e-14,600631.0901641846,42984551.44,21478014.077063374,21766026.329164896,6.932493209838867,86.93589657135246,1.2152618800591125e-13,False,0
223,329,HydroCHN_00509,Amojiang Sanjiangkou hydroelectric plant,19,"reservoir_independent_hourly_transition[223,18]",6.93617039360106e-08,6.93617039360106e-14,1621149.0325927734,39748952.82,20031768.083929677,20070894.90600187,13.609905242919922,24.47846692962094,4.278551974032729e-14,False,0
117,195,HydroCHN_00262,Guolangqiao hydroelectric plant,3,"reservoir_independent_hourly_transition[117,2]",6.853588274680078e-08,6.853588274680079e-14,466241.96657927136,347142934.7999999,173538001.24082965,173515899.58777264,6.139348071554433,1.8208615534235454e-10,1.4699638312191312e-13,False,0
208,311,HydroCHN_00465,Maotan hydroelectric plant,19,"reservoir_independent_hourly_transition[208,18]",6.835762178525329e-08,6.835762178525329e-14,1426183.4564208984,14108714.91,7150419.585260718,7209306.153571968,14.281929016113281,30.63930910255258,4.7930454863640935e-14,False,0
200,299,HydroCHN_00437,Wuyiqiao hydroelectric plant,11,"reservoir_independent_hourly_transition[200,10]",6.686241249553859e-08,6.686241249553859e-14,438679.5464255593,425925557.2,212937744.08135295,212918703.55295143,5.2890356670726435,1.2642092466434611e-12,1.5241743783211613e-13,False,0
131,218,HydroCHN_00299,Tianlonghu hydroelectric plant,19,"reservoir_independent_hourly_transition[131,18]",6.570007826667279e-08,6.570007826667279e-14,261452.4046325684,7520000.0,3782093.282890808,3789503.2622492304,3.641976928710937,5.700304528254512,2.512888659754507e-13,False,0
6,17,HydroCHN_00020,,12,"reservoir_independent_hourly_transition[6,11]",6.412301445379853e-08,6.412301445379853e-14,51782009.326171875,429375223.9,214792427.3792019,214798856.89590412,597.56689453125,599.3528713929641,1.2383261153481198e-15,False,0
109,185,HydroCHN_00244,Husong River hydroelectric plant,1,"reservoir_independent_hourly_transition[109,0]",5.72320004721405e-08,5.72320004721405e-14,37251.27764940262,29853693.820000004,14927098.289457902,14927678.349164788,0.44036346673965454,0.6014911631125989,1.5363768462061944e-12,False,0
215,320,HydroCHN_00487,Jiangkou hydroelectric plant,7,"reservoir_independent_hourly_transition[215,6]",5.5995769798755646e-08,5.5995769798755644e-14,561696.6110229492,272768488.40000004,136280622.51859277,136662386.44406277,8.063739776611328,114.10927462940315,9.969041774487016e-14,False,0
280,401,HydroCHN_00759,Yanzhou hydroelectric plant,14,"reservoir_independent_hourly_transition[280,13]",5.547190085053444e-08,5.547190085053444e-14,3621077.8747558594,363075419.2,181798839.26957312,181647627.73392856,42.003204345703125,7.123633705215441e-12,1.531916815080219e-14,False,0
238,346,HydroCHN_00559,Duonuo hydroelectric plant,3,"reservoir_independent_hourly_transition[238,2]",5.5306372814811766e-08,5.530637281481177e-14,351403.5209655762,215713376.1,107836308.4360897,107821691.75823388,4.060188293457031,1.892096492022067e-10,1.5738707643805776e-13,False,0
87,154,HydroCHN_00194,,23,"reservoir_independent_hourly_transition[87,22]",5.23286871612072e-08,5.2328687161207196e-14,672966.5954589844,443483938.79999995,221428817.064843,221724137.01723126,7.440324783325195,89.47364489115976,7.775822383207207e-14,False,0
121,201,HydroCHN_00273,Sinanjiang hydroelectric plant,3,"reservoir_independent_hourly_transition[121,2]",5.1536176215449814e-08,5.1536176215449817e-14,703405.3298950195,127448724.7,63693238.99650795,63692277.94214875,12.173088073730469,11.906128529523224,7.326668426459234e-14,False,0
250,362,HydroCHN_00621,Weiyuan River Jinggu County Simao District hydroelectric plant,1,"reservoir_independent_hourly_transition[250,0]",5.016772774979472e-08,5.016772774979472e-14,384215.5700683594,128859596.2,64499625.74983783,64522765.94829368,0.0,6.427832904388231,1.3057182388748303e-13,False,0
224,331,HydroCHN_00520,Niangyong hydroelectric plant,3,"reservoir_independent_hourly_transition[224,2]",4.941057341056876e-08,4.941057341056876e-14,191618.83850097656,564348.597,283530.02860226005,281991.9529648492,0.4272432327270508,9.919770414094825e-11,2.578586416508153e-13,False,0
83,149,HydroCHN_00185,Xunyang hydroelectric plant,16,"reservoir_independent_hourly_transition[83,15]",4.787125362781808e-08,4.787125362781808e-14,56616.1536663885,152844411.6,76444175.27013975,76441875.06898461,0.6389447952590182,2.992877721861669e-08,8.455405485490966e-13,False,0
133,220,HydroCHN_00301,Pingtou hydroelectric plant,19,"reservoir_independent_hourly_transition[133,18]",4.7308276407420635e-08,4.7308276407420635e-14,386278.3493041992,292003.37,179660.74304521596,161552.92398672714,5.570834159851074,0.5408844213950987,1.224719855322897e-13,False,0
183,280,HydroCHN_00402,Dukouba hydroelectric plant,3,"reservoir_independent_hourly_transition[183,2]",4.482944859773852e-08,4.482944859773852e-14,115282.12795257568,46342425.59,23211881.948729847,23209885.99726802,0.5544309616088867,3.1393613746721986e-12,3.8886728926603686e-13,False,0
162,255,HydroCHN_00358,Xiaoqi hydroelectric plant,14,"reservoir_independent_hourly_transition[162,13]",4.4819898903369904e-08,4.48198989033699e-14,465844.05670166016,454792508.8,227511334.54206884,227490909.8594517,5.67352294921875,4.107287820377017e-12,9.621223724675282e-14,False,0
149,238,HydroCHN_00332,,1,"reservoir_independent_hourly_transition[149,0]",4.430876288097352e-08,4.4308762880973516e-14,229349.25384521484,651000.0,341724.852541256,354513.47045244806,0.0,3.552393864232326,1.931934032402695e-13,False,0
144,233,HydroCHN_00320,Muxingtu hydroelectric plant,7,"reservoir_independent_hourly_transition[144,6]",4.208959580864757e-08,4.208959580864757e-14,19119.156646728516,1147508.8129999998,577434.3066607473,578278.8303259589,0.14968299865722656,0.3842729056487653,2.201435794807902e-12,False,0
242,351,HydroCHN_00580,Hemianshi hydroelectric plant,18,"reservoir_independent_hourly_transition[242,17]",4.2058672988787293e-08,4.2058672988787294e-14,866186.540222168,141087149.1,70897058.10406634,70890138.26215926,11.768619537353516,9.846441229841869,4.8556137778358546e-14,False,0
196,294,HydroCHN_00429,Dengke hydroelectric plant,0,reservoir_independent_cyclic_first_hour[196],4.13765519624576e-08,4.13765519624576e-14,300820.03898620605,25039206.650000002,12530183.264296148,12536560.484869452,3.1609816551208496,4.932431814360529,1.3754586330718112e-13,False,0
169,265,HydroCHN_00381,,23,"reservoir_independent_hourly_transition[169,22]",3.905370249412954e-08,3.905370249412954e-14,653277.4163887982,329203.3479999999,150276.9432129523,158986.68019979124,8.148607609389854,10.567978994612048,5.978119174853998e-14,False,0
253,365,HydroCHN_00630,Hubei Fang County Sanliping hydroelectric plant,4,"reservoir_independent_hourly_transition[253,3]",3.897207534464542e-08,3.897207534464542e-14,67971.70379685193,234674958.10000002,117345346.7664402,117344063.95279826,0.3563371228008736,3.0162764477356524e-11,5.733573408888183e-13,False,0
185,282,HydroCHN_00409,Shiti hydroelectric plant,8,"reservoir_independent_hourly_transition[185,7]",3.864988684654236e-08,3.864988684654236e-14,792818.0694580078,46365940.120000005,22834386.85627839,23145434.024053194,9.960735321044922,96.3627263696123,4.875000751807345e-14,False,0
195,293,HydroCHN_00428,Lazhai hydroelectric plant,2,"reservoir_independent_hourly_transition[195,1]",3.82351572625339e-08,3.8235157262533904e-14,300820.03898620605,28170400.78,14083751.171365373,14089246.25324986,3.1609816551208496,4.687393289711082,1.271030925711939e-13,False,0
221,327,HydroCHN_00504,Taipingwan hydroelectric plant,21,"reservoir_independent_hourly_transition[221,20]",3.690388439281378e-08,3.690388439281378e-14,41896.84295654297,240292146.1,120158150.99188024,120156459.08712305,0.4699735641479492,2.049520853399742e-08,8.808273318133282e-13,False,0
202,302,HydroCHN_00441,Hubei Eping hydroelectric plant,20,"reservoir_independent_hourly_transition[202,19]",3.593595465645194e-08,3.593595465645194e-14,102721.45439546501,142356933.5,71135595.89731932,71194124.72505231,1.4026397733546014,17.660647476974347,3.4983884202128717e-13,False,0
173,269,HydroCHN_00385,,1,"reservoir_independent_hourly_transition[173,0]",3.5564880818128586e-08,3.5564880818128586e-14,1096876.2035584184,175888645.9,87437851.92371297,87758065.44977313,13.307595756616486,102.2557974399855,3.2423787390729403e-14,False,0
156,249,HydroCHN_00349,Se'ergu hydroelectric plant,19,"reservoir_independent_hourly_transition[156,18]",3.532659320626408e-08,3.532659320626408e-14,431773.3451843262,2080565.1590000002,1076341.8656626444,1087013.032999944,6.575197696685791,9.539410845945481,8.181744797419809e-14,False,0
267,380,HydroCHN_00682,Xiaojin Yangjiawan hydroelectric plant,3,"reservoir_independent_hourly_transition[267,2]",3.511559043545276e-08,3.511559043545276e-14,413585.7639312744,207999.9999999999,110071.09875008315,98195.90801557712,3.298664093017578,1.0899022378738443e-10,8.490522038686013e-14,False,0
147,236,HydroCHN_00328,,1,"reservoir_independent_hourly_transition[147,0]",3.504101186990738e-08,3.504101186990738e-14,3797892.2790527344,135913953.70000002,68424870.62424845,68584767.61027618,45.42906188964844,89.84489134178662,9.226436479827508e-15,False,0
254,366,HydroCHN_00639,Zhongliang Stage 1 hydroelectric plant,17,"reservoir_independent_hourly_transition[254,16]",3.428817763051484e-08,3.4288177630514836e-14,32144.037437438965,94058099.4,47026478.3071997,47025192.214155406,0.35724806785583496,5.385315606354074e-12,1.0667041343903656e-12,False,0
243,352,HydroCHN_00582,Jinping hydroelectric plant,1,"reservoir_independent_hourly_transition[243,0]",3.415880200918764e-08,3.415880200918764e-14,99521.45962715149,423487674.2,211731543.7273133,211736918.88134116,0.0,1.4930983410787764,3.432305166861562e-13,False,0
106,181,HydroCHN_00239,Longtoushan hydroelectric plant,3,"reservoir_independent_hourly_transition[106,2]",3.41096892952919e-08,3.41096892952919e-14,2681106.591796875,114750881.3,56849626.78189904,56685749.21842284,45.52154541015625,8.986129409616762e-11,1.2722242897635644e-14,False,0
115,191,HydroCHN_00254,,16,"reservoir_independent_hourly_transition[115,15]",3.367676981724799e-08,3.3676769817247985e-14,543229.1564941406,193759684.8,97077567.55167337,97055133.38728732,6.231712341308594,1.1841208183556684e-08,6.199367139015344e-14,False,0
218,324,HydroCHN_00493,Pangduo hydroelectric plant,14,"reservoir_independent_hourly_transition[218,13]",3.354944055899978e-08,3.3549440558999774e-14,1584101.3626098633,105345071.39999999,52665434.80296443,52603125.41604819,18.297670364379883,0.9895073321016769,2.1178847105923752e-14,False,0
172,268,HydroCHN_00384,Jinggangshan hydroelectric plant,11,"reservoir_independent_hourly_transition[172,10]",3.347849997226149e-08,3.347849997226149e-14,155118.98803710938,138735696.70000002,69371432.94292226,69365447.26176998,1.662689208984375,7.2572697360409104e-12,2.158246414310824e-13,False,0
481,619,HydroCHN_01987,Bala hydroelectric plant,9,"reservoir_independent_hourly_transition[481,8]",3.336754161864519e-08,3.336754161864519e-14,654026.7438790242,285915.07399999996,45109.43799784931,94713.9593788105,7.32002726906524,21.099060985989635,5.10186195456515e-14,False,0
101,175,HydroCHN_00226,Maoergai hydroelectric plant,7,"reservoir_independent_hourly_transition[101,6]",3.188779373886064e-08,3.188779373886064e-14,132546.32720947266,113000000.0,56494437.7820494,56499226.063856885,1.5460643768310547,2.8761426566783754,2.405784785606773e-13,False,0
35,70,HydroCHN_00079,,4,"reservoir_independent_hourly_transition[35,3]",3.10928953695111e-08,3.10928953695111e-14,167195.79076766968,7853851.302999999,3925821.4979712893,3931284.290675803,0.41740870475769043,1.934851122669543,1.859669745676604e-13,False,0
312,436,HydroCHN_00883,Daao hydroelectric plant,7,"reservoir_independent_hourly_transition[312,6]",3.099964014261977e-08,3.0999640142619774e-14,18145.751667022705,129659090.09999998,64830737.8267795,64830737.82684232,0.0,1.7442304431421974e-08,1.7083690282699703e-12,False,0
265,378,HydroCHN_00678,Julongtan hydroelectric plant,12,"reservoir_independent_hourly_transition[265,11]",3.02025000564754e-08,3.02025000564754e-14,1253658.952331543,34613380.58999999,17522444.704124317,17468454.694816533,14.997224807739258,1.3340823925735217e-11,2.4091480382527545e-14,False,0
12,26,HydroCHN_00029,,10,"reservoir_independent_hourly_transition[12,9]",3.015520633198321e-08,3.0155206331983207e-14,49250373.046875,389870822.1,195049493.0758659,195042585.66744268,572.14599609375,570.2272715317374,6.122838156633333e-16,False,0
268,381,HydroCHN_00685,Longqiao hydroelectric plant,1,"reservoir_independent_hourly_transition[268,0]",2.944551624750602e-08,2.944551624750602e-14,23672.56007194519,12227552.93,6112690.486969787,6112475.277676982,0.05978035926818848,1.4755852413180845e-10,1.2438669986691669e-12,False,0
262,375,HydroCHN_00667,Zhangwo hydroelectric plant,3,"reservoir_independent_hourly_transition[262,2]",2.763044903986156e-08,2.763044903986156e-14,258501.64031982422,920000.0,441727.3708476642,427143.514647709,4.0510711669921875,3.4563595048788577e-10,1.0688693892107039e-13,False,0
211,316,HydroCHN_00477,Saizhu hydroelectric plant,9,"reservoir_independent_hourly_transition[211,8]",2.716478775255382e-08,2.716478775255382e-14,1162285.961151123,785385.1299999999,240802.2282570074,266622.01051349536,13.72756830851237,20.899730046418146,2.337186257128145e-14,False,0
113,189,HydroCHN_00251,Wachun hydroelectric plant,8,"reservoir_independent_hourly_transition[113,7]",2.62516550719738e-08,2.62516550719738e-14,1564527.6397705078,225000000.0,112638089.97304238,112571189.93642238,18.583343505859375,2.94871923384974e-10,1.677928494495918e-14,False,0
302,423,HydroCHN_00833,Xiakou hydroelectric plant,3,"reservoir_independent_hourly_transition[302,2]",2.6175257517024875e-08,2.6175257517024875e-14,161578.93352508545,64900088.61,32444832.480710424,32438579.633086752,1.736902117729187,3.515610131781693e-11,1.6199672163921737e-13,False,0
259,371,HydroCHN_00649,Luoyuan Huokou hydroelectric plant,18,"reservoir_independent_hourly_transition[259,17]",2.609583305002161e-08,2.609583305002161e-14,7625.493526458739,82420000.0,41212336.822472975,41212265.69848739,0.019756688012017142,2.5357849319925697e-08,3.4221828343929435e-12,False,0
206,307,HydroCHN_00459,Dayingjiang I hydroelectric plant,11,"reservoir_independent_hourly_transition[206,10]",2.5604094844311476e-08,2.5604094844311476e-14,853263.549041748,606674.741,217830.91607456558,182003.86491224068,9.951958656311035,1.0256009365786594e-10,3.000725259278447e-14,False,0
278,396,HydroCHN_00746,Mengli hydroelectric plant,8,"reservoir_independent_hourly_transition[278,7]",2.4578184820711613e-08,2.4578184820711612e-14,1800216.9250488281,85122579.99000001,42335590.770305224,42261378.04142346,20.614646911621094,1.3870673600400392e-11,1.3652901757961734e-14,False,0
181,278,HydroCHN_00399,Xiaoyantou hydroelectric plant,11,"reservoir_independent_hourly_transition[181,10]",2.451179170748219e-08,2.4511791707482188e-14,86875.19838809967,1646016.74,812453.6961742358,809010.8116103179,0.9563568234443665,1.4065413632720102e-10,2.821494760562165e-13,False,0
55,102,HydroCHN_00114,Dagu hydroelectric plant,9,"reservoir_independent_hourly_transition[55,8]",2.3923348635435104e-08,2.3923348635435105e-14,8877131.982421875,25997658.68,11486623.668022089,11788605.296483146,103.35174560546875,187.23553128910243,2.694941190781788e-15,False,0
301,422,HydroCHN_00830,Yangliutan hydroelectric plant,8,"reservoir_independent_hourly_transition[301,7]",2.3171196517068893e-08,2.3171196517068892e-14,200204.0771484375,10816681.43,5389241.11930922,5391418.386719109,2.6480369567871094,3.2528334595273662,1.157378852973561e-13,False,0
79,145,HydroCHN_00176,Tanguanyao hydroelectric plant,14,"reservoir_independent_hourly_transition[79,13]",2.3166649043560028e-08,2.316664904356003e-14,18228013.110351562,106755942.89999999,53738507.32668531,53102293.48286618,210.2403564453125,33.51428871778382,1.2709366019933268e-15,False,0
285,406,HydroCHN_00772,Yongkou hydroelectric plant,13,"reservoir_independent_hourly_transition[285,12]",2.301372603596974e-08,2.301372603596974e-14,10937.281090021133,5040000.000000003,2522415.1008104617,2522314.603964032,0.027915790677070618,8.591657850349628e-12,2.1041542085781094e-12,False,0
125,206,HydroCHN_00279,Hongkou hydroelectric plant,22,"reservoir_independent_hourly_transition[125,21]",2.287561073899269e-08,2.2875610738992692e-14,334737.8002166748,211160433.2,105438244.9774127,105539120.72164887,2.96535587310791,30.98639593870468,6.833889308045096e-14,False,0
141,229,HydroCHN_00313,Wanjiakouzi hydroelectric plant,20,"reservoir_independent_hourly_transition[141,19]",2.1902451408095658e-08,2.1902451408095657e-14,429661.02447509766,169000000.0,84566535.47171688,84568656.79654813,6.2678070068359375,6.857063904410724,5.0976118755135264e-14,False,0
349,476,HydroCHN_01154,Yongxi Stage 3 hydroelectric plant,21,"reservoir_independent_hourly_transition[349,20]",2.15986801777035e-08,2.1598680177703498e-14,250989.63890075684,16460167.4,8210011.687687253,8197671.033864126,3.427959442138672,4.6819605975197795e-08,8.605407088634355e-14,False,0
294,415,HydroCHN_00802,Chengguan hydroelectric plant,2,"reservoir_independent_hourly_transition[294,1]",2.1071514311188366e-08,2.1071514311188368e-14,6301.462340354919,1320000.0000000005,661859.7453080551,661346.7158639018,0.14250817894935608,1.2029492688192852e-11,3.343908631532272e-12,False,0
92,161,HydroCHN_00203,Shuanggou hydroelectric plant,9,"reservoir_independent_hourly_transition[92,8]",2.1000282401928416e-08,2.1000282401928416e-14,146256.31713867188,182472712.9,91238745.77903877,91238721.29094993,1.6982841491699219,1.6914819022623644,1.4358547249632405e-13,False,0
300,421,HydroCHN_00827,Baishuiyu hydroelectric plant,0,reservoir_independent_cyclic_first_hour[300],2.026899892371148e-08,2.026899892371148e-14,138389.87274169922,69602993.58,34790904.39355177,34801034.82757051,0.7396373748779297,3.5536468245239714,1.4646302162256475e-13,False,0
369,499,HydroCHN_01454,Guangxi Baise Tianlin Dongba hydroelectric plant,20,"reservoir_independent_hourly_transition[369,19]",2.011074684560299e-08,2.011074684560299e-14,1600191.9387817383,3539718.8239999996,1399098.4443339864,1479904.5943917157,17.197858810424805,39.64401160423292,1.2567709134264073e-14,False,0
140,228,HydroCHN_00312,Nongling hydroelectric plant,19,"reservoir_independent_hourly_transition[140,18]",1.984426489798352e-08,1.9844264897983523e-14,494597.9072570801,120000000.0,60056645.98327678,60063540.98089723,6.040470123291016,7.955747240089839,4.012201549342373e-14,False,0
246,356,HydroCHN_00604,Shaanxi Yang hydroelectric plant,18,"reservoir_independent_hourly_transition[246,17]",1.979060471057892e-08,1.979060471057892e-14,563484.9655151367,89355194.5,44931645.58710561,44909657.16910848,6.107893943786621,5.57006570421917e-08,3.5121797247041705e-14,False,0
187,284,HydroCHN_00414,Puxiqiao hydroelectric plant,3,"reservoir_independent_hourly_transition[187,2]",1.9375875126570463e-08,1.9375875126570463e-14,610250.7568359375,116161752.8,58079405.0514421,58113336.916344255,0.836944580078125,10.262462608448745,3.175067774931012e-14,False,0
319,443,HydroCHN_00919,Yemao hydroelectric plant,17,"reservoir_independent_hourly_transition[319,16]",1.9354047253727913e-08,1.9354047253727913e-14,903021.2951660156,50321083.199999996,25522754.665711373,25486385.717442174,10.102485656738281,2.6410439516307785e-08,2.1432548000066572e-14,False,0
469,605,HydroCHN_01843,,11,"reservoir_independent_hourly_transition[469,10]",1.8882246877183206e-08,1.8882246877183205e-14,9001891.213989258,134739789.8,67411991.79563022,67410168.95406483,104.74582290649414,104.23947802721516,2.0975866546620256e-15,False,0
41,79,HydroCHN_00088,,14,"reservoir_independent_hourly_transition[41,13]",1.881186051377881e-08,1.881186051377881e-14,63004.703521728516,86000000.0,43002919.15701587,43002974.89768633,0.7281017303466797,0.7435852499254977,2.9857866892891796e-13,False,0
303,425,HydroCHN_00838,Hubei Shiyan Zhuxi Baishahe hydroelectric plant,18,"reservoir_independent_hourly_transition[303,17]",1.869034349510912e-08,1.8690343495109118e-14,47814.458656311035,116161752.8,58086316.34427898,58088070.04068838,0.7284417152404785,1.215579606736475,3.9089313191758116e-13,False,0
65,118,HydroCHN_00135,Zangmu hydroelectric plant,3,"reservoir_independent_hourly_transition[65,2]",1.853914000093937e-08,1.853914000093937e-14,5283249.241901267,40915273.25,20312104.758165896,20398616.019201946,61.92202127390895,85.95292711725091,3.509041340299846e-15,False,0
338,462,HydroCHN_01044,Longyan Wan'anxi hydroelectric plant,20,"reservoir_independent_hourly_transition[338,19]",1.7043930711224675e-08,1.7043930711224675e-14,19249.081993103027,3389634.844,1690030.4108856032,1695545.1143593981,0.20849430561065674,1.7403563816695502,8.85441223499985e-13,False,0
94,167,HydroCHN_00211,Hanpingzui hydroelectric plant,0,reservoir_independent_cyclic_first_hour[94],1.7036654753610492e-08,1.703665475361049e-14,840498.0606079102,126037853.2,62758988.861839,62736639.66066192,9.96829605102539,3.7601846129535934,2.0269713342691508e-14,False,0
284,405,HydroCHN_00770,Watuo hydroelectric plant,23,"reservoir_independent_hourly_transition[284,22]",1.6727426555007696e-08,1.6727426555007695e-14,353988.61208829016,1170000.0,607532.6169897056,614694.5386702813,4.120871803977273,6.110294493021433,4.725413751681825e-14,False,0
97,171,HydroCHN_00220,,20,"reservoir_independent_hourly_transition[97,19]",1.6078047337941825e-08,1.6078047337941825e-14,254933.45947265625,22103653.37,10999830.066539489,11002828.914701259,3.0022544860839844,3.8352678643579035,6.306762310133846e-14,False,0
344,470,HydroCHN_01070,Zhaolaihe hydroelectric plant,2,"reservoir_independent_hourly_transition[344,1]",1.598118615220301e-08,1.598118615220301e-14,160434.77783203125,4517987.938999999,2253074.9943998833,2250378.009632188,0.7491624355316162,6.510446264373311e-11,9.96117323697401e-14,False,0
292,413,HydroCHN_00793,Wangcun hydroelectric plant,3,"reservoir_independent_hourly_transition[292,2]",1.582520781084895e-08,1.582520781084895e-14,711791.9494628906,217744500.20000002,108781954.11911687,108737726.952369,12.285324096679688,4.5273740595311763e-11,2.2232912050762104e-14,False,0
188,285,HydroCHN_00415,,4,"reservoir_independent_hourly_transition[188,3]",1.5374467920992174e-08,1.5374467920992174e-14,23019.59803197291,220425.15600000002,109583.51610680488,109377.05696243653,0.0573497623592228,3.0411639074617124e-11,6.678860290973767e-13,False,0
179,275,HydroCHN_00395,Lianbu hydroelectric plant,13,"reservoir_independent_hourly_transition[179,12]",1.52995198732242e-08,1.52995198732242e-14,183206.7396640778,940580.994,476645.24168749235,467985.1764181345,2.4055736859639487,2.6956208926830662e-11,8.350959086590879e-14,False,0
222,328,HydroCHN_00506,Muzuo hydroelectric plant,19,"reservoir_independent_hourly_transition[222,18]",1.5282239473890513e-08,1.5282239473890512e-14,143297.44749069214,161779.9309999999,98256.21175950704,102430.82966394624,2.3727385997772217,3.5323546843479083,1.0664697621277007e-13,False,0
16,31,HydroCHN_00034,,7,"reservoir_independent_hourly_transition[16,6]",1.489433998358436e-08,1.4894339983584358e-14,195251.4850616455,86000000.0,42992648.99866478,42995863.33814747,1.396113097667694,2.2889851761878384,7.628285121048817e-14,False,0
76,140,HydroCHN_00169,Jiacha hydroelectric plant,23,"reservoir_independent_hourly_transition[76,22]",1.446460373699665e-08,1.4464603736996652e-14,3729352.4060479524,13577286.65,6944142.85035534,7054521.748369925,42.30464961610991,72.96545462015716,3.878583239690399e-15,False,0
321,445,HydroCHN_00924,Douyan hydroelectric plant,19,"reservoir_independent_hourly_transition[321,18]",1.4028046280145645e-08,1.4028046280145645e-14,253605.93338012695,46182526.82,23112348.68899464,23193496.101118598,2.776519775390625,25.317467587597704,5.531434573779933e-14,False,0
180,277,HydroCHN_00398,,22,"reservoir_independent_hourly_transition[180,21]",1.386797521263361e-08,1.386797521263361e-14,111149.18975830078,7054357.457,3492529.178554405,3522827.2597238356,1.9844093322753906,10.400542990454419,1.2476901759509165e-13,False,0
417,551,HydroCHN_01788,,2,"reservoir_independent_hourly_transition[417,1]",1.3729732017964125e-08,1.3729732017964125e-14,19472761.560058594,107670673.69999999,53783915.71513762,53748326.27532397,232.93596649169922,223.05001098790342,7.05073698746754e-16,False,0
197,295,HydroCHN_00431,Jisha hydroelectric plant,19,"reservoir_independent_hourly_transition[197,18]",1.3693352229893208e-08,1.3693352229893207e-14,247580.28173446655,1184755.8199999998,635135.5185693193,629990.4304308693,5.800541400909424,4.371350251336193,5.530873514628086e-14,False,0
184,281,HydroCHN_00405,Jiangseba hydroelectric plant,3,"reservoir_independent_hourly_transition[184,2]",1.3405951904132962e-08,1.3405951904132962e-14,619403.7725760457,362593.973,175058.84968944808,153048.57759101814,6.11396447243346,6.436412141905736e-10,2.1643316520948506e-14,False,0
220,326,HydroCHN_00497,Diluo hydroelectric plant,11,"reservoir_independent_hourly_transition[220,10]",1.2941200111526996e-08,1.2941200111526996e-14,174901.4030456543,126978.43400000001,54493.57065272849,47815.56715085878,1.8550009727478027,2.620189996445779e-12,7.399140250549603e-14,False,0
31,63,HydroCHN_00069,,8,"reservoir_independent_hourly_transition[31,7]",1.2699274520855397e-08,1.2699274520855397e-14,19982412.59765625,96000000.0,48025094.73974168,48021369.14419602,232.33883666992188,231.3039490183449,6.35522585613356e-16,False,0
194,292,HydroCHN_00427,,20,"reservoir_independent_hourly_transition[194,19]",1.2266013982298318e-08,1.2266013982298319e-14,14798.155083907279,658406.6959999999,330118.6830760913,330601.2444573215,0.18216488486842106,0.3162097129913252,8.288880548114665e-13,False,0
457,591,HydroCHN_01828,,17,"reservoir_independent_hourly_transition[457,16]",1.2224518286529928e-08,1.2224518286529928e-14,21386493.676757812,122398260.29999998,61228061.42190589,61231787.88158637,245.45614624023438,246.49127392925396,5.715999299041321e-16,False,0
480,618,HydroCHN_01945,Guoduo hydroelectric plant,0,reservoir_independent_cyclic_first_hour[480],1.2165401130914688e-08,1.2165401130914689e-14,3471626.348876953,1182617.353,606998.1322587059,617395.0363829398,41.201866149902344,44.08989507330402,3.504236893135147e-15,False,0
145,234,HydroCHN_00323,,4,"reservoir_independent_hourly_transition[145,3]",1.155422069132328e-08,1.155422069132328e-14,2453795.6451416016,16040000.000000006,7922706.457254803,7961155.843716423,29.050487518310547,39.730872646535175,4.708713504402898e-15,False,0
310,433,HydroCHN_00867,Yucheng hydroelectric plant,21,"reservoir_independent_hourly_transition[310,20]",1.1472605976337036e-08,1.1472605976337036e-14,181.7271575331688,71153.60699999999,35573.758797820534,35580.881198331415,0.0019071605056524277,0.003885605095195252,6.313093833673736e-11,False,0
350,477,HydroCHN_01167,Sichuan Jinhua hydroelectric plant,7,"reservoir_independent_hourly_transition[350,6]",1.11940607894212e-08,1.11940607894212e-14,3014094.6716308594,65158.812,32775.07089908297,38208.67693453346,33.641456604003906,35.15079161385437,3.713904840077351e-15,False,0
286,407,HydroCHN_00774,Daixi hydroelectric plant,17,"reservoir_independent_hourly_transition[286,16]",9.785935617401265e-09,9.785935617401265e-15,34196.22473716736,28193915.300000004,14109896.923517782,14108990.727829544,0.25172102451324463,5.305326010168832e-12,2.8617005802880573e-13,False,0
323,447,HydroCHN_00944,Fujian Jiangle Gaotang hydroelectric plant,20,"reservoir_independent_hourly_transition[323,19]",9.70612745732069e-09,9.70612745732069e-15,152458.33282470703,15049295.91,7491241.8864523,7528082.668880344,0.6088695526123047,10.842420227066505,6.36641322090316e-14,False,0
122,202,HydroCHN_00274,Yunnan Yanjin Hengjiang Wannianqiao hydroelectric plant,22,"reservoir_independent_hourly_transition[122,21]",8.418965080636553e-09,8.418965080636553e-15,9612.264522429436,621000.0,312670.0374816254,311296.6710101269,0.5386332850302419,0.15714259850054046,8.758565747947932e-13,False,0
177,273,HydroCHN_00391,Ziyili hydroelectric plant,9,"reservoir_independent_hourly_transition[177,8]",8.321805466948717e-09,8.321805466948717e-15,20326.50797367096,238907.5729999999,123276.06586476548,123308.29058224523,0.4546721577644348,0.46362346817316546,4.094065482240235e-13,False,0
470,606,HydroCHN_01844,,21,"reservoir_independent_hourly_transition[470,20]",8.10359779279679e-09,8.10359779279679e-15,10439181.68334961,40538883.88000001,20194309.516008973,20203866.764216565,116.27596282958984,118.930753998363,7.76267531172673e-16,False,0
150,239,HydroCHN_00333,Xiaoshan hydroelectric plant,12,"reservoir_independent_hourly_transition[150,11]",7.981341809681908e-09,7.981341809681909e-15,59337.39080429077,50321083.199999996,25160673.53827007,25160676.29585949,0.6852952241897583,0.6860612212482193,1.3450779856509576e-13,False,0
132,219,HydroCHN_00300,Nabang hydroelectric plant,20,"reservoir_independent_hourly_transition[132,19]",7.353492037509568e-09,7.353492037509568e-15,52422.37894535065,230912.63400000002,120701.29437951706,121565.9086390218,0.5908988863229752,0.8310695139611387,1.4027390945335477e-13,False,0
365,494,HydroCHN_01427,Baohu hydroelectric plant,12,"reservoir_independent_hourly_transition[365,11]",7.30506144464016e-09,7.305061444640159e-15,1409261.2426757812,12227552.93,6246351.147746968,6184941.968059503,17.05810546875,7.542281008508789e-12,5.183610549574153e-15,False,0
306,429,HydroCHN_00847,Shangpei hydroelectric plant,20,"reservoir_independent_hourly_transition[306,19]",7.1995600592345e-09,7.1995600592345e-15,85619.01111602783,1601809.433,787357.4017983106,802026.8511217133,1.0092809200286865,5.084127954305219,8.408833465126002e-14,False,0
219,325,HydroCHN_00494,Yinping hydroelectric plant,3,"reservoir_independent_hourly_transition[219,2]",6.937625585123897e-09,6.937625585123897e-15,143297.44749069214,529547.1,258056.9011884262,255961.92171285386,0.5819387435913086,3.748381608640834e-10,4.841416024227877e-14,False,0
126,207,HydroCHN_00281,,11,"reservoir_independent_hourly_transition[126,10]",6.427626431104727e-09,6.427626431104727e-15,1299227.6321411133,13400000.000000006,6700650.42606378,6699059.206024271,14.98507308959961,14.543067523067739,4.947267339528537e-15,False,0
161,254,HydroCHN_00357,Qingxi hydroelectric plant,10,"reservoir_independent_hourly_transition[161,9]",5.73345459997654e-09,5.733454599976539e-15,1246628.3889770508,32355986.199999996,16101577.453358857,16048771.323903313,14.66836929321289,4.617392203175497e-12,4.599168967009692e-15,False,0
471,607,HydroCHN_01845,,4,"reservoir_independent_hourly_transition[471,3]",3.982677299063653e-09,3.982677299063653e-15,4086332.501220703,20836635.69,10418961.476282239,10414566.48259184,47.980316162109375,46.759484581441754,9.746336838409294e-16,False,0
396,530,HydroCHN_01767,,8,"reservoir_independent_hourly_transition[396,7]",3.700733941514045e-09,3.700733941514045e-15,7186804.682034165,25909278.560000002,12977597.053759651,12973136.368233858,83.87936462098686,82.64028530826745,5.149345370085365e-16,False,0
410,544,HydroCHN_01781,,6,"reservoir_independent_hourly_transition[410,5]",3.6816345527768135e-09,3.681634552776814e-15,28561469.08135063,23414086.470000003,11758848.352126695,11739171.572287321,334.6058910035566,329.1401188259537,1.2890214233345432e-16,False,0
436,570,HydroCHN_01807,,14,"reservoir_independent_hourly_transition[436,13]",3.522472979966551e-09,3.522472979966551e-15,4377758.642578125,19570602.85,9795054.702222293,9799080.380004706,50.519317626953125,51.637561455400096,8.046293246290335e-16,False,0
418,552,HydroCHN_01789,,13,"reservoir_independent_hourly_transition[418,12]",3.5070115700364113e-09,3.5070115700364113e-15,25542776.84326172,27141725.140000004,13649203.463010013,13663936.25796602,294.0133972167969,298.1058402601329,1.3729954231509383e-16,False,0
386,520,HydroCHN_01756,,9,"reservoir_independent_hourly_transition[386,8]",3.5051925806328654e-09,3.5051925806328652e-15,21472756.567382812,29536923.130000003,14822975.273158943,14818873.286274882,249.3577880859375,248.2183472848084,1.632390592066444e-16,False,0
446,580,HydroCHN_01817,,19,"reservoir_independent_hourly_transition[446,18]",2.9867806006222963e-09,2.9867806006222964e-15,21282670.568847656,21481773.310000002,10701196.997598663,10716841.49611439,240.59080505371094,244.9364990858565,1.4033861920478031e-16,False,0
142,230,HydroCHN_00314,Lizhou hydroelectric plant,11,"reservoir_independent_hourly_transition[142,10]",2.9860984795959666e-09,2.9860984795959668e-15,43777.87545655903,227620.6009999999,112040.30633032507,110033.5270109861,0.5574386998226768,5.4678380486792e-12,6.821021916787818e-14,False,0
408,542,HydroCHN_01779,,11,"reservoir_independent_hourly_transition[408,10]",2.7184796635992825e-09,2.7184796635992824e-15,16066875.366210938,12572604.090000002,6300810.975094195,6299447.926526187,186.39553833007812,186.0169137278528,1.6919778125100271e-16,False,0
434,568,HydroCHN_01805,,10,"reservoir_independent_hourly_transition[434,9]",2.6047928258776665e-09,2.6047928258776663e-15,12180762.051078178,8384748.48,4234676.776594267,4235193.82356131,141.65534254164203,141.79896669915314,2.1384481651926725e-16,False,0
430,564,HydroCHN_01801,,4,"reservoir_independent_hourly_transition[430,3]",2.3028405848890543e-09,2.3028405848890543e-15,8310222.94921875,13350116.709999999,6659247.400900762,6643890.928449197,97.20947265625,92.94378586414929,2.7710936264418104e-16,False,0
435,569,HydroCHN_01806,,7,"reservoir_independent_hourly_transition[435,6]",2.23008100874722e-09,2.2300810087472202e-15,12264926.000976562,9159660.7,4580169.028100187,4581134.7475184165,143.18890380859375,143.45715920254702,1.8182588370852427e-16,False,0
395,529,HydroCHN_01766,,23,"reservoir_independent_hourly_transition[395,22]",1.9572325982153416e-09,1.9572325982153414e-15,40356240.16113281,17322901.599999998,8494857.176167356,8538859.665879142,454.13763427734375,466.36054808617365,4.849888370176657e-17,False,0
452,586,HydroCHN_01823,,14,"reservoir_independent_hourly_transition[452,13]",1.9463186617940664e-09,1.9463186617940664e-15,147812570.5078125,687464.6149999999,346631.76498124155,343797.4902142696,1705.59033203125,1704.8030334848684,1.3167477266023159e-17,False,0
431,565,HydroCHN_01802,,11,"reservoir_independent_hourly_transition[431,10]",1.8335413187742233e-09,1.8335413187742233e-15,24007696.98486328,15828536.040000005,7962603.207533822,7959182.86378733,278.99827575683594,278.0481802716986,7.637306151982261e-17,False,0
129,213,HydroCHN_00288,Xinzang hydroelectric plant,19,"reservoir_independent_hourly_transition[129,18]",1.6370904631912708e-09,1.6370904631912708e-15,292617.4295328432,132621.9199999999,74053.2465248955,80109.6140907175,3.4650969747769635,5.147421298615954,5.594644399019044e-15,False,0
463,597,HydroCHN_01834,,19,"reservoir_independent_hourly_transition[463,18]",1.6134436009451747e-09,1.6134436009451747e-15,10026798.415853005,14564743.449999997,7269931.359860051,7279222.266202084,114.18205077939812,116.76285809662889,1.609131383746798e-16,False,0
392,526,HydroCHN_01762,,11,"reservoir_independent_hourly_transition[392,10]",1.5552359400317073e-09,1.5552359400317072e-15,43545658.66699219,8566469.72,4298457.466584829,4293582.833397503,506.5047912597656,505.1507264855089,3.5715062939456315e-17,False,0
390,524,HydroCHN_01760,,17,"reservoir_independent_hourly_transition[390,16]",1.5261321095749736e-09,1.5261321095749736e-15,6911783.239211555,10605448.93,5286027.027050874,5293623.606232169,78.97321598187285,81.08337686556546,2.2080150038806246e-16,False,0
454,588,HydroCHN_01825,,14,"reservoir_independent_hourly_transition[454,13]",1.4842953532934189e-09,1.4842953532934189e-15,151875200.390625,124803.51799999991,62393.06607219424,62375.125590799726,1754.6708984375,1754.6659149704456,9.773125233585152e-18,False,0
428,562,HydroCHN_01799,,5,"reservoir_independent_hourly_transition[428,4]",1.4797478797845542e-09,1.4797478797845542e-15,7059606.8115234375,8426306.71,4216246.57256891,4209186.998038097,82.923095703125,80.9621027778996,2.096076905259303e-16,False,0
391,525,HydroCHN_01761,,16,"reservoir_independent_hourly_transition[391,15]",1.4551915228366852e-09,1.4551915228366853e-15,93944395.8984375,317930.606,158913.39726577062,158960.81465487805,1073.638427734375,1073.6515992313489,1.5489923682194738e-17,False,0
447,581,HydroCHN_01818,,14,"reservoir_independent_hourly_transition[447,13]",1.4415491023100913e-09,1.4415491023100913e-15,9210330.52701392,8201853.870000001,4129088.9851175062,4131418.418122737,105.807371691035,106.45443641471067,1.5651437243017765e-16,False,0
439,573,HydroCHN_01810,,21,"reservoir_independent_hourly_transition[439,20]",1.1749534678529017e-09,1.1749534678529017e-15,3140569.8303222656,4261764.284000001,2124566.4429232795,2124372.4398526982,36.36932373046875,36.315433988640955,3.741211090129893e-16,False,0
387,521,HydroCHN_01757,,23,"reservoir_independent_hourly_transition[387,22]",1.1314114090055227e-09,1.1314114090055228e-15,12102422.606816437,6250154.966,3075087.839037726,3101879.495508183,135.6951904228992,143.13731722024795,9.348635771223845e-17,False,0
376,507,HydroCHN_01592,Sichuan Yaan Shuijinguan hydroelectric plant,1,"reservoir_independent_hourly_transition[376,0]",1.1132215149700642e-09,1.1132215149700642e-15,101075.15323162079,58444.0859999999,28786.75466122211,33626.65385034551,0.0,1.3444164414234758,1.101379992389464e-14,False,0
399,533,HydroCHN_01770,,2,"reservoir_independent_hourly_transition[399,1]",1.0695657692849636e-09,1.0695657692849636e-15,6506149.328613281,6542025.688999999,3257534.623517348,3247299.9231097414,76.99960327148438,74.15663093603781,1.6439305574821944e-16,False,0
415,549,HydroCHN_01786,,8,"reservoir_independent_hourly_transition[415,7]",1.067064658855088e-09,1.067064658855088e-15,8712074.377441406,4096547.5710000005,2056796.9755511424,2054886.98248812,101.92501831054688,101.39446468192925,1.2248112362517128e-16,False,0
476,612,HydroCHN_01851,,16,"reservoir_independent_hourly_transition[476,15]",1.0477378964424133e-09,1.0477378964424134e-15,95343515.33203125,217361.362,108603.15336215618,108676.39594417857,1086.89501953125,1086.9153646929226,1.098908397486388e-17,False,0
448,582,HydroCHN_01819,,19,"reservoir_independent_hourly_transition[448,18]",9.9544195109047e-10,9.9544195109047e-16,7400357.2265625,4431297.528000001,2210043.242220228,2213468.6241398933,84.33761596679688,85.2891109444814,1.3451268913309706e-16,False,0
440,574,HydroCHN_01811,,11,"reservoir_independent_hourly_transition[440,10]",9.849827620200813e-10,9.849827620200813e-16,10141733.935546875,4547702.825,2231366.0688246256,2235803.88104495,115.62420654296875,116.85693215972577,9.712173167624791e-17,False,0
461,595,HydroCHN_01832,,4,"reservoir_independent_hourly_transition[461,3]",9.838458936428651e-10,9.838458936428651e-16,3261399.373230116,4353698.079,2176043.7420051405,2174375.867452354,37.7914023426857,37.328103855800876,3.0166372806666e-16,False,0
29,60,HydroCHN_00066,,8,"reservoir_independent_hourly_transition[29,7]",9.613358997739851e-10,9.613358997739851e-16,10093327.017896274,5300000.000000001,2623975.7003630674,2628750.2093050973,114.56891792024287,115.89517040414033,9.524469959899842e-17,False,0
462,596,HydroCHN_01833,,15,"reservoir_independent_hourly_transition[462,14]",9.058567229658365e-10,9.058567229658365e-16,3700711.5600585938,5324117.965999999,2667195.591267547,2670195.167525452,42.47975158691406,43.312967214110145,2.4477906701582925e-16,False,0
389,523,HydroCHN_01759,,23,"reservoir_independent_hourly_transition[389,22]",8.949427865445614e-10,8.949427865445614e-16,9681938.086542938,7640512.220000002,3753310.981442981,3767895.4254356925,108.5561523505383,112.60738679295844,9.243426042854529e-17,False,0
422,556,HydroCHN_01793,,6,"reservoir_independent_hourly_transition[422,5]",8.481038094032556e-10,8.481038094032555e-16,10616788.256835938,4209030.04,2120782.677835323,2120088.5720866933,125.33319091796875,125.14038376557139,7.98832743845276e-17,False,0
451,585,HydroCHN_01822,,5,"reservoir_independent_hourly_transition[451,4]",7.903508958406746e-10,7.903508958406746e-16,7486052.893066406,4148539.4620000003,2084234.6786435484,2079821.61394146,87.947509765625,86.72165845948909,1.055764509188412e-16,False,0
406,540,HydroCHN_01777,,17,"reservoir_independent_hourly_transition[406,16]",7.721610018052161e-10,7.721610018052161e-16,9100316.052246094,3645402.3740000003,1820820.0544811008,1823136.3322122071,103.94046020507812,104.5838706859408,8.484991041763162e-17,False,0
398,532,HydroCHN_01769,,0,reservoir_independent_cyclic_first_hour[398],7.530616130679846e-10,7.530616130679845e-16,44899603.19824219,1237773.4849999999,618397.934619473,614993.817473906,532.927490234375,531.9819021383844,1.677212178787065e-17,False,0
409,543,HydroCHN_01780,,2,"reservoir_independent_hourly_transition[409,1]",7.503331289626658e-10,7.503331289626658e-16,4036481.411295837,3822548.739,1907014.653997454,1901827.9991657613,48.09176563235818,46.65102817910997,1.8588791883517812e-16,False,0
450,584,HydroCHN_01821,,22,"reservoir_independent_hourly_transition[450,21]",7.253220246639103e-10,7.253220246639103e-16,19820738.891601562,4755657.191,2369932.9429028835,2371617.042445061,223.70452880859375,224.17233423697613,3.6594096144984965e-17,False,0
449,583,HydroCHN_01820,,16,"reservoir_independent_hourly_transition[449,15]",7.239577826112509e-10,7.239577826112509e-16,5686459.716796875,5442035.367999999,2736012.417671024,2739039.5360556487,65.2896728515625,66.13053906951404,1.273125668107342e-16,False,0
400,534,HydroCHN_01771,,23,"reservoir_independent_hourly_transition[400,22]",6.984919309616089e-10,6.984919309616089e-16,50265222.36328125,120389.99799999999,60153.19947842696,60186.346136459935,567.8126220703125,567.8218294753215,1.3896127344536672e-17,False,0
402,536,HydroCHN_01773,,11,"reservoir_independent_hourly_transition[402,10]",6.477876013377681e-10,6.477876013377681e-16,6451078.161621094,2710833.0750000007,1368111.5721751421,1369768.6846480425,74.8905029296875,75.35081194993744,1.0041540113272869e-16,False,0
404,538,HydroCHN_01775,,19,"reservoir_independent_hourly_transition[404,18]",5.838955985382199e-10,5.838955985382199e-16,9378593.041992188,2582155.276,1292517.7932927976,1294588.3990169642,106.13290405273438,106.70807230944716,6.225833618367448e-17,False,0
466,600,HydroCHN_01838,,10,"reservoir_independent_hourly_transition[466,9]",5.657057045027614e-10,5.657057045027614e-16,13075899.24007335,4381889.57,2203712.5359608787,2205659.0118712652,151.6651472536619,152.2058350065469,4.326323521743412e-17,False,0
464,598,HydroCHN_01835,,1,"reservoir_independent_hourly_transition[464,0]",5.138645065017045e-10,5.138645065017044e-16,28764398.583984375,2152121.1580000003,1075574.4623763715,1071858.7971575577,343.1100769042969,342.07794767684874,1.7864601097129045e-17,False,0
459,593,HydroCHN_01830,,23,"reservoir_independent_hourly_transition[459,22]",5.038600647822022e-10,5.038600647822023e-16,4678700.866699219,3221511.8060000003,1595214.0143836534,1598107.5804346239,53.086517333984375,53.89028568147603,1.0769230158919542e-16,False,0
473,609,HydroCHN_01847,,0,reservoir_independent_cyclic_first_hour[473],4.984030965715647e-10,4.984030965715647e-16,18906232.873535156,2094708.3240000005,1042767.3340227226,1034421.8311251454,223.1842041015625,220.86600885223538,2.6361840558370922e-17,False,0
407,541,HydroCHN_01778,,6,"reservoir_independent_hourly_transition[407,5]",4.94765117764473e-10,4.94765117764473e-16,7049362.5,2116993.139,1074380.5965052966,1066756.3496275975,82.35348510742188,80.23563875250558,7.018579591622263e-17,False,0
412,546,HydroCHN_01783,,11,"reservoir_independent_hourly_transition[412,10]",4.838511813431978e-10,4.838511813431978e-16,30046311.254882812,895615.8100000003,448413.6048513741,447976.49068838294,349.2315979003906,349.1101772995596,1.6103513580708426e-17,False,0
429,563,HydroCHN_01800,,2,"reservoir_independent_hourly_transition[429,1]",4.787352736457251e-10,4.787352736457251e-16,1708415.76602332,1751912.3640000005,875276.0084441542,874788.1823788587,19.730101175948466,19.594593935588474,2.802217605144662e-16,False,0
432,566,HydroCHN_01803,,17,"reservoir_independent_hourly_transition[432,16]",4.738467396236956e-10,4.738467396236956e-16,3554616.194162708,3415784.873,1708421.4521539675,1710490.420568201,40.54547101519978,41.12018446359785,1.333046139838764e-16,False,0
433,567,HydroCHN_01804,,2,"reservoir_independent_hourly_transition[433,1]",4.68389771413058e-10,4.683897714130581e-16,8730470.104980469,3702465.684,1845983.0233552027,1838620.6331340745,103.71255493164062,101.66744653688265,5.365000575923808e-17,False,0
467,603,HydroCHN_01841,,11,"reservoir_independent_hourly_transition[467,10]",4.263256414560601e-10,4.263256414560601e-16,8710492.414774498,2102832.841000001,1055669.281021636,1056598.9934238803,100.93227759403872,101.19053103910647,4.8943919718354646e-17,False,0
453,587,HydroCHN_01824,,23,"reservoir_independent_hourly_transition[453,22]",4.18367562815547e-10,4.18367562815547e-16,8520718.139648438,3580458.1689999998,1762983.8885672225,1774167.9579483964,94.89913940429688,98.00582534351197,4.910003546165989e-17,False,0
388,522,HydroCHN_01758,,4,"reservoir_independent_hourly_transition[388,3]",4.1018211049959064e-10,4.1018211049959065e-16,22634560.107421875,1621551.3240000003,810983.1305436776,810713.6586091603,268.77862548828125,268.70377217313745,1.812193868813434e-17,False,0
456,590,HydroCHN_01827,,1,"reservoir_independent_hourly_transition[456,0]",4.0381564758718014e-10,4.0381564758718014e-16,9819100.085449219,3858860.453000001,1915455.5305085303,1906992.588806575,116.494140625,114.14332348556783,4.1125525157401e-17,False,0
474,610,HydroCHN_01848,,11,"reservoir_independent_hourly_transition[474,10]",3.5220182326156646e-10,3.5220182326156647e-16,9725805.395507812,1159877.9019999998,582727.0339105445,581069.5207103412,114.514892578125,114.0544722447351,3.621312672205457e-17,False,0
444,578,HydroCHN_01815,,6,"reservoir_independent_hourly_transition[444,5]",3.10592440655455e-10,3.10592440655455e-16,9687971.447753906,1185582.7710000002,593338.8609309056,594169.7914654163,112.01718139648438,112.24799543384839,3.2059594965823713e-17,False,0
442,576,HydroCHN_01813,,22,"reservoir_independent_hourly_transition[442,21]",3.0740920919924974e-10,3.074092091992497e-16,8485856.433105469,1466645.576,724754.4116414246,730023.4297748756,94.69564819335938,96.1592643415403,3.6226067648277523e-17,False,0
230,338,HydroCHN_00534,Quxue hydroelectric plant,11,"reservoir_independent_hourly_transition[230,10]",2.9260149858600926e-10,2.9260149858600927e-16,63800.003814697266,151809.7719999999,67478.54118873602,67440.54222654457,0.010555267333984375,5.849826556597674e-11,4.5862301111431e-15,False,0
479,615,HydroCHN_01854,,19,"reservoir_independent_hourly_transition[479,18]",2.801243681460619e-10,2.801243681460619e-16,22536447.143554688,102643.7389999999,51703.10362980405,51458.20842666113,256.95355224609375,256.88552580077635,1.2429837159411175e-17,False,0
468,604,HydroCHN_01842,,1,"reservoir_independent_hourly_transition[468,0]",2.6921043172478676e-10,2.6921043172478674e-16,8541346.798990749,1727619.0570000003,857338.8220893514,854723.9048697005,101.04034485055658,100.31397895620906,3.1518499138402487e-17,False,0
423,557,HydroCHN_01794,,0,reservoir_independent_cyclic_first_hour[423],2.546585164964199e-10,2.546585164964199e-16,15189583.0078125,391059.642,195112.99333939527,194050.85029863077,178.37518310546875,178.080143371923,1.6765339533378942e-17,False,0
427,561,HydroCHN_01798,,15,"reservoir_independent_hourly_transition[427,14]",2.455635694786906e-10,2.4556356947869063e-16,7523489.025878906,1589269.9869999997,796591.6097990718,799288.0733178231,85.24652099609375,85.99553864019127,3.2639586318796214e-17,False,0
413,547,HydroCHN_01784,,16,"reservoir_independent_hourly_transition[413,15]",2.2509993868879974e-10,2.2509993868879974e-16,15442341.50390625,141940.6799999999,71120.71898463019,71025.34452836703,176.40570068359375,176.37920777907627,1.4576800974894846e-17,False,0
437,571,HydroCHN_01808,,20,"reservoir_independent_hourly_transition[437,19]",2.0463630789890885e-10,2.0463630789890885e-16,7477811.828613281,737355.4910000002,368938.3189909455,368882.45262163004,85.15518188476562,85.13966344884471,2.7365800663221226e-17,False,0
401,535,HydroCHN_01772,,7,"reservoir_independent_hourly_transition[401,6]",1.9099388737231493e-10,1.9099388737231494e-16,13751583.34350586,3225.0370000000003,1607.8601296722336,1609.6397422123418,161.56049346923828,161.56098780605492,1.388886520202135e-17,False,0
478,614,HydroCHN_01853,,13,"reservoir_independent_hourly_transition[478,12]",1.7985257727559656e-10,1.7985257727559657e-16,3474459.1735839844,805873.121,404763.22708645085,405058.30185404175,40.10124206542969,40.183207278649334,5.176419358817059e-17,False,0
393,527,HydroCHN_01763,,19,"reservoir_independent_hourly_transition[393,18]",1.6143530956469476e-10,1.6143530956469477e-16,8687346.318942398,323853.399,161973.9252139924,161952.15135720084,98.92504184400264,98.91899355044947,1.8582810404679248e-17,False,0
426,560,HydroCHN_01797,,15,"reservoir_independent_hourly_transition[426,14]",1.5779733075760305e-10,1.5779733075760304e-16,4870549.182128906,1652083.7909999997,830690.3365888464,832268.969877392,55.52799987792969,55.96650912474788,3.239826246629342e-17,False,0
443,577,HydroCHN_01814,,14,"reservoir_independent_hourly_transition[443,13]",1.5654677554266527e-10,1.5654677554266527e-16,4553651.843261719,839491.3260000001,421106.92274948803,421682.1968267382,52.55622863769531,52.716026992487066,3.4378292616796314e-17,False,0
455,589,HydroCHN_01826,,8,"reservoir_independent_hourly_transition[455,7]",1.5552359400317073e-10,1.5552359400317074e-16,12214827.026367188,53737.027999999904,26943.29006717023,26904.515555049307,141.02056884765625,141.00979814984493,1.2732361552681357e-17,False,0
445,579,HydroCHN_01816,,11,"reservoir_independent_hourly_transition[445,10]",1.4000534065417014e-10,1.4000534065417014e-16,1447128.6492598827,645509.154,322162.1323397481,322039.81428397703,16.856330242327548,16.822353004613326,9.674698978959076e-17,False,0
458,592,HydroCHN_01829,,10,"reservoir_independent_hourly_transition[458,9]",1.348325895378366e-10,1.348325895378366e-16,6676416.760253906,297684.403,148881.3930256406,148950.61099252736,77.25506591796875,77.27429313099289,2.0195352444221724e-17,False,0
419,553,HydroCHN_01790,,13,"reservoir_independent_hourly_transition[419,12]",1.3005774235352874e-10,1.3005774235352874e-16,3777298.1872558594,797144.6119999998,401584.0483014387,402677.8922502428,43.28935241699219,43.593197958326705,3.443142053024238e-17,False,0
477,613,HydroCHN_01852,,11,"reservoir_independent_hourly_transition[477,10]",1.1095835361629725e-10,1.1095835361629724e-16,1934389.8193359375,473104.6939999999,277355.23513254325,266078.935401412,25.525390625,22.393085144130243,5.736090652833795e-17,False,0
397,531,HydroCHN_01768,,20,"reservoir_independent_hourly_transition[397,19]",1.1073097994085401e-10,1.1073097994085402e-16,8708996.337890625,465547.98,232795.4800342522,232809.64688749646,98.57125854492188,98.5751937819342,1.2714551211727088e-17,False,0
405,539,HydroCHN_01776,,23,"reservoir_independent_hourly_transition[405,22]",1.064108801074326e-10,1.064108801074326e-16,6519617.3583984375,312170.542,154780.07422056637,155938.48059228843,73.7021484375,74.0239279852006,1.63216450073341e-17,False,0
394,528,HydroCHN_01764,,9,"reservoir_independent_hourly_transition[394,8]",9.72022462519817e-11,9.72022462519817e-17,5418838.059453547,127105.32899999998,63577.22687272996,63672.64769115766,62.639726175706485,62.66623195860304,1.7937839290547814e-17,False,0
441,575,HydroCHN_01812,,14,"reservoir_independent_hourly_transition[441,13]",9.060840966412798e-11,9.060840966412797e-17,5303614.416503906,485846.591,243919.374300494,243203.22097763198,62.35533142089844,62.15639994232563,1.7084275467343685e-17,False,0
411,545,HydroCHN_01782,,21,"reservoir_independent_hourly_transition[411,20]",8.93578544491902e-11,8.93578544491902e-17,5840831.0302734375,216835.71600000001,108430.91991425771,108521.81677796906,66.17098999023438,66.19623911904306,1.529882545583705e-17,False,0
414,548,HydroCHN_01785,,13,"reservoir_independent_hourly_transition[414,12]",8.93578544491902e-11,8.93578544491902e-17,7358889.880371094,238161.7349999999,117995.41692854521,118565.74559457178,85.27255249023438,85.43097711968618,1.2142844355850595e-17,False,0
421,555,HydroCHN_01792,,7,"reservoir_independent_hourly_transition[421,6]",8.390088623855263e-11,8.390088623855264e-17,6491253.515625,183275.4939999999,91741.15339303963,91517.05415507346,75.85848999023438,75.79624020191046,1.2925220997238215e-17,False,0
438,572,HydroCHN_01809,,23,"reservoir_independent_hourly_transition[438,22]",8.344613888766617e-11,8.344613888766616e-17,7859378.3203125,220947.693,110304.9437152405,110690.37578041552,90.9776611328125,91.08472559536109,1.061739688392405e-17,False,0
420,554,HydroCHN_01791,,21,"reservoir_independent_hourly_transition[420,20]",8.026290743146092e-11,8.026290743146092e-17,6063628.4912109375,90517.2059999999,45165.020319382784,45408.227994726905,68.68856811523438,68.75612580282994,1.3236778530841689e-17,False,0
403,537,HydroCHN_01774,,19,"reservoir_independent_hourly_transition[403,18]",7.79891706770286e-11,7.79891706770286e-17,8321653.125,332855.044,166521.9601046291,166565.12003378692,93.98046875,93.99245761921053,9.371836281271168e-18,False,0
465,599,HydroCHN_01837,,11,"reservoir_independent_hourly_transition[465,10]",7.639755494892597e-11,7.639755494892597e-17,7600249.182128906,54440.835,27243.89200163159,27213.37715142261,88.24130249023438,88.23282614295408,1.0051980286194545e-17,False,0
416,550,HydroCHN_01787,,18,"reservoir_independent_hourly_transition[416,17]",6.355094228638336e-11,6.355094228638336e-17,4656046.5621849485,121161.68299999989,60611.45036862499,60724.577309980894,52.69639232865074,52.727816479027396,1.3649120866300086e-17,False,0
460,594,HydroCHN_01831,,16,"reservoir_independent_hourly_transition[460,15]",4.4224179873708636e-11,4.422417987370864e-17,2879250.732421875,108072.316,54074.51942300927,54068.49655805932,32.07972717285156,32.0780541548099,1.5359614005033027e-17,False,0
472,608,HydroCHN_01846,,20,"reservoir_independent_hourly_transition[472,19]",2.404476617812179e-11,2.404476617812179e-17,2317996.5545654297,50633.296,25337.602529602053,25325.813811641798,26.635009765625,26.631735121747145,1.0373081068979252e-17,False,0
425,559,HydroCHN_01796,,0,reservoir_independent_cyclic_first_hour[425],0.0,0.0,0.0,1821960.3499999999,910980.1750000002,910980.1750000002,0.0,0.0,,True,0
475,611,HydroCHN_01850,,0,reservoir_independent_cyclic_first_hour[475],0.0,0.0,0.0,3778566.440000001,1889283.2200000004,1889283.2200000004,0.0,0.0,,True,0
231,339,HydroCHN_00536,Dapu hydroelectric plant,0,reservoir_independent_cyclic_first_hour[231],0.0,0.0,0.0,257719192.4,128859596.20000038,128859596.20000038,0.0,0.0,,True,0
357,484,HydroCHN_01248,Zangao hydroelectric plant,0,reservoir_independent_cyclic_first_hour[357],0.0,0.0,0.0,2467289916.0,1233644958.0000434,1233644958.0000434,0.0,0.0,,True,0
85,151,HydroCHN_00191,,0,reservoir_independent_cyclic_first_hour[85],0.0,0.0,0.0,655114662.5,327557331.250003,327557331.250003,0.0,0.0,,True,0
287,408,HydroCHN_00775,Xiaqiao hydroelectric plant,0,reservoir_independent_cyclic_first_hour[287],0.0,0.0,0.0,23044234.36,11522117.179999998,11522117.179999998,0.0,0.0,,True,0
56,104,HydroCHN_00118,Changzhou hydroelectric plant,0,reservoir_independent_cyclic_first_hour[56],0.0,0.0,0.0,263362678.4,131681339.20000033,131681339.20000033,0.0,0.0,,True,0
272,385,HydroCHN_00695,Jinniuping hydroelectric plant,0,reservoir_independent_cyclic_first_hour[272],0.0,0.0,0.0,74682130.95000002,37341065.47500003,37341065.47500003,0.0,0.0,,True,0
190,287,HydroCHN_00417,Shidi hydroelectric plant,0,reservoir_independent_cyclic_first_hour[190],0.0,0.0,0.0,76657351.03999999,38328675.52,38328675.52,0.0,0.0,,True,0
274,388,HydroCHN_00704,Guxian Dam hydroelectric plant,0,reservoir_independent_cyclic_first_hour[274],0.0,0.0,0.0,545536976.6999999,272768488.3500021,272768488.3500021,0.0,0.0,,True,0
276,391,HydroCHN_00734,Fushi hydroelectric plant,0,reservoir_independent_cyclic_first_hour[276],0.0,0.0,0.0,211630723.70000002,105815361.85000014,105815361.85000014,0.0,0.0,,True,0
277,394,HydroCHN_00742,Xiaoxiang hydroelectric plant,0,reservoir_independent_cyclic_first_hour[277],0.0,0.0,0.0,85592870.48,42796435.24000001,42796435.24000001,0.0,0.0,,True,0
78,143,HydroCHN_00172,Xiajiang hydroelectric plant,0,reservoir_independent_cyclic_first_hour[78],0.0,0.0,0.0,558234820.1,279117410.0500021,279117410.0500021,0.0,0.0,,True,0
186,283,HydroCHN_00410,Shuanghekou hydroelectric plant,0,reservoir_independent_cyclic_first_hour[186],0.0,0.0,0.0,90672007.89999999,45336003.94999999,45336003.94999999,0.0,0.0,,True,0
288,409,HydroCHN_00777,Guizhou Huidong hydroelectric plant,0,reservoir_independent_cyclic_first_hour[288],0.0,0.0,0.0,2001000.0,1000500.0000000001,1000500.0000000001,0.0,0.0,,True,0
88,155,HydroCHN_00195,Jiangya hydroelectric plant,0,reservoir_independent_cyclic_first_hour[88],0.0,0.0,0.0,823008370.0,411504185.0000052,411504185.0000052,0.0,0.0,,True,0
290,411,HydroCHN_00788,Liaofang hydroelectric plant,0,reservoir_independent_cyclic_first_hour[290],0.0,0.0,0.0,203165494.8,101582747.4000001,101582747.4000001,0.0,0.0,,True,0
178,274,HydroCHN_00393,Shimenkan hydroelectric plant,0,reservoir_independent_cyclic_first_hour[178],0.0,0.0,0.0,92647227.9,46323613.95000002,46323613.95000002,0.0,0.0,,True,0
299,420,HydroCHN_00825,Fushui hydroelectric plant,0,reservoir_independent_cyclic_first_hour[299],0.0,0.0,0.0,813602560.1,406801280.0500051,406801280.0500051,0.0,0.0,,True,0
57,106,HydroCHN_00120,Hongjiadu hydroelectric plant,0,reservoir_independent_cyclic_first_hour[57],0.0,0.0,0.0,3811000000.0,1905500000.0001545,1905500000.0001545,0.0,0.0,,True,0
170,266,HydroCHN_00382,,0,reservoir_independent_cyclic_first_hour[170],0.0,0.0,0.0,42147434.36000001,21073717.180000003,21073717.180000003,0.0,0.0,,True,0
58,108,HydroCHN_00122,Tankeng hydroelectric plant,0,reservoir_independent_cyclic_first_hour[58],0.0,0.0,0.0,1954057016.0,977028508.0000321,977028508.0000321,0.0,0.0,,True,0
26,52,HydroCHN_00058,,0,reservoir_independent_cyclic_first_hour[26],0.0,0.0,0.0,1224204016.0,612102008.0000123,612102008.0000123,0.0,0.0,,True,0
309,432,HydroCHN_00866,Hongmen hydroelectric plant,0,reservoir_independent_cyclic_first_hour[309],0.0,0.0,0.0,578457311.5,289228655.75000226,289228655.75000226,0.0,0.0,,True,0
270,383,HydroCHN_00693,Dongjin hydroelectric plant,0,reservoir_independent_cyclic_first_hour[270],0.0,0.0,0.0,376232397.7,188116198.85000086,188116198.85000086,0.0,0.0,,True,0
269,382,HydroCHN_00692,Huanghuazhai hydroelectric plant,0,reservoir_independent_cyclic_first_hour[269],0.0,0.0,0.0,9452838.990000002,4726419.495,4726419.495,0.0,0.0,,True,0
266,379,HydroCHN_00679,Nanjindu hydroelectric plant,0,reservoir_independent_cyclic_first_hour[266],0.0,0.0,0.0,28687720.330000002,14343860.165000005,14343860.165000005,0.0,0.0,,True,0
263,376,HydroCHN_00670,Zhaoping hydroelectric plant,0,reservoir_independent_cyclic_first_hour[263],0.0,0.0,0.0,59021457.39,29510728.695000004,29510728.695000004,0.0,0.0,,True,0
229,337,HydroCHN_00530,Bajiangkou hydroelectric plant,0,reservoir_independent_cyclic_first_hour[229],0.0,0.0,0.0,101582747.4,50791373.69999998,50791373.69999998,0.0,0.0,,True,0
53,100,HydroCHN_00112,Dongfeng hydroelectric plant,0,reservoir_independent_cyclic_first_hour[53],0.0,0.0,0.0,652000000.0,326000000.00000286,326000000.00000286,0.0,0.0,,True,0
44,84,HydroCHN_00093,,0,reservoir_independent_cyclic_first_hour[44],0.0,0.0,0.0,143799999.99999994,71899999.99999997,71899999.99999997,0.0,0.0,,True,0
214,319,HydroCHN_00486,Laodukou hydroelectric plant,0,reservoir_independent_cyclic_first_hour[214],0.0,0.0,0.0,103463909.4,51731954.699999996,51731954.699999996,0.0,0.0,,True,0
54,101,HydroCHN_00113,Xin’anjiang hydroelectric plant,0,reservoir_independent_cyclic_first_hour[54],0.0,0.0,0.0,10170502290.0,5085251145.000667,5085251145.000667,0.0,0.0,,True,0
212,317,HydroCHN_00482,Laojiangdi hydroelectric plant,0,reservoir_independent_cyclic_first_hour[212],0.0,0.0,0.0,7289502.706,3644751.3529999987,3644751.3529999987,0.0,0.0,,True,0
247,357,HydroCHN_00606,Yutang hydroelectric plant,0,reservoir_independent_cyclic_first_hour[247],0.0,0.0,0.0,56905150.160000004,28452575.079999994,28452575.079999994,0.0,0.0,,True,0
249,361,HydroCHN_00618,Jinjitan hydroelectric plant,0,reservoir_independent_cyclic_first_hour[249],0.0,0.0,0.0,108590075.8,54295037.900000006,54295037.900000006,0.0,0.0,,True,0
209,312,HydroCHN_00470,Laohuzui hydroelectric plant,0,reservoir_independent_cyclic_first_hour[209],0.0,0.0,0.0,7100000.000000008,3550000.0000000033,3550000.0000000033,0.0,0.0,,True,0
251,363,HydroCHN_00626,Guiping hydroelectric plant,0,reservoir_independent_cyclic_first_hour[251],0.0,0.0,0.0,150022668.6,75011334.30000001,75011334.30000001,0.0,0.0,,True,0
252,364,HydroCHN_00628,Doulingzi hydroelectric plant,0,reservoir_independent_cyclic_first_hour[252],0.0,0.0,0.0,227620600.6,113810300.30000018,113810300.30000018,0.0,0.0,,True,0
205,305,HydroCHN_00450,Dongping hydroelectric plant,0,reservoir_independent_cyclic_first_hour[205],0.0,0.0,0.0,158017607.0,79008803.50000007,79008803.50000007,0.0,0.0,,True,0
255,367,HydroCHN_00642,Yutan hydroelectric plant,0,reservoir_independent_cyclic_first_hour[255],0.0,0.0,0.0,61843200.38,30921600.190000005,30921600.190000005,0.0,0.0,,True,0
204,304,HydroCHN_00448,Waixiong hydroelectric plant,0,reservoir_independent_cyclic_first_hour[204],0.0,0.0,0.0,145844869.20000002,72922434.60000002,72922434.60000002,0.0,0.0,,True,0
257,369,HydroCHN_00646,Jingnan hydroelectric plant,0,reservoir_independent_cyclic_first_hour[257],0.0,0.0,0.0,114280590.8,57140295.40000003,57140295.40000003,0.0,0.0,,True,0
260,372,HydroCHN_00650,Yangtoupu hydroelectric plant,0,reservoir_independent_cyclic_first_hour[260],0.0,0.0,0.0,13920598.719999999,6960299.359999996,6960299.359999996,0.0,0.0,,True,0
261,373,HydroCHN_00653,Ouyanghai hydroelectric plant,0,reservoir_independent_cyclic_first_hour[261],0.0,0.0,0.0,199403170.8,99701585.4000001,99701585.4000001,0.0,0.0,,True,0
167,262,HydroCHN_00372,Shiyazi hydroelectric plant,0,reservoir_independent_cyclic_first_hour[167],0.0,0.0,0.0,156900000.0,78450000.00000006,78450000.00000006,0.0,0.0,,True,0
313,437,HydroCHN_00884,Yuxi hydroelectric plant,0,reservoir_independent_cyclic_first_hour[313],0.0,0.0,0.0,7054357.457,3527178.728499999,3527178.728499999,0.0,0.0,,True,0
314,438,HydroCHN_00886,Guizhou Tongzihe Yangjiayuan hydroelectric plant,0,reservoir_independent_cyclic_first_hour[314],0.0,0.0,0.0,4834348664.0,2417174332.0002575,2417174332.0002575,0.0,0.0,,True,0
356,483,HydroCHN_01244,Puding hydroelectric plant,0,reservoir_independent_cyclic_first_hour[356],0.0,0.0,0.0,2467289916.0,1233644958.0000434,1233644958.0000434,0.0,0.0,,True,0
71,129,HydroCHN_00152,Zhelin hydroelectric plant,0,reservoir_independent_cyclic_first_hour[71],0.0,0.0,0.0,3724700738.0,1862350369.0001414,1862350369.0001414,0.0,0.0,,True,0
359,487,HydroCHN_01350,Zuojiang hydroelectric plant,0,reservoir_independent_cyclic_first_hour[359],0.0,0.0,0.0,2243042246.0000005,1121521123.0000403,1121521123.0000403,0.0,0.0,,True,0
114,190,HydroCHN_00252,Honghua hydroelectric plant,0,reservoir_independent_cyclic_first_hour[114],0.0,0.0,0.0,268065583.39999998,134032791.70000033,134032791.70000033,0.0,0.0,,True,0
362,490,HydroCHN_01380,Xiaodongjiang hydroelectric plant,0,reservoir_independent_cyclic_first_hour[362],0.0,0.0,0.0,2093543798.0000002,1046771899.0000367,1046771899.0000367,0.0,0.0,,True,0
363,491,HydroCHN_01384,Yinzidu hydroelectric plant,0,reservoir_independent_cyclic_first_hour[363],0.0,0.0,0.0,2093543798.0000002,1046771899.0000367,1046771899.0000367,0.0,0.0,,True,0
110,186,HydroCHN_00246,Xiangbiling hydroelectric plant,0,reservoir_independent_cyclic_first_hour[110],0.0,0.0,0.0,183100000.0,91550000.0000001,91550000.0000001,0.0,0.0,,True,0
367,497,HydroCHN_01444,Jinshuitan hydroelectric plant,0,reservoir_independent_cyclic_first_hour[367],0.0,0.0,0.0,1844379719.0,922189859.5000271,922189859.5000271,0.0,0.0,,True,0
368,498,HydroCHN_01448,Dachaoshan hydroelectric plant,0,reservoir_independent_cyclic_first_hour[368],0.0,0.0,0.0,1844379719.0,922189859.5000271,922189859.5000271,0.0,0.0,,True,0
370,501,HydroCHN_01476,Zaoshi hydroelectric plant,0,reservoir_independent_cyclic_first_hour[370],0.0,0.0,0.0,8347656.325000001,4173828.1625000015,4173828.1625000015,0.0,0.0,,True,0
75,138,HydroCHN_00165,Malutang II hydroelectric plant,0,reservoir_independent_cyclic_first_hour[75],0.0,0.0,0.0,256778611.5,128389305.75000031,128389305.75000031,0.0,0.0,,True,0
93,165,HydroCHN_00209,Hunanzhen hydroelectric plant,0,reservoir_independent_cyclic_first_hour[93],0.0,0.0,0.0,968798424.0,484399212.00000834,484399212.00000834,0.0,0.0,,True,0
377,509,HydroCHN_01615,Sanxikou hydroelectric plant,0,reservoir_independent_cyclic_first_hour[377],0.0,0.0,0.0,15284441.16,7642220.580000001,7642220.580000001,0.0,0.0,,True,0
378,510,HydroCHN_01655,Honglin hydroelectric plant,0,reservoir_independent_cyclic_first_hour[378],0.0,0.0,0.0,1346051563.0,673025781.5000137,673025781.5000137,0.0,0.0,,True,0
91,159,HydroCHN_00201,Yayangshan hydroelectric plant,0,reservoir_independent_cyclic_first_hour[91],0.0,0.0,0.0,277471393.3,138735696.65000048,138735696.65000048,0.0,0.0,,True,0
380,512,HydroCHN_01658,Lechangxia hydroelectric plant,0,reservoir_independent_cyclic_first_hour[380],0.0,0.0,0.0,1346051563.0,673025781.5000137,673025781.5000137,0.0,0.0,,True,0
90,158,HydroCHN_00200,Jufudu hydroelectric plant,0,reservoir_independent_cyclic_first_hour[90],0.0,0.0,0.0,81830546.51,40915273.254999995,40915273.254999995,0.0,0.0,,True,0
89,156,HydroCHN_00197,Fuchunjiang hydroelectric plant,0,reservoir_independent_cyclic_first_hour[89],0.0,0.0,0.0,411033894.5,205516947.25000092,205516947.25000092,0.0,0.0,,True,0
234,342,HydroCHN_00549,Geliqiao hydroelectric plant,0,reservoir_independent_cyclic_first_hour[234],0.0,0.0,0.0,288300000.0,144150000.00000045,144150000.00000045,0.0,0.0,,True,0
124,205,HydroCHN_00277,Dahuashui hydroelectric plant,0,reservoir_independent_cyclic_first_hour[124],0.0,0.0,0.0,130035322.5,65017661.25,65017661.25,0.0,0.0,,True,0
60,110,HydroCHN_00124,Suofengying hydroelectric plant,0,reservoir_independent_cyclic_first_hour[60],0.0,0.0,0.0,94528389.89999999,47264194.95000003,47264194.95000003,0.0,0.0,,True,0
11,24,HydroCHN_00027,,0,reservoir_independent_cyclic_first_hour[11],0.0,0.0,0.0,1967476119.0000005,983738059.5000327,983738059.5000327,0.0,0.0,,True,0
160,253,HydroCHN_00356,Shuangpai hydroelectric plant,0,reservoir_independent_cyclic_first_hour[160],0.0,0.0,0.0,329203348.0,164601674.00000063,164601674.00000063,0.0,0.0,,True,0
159,252,HydroCHN_00355,,0,reservoir_independent_cyclic_first_hour[159],0.0,0.0,0.0,99701585.4,49850792.70000002,49850792.70000002,0.0,0.0,,True,0
62,115,HydroCHN_00130,,0,reservoir_independent_cyclic_first_hour[62],0.0,0.0,0.0,2661844214.0,1330922107.0000572,1330922107.0000572,0.0,0.0,,True,0
322,446,HydroCHN_00928,Xieka hydroelectric plant,0,reservoir_independent_cyclic_first_hour[322],0.0,0.0,0.0,4410769730.000001,2205384865.000224,2205384865.000224,0.0,0.0,,True,0
154,245,HydroCHN_00343,Bobona hydroelectric plant,0,reservoir_independent_cyclic_first_hour[154],0.0,0.0,0.0,1876459.0840000005,938229.5420000001,938229.5420000001,0.0,0.0,,True,0
152,242,HydroCHN_00337,Kaitan hydroelectric plant,0,reservoir_independent_cyclic_first_hour[152],0.0,0.0,0.0,854621.727,427310.86350000004,427310.86350000004,0.0,0.0,,True,0
326,450,HydroCHN_00958,Luoshuidong hydroelectric plant,0,reservoir_independent_cyclic_first_hour[326],0.0,0.0,0.0,13497337.27,6748668.635,6748668.635,0.0,0.0,,True,0
328,452,HydroCHN_00969,Guangxi Xiafu hydroelectric plant,0,reservoir_independent_cyclic_first_hour[328],0.0,0.0,0.0,4080627326.0,2040313663.0001895,2040313663.0001895,0.0,0.0,,True,0
146,235,HydroCHN_00324,Longma hydroelectric plant,0,reservoir_independent_cyclic_first_hour[146],0.0,0.0,0.0,277471393.3,138735696.65000048,138735696.65000048,0.0,0.0,,True,0
330,454,HydroCHN_00975,Hunan Zhugaotan hydroelectric plant,0,reservoir_independent_cyclic_first_hour[330],0.0,0.0,0.0,3962274389.0,1981137194.5001752,1981137194.5001752,0.0,0.0,,True,0
337,461,HydroCHN_01041,Fenshui Wuliting hydroelectric plant,0,reservoir_independent_cyclic_first_hour[337],0.0,0.0,0.0,90577949.8,45288974.9,45288974.9,0.0,0.0,,True,0
139,227,HydroCHN_00311,Longbeiwan hydroelectric plant,0,reservoir_independent_cyclic_first_hour[139],0.0,0.0,0.0,486600000.0,243300000.00000152,243300000.00000152,0.0,0.0,,True,0
137,224,HydroCHN_00306,Hanjiang Baihe Jiahe hydroelectric plant,0,reservoir_independent_cyclic_first_hour[137],0.0,0.0,0.0,125567562.7,62783781.35000001,62783781.35000001,0.0,0.0,,True,0
136,223,HydroCHN_00305,Tianhuaban hydroelectric plant,0,reservoir_independent_cyclic_first_hour[136],0.0,0.0,0.0,36200000.0,18100000.0,18100000.0,0.0,0.0,,True,0
66,121,HydroCHN_00138,Dongjiang hydroelectric plant,0,reservoir_independent_cyclic_first_hour[66],0.0,0.0,0.0,4326672574.0,2163336287.0002155,2163336287.0002155,0.0,0.0,,True,0
343,468,HydroCHN_01067,Tongxinxi hydroelectric plant,0,reservoir_independent_cyclic_first_hour[343],0.0,0.0,0.0,3588528270.0,1794264135.000125,1794264135.000125,0.0,0.0,,True,0
128,210,HydroCHN_00285,Chencun hydroelectric plant,0,reservoir_independent_cyclic_first_hour[128],0.0,0.0,0.0,478288211.6,239144105.80000144,239144105.80000144,0.0,0.0,,True,0
77,141,HydroCHN_00170,Zhaixiangkou hydroelectric plant,0,reservoir_independent_cyclic_first_hour[77],0.0,0.0,0.0,398000000.0,199000000.0000009,199000000.0000009,0.0,0.0,,True,0
