case,iteration,primal,dual,primal_residual,dual_residual,complementarity,seconds,absolute_objective_difference,relative_objective_difference
base_old,0,79363891100000.0,-283834921000000.0,562000000000.0,30.7,154000000000.0,21267,363198812100000.0,1.2796128496817345
base_old,1,75845451100000.0,-280522547000000.0,540000000000.0,2290.0,149000000000.0,21317,356367998100000.0,1.270372032163247
base_old,2,74057920400000.0,-287188302000000.0,528000000000.0,4490.0,146000000000.0,21551,361246222400000.0,1.2578723432822831
base_old,3,71597401800000.0,-333527841000000.0,511000000000.0,4320.0,142000000000.0,22201,405125242800000.0,1.2146669423018273
base_old,4,67678201900000.0,-492701023000000.0,484000000000.0,4050.0,135000000000.0,23415,560379224900000.0,1.1373616021495454
base_old,5,62477411300000.0,-740714651000000.0,448000000000.0,4380.0,126000000000.0,24634,803192062300000.0,1.0843474760701068
base_old,6,60997741800000.0,-1020213410000000.0,437000000000.0,4150.0,121000000000.0,25855,1081211151800000.0,1.0597891982227523
base_old,7,58813559900000.0,-1351016420000000.0,421000000000.0,3890.0,115000000000.0,27092,1409829979900000.0,1.0435328239015778
base_old,8,55193231000000.0,-2151951880000000.0,394000000000.0,3300.0,105000000000.0,28337,2207145111000000.0,1.0256479856789362
base_old,9,48432393800000.0,-2819794740000000.0,344000000000.0,2780.0,91100000000.0,29576,2868227133800000.0,1.0171758579136863
base_old,10,39284694200000.0,-2840421350000000.0,278000000000.0,2590.0,76800000000.0,30838,2879706044200000.0,1.0138305868599389
base_old,11,33729858500000.0,-3087371260000000.0,236000000000.0,2200.0,65400000000.0,32077,3121101118500000.0,1.0109251060722773
base_old,12,30627645800000.0,-3258753910000000.0,212000000000.0,1900.0,58200000000.0,33301,3289381555800000.0,1.009398575850117
base_old,13,27836370800000.0,-3390653790000000.0,190000000000.0,1630.0,51600000000.0,34525,3418490160800000.0,1.0082097355035473
base_old,14,24437173500000.0,-3550224400000000.0,163000000000.0,1230.0,42800000000.0,35782,3574661573500000.0,1.0068832757444854
base_old,15,21878045800000.0,-3581514950000000.0,142000000000.0,1040.0,37100000000.0,36996,3603392995800000.0,1.0061086009985802
base_old,16,20126201200000.0,-3584186990000000.0,127000000000.0,906.0,33100000000.0,38212,3604313191200000.0,1.0056152765623425
base_old,17,17677856700000.0,-3540614290000000.0,107000000000.0,737.0,27600000000.0,39492,3558292146700000.0,1.00499287842506
base_old,18,14740139700000.0,-3471626740000000.0,81900000000.0,636.0,21900000000.0,40737,3486366879700000.0,1.0042458883987049
base_old,19,13608331200000.0,-3270923400000000.0,72300000000.0,494.0,18700000000.0,41970,3284531731200000.0,1.0041603943400204
base_old,20,12586031600000.0,-3073876580000000.0,63600000000.0,420.0,16400000000.0,43185,3086462611600000.0,1.0040945142956912
base_old,21,11239788400000.0,-2677786420000000.0,52200000000.0,325.0,13400000000.0,44440,2689026208400000.0,1.00419741780601
base_old,22,10035524700000.0,-2198533920000000.0,42100000000.0,254.0,10800000000.0,45704,2208569444700000.0,1.0045646440151352
base_old,23,8986558640000.0,-1660255320000000.0,33500000000.0,203.0,8620000000.0,46951,1669241878640000.0,1.0054127570210105
base_old,24,8261004430000.0,-1201291540000000.0,27700000000.0,168.0,7140000000.0,48199,1209552544430000.0,1.0068767690064644
base_old,25,7721751220000.0,-823584807000000.0,23500000000.0,146.0,6090000000.0,49431,831306558220000.0,1.0093757815277424
base_old,26,7293215670000.0,-694794465000000.0,20300000000.0,115.0,5200000000.0,50694,702087680670000.0,1.0104969397964332
base_old,27,6907651510000.0,-706997414000000.0,17500000000.0,104.0,4540000000.0,51918,713905065510000.0,1.0097704056241428
base_old,28,6495966990000.0,-573377423000000.0,14500000000.0,90.6,3830000000.0,53181,579873389990000.0,1.0113293037525128
base_old,29,6211620780000.0,-453676729000000.0,12600000000.0,77.2,3300000000.0,54427,459888349780000.0,1.0136917333046633
base_old,30,5965145540000.0,-385205785000000.0,10900000000.0,67.0,2870000000.0,55643,391170930540000.0,1.0154856073617897
base_old,31,5838874590000.0,-290800670000000.0,10000000000.0,53.1,2580000000.0,56874,296639544590000.0,1.0200786146400558
base_old,32,5744879610000.0,-252132322000000.0,9420000000.0,45.5,2380000000.0,58106,257877201610000.0,1.0227851771023628
base_old,33,5644065250000.0,-231520839000000.0,8730000000.0,42.0,2210000000.0,59322,237164904250000.0,1.0243782169863336
base_old,34,5422298660000.0,-203250517000000.0,7280000000.0,35.8,1850000000.0,60587,208672815660000.0,1.0266779083272886
base_old,35,5334739380000.0,-189478658000000.0,6670000000.0,33.0,1700000000.0,61819,194813397380000.0,1.0281548298700744
base_old,36,5229743960000.0,-182594853000000.0,6000000000.0,30.5,1530000000.0,63049,187824596960000.0,1.0286412452162603
base_old,37,5213955080000.0,-180357603000000.0,5910000000.0,29.4,1500000000.0,64296,185571558080000.0,1.0289089841141879
base_old,38,5185874130000.0,-172938426000000.0,5730000000.0,27.5,1450000000.0,65511,178124300130000.0,1.0299868239230996
base_old,39,5151374880000.0,-175479540000000.0,5500000000.0,23.9,1370000000.0,66750,180630914880000.0,1.0293559857747518
base_old,40,5021832500000.0,-168380146000000.0,4650000000.0,21.3,1170000000.0,67980,173401978500000.0,1.0298243743059825
base_old,41,4936725860000.0,-150294243000000.0,4150000000.0,15.3,1020000000.0,69233,155230968860000.0,1.0328470722594478
base_old,42,4850686580000.0,-138358078000000.0,3600000000.0,11.6,876000000.0,70457,143208764580000.0,1.0350589329522197
base_old,43,4662300400000.0,-129036291000000.0,2410000000.0,7.71,596000000.0,71703,133698591400000.0,1.0361316987947213
base_old,44,4680845410000.0,-115738685000000.0,2030000000.0,3.19,483000000.0,72936,120419530410000.0,1.040443222678744
base_old,45,4780557120000.0,-112141797000000.0,1360000000.0,1.68,330000000.0,74150,116922354120000.0,1.0426295747695216
base_old,46,4908570030000.0,-107725408000000.0,1070000000.0,0.675,258000000.0,75382,112633978030000.0,1.045565573815232
base_old,47,4967749640000.0,-105394405000000.0,842000000.0,0.478,204000000.0,76598,110362154640000.0,1.0471348516081096
base_old,48,5760382260000.0,-379102120000000.0,505000000.0,0.0612,124000000.0,77949,384862502260000.0,1.015194803605952
base_old,49,6065143170000.0,-311339131000000.0,368000000.0,0.0497,90900000.0,79188,317404274170000.0,1.0194808251391951
base_old,50,5449658790000.0,-269520141000000.0,265000000.0,0.0403,65900000.0,80403,274969799790000.0,1.0202198572981602
base_old,51,5030255380000.0,-98285597400000.0,160000000.0,0.0141,38900000.0,81633,103315852780000.0,1.051179984789918
base_old,52,5135012290000.0,-68615444300000.0,40000000.0,0.00891,10300000.0,82927,73750456590000.0,1.0748375579636085
base_old,53,6718142940000.0,-49193177900000.0,9300000.0,0.00341,2840000.0,84149,55911320840000.0,1.1365665571282395
base_old,54,4888373320000.0,-24195662800000.0,5470000.0,0.00434,1500000.0,85372,29084036120000.0,1.2020351068870079
base_old,55,3876507650000.0,-9898497000000.0,3370000.0,0.00326,818000.0,86633,13775004650000.0,1.3916258852227767
base_old,56,2393641290000.0,-6025078370000.0,1530000.0,0.00209,382000.0,87927,8418719660000.0,1.3972796938075347
base_old,57,1742618320000.0,-2974179940000.0,849000.0,0.0016,198000.0,89173,4716798260000.0,1.5859155650145365
base_old,58,1272654020000.0,-1796207940000.0,471000.0,0.00148,109000.0,90443,3068861960000.0,1.7085226557900641
base_old,59,992593600000.0,-1291875970000.0,308000.0,0.00163,70700.0,91714,2284469570000.0,1.7683350592859157
base_old,60,768990778000.0,-883732052000.0,185000.0,0.00156,42600.0,92984,1652722830000.0,1.8701628239687293
base_old,61,565329597000.0,-607390321000.0,100000.0,0.00144,23900.0,94262,1172719918000.0,1.9307517381397323
base_old,62,451476936000.0,-463750637000.0,62900.0,0.000971,15700.0,95491,915227573000.0,1.9735338347362745
base_old,63,429485963000.0,-442108029000.0,57700.0,0.000878,14500.0,96706,871593992000.0,1.97145026741869
base_old,64,357934275000.0,-379534073000.0,41200.0,0.000635,11000.0,97937,737468348000.0,1.9430886459566965
base_old,65,334416886000.0,-306349093000.0,36800.0,0.000783,9160.0,99171,640765979000.0,1.9160694505121372
base_old,66,297367965000.0,-268269604000.0,30400.0,0.00213,7640.0,100488,565637569000.0,1.9021469545315683
base_old,67,254910775000.0,-225219269000.0,23900.0,0.00827,6080.0,101790,480130044000.0,1.8835219656760291
base_old,68,219529208000.0,-203292623000.0,19400.0,0.00741,5140.0,103077,422821831000.0,1.9260390672023926
base_old,69,207785437000.0,-186817180000.0,18100.0,0.0067,4720.0,104292,394602617000.0,1.8990869749933437
base_old,70,178202630000.0,-159723837000.0,15000.0,0.00557,3910.0,105554,337926467000.0,1.8963045999938384
base_old,71,168119760000.0,-138197623000.0,14000.0,0.00468,3480.0,106770,306317383000.0,1.8220189167531526
base_old,72,152147638000.0,-121508049000.0,12200.0,0.00401,3000.0,108009,273655687000.0,1.7986193581263483
base_old,73,142842524000.0,-113793720000.0,10500.0,0.00373,2680.0,109255,256636244000.0,1.796637561514945
base_old,74,141341199000.0,-107801446000.0,10200.0,0.0035,2550.0,110463,249142645000.0,1.7627036332131298
base_old,75,125235653000.0,-95036259000.0,6310.0,0.00304,1940.0,111717,220271912000.0,1.7588594519485596
base_old,76,122270576000.0,-83962168200.0,5740.0,0.00266,1720.0,112972,206232744200.0,1.6866915242142966
base_old,77,121665958000.0,-81805287800.0,5620.0,0.00259,1670.0,114188,203471245800.0,1.6723761448539287
base_old,78,120585227000.0,-77656627100.0,5420.0,0.00244,1590.0,115394,198241854100.0,1.6439978514117655
base_old,79,118953271000.0,-75340505400.0,5110.0,0.00236,1520.0,116611,194293776400.0,1.6333621998507297
base_old,80,118111655000.0,-67710890600.0,4960.0,0.0021,1400.0,117849,185822545600.0,1.5732786539990486
base_old,81,116186004000.0,-63372173900.0,4610.0,0.00195,1300.0,119096,179558177900.0,1.5454372447476548
base_old,82,114073020000.0,-57895105200.0,4240.0,0.00177,1180.0,120327,171968125200.0,1.5075267157825751
base_old,83,111884678000.0,-54538792000.0,3880.0,0.00166,1100.0,121566,166423470000.0,1.487455413689442
base_old,84,111435036000.0,-52576188500.0,3810.0,0.0016,1060.0,122774,164011224500.0,1.471810216851368
base_old,85,107876694000.0,-42882388300.0,3250.0,0.00128,870.0,124013,150759082300.0,1.3975130003520502
base_old,86,103585195000.0,-38315791900.0,2640.0,0.00113,749.0,125242,141900986900.0,1.369896411354924
base_old,87,101417180000.0,-37209897900.0,2370.0,0.0011,710.0,126463,138627077900.0,1.3668993547247124
base_old,88,100971814000.0,-36491753900.0,2320.0,0.00108,695.0,127686,137463567900.0,1.3614053512002864
base_old,89,100120737000.0,-35509245300.0,2220.0,0.00105,673.0,128891,135629982300.0,1.3546642420340953
base_old,90,98845865600.0,-31474001500.0,2080.0,0.000925,603.0,130154,130319867100.0,1.3184149514898882
base_old,91,98816559200.0,-30986728300.0,2080.0,0.00091,596.0,131359,129803287500.0,1.3135782965007348
base_old,92,98675310200.0,-30499099900.0,2070.0,0.000892,588.0,132565,129174410100.0,1.3090854220593067
base_old,93,96117406100.0,-29460211700.0,1800.0,0.000904,551.0,133835,125577617800.0,1.3065023588896039
base_old,94,94070076100.0,-27351360200.0,1610.0,0.000916,505.0,135041,121421436300.0,1.2907551618319568
base_old,95,91472340700.0,-23915534500.0,1390.0,0.000804,439.0,136280,115387875200.0,1.261450995098456
base_old,96,89607135500.0,-19549769500.0,1250.0,0.000681,366.0,137526,109156905000.0,1.2181720171157575
base_old,97,88754995400.0,-18117485800.0,1190.0,0.000647,341.0,138737,106872481200.0,1.2041291954142785
base_old,98,85657761700.0,-16478867700.0,988.0,0.000599,303.0,139990,102136629400.0,1.1923803210935409
base_old,99,83838113800.0,-15691928000.0,886.0,0.000576,284.0,141220,99530041800.0,1.1871693826203422
base_old,100,82637260600.0,-14697341100.0,825.0,0.000544,266.0,142442,97334601700.0,1.1778536823859818
base_old,101,82004440700.0,-13258276000.0,795.0,0.000497,243.0,143678,95262716700.0,1.1616775370556243
base_old,102,81344547400.0,-12105046800.0,765.0,0.000459,225.0,144892,93449594200.0,1.1488120247381204
base_old,103,79788594400.0,-11278844500.0,695.0,0.000431,209.0,146122,91067438900.0,1.141359107586936
base_old,104,78925775900.0,-10083489000.0,660.0,0.00039,189.0,147351,89009264900.0,1.1277591367967787
base_old,105,76231417000.0,-8789140870.0,555.0,0.000344,164.0,148573,85020557870.0,1.1152955200872103
base_old,106,75392566700.0,-8417497930.0,527.0,0.000331,157.0,149777,83810064630.0,1.1116489104754144
base_old,107,74454724400.0,-8229232470.0,498.0,0.000322,152.0,151007,82683956870.0,1.110526666189634
base_old,108,74349171700.0,-8028316920.0,495.0,0.000271,149.0,152229,82377488620.0,1.107981255694339
base_old,109,74191553600.0,-7785650780.0,490.0,0.000247,145.0,153443,81977204380.0,1.104939853692456
base_old,110,73952848500.0,-7456963680.0,483.0,0.000225,140.0,154696,81409812180.0,1.1008340291314134
base_old,111,73867772200.0,-7386211330.0,481.0,0.000223,139.0,155901,81253983530.0,1.099992339148953
base_old,112,73856716600.0,-7365714750.0,481.0,0.000223,139.0,157107,81222431350.0,1.0997297888273576
base_old,113,73846057300.0,-7295690000.0,480.0,0.000221,140.0,158321,81141747300.0,1.098795931248722
base_old,114,73727756600.0,-7079301180.0,477.0,0.000215,136.0,159558,80807057780.0,1.0960194844718767
base_old,115,73554858000.0,-6958246870.0,472.0,0.00021,134.0,160765,80513104870.0,1.0945994195244044
base_old,116,73181343100.0,-6609934000.0,462.0,0.0002,128.0,162003,79791277100.0,1.0903226658599001
base_old,117,73081147100.0,-6411465360.0,459.0,0.000193,125.0,163234,79492612460.0,1.0877307707174728
base_old,118,72895277000.0,-6306791960.0,454.0,0.000188,124.0,164463,79202068960.0,1.0865185265706583
base_old,119,72692857900.0,-6153951320.0,449.0,0.000245,121.0,165692,78846809220.0,1.0846568906186862
base_old,120,72440078400.0,-5958885630.0,442.0,0.000744,118.0,166922,78398964030.0,1.0822595138163185
base_old,121,71993134800.0,-5754462670.0,431.0,0.00115,114.0,168160,77747597470.0,1.0799307140324719
base_old,122,71714598600.0,-5552436040.0,424.0,0.00188,110.0,169382,77267034640.0,1.0774240691350674
base_old,123,71474283000.0,-5465673900.0,418.0,0.00406,108.0,170612,76939956900.0,1.0764704963881904
base_old,124,71395893100.0,-5307503820.0,416.0,0.0108,106.0,171827,76703396920.0,1.0743390633487293
base_old,125,71205557800.0,-5222899950.0,411.0,0.0123,104.0,173049,76428457750.0,1.0733496107799607
base_old,126,70874950200.0,-5120485020.0,403.0,0.0168,102.0,174295,75995435220.0,1.0722467529860782
base_old,127,70642947200.0,-4951776130.0,397.0,0.0181,99.5,175540,75594723330.0,1.070095831590673
base_old,128,70549524000.0,-4850495590.0,395.0,0.0229,97.9,176754,75400019590.0,1.068753059056784
base_old,129,70360003300.0,-4725286890.0,391.0,0.0256,95.7,177984,75085290190.0,1.0671587076233124
base_old,130,70218766700.0,-4615004280.0,388.0,0.0317,93.9,179189,74833770980.0,1.0657232317923921
base_old,131,70087620800.0,-4499004790.0,385.0,0.0326,92.0,180403,74586625590.0,1.0641911472903072
base_old,132,69932398600.0,-4391342850.0,381.0,0.0366,90.1,181617,74323741450.0,1.0627941117123358
base_old,133,69679542100.0,-4339492720.0,375.0,0.0417,88.9,182830,74019034820.0,1.062277859314463
base_old,134,69605197300.0,-4254855730.0,374.0,0.0439,87.6,184044,73860053030.0,1.0611284199319408
base_old,135,69596871200.0,-4211983990.0,373.0,0.047,87.0,185266,73808855190.0,1.0605197319559962
base_old,136,69370168200.0,-4182825000.0,368.0,0.0496,86.1,186472,73552993200.0,1.0602971725243704
base_old,137,69271751600.0,-4129296200.0,366.0,0.0512,85.2,187686,73401047800.0,1.0596101023090052
base_old,138,69153817300.0,-4067281130.0,364.0,0.0518,84.2,188915,73221098430.0,1.0588149908248088
base_old,139,68845114200.0,-3916628840.0,357.0,0.0558,81.4,190137,72761743040.0,1.0568904400190537
base_old,140,68668261600.0,-3825665910.0,353.0,0.0548,79.8,191360,72493927510.0,1.055712287174021
base_old,141,68415213900.0,-3764843370.0,348.0,0.049,78.5,192573,72180057270.0,1.0550293298140225
base_old,142,67882971400.0,-3639086110.0,337.0,0.0561,75.9,193787,71522057510.0,1.0536082324469374
base_old,143,67587792300.0,-3524128910.0,331.0,0.0604,73.7,195009,71111921210.0,1.052141500559118
base_old,144,67298612800.0,-3410663300.0,325.0,0.063,71.7,196230,70709276100.0,1.0506795483308982
base_old,145,67133084200.0,-3326783250.0,322.0,0.0669,70.2,197451,70459867450.0,1.0495550485970373
base_old,146,67038008000.0,-3208708350.0,320.0,0.068,68.4,198672,70246716350.0,1.0478640169320066
base_old,147,66892100800.0,-3109302660.0,317.0,0.0678,66.7,199878,70001403460.0,1.0464823592444266
base_old,148,66445297100.0,-3057237540.0,309.0,0.0666,65.3,201100,69502534640.0,1.0460113457751399
base_old,149,66156871400.0,-2900953560.0,303.0,0.0663,62.6,202369,69057824960.0,1.0438496183179544
base_old,150,66096657400.0,-2846675190.0,302.0,0.0651,61.8,203592,68943332590.0,1.0430683683862052
base_old,151,65788633800.0,-2765624390.0,297.0,0.0636,60.2,204805,68554258190.0,1.042038027395547
base_old,152,65508707100.0,-2722510900.0,292.0,0.0628,59.2,206019,68231218000.0,1.0415595272830533
base_old,153,65087525800.0,-2636880030.0,284.0,0.0608,57.4,207274,67724405830.0,1.0405128324911683
base_old,154,64876071800.0,-2590608630.0,281.0,0.0597,56.4,208495,67466680430.0,1.0399316505781413
base_old,155,64783183500.0,-2575643270.0,279.0,0.0593,56.1,209700,67358826770.0,1.039757899054158
base_old,156,64187624700.0,-2509975120.0,269.0,0.0577,54.4,210937,66697599820.0,1.0391037233692806
base_old,157,63708448000.0,-2399355640.0,261.0,0.0551,52.2,212167,66107803640.0,1.0376614988329333
base_old,158,63542424200.0,-2323746970.0,258.0,0.0533,50.9,213381,65866171170.0,1.0365700081363909
base_old,159,63166201700.0,-2248064210.0,252.0,0.0514,49.4,214603,65414265910.0,1.035589668992239
base_old,160,62816374600.0,-2164733890.0,247.0,0.0494,47.8,215824,64981108490.0,1.0344612993631759
base_old,161,62657708000.0,-2135093010.0,245.0,0.0487,47.2,217038,64792801010.0,1.0340755044854177
base_old,162,61942991400.0,-2049071650.0,234.0,0.0466,45.1,218324,63992063050.0,1.0330799595513238
base_old,163,61457432200.0,-1999425270.0,227.0,0.0455,43.9,219546,63456857470.0,1.0325334983650685
base_old,164,61172279800.0,-1922438990.0,223.0,0.0436,42.5,220792,63094718790.0,1.0314266363177134
base_old,165,60938383000.0,-1901949820.0,220.0,0.0431,41.9,222013,62840332820.0,1.031211031969785
base_old,166,60550411600.0,-1861402720.0,215.0,0.0421,41.0,223219,62411814320.0,1.0307413718720286
base_old,167,60098618700.0,-1782796340.0,209.0,0.0402,39.4,224442,61881415040.0,1.0296645144025582
base_old,168,59356364500.0,-1697394990.0,199.0,0.0382,37.5,225671,61053759490.0,1.0285966804789737
base_old,169,59122441600.0,-1670911190.0,196.0,0.0375,36.9,226877,60793352790.0,1.0282618772970296
base_old,170,58611275900.0,-1600966290.0,190.0,0.0359,35.4,228107,60212242190.0,1.027314987865671
base_old,171,58463034600.0,-1564190450.0,188.0,0.035,34.8,229320,60027225050.0,1.026755204561345
base_old,172,57926016100.0,-1521468880.0,182.0,0.034,33.7,230534,59447484980.0,1.0262657262217625
base_old,173,57453640800.0,-1443173920.0,176.0,0.0321,32.2,231775,58896814720.0,1.0251189289295657
base_old,174,57101696300.0,-1357508870.0,173.0,0.0301,30.7,233006,58459205170.0,1.0237735296490658
base_old,175,56436850800.0,-1268039770.0,165.0,0.028,28.9,234244,57704890570.0,1.02246829424437
base_old,176,55892695300.0,-1224967980.0,160.0,0.027,27.9,235457,57117663280.0,1.021916423486559
base_old,177,55229893300.0,-1142696410.0,153.0,0.0251,26.2,236727,56372589710.0,1.0206898174471035
base_old,178,54809397900.0,-1105370350.0,149.0,0.0242,25.4,237933,55914768250.0,1.0201675331667892
base_old,179,54510709600.0,-1064909540.0,146.0,0.0232,24.6,239156,55575619140.0,1.0195357856798106
base_old,180,54077730000.0,-959827986.0,142.0,0.0208,22.9,240393,55037557986.0,1.0177490435711707
base_old,181,53981243000.0,-934782502.0,142.0,0.0202,22.4,241614,54916025502.0,1.0173168020973506
base_old,182,53803731500.0,-889399467.0,140.0,0.0192,21.7,242818,54693130967.0,1.0165304420753791
base_old,183,52918894200.0,-836755191.0,132.0,0.018,20.4,244072,53755649391.0,1.0158120309135257
base_old,184,52181744700.0,-789530200.0,126.0,0.0169,19.3,245301,52971274900.0,1.0151303909928484
base_old,185,51814410000.0,-776604031.0,123.0,0.0166,18.9,246523,52591014031.0,1.0149881863172812
base_old,186,51007246200.0,-728925634.0,117.0,0.0155,17.8,247751,51736171834.0,1.0142906290439966
base_old,187,50204648200.0,-662623081.0,111.0,0.014,16.4,248989,50867271281.0,1.013198440876636
base_old,188,49385110300.0,-631359803.0,105.0,0.0133,15.6,250242,50016470103.0,1.0127844161765496
base_old,189,48815509700.0,-594497404.0,101.0,0.0125,14.8,251471,49410007104.0,1.012178453275476
base_old,190,48262130400.0,-570601660.0,97.8,0.0156,14.2,252717,48832732060.0,1.0118229687597877
base_old,191,47746777100.0,-555909020.0,94.6,0.0166,13.8,253938,48302686120.0,1.0116428595554359
base_old,192,47248921100.0,-520496248.0,91.6,0.0178,13.1,255176,47769417348.0,1.0110160451473251
base_old,193,46763215900.0,-491389412.0,88.7,0.0161,12.5,256389,47254605312.0,1.0105080329173854
base_old,194,46214520200.0,-469426339.0,85.6,0.0166,12.0,257619,46683946539.0,1.0101575508513014
base_old,195,45826033100.0,-434812010.0,83.5,0.0179,11.3,258841,46260845110.0,1.0094883187696209
base_old,196,45401627500.0,-406746922.0,81.2,0.0194,10.8,260111,45808374422.0,1.0089588621465166
base_old,197,44685355100.0,-371361831.0,77.5,0.02,10.1,261324,45056716931.0,1.0083105937094814
base_old,198,43782913900.0,-352682358.0,73.0,0.0237,9.5,262563,44135596258.0,1.0080552509320309
base_old,199,43484627400.0,-329760930.0,71.7,0.0266,9.08,263802,43814388330.0,1.0075833909525462
base_old,200,42927500100.0,-320713580.0,69.1,0.0278,8.79,265015,43248213680.0,1.0074710518724104
base_old,201,42617200300.0,-300704258.0,67.7,0.0336,8.42,266277,42917904558.0,1.007055936473612
base_old,202,41842744700.0,-283786796.0,64.4,0.0377,7.96,267513,42126531496.0,1.006782222295279
base_old,203,41670743000.0,-273988274.0,63.6,0.0419,7.78,268727,41944731274.0,1.006575075323231
base_old,204,41337802900.0,-264586196.0,62.3,0.0446,7.56,269958,41602389096.0,1.0064005868100938
base_old,205,40934519100.0,-257114395.0,60.7,0.0461,7.35,271171,41191633495.0,1.006281114341954
base_old,206,40824022200.0,-244607115.0,60.2,0.0472,7.15,272391,41068629315.0,1.0059917446106033
base_old,207,40678000300.0,-234088591.0,59.7,0.0467,6.96,273596,40912088891.0,1.0057546730240818
base_old,208,40171629300.0,-227842234.0,57.7,0.0479,6.75,274816,40399471534.0,1.0056717200165939
base_old,209,40072703300.0,-219915459.0,57.4,0.0463,6.62,276029,40292618759.0,1.005487911742655
base_old,210,39736931800.0,-215885351.0,56.1,0.0457,6.48,277239,39952817151.0,1.0054328641196197
base_old,211,39484627200.0,-211961230.0,55.2,0.045,6.37,278451,39696588430.0,1.0053681963090688
base_old,212,39345382500.0,-209587477.0,54.7,0.0445,6.3,279663,39554969977.0,1.0053268633746286
base_old,213,38625511300.0,-199543212.0,52.2,0.0422,6.0,280923,38825054512.0,1.0051660989145275
base_old,214,38258146200.0,-187795685.0,51.0,0.0396,5.76,282135,38445941885.0,1.0049086457043233
base_old,215,38092108300.0,-181244758.0,50.4,0.0381,5.63,283340,38273353058.0,1.0047580658065072
base_old,216,37806438800.0,-176963059.0,49.5,0.0372,5.51,284551,37983401859.0,1.0046807650923206
base_old,217,37718987100.0,-173349129.0,49.2,0.0364,5.44,285764,37892336229.0,1.0045958055167394
base_old,218,37404916800.0,-162256203.0,48.2,0.034,5.22,287000,37567173003.0,1.0043378308757527
base_old,219,37047232600.0,-155414532.0,47.1,0.0325,5.06,288229,37202647132.0,1.0041950375532234
base_old,220,36746730000.0,-149063524.0,46.2,0.0312,4.91,289474,36895793524.0,1.0040565112596413
base_old,221,36421665300.0,-141405561.0,45.2,0.0295,4.74,290710,36563070861.0,1.0038824573186114
base_old,222,36218988700.0,-136900190.0,44.6,0.0286,4.64,291930,36355888890.0,1.0037797905163486
base_old,223,35904600300.0,-134178790.0,43.7,0.028,4.55,293141,36038779090.0,1.0037370918734332
base_old,224,35697702200.0,-130030186.0,43.1,0.0271,4.45,294354,35827732386.0,1.0036425365776065
base_old,225,35343133200.0,-123970532.0,42.2,0.0258,4.3,295614,35467103732.0,1.0035076271053411
base_old,226,34836097200.0,-118078455.0,40.8,0.0245,4.13,296842,34954175655.0,1.0033895431604203
base_old,227,34548339300.0,-113991031.0,40.0,0.0236,4.03,298062,34662330331.0,1.0032994648457676
base_old,228,33984428900.0,-105325806.0,38.6,0.0218,3.81,299329,34089754706.0,1.0030992371921248
base_old,229,33585690600.0,-99535276.9,37.6,0.0205,3.67,300549,33685225876.9,1.002963621563881
base_old,230,33115588600.0,-94206219.5,36.4,0.0193,3.52,301762,33209794819.5,1.002844769592892
base_old,231,32920517000.0,-89850997.2,36.0,0.0184,3.43,302982,33010367997.2,1.0027293312920937
base_old,232,32806714400.0,-87153432.4,35.7,0.0178,3.38,304186,32893867832.4,1.0026565730215276
base_old,233,32284412100.0,-83909534.8,34.5,0.0171,3.26,305407,32368321634.8,1.0025990727209184
base_old,234,32199298200.0,-82412892.5,34.3,0.0168,3.23,306619,32281711092.5,1.002559462382941
base_old,235,31646191300.0,-78918192.6,33.1,0.0161,3.1,307840,31725109492.6,1.0024937658959294
base_old,236,31239571300.0,-74578204.0,32.2,0.0152,2.99,309084,31314149504.0,1.002387299213674
base_old,237,30486968900.0,-72227324.8,30.6,0.0147,2.87,310313,30559196224.8,1.0023691212149333
base_old,238,30293581100.0,-68576110.8,30.3,0.0139,2.79,311540,30362157210.8,1.0022637175371782
base_old,239,29817164300.0,-66173629.3,29.3,0.0134,2.7,312760,29883337929.3,1.0022193133000243
base_old,240,29678894900.0,-63836818.5,29.1,0.0129,2.65,313973,29742731718.5,1.0021509162896762
base_old,241,29250980400.0,-61758156.4,28.2,0.0125,2.57,315193,29312738556.4,1.0021113191953046
base_old,242,28850787200.0,-58777834.9,27.5,0.0119,2.49,316431,28909565034.9,1.0020373043720623
base_old,243,28707837600.0,-57033681.2,27.3,0.0115,2.45,317635,28764871281.2,1.0019866937382982
base_old,244,28579110700.0,-56198148.6,27.0,0.0114,2.42,318840,28635308848.6,1.0019664064844396
base_old,245,28183395800.0,-53397434.4,26.3,0.0108,2.34,320060,28236793234.4,1.0018946416102208
base_old,246,27820049200.0,-50476131.0,25.7,0.0102,2.26,321320,27870525331.0,1.0018143796453098
base_old,247,27505975300.0,-48055249.6,25.2,0.00968,2.19,322539,27554030549.6,1.0017470840090517
base_old,248,27259405700.0,-45714317.5,24.8,0.0092,2.13,323751,27305120017.5,1.0016770107904442
base_old,249,26629545400.0,-43972988.1,23.8,0.00884,2.04,324971,26673518388.1,1.0016512857219109
base_old,250,26292777800.0,-42940654.7,23.3,0.00864,2.0,326194,26335718454.7,1.0016331729962744
base_old,251,26061024100.0,-39829302.7,22.9,0.00801,1.93,327465,26100853402.7,1.001528309192577
base_old,252,25772696600.0,-39400052.5,22.5,0.00791,1.9,328687,25812096652.5,1.0015287516518547
base_old,253,25466980600.0,-37844665.4,22.0,0.00761,1.85,329903,25504825265.4,1.0014860287520697
base_old,254,25296891300.0,-36602376.3,21.8,0.00735,1.82,331116,25333493676.3,1.0014469120282776
base_old,255,24763070000.0,-34306062.2,21.0,0.00689,1.73,332353,24797376062.2,1.0013853719349015
base_old,256,24232695700.0,-32994642.0,20.3,0.00662,1.67,333593,24265690342.0,1.0013615753859362
base_old,257,23873818200.0,-31479601.6,19.8,0.00631,1.62,334824,23905297801.6,1.0013185826136515
base_old,258,23629895800.0,-30183727.5,19.5,0.00605,1.58,336055,23660079527.5,1.0012773533897683
base_old,259,23204646100.0,-28934228.4,19.0,0.00581,1.53,337285,23233580328.4,1.0012469153063275
base_old,260,22995993800.0,-28366987.2,18.7,0.00569,1.51,338508,23024360787.2,1.0012335621346358
base_old,261,22668951800.0,-27222528.8,18.3,0.00547,1.47,339731,22696174328.8,1.0012008728520037
base_old,262,22151283600.0,-25301165.0,17.7,0.00509,1.4,340962,22176584765.0,1.0011421985947577
base_old,263,21886351000.0,-24385396.2,17.4,0.00491,1.37,342177,21910736396.2,1.001114182816496
base_old,264,21127583800.0,-22212153.0,16.6,0.00448,1.28,343480,21149795953.0,1.001051334275148
base_old,265,20440131000.0,-21534354.1,15.8,0.00435,1.23,344694,20461665354.1,1.0010535330766714
base_old,266,20158737200.0,-20787222.0,15.5,0.0042,1.2,345908,20179524422.0,1.0010311767941495
base_old,267,19502793500.0,-19793641.7,14.9,0.00476,1.15,347136,19522587141.7,1.0010149131559025
base_old,268,19131653600.0,-19155641.7,14.5,0.00584,1.12,348365,19150809241.7,1.0010012538435256
base_old,269,18584027200.0,-18088384.9,14.0,0.00895,1.07,349609,18602115584.9,1.000973329661291
base_old,270,18071792900.0,-17040229.1,13.5,0.0166,1.03,350837,18088833129.1,1.0009429185689704
base_old,271,17951478300.0,-16698784.9,13.4,0.0205,1.02,352049,17968177084.9,1.0009302178138724
base_old,272,17183110800.0,-15677447.8,12.7,0.0325,0.974,353303,17198788247.8,1.0009123754122564
base_old,273,17042317300.0,-14378713.0,12.6,0.0466,0.98,354531,17056696013.0,1.000843706448301
base_old,274,16470759600.0,-13832646.6,12.2,0.0523,0.976,355744,16484592246.6,1.0008398305200206
base_old,275,15786967100.0,-13609764.8,11.6,0.054,0.903,356957,15800576864.8,1.0008620886275237
base_old,276,15455086600.0,-12801047.5,11.3,0.0551,0.971,358178,15467887647.5,1.0008282740712693
base_old,277,15399040800.0,-12093264.2,10.9,0.0548,1.12,359422,15411134064.2,1.000785325810683
base_old,278,15231475300.0,-11560306.2,10.4,0.0537,1.06,360644,15243035606.2,1.0007589748184145
base_old,279,15137312100.0,-11124762.1,9.98,0.0525,1.01,361880,15148436862.1,1.0007349232166523
base_old,280,15096889700.0,-10656821.0,9.78,0.051,1.01,363100,15107546521.0,1.0007058951354728
base_old,281,15023121000.0,-9705305.43,9.29,0.0479,1.01,364344,15032826305.43,1.0006460245797129
base_old,282,14954440400.0,-9298795.32,8.85,0.0465,0.961,365588,14963739195.32,1.000621808310527
base_old,283,14885284100.0,-8677993.97,8.41,0.0445,0.914,366832,14893962093.97,1.0005829914909048
base_old,284,14809976300.0,-8172794.56,7.93,0.0427,0.852,368068,14818149094.56,1.0005518438648682
base_old,285,14800386500.0,-7631418.13,7.87,0.0408,0.864,369289,14808017918.13,1.000515622894713
base_old,286,14747316100.0,-7259749.41,7.53,0.0395,0.821,370509,14754575849.41,1.0004922759748807
base_old,287,14728668800.0,-6860183.48,7.41,0.0383,0.815,371730,14735528983.48,1.000465770774885
base_old,288,14693512100.0,-6513782.63,7.19,0.0378,0.792,372958,14700025882.63,1.0004433101212065
base_old,289,14689234300.0,-6449327.09,7.16,0.0377,0.79,374162,14695683627.09,1.0004390512778465
base_old,290,14673675300.0,-6344770.94,7.07,0.0375,0.779,375374,14680020070.94,1.0004323913954944
base_old,291,14617708400.0,-6063314.32,6.73,0.037,0.737,376595,14623771714.32,1.0004147923979658
base_old,292,14589183500.0,-5738349.64,6.56,0.0361,0.719,377816,14594921849.64,1.0003933290468243
base_old,293,14562307900.0,-5553452.89,6.41,0.0356,0.702,379038,14567861352.89,1.0003813580188068
base_old,294,14515296500.0,-5074205.78,6.14,0.0341,0.675,380283,14520370705.78,1.000349576447164
base_old,295,14481653800.0,-4678229.97,5.95,0.0329,0.656,381510,14486332029.97,1.000323045284372
base_old,296,14460546800.0,-4375046.81,5.84,0.0319,0.645,382755,14464921846.81,1.0003025505792076
base_old,297,14437615700.0,-4076599.58,5.72,0.0309,0.633,383983,14441692299.58,1.0002823596128827
base_old,298,14423657400.0,-3780641.22,5.64,0.0299,0.626,385196,14427438041.22,1.0002621139087788
base_old,299,14402888900.0,-3611272.96,5.54,0.0294,0.614,386409,14406500172.96,1.0002507325429693
base_old,300,14379661000.0,-3380946.95,5.42,0.0286,0.602,387622,14383041946.95,1.0002351200734148
base_old,301,14352248400.0,-3115598.09,5.28,0.0277,0.587,388858,14355363998.09,1.0002170808366164
base_old,302,14317305300.0,-2947609.13,5.11,0.0271,0.568,390095,14320252909.13,1.000205877367859
base_old,303,14287623000.0,-2779288.22,4.97,0.0265,0.552,391323,14290402288.22,1.0001945241850236
base_old,304,14270102600.0,-2570933.76,4.89,0.0257,0.543,392535,14272673533.76,1.0001801622477473
base_old,305,14224865800.0,-2212221.66,4.69,0.0244,0.52,393794,14227078021.66,1.0001555179283308
base_old,306,14181082500.0,-2039108.84,4.5,0.0238,0.499,395006,14183121608.84,1.0001437907747874
base_old,307,14151154200.0,-1702530.4,4.37,0.0226,0.485,396243,14152856730.4,1.0001203103560272
base_old,308,14130656300.0,-1526902.14,4.29,0.0219,0.476,397463,14132183202.14,1.0001080559959554
base_old,309,14115563200.0,-1454366.1,4.23,0.0216,0.469,398668,14117017566.1,1.0001030328070792
base_old,310,14108117300.0,-1360149.88,4.2,0.0213,0.466,399881,14109477449.88,1.0000964090282973
base_old,311,14099815200.0,-1166547.17,4.17,0.0205,0.462,401111,14100981747.17,1.0000827349261996
base_old,312,14053191000.0,-877772.015,3.98,0.0194,0.442,402380,14054068772.015,1.0000624606906003
base_old,313,14044565200.0,-753208.198,3.95,0.0192,0.438,403599,14045318408.198,1.0000536298694387
base_old,314,14029342700.0,-668551.773,3.89,0.0201,0.432,404803,14030011251.773,1.0000476538200895
base_old,315,14003364800.0,-503233.142,3.8,0.022,0.421,406014,14003868033.142,1.0000359365873266
base_old,316,13976998200.0,-371198.736,3.7,0.0234,0.411,407242,13977369398.736,1.000026557829563
base_old,317,13957729700.0,-225468.843,3.64,0.025,0.403,408485,13957955168.843,1.0000161536903096
base_old,318,13908827300.0,-120416.81,3.47,0.0262,0.384,409697,13908947716.81,1.0000086575817935
base_old,319,13893570600.0,114698.7,3.42,0.0287,0.378,410939,13893455901.3,0.9999917444763983
base_old,320,13864984300.0,238539.819,3.33,0.03,0.368,412159,13864745760.181,0.9999827955218816
base_old,321,13832741300.0,391753.499,3.22,0.0315,0.356,413402,13832349546.501,0.9999716792578922
base_old,322,13782363500.0,647385.26,3.07,0.034,0.338,414709,13781716114.74,0.9999530279940737
base_old,323,13747835600.0,834245.247,2.97,0.0358,0.327,415936,13747001354.753,0.9999393180664017
base_old,324,13709257800.0,918335.06,2.86,0.0365,0.315,417153,13708339464.94,0.9999330135100385
base_old,325,13702901200.0,935365.861,2.84,0.0366,0.313,418367,13701965834.139,0.9999317395749011
base_old,326,13685954300.0,1065003.62,2.8,0.037,0.307,419608,13684889296.38,0.9999221827286096
base_old,327,13667477100.0,1144996.71,2.75,0.0371,0.302,420841,13666332103.29,0.999916224720801
base_old,328,13657686800.0,1222676.63,2.72,0.0385,0.299,422050,13656464123.37,0.9999104770340759
base_old,329,13650404300.0,1304066.0,2.7,0.0406,0.296,423275,13649100234.0,0.9999044668589047
base_old,330,13627888900.0,1462232.14,2.65,0.0444,0.289,424546,13626426667.86,0.9998927029600307
base_old,331,13590711900.0,1589048.55,2.55,0.0467,0.279,425786,13589122851.45,0.9998830783433795
base_old,332,13568023100.0,1639616.61,2.5,0.0472,0.273,427001,13566383483.39,0.99987915582116
base_old,333,13549341400.0,1740813.64,2.45,0.0475,0.267,428217,13547600586.36,0.9998715204238636
base_old,334,13528650000.0,1782600.26,2.4,0.0475,0.262,429440,13526867399.74,0.9998682351705455
base_old,335,13512839900.0,1859175.06,2.37,0.047,0.258,430640,13510980724.94,0.999862414187265
base_old,336,13484936700.0,1903205.15,2.3,0.0467,0.251,431864,13483033494.85,0.9998588643615954
base_old,337,13462361000.0,1982706.63,2.25,0.0457,0.245,433097,13460378293.37,0.9998527222208646
base_old,338,13454168900.0,2021568.65,2.24,0.0451,0.243,434305,13452147331.35,0.9998497440707765
base_old,339,13413278800.0,2144930.66,2.15,0.0431,0.233,435552,13411133869.34,0.9998400890123897
base_old,340,13392225000.0,2178981.78,2.1,0.0425,0.228,436770,13390046018.22,0.9998372950140846
base_old,341,13371989700.0,2266568.93,2.06,0.0408,0.223,438000,13369723131.07,0.9998304987529267
base_old,342,13365877400.0,2285355.87,2.05,0.0405,0.222,439201,13363592044.13,0.9998290156492082
base_old,343,13361628600.0,2315668.25,2.04,0.0398,0.221,440402,13359312931.75,0.9998266926645454
base_old,344,13348873400.0,2351047.52,2.02,0.0391,0.218,441626,13346522352.48,0.9998238767085768
base_old,345,13317237700.0,2407438.03,1.96,0.0379,0.211,442841,13314830261.97,0.9998192239198374
base_old,346,13292186400.0,2465574.99,1.91,0.0367,0.206,444066,13289720825.01,0.9998145094481974
base_old,347,13279823200.0,2508861.93,1.89,0.0357,0.203,445281,13277314338.07,0.9998110771587682
base_old,348,13272412500.0,2526258.92,1.87,0.0355,0.202,446496,13269886241.08,0.9998096609098007
base_old,349,13266781100.0,2566957.79,1.86,0.0354,0.2,447696,13264214142.21,0.9998065123882989
base_old,350,13250690300.0,2609628.44,1.83,0.0356,0.197,448912,13248080671.56,0.9998030571705384
base_old,351,13238084800.0,2651106.18,1.81,0.0359,0.194,450127,13235433693.82,0.9997997364256195
base_old,352,13221254600.0,2687647.56,1.78,0.0361,0.191,451350,13218566952.44,0.99979671766097
base_old,353,13205073700.0,2726303.18,1.75,0.0364,0.188,452566,13202347396.82,0.999793541237108
base_old,354,13177539500.0,2755592.95,1.71,0.0364,0.183,453782,13174783907.05,0.9997908871417156
base_old,355,13166301300.0,2801210.43,1.69,0.0366,0.181,455007,13163500089.57,0.9997872439369134
base_old,356,13148627000.0,2832468.78,1.66,0.0367,0.177,456223,13145794531.22,0.9997845806425264
base_old,357,13134451700.0,2863224.16,1.64,0.0367,0.175,457454,13131588475.84,0.9997820065713136
base_old,358,13133203400.0,2867711.84,1.64,0.0367,0.175,458653,13130335688.16,0.999781644146317
base_old,359,13110470500.0,2901471.1,1.6,0.0367,0.17,459894,13107569028.9,0.999778690543562
base_old,360,13096388700.0,2916676.28,1.58,0.0367,0.168,461093,13093472023.72,0.9997772915612988
base_old,361,13083821100.0,2942046.21,1.56,0.0366,0.166,462324,13080879053.79,0.9997751386091637
base_old,362,13052312000.0,2979070.97,1.51,0.0364,0.161,463563,13049332929.03,0.9997717591358528
base_old,363,13030432200.0,3021827.26,1.48,0.036,0.157,464811,13027410372.74,0.9997680946254415
base_old,364,13017695600.0,3059055.66,1.46,0.0355,0.155,466021,13014636544.34,0.9997650078974039
base_old,365,12996964900.0,3075271.63,1.43,0.0353,0.152,467221,12993889628.37,0.9997633854016179
base_old,366,12987981600.0,3082944.29,1.42,0.0352,0.15,468421,12984898655.71,0.99976263099341
base_old,367,12983417100.0,3095213.33,1.41,0.035,0.15,469638,12980321886.67,0.9997616025653215
base_old,368,12980032400.0,3114815.32,1.41,0.0346,0.149,470845,12976917584.68,0.9997600302353636
base_old,369,12950085200.0,3143227.21,1.37,0.034,0.145,472085,12946941972.79,0.9997572813490062
base_old,370,12937426000.0,3152161.56,1.35,0.0338,0.143,473291,12934273838.44,0.9997563532684168
base_old,371,12932939600.0,3165309.32,1.35,0.0335,0.142,474491,12929774290.68,0.9997552521377274
base_old,372,12913952000.0,3186735.59,1.32,0.0329,0.14,475716,12910765264.41,0.9997532331241435
base_old,373,12905516400.0,3202229.87,1.31,0.0325,0.138,476924,12902314170.13,0.9997518712331418
base_old,374,12899629500.0,3209831.2,1.3,0.0322,0.137,478124,12896419668.8,0.9997511687293034
base_old,375,12888589200.0,3236218.14,1.29,0.0321,0.136,479348,12885352981.86,0.9997489082715121
base_old,376,12874816300.0,3245132.33,1.27,0.0322,0.134,480547,12871571167.67,0.999747947290712
base_old,377,12872660700.0,3249577.02,1.27,0.0322,0.134,481746,12869411122.98,0.9997475598016811
base_old,378,12849549000.0,3264836.57,1.24,0.0322,0.131,482970,12846284163.43,0.999745918197596
base_old,379,12821303600.0,3290984.26,1.21,0.0324,0.127,484217,12818012615.74,0.9997433190600057
base_old,380,12798580500.0,3316009.21,1.18,0.0325,0.124,485440,12795264490.79,0.9997409080475761
base_old,381,12792299800.0,3324804.94,1.17,0.0325,0.123,486649,12788974995.06,0.999740093259853
base_old,382,12774108400.0,3349416.14,1.15,0.0325,0.121,487888,12770758983.86,0.9997377964837061
base_old,383,12750940100.0,3363288.79,1.13,0.0325,0.118,489103,12747576811.21,0.9997362320924086
base_old,384,12739780700.0,3368404.53,1.11,0.0325,0.117,490359,12736412295.47,0.9997355994887729
base_old,385,12713438900.0,3389946.91,1.09,0.0325,0.114,491575,12710048953.09,0.9997333572028257
base_old,386,12707646600.0,3410596.89,1.08,0.0324,0.113,492791,12704236003.11,0.9997316106595222
base_old,387,12679764100.0,3430318.54,1.05,0.0323,0.11,494015,12676333781.46,0.9997294651136293
base_old,388,12666094700.0,3459001.3,1.04,0.032,0.108,495247,12662635698.7,0.9997269086184869
base_old,389,12641159100.0,3479241.9,1.01,0.0318,0.105,496495,12637679858.1,0.9997247687595356
base_old,390,12628536900.0,3496045.75,0.999,0.0316,0.104,497710,12625040854.25,0.9997231630411596
base_old,391,12608591200.0,3512620.33,0.98,0.0313,0.102,498934,12605078579.67,0.999721410562506
base_old,392,12597637000.0,3521759.87,0.969,0.0311,0.101,500158,12594115240.13,0.9997204428203479
base_old,393,12577324100.0,3530221.31,0.95,0.0308,0.0987,501388,12573793878.69,0.999719318570315
base_old,394,12548446000.0,3540403.9,0.924,0.0305,0.0959,502603,12544905596.1,0.9997178611678291
base_old,395,12522741800.0,3560514.11,0.901,0.0297,0.0934,503826,12519181285.89,0.9997156761540831
base_old,396,12501184900.0,3572461.5,0.882,0.0293,0.0914,505057,12497612438.5,0.9997142301686939
base_old,397,12466745000.0,3592371.27,0.852,0.0295,0.0883,506264,12463152628.73,0.9997118436873458
base_old,398,12449711800.0,3608366.79,0.838,0.0298,0.0867,507479,12446103433.21,0.9997101646328872
base_old,399,12442591900.0,3616080.3,0.832,0.0299,0.086,508687,12438975819.7,0.9997093788553815
base_old,400,12417230800.0,3635259.37,0.812,0.0304,0.0838,509903,12413595540.63,0.9997072407343833
base_old,401,12403365300.0,3654042.3,0.801,0.0309,0.0825,511136,12399711257.7,0.9997053991226076
base_old,402,12362766900.0,3670989.5,0.769,0.0314,0.0791,512447,12359095910.5,0.9997030608495903
base_old,403,12341929100.0,3680947.45,0.754,0.0317,0.0774,513655,12338248152.55,0.9997017526660398
base_old,404,12301799100.0,3692110.53,0.724,0.032,0.0744,514911,12298106989.47,0.9996998723113597
base_old,405,12241774000.0,3711583.73,0.682,0.0322,0.0699,516167,12238062416.27,0.9996968099778676
base_old,406,12223092200.0,3714490.95,0.67,0.0322,0.0687,517438,12219377709.05,0.9996961087350711
base_old,407,12186899800.0,3734306.25,0.646,0.0318,0.0661,518655,12183165493.75,0.9996935802943091
base_old,408,12174946400.0,3744036.15,0.639,0.0315,0.0653,519878,12171202363.85,0.9996924802765457
base_old,409,12167446200.0,3748681.4,0.634,0.0313,0.0648,521095,12163697518.6,0.9996919089397741
base_old,410,12155893100.0,3755534.47,0.627,0.0311,0.064,522294,12152137565.53,0.9996910523612618
base_old,411,12126618400.0,3765029.32,0.609,0.0307,0.0621,523518,12122853370.68,0.9996895235591812
base_old,412,12116144100.0,3781680.36,0.603,0.0299,0.0613,524742,12112362419.64,0.9996878808696241
base_old,413,12089156000.0,3788992.63,0.587,0.0294,0.0597,525958,12085367007.37,0.9996865792260436
base_old,414,12053863700.0,3810065.0,0.567,0.0282,0.0574,527227,12050053635.0,0.9996839133828932
base_old,415,12029036300.0,3817006.06,0.553,0.0277,0.056,528443,12025219293.94,0.9996826839686236
base_old,416,12007400700.0,3825816.25,0.541,0.0271,0.0548,529650,12003574883.75,0.999681378481023
base_old,417,11995020000.0,3835763.43,0.535,0.0263,0.054,530858,11991184236.57,0.9996802203389407
base_old,418,11949309300.0,3844437.38,0.511,0.0256,0.0516,532065,11945464862.62,0.9996782711633384
base_old,419,11908838900.0,3853590.69,0.491,0.0248,0.0495,533304,11904985309.31,0.9996764092014041
base_old,420,11843714900.0,3864167.01,0.46,0.0238,0.0463,534575,11839850732.99,0.9996737369108741
base_old,421,11806910700.0,3875300.79,0.443,0.0229,0.0446,535807,11803035399.21,0.9996717769035044
base_old,422,11782475600.0,3892178.16,0.433,0.0214,0.0433,537063,11778583421.84,0.9996696638047781
base_old,423,11759583000.0,3903707.71,0.423,0.0204,0.0423,538279,11755679292.29,0.9996680402944561
base_old,424,11728712300.0,3911947.88,0.41,0.0197,0.041,539503,11724800352.12,0.9996664639919594
base_old,425,11686433300.0,3921921.76,0.394,0.0189,0.0392,540744,11682511378.24,0.99966440387248
base_old,426,11659462600.0,3925519.19,0.383,0.0186,0.0382,541968,11655537080.81,0.9996633190289576
base_old,427,11604739800.0,3931830.45,0.363,0.018,0.0362,543184,11600807969.55,0.9996611875390777
base_old,428,11588521900.0,3937073.81,0.357,0.0176,0.0356,544416,11584584826.19,0.9996602609164504
base_old,429,11535350400.0,3938847.45,0.338,0.0175,0.0339,545649,11531411552.55,0.9996585411527681
base_old,430,11516369900.0,3946502.76,0.332,0.0169,0.0332,546873,11512423397.24,0.9996573136505453
base_old,431,11487627000.0,3952772.2,0.323,0.0164,0.0322,548089,11483674227.8,0.9996559104678451
base_old,432,11482160000.0,3954477.46,0.321,0.0162,0.032,549289,11478205522.54,0.9996555981226529
base_old,433,11472175700.0,3961722.42,0.318,0.0157,0.0316,550510,11468213977.58,0.999654666863235
base_old,434,11433881800.0,3967959.41,0.306,0.0152,0.0305,551720,11429913840.59,0.9996529648041316
base_old,435,11424162300.0,3972059.59,0.303,0.0149,0.0302,552935,11420190240.41,0.9996523106477575
base_old,436,11400974400.0,3975721.65,0.296,0.0146,0.0295,554157,11396998678.35,0.9996512822930294
base_old,437,11373731200.0,3981224.88,0.289,0.0142,0.0287,555388,11369749975.12,0.9996499631642429
base_old,438,11358980200.0,3986461.73,0.284,0.0138,0.0282,556596,11354993738.27,0.9996490475676681
base_old,439,11341123900.0,3989634.17,0.279,0.0135,0.0277,557796,11337134265.83,0.9996482152734439
base_old,440,11321907300.0,3997313.0,0.274,0.0129,0.0271,559034,11317909987.0,0.9996469399639052
base_old,441,11307653200.0,4000961.03,0.27,0.0126,0.0268,560241,11303652238.97,0.9996461722906393
base_old,442,11283180500.0,4004634.01,0.264,0.0123,0.0261,561458,11279175865.99,0.9996450793275885
base_old,443,11235305300.0,4010927.21,0.252,0.0118,0.0249,562674,11231294372.79,0.9996430068340022
base_old,444,11215884400.0,4016820.11,0.247,0.0117,0.0244,563898,11211867579.89,0.999641863274732
base_old,445,11205508200.0,4020989.79,0.244,0.0117,0.0241,565096,11201487210.21,0.9996411595334872
base_old,446,11148433000.0,4027616.83,0.231,0.0118,0.0228,566343,11144405383.17,0.999638727987153
base_old,447,11106016000.0,4034325.93,0.221,0.0119,0.0218,567606,11101981674.07,0.9996367440916707
base_old,448,11089944800.0,4037343.35,0.218,0.0119,0.0214,568814,11085907456.65,0.9996359455864919
base_old,449,11066041800.0,4041739.73,0.213,0.0119,0.0209,570038,11062000060.27,0.9996347619317686
base_old,450,11058770400.0,4044583.81,0.211,0.012,0.0207,571239,11054725816.19,0.9996342646005202
base_old,451,11049991000.0,4045762.02,0.209,0.012,0.0206,572455,11045945237.98,0.9996338673922901
base_old,452,11031206500.0,4047224.82,0.206,0.012,0.0202,573670,11027159275.18,0.9996331113174248
base_old,453,11018061300.0,4049840.08,0.203,0.012,0.0199,574878,11014011459.92,0.9996324362363096
base_old,454,10996341300.0,4053343.41,0.199,0.012,0.0195,576117,10992287956.59,0.9996313916329607
base_old,455,10984988700.0,4056958.71,0.196,0.012,0.0192,577324,10980931741.29,0.9996306815763953
base_old,456,10960136300.0,4058698.89,0.192,0.012,0.0188,578532,10956077601.11,0.9996296853634932
base_old,457,10945297600.0,4062653.3,0.189,0.0119,0.0185,579748,10941234946.7,0.9996288220340396
base_old,458,10904701500.0,4067569.91,0.181,0.0119,0.0177,580988,10900633930.09,0.9996269893394147
base_old,459,10902344000.0,4070257.47,0.181,0.0118,0.0176,582188,10898273742.53,0.9996266621682457
base_old,460,10866276800.0,4074556.49,0.175,0.0118,0.017,583438,10862202243.51,0.9996250273607976
base_old,461,10841104000.0,4078717.88,0.17,0.0117,0.0165,584669,10837025282.12,0.9996237728297783
base_old,462,10794449600.0,4080091.58,0.163,0.0117,0.0158,585879,10790369508.42,0.9996220194886083
base_old,463,10758585100.0,4083543.06,0.157,0.0116,0.0153,587118,10754501556.94,0.9996204386522909
base_old,464,10733152400.0,4088098.32,0.153,0.0115,0.0148,588334,10729064301.68,0.9996191148538989
base_old,465,10729819600.0,4090038.82,0.152,0.0114,0.0148,589542,10725729561.18,0.9996188156956526
base_old,466,10699213800.0,4091697.79,0.148,0.0114,0.0143,590764,10695122102.21,0.9996175702377308
base_old,467,10680845600.0,4094793.8,0.145,0.0113,0.014,591980,10676750806.2,0.999616622695117
base_old,468,10674177800.0,4096679.79,0.144,0.0112,0.0139,593188,10670081120.21,0.9996162065250589
base_old,469,10635828000.0,4100982.89,0.139,0.0111,0.0134,594435,10631727017.11,0.9996144180885589
base_old,470,10605148000.0,4103722.68,0.135,0.011,0.013,595667,10601044277.32,0.9996130442800044
base_old,471,10571030000.0,4105647.72,0.13,0.011,0.0125,596877,10566924352.28,0.9996116132751492
base_old,472,10553897700.0,4107331.64,0.128,0.0109,0.0123,598093,10549790368.36,0.9996108232468466
base_old,473,10531310500.0,4109096.74,0.125,0.0108,0.012,599301,10527201403.26,0.9996098209486844
base_old,474,10506941900.0,4111268.26,0.122,0.0107,0.0117,600549,10502830631.74,0.9996087093372049
base_old,475,10476662000.0,4114218.44,0.119,0.0106,0.0114,601756,10472547781.56,0.999607296824122
base_old,476,10457603900.0,4115974.33,0.116,0.0105,0.0111,602971,10453487925.67,0.999606413250171
base_old,477,10445116500.0,4117041.01,0.115,0.0105,0.011,604186,10440999458.99,0.9996058405849279
base_old,478,10411584100.0,4117669.92,0.111,0.0105,0.0106,605411,10407466430.08,0.9996045107180184
base_old,479,10397953600.0,4118241.16,0.11,0.0104,0.0105,606619,10393835358.84,0.999603937340132
base_old,480,10361050900.0,4122072.95,0.106,0.0103,0.0101,607873,10356928827.05,0.9996021568671185
base_old,481,10342199700.0,4124028.55,0.104,0.0102,0.00988,609106,10338075671.45,0.9996012426108926
base_old,482,10320579400.0,4125308.34,0.102,0.0101,0.00967,610315,10316454091.66,0.9996002832612285
base_old,483,10309491300.0,4125978.17,0.101,0.0101,0.00956,611515,10305365321.83,0.9995997883843212
base_old,484,10271505100.0,4129182.1,0.0968,0.00989,0.00917,612792,10267375917.9,0.9995979963929531
base_old,485,10245740100.0,4132321.37,0.0944,0.00971,0.0089,614065,10241607778.63,0.9995966790754334
base_old,486,10193386200.0,4134368.17,0.0896,0.00959,0.00844,615289,10189251831.83,0.9995944067958497
base_old,487,10157780100.0,4136691.51,0.0865,0.00944,0.00814,616529,10153643408.49,0.9995927563434849
base_old,488,10133990300.0,4137568.47,0.0845,0.00938,0.00795,617753,10129852731.53,0.9995917137921476
base_old,489,10121766900.0,4138201.12,0.0834,0.00934,0.00785,618976,10117628698.88,0.9995911582275224
base_old,490,10098207800.0,4139584.65,0.0815,0.00924,0.00766,620186,10094068215.35,0.9995900673929488
base_old,491,10066382400.0,4141621.25,0.079,0.00909,0.00741,621450,10062240778.75,0.9995885690523738
base_old,492,10030081500.0,4144941.68,0.0762,0.00883,0.0071,622714,10025936558.32,0.9995867489531366
base_old,493,10016193200.0,4145560.33,0.0752,0.00878,0.007,623913,10012047639.67,0.9995861141805851
base_old,494,9961257990.0,4146775.33,0.0711,0.00867,0.00663,625161,9957111214.67,0.9995837096746051
base_old,495,9907255740.0,4148201.43,0.0674,0.00855,0.00628,626384,9903107538.57,0.9995812966235188
base_old,496,9839135960.0,4149135.63,0.0651,0.00837,0.00607,627621,9834986824.37,0.9995783028462187
base_old,497,9737887280.0,4150148.96,0.0619,0.0082,0.00578,628880,9733737131.04,0.9995738142329371
base_old,498,9669918290.0,4151914.5,0.0599,0.0079,0.00557,630131,9665766375.5,0.9995706360306794
base_old,499,9631528290.0,4152842.63,0.0587,0.00774,0.00546,631363,9627375447.37,0.999568828278861
base_old,500,9522185890.0,4153388.01,0.0556,0.00763,0.00518,632605,9518032501.99,0.9995638198982901
base_old,501,9481312080.0,4156702.5,0.0545,0.00703,0.00503,633888,9477155377.5,0.9995615899503226
base_old,502,9382174180.0,4157733.47,0.0518,0.00682,0.00479,635123,9378016446.53,0.999556847550447
base_old,503,9272238850.0,4159432.33,0.0491,0.0065,0.00453,636377,9268079417.67,0.999551410139742
base_old,504,9167532180.0,4161329.34,0.0466,0.00612,0.00428,637660,9163370850.66,0.9995460796582664
base_old,505,9114733140.0,4161787.43,0.0454,0.00603,0.00417,638889,9110571352.57,0.9995433999694696
base_old,506,9057252820.0,4163039.55,0.0441,0.00577,0.00404,640137,9053089780.45,0.9995403639897512
base_old,507,9016151890.0,4163472.27,0.0432,0.00568,0.00396,641357,9011988417.73,0.9995382207042653
base_old,508,8988551300.0,4163942.59,0.0426,0.00558,0.0039,642582,8984387357.41,0.9995367504227294
base_old,509,8975953900.0,4164429.92,0.0423,0.00546,0.00388,643802,8971789470.08,0.9995360459772414
base_old,510,8853396650.0,4165744.02,0.0398,0.00519,0.00363,645093,8849230905.98,0.9995294750495562
base_old,511,8819741480.0,4166601.05,0.0392,0.005,0.00357,646321,8815574878.95,0.9995275824059642
base_old,512,8670628430.0,4168235.95,0.0363,0.00466,0.00329,647635,8666460194.05,0.9995192694527678
base_old,513,8601368390.0,4168863.35,0.0351,0.00451,0.00318,648854,8597199526.65,0.9995153255667032
base_old,514,8554957180.0,4169685.11,0.0343,0.00432,0.0031,650089,8550787494.89,0.9995126001191744
base_old,515,8457462170.0,4170641.79,0.0326,0.00411,0.00295,651320,8453291528.21,0.9995068684073108
base_old,516,8385212800.0,4171095.32,0.0315,0.00401,0.00284,652554,8381041704.68,0.9995025653588661
base_old,517,8321422030.0,4171868.64,0.0305,0.00384,0.00275,653790,8317250161.36,0.9994986591684738
base_old,518,8258383100.0,4172524.28,0.0296,0.00369,0.00266,655024,8254210575.72,0.9994947528796527
base_old,519,8179386050.0,4173409.44,0.0284,0.00351,0.00255,656295,8175212640.56,0.999489764951246
base_old,520,8110229740.0,4173737.4,0.0275,0.00343,0.00246,657523,8106056002.6,0.9994853737151964
base_old,521,8026847450.0,4174658.45,0.0264,0.00324,0.00235,658813,8022672791.55,0.999479913069732
base_old,522,7939301260.0,4175014.22,0.0252,0.00316,0.00226,660050,7935126245.78,0.9994741332916746
base_old,523,7802262350.0,4175934.33,0.0235,0.00295,0.0021,661323,7798086415.67,0.9994647790419403
base_old,524,7724089600.0,4176264.12,0.0226,0.00287,0.00202,662574,7719913335.88,0.9994593195656353
base_old,525,7672052430.0,4176599.73,0.0221,0.00279,0.00197,663800,7667875830.27,0.9994556085521955
base_old,526,7638423380.0,4176884.97,0.0217,0.00271,0.00193,665013,7634246495.03,0.9994531744625551
base_old,527,7585807420.0,4177205.61,0.0211,0.00263,0.00188,666248,7581630214.39,0.9994493393545707
base_old,528,7484572670.0,4177278.78,0.0201,0.00261,0.0018,667496,7480395391.22,0.9994418814588115
base_old,529,7394037460.0,4177898.27,0.0192,0.00245,0.00171,668747,7389859561.73,0.9994349638756089
base_old,530,7368128550.0,4178265.9,0.019,0.00236,0.00169,669978,7363950284.1,0.9994329271168865
base_old,531,7310562890.0,4178987.14,0.0184,0.00218,0.00163,671236,7306383902.86,0.9994283631502963
base_old,532,7246780760.0,4179153.66,0.0179,0.00214,0.00158,672456,7242601606.34,0.9994233089424939
base_old,533,7179140040.0,4179683.9,0.0173,0.002,0.00152,673723,7174960356.1,0.9994178015922922
base_old,534,7111127440.0,4179901.47,0.0167,0.00195,0.00147,674942,7106947538.53,0.9994122027055108
base_old,535,7091834480.0,4180064.36,0.0165,0.00199,0.00146,676186,7087654415.64,0.9994105806654416
base_old,536,6923528680.0,4180495.82,0.0152,0.00197,0.00134,677502,6919348184.18,0.9993961900046611
base_old,537,6826261280.0,4180963.9,0.0145,0.00197,0.00127,678760,6822080316.1,0.9993875177452921
base_old,538,6741241600.0,4181006.05,0.0139,0.00197,0.00122,679996,6737060593.95,0.999379786944589
base_old,539,6623476070.0,4181446.98,0.0131,0.00195,0.00115,681239,6619294623.02,0.9993686929739297
base_old,540,6572396170.0,4181671.11,0.0127,0.00183,0.00112,682470,6568214498.89,0.9993637524272978
base_old,541,6548709290.0,4181741.24,0.0126,0.00181,0.00111,683688,6544527548.76,0.9993614403915615
base_old,542,6439017010.0,4181900.31,0.0119,0.00181,0.00105,684962,6434835109.69,0.9993505374650345
base_old,543,6417409510.0,4181966.33,0.0118,0.0018,0.00104,686181,6413227543.67,0.9993483404287223
base_old,544,6375534730.0,4182414.66,0.0115,0.0017,0.00101,687438,6371352315.34,0.9993439899809
base_old,545,6207580270.0,4182735.02,0.0106,0.00159,0.000926,688713,6203397534.98,0.9993261891368179
base_old,546,6079442000.0,4182983.22,0.00993,0.0015,0.000867,689964,6075259016.78,0.9993119461917722
base_old,547,6023276550.0,4183260.87,0.00966,0.00152,0.000841,691199,6019093289.13,0.9993054841770465
base_old,548,5911539410.0,4183672.18,0.00913,0.00155,0.00079,692492,5907355737.82,0.9992922871878477
base_old,549,5790613800.0,4183888.2,0.00859,0.00158,0.000743,693742,5786429911.8,0.9992774706888586
base_old,550,5733499660.0,4184108.56,0.00835,0.00159,0.000721,694991,5729315551.44,0.9992702347940838
base_old,551,5695579910.0,4184269.89,0.0082,0.00159,0.000706,696211,5691395640.11,0.9992653478739445
base_old,552,5576938650.0,4184364.85,0.00772,0.00158,0.000666,697460,5572754285.15,0.999249702191004
base_old,553,5497721990.0,4184581.97,0.00742,0.00151,0.000638,698702,5493537408.03,0.9992388516593579
base_old,554,5450202960.0,4184748.99,0.00708,0.00151,0.000608,699938,5446018211.01,0.9992321847423459
base_old,555,5382544280.0,4184870.75,0.00661,0.00146,0.000569,701199,5378359409.25,0.999222510669248
base_old,556,5349335700.0,4185183.46,0.0064,0.00143,0.000546,702452,5345150516.54,0.9992176255717135
base_old,557,5280364850.0,4185358.45,0.00597,0.00142,0.000509,703713,5276179491.55,0.9992073732461878
base_old,558,5252190170.0,4185422.06,0.0058,0.00147,0.000495,704930,5248004747.94,0.999203109193588
base_old,559,5179452740.0,4185700.92,0.00539,0.00168,0.000456,706286,5175267039.08,0.9991918642508938
base_old,560,5095538830.0,4185851.35,0.00495,0.00172,0.000419,707532,5091352978.65,0.9991785262580365
base_old,561,5024876950.0,4185921.24,0.00461,0.00169,0.000391,708788,5020691028.76,0.9991669604486534
base_old,562,4966396830.0,4186055.22,0.00434,0.00162,0.000368,710017,4962210774.78,0.9991571242968919
base_old,563,4920094420.0,4186184.0,0.00415,0.00153,0.00035,711271,4915908236.0,0.9991491659219012
base_old,564,4858296150.0,4186261.43,0.0039,0.00148,0.00033,712515,4854109888.57,0.9991383272446246
base_old,565,4833285200.0,4186324.32,0.0038,0.00144,0.000321,713728,4829098875.68,0.9991338553081868
base_old,566,4772574850.0,4186442.07,0.00357,0.00136,0.000302,714982,4768388407.93,0.999122812695122
base_old,567,4728428560.0,4186568.31,0.00342,0.00126,0.000288,716251,4724241991.69,0.9991145962645145
base_old,568,4659309230.0,4186651.04,0.00319,0.00121,0.000268,717492,4655122578.96,0.999101443833553
base_old,569,4596390060.0,4186711.02,0.00299,0.00116,0.000252,718721,4592203348.98,0.9990891306078579
base_old,570,4509789320.0,4186773.21,0.00274,0.00114,0.000231,719975,4505602546.79,0.9990716255432527
base_old,571,4452223960.0,4186827.22,0.00259,0.00112,0.000218,721204,4448037132.78,0.9990596099258223
base_old,572,4408047180.0,4186882.02,0.00247,0.00111,0.000209,722425,4403860297.98,0.9990501730473764
base_old,573,4355560650.0,4186945.46,0.00235,0.00109,0.000198,723656,4351373704.54,0.9990387126258935
base_old,574,4281904430.0,4186984.33,0.00218,0.00108,0.000184,724902,4277717445.67,0.9990221677296988
base_old,575,4266165970.0,4187024.95,0.00215,0.00106,0.000181,726118,4261978945.05,0.9990185508535196
base_old,576,4214290030.0,4187103.29,0.00204,0.00103,0.000171,727387,4210102926.71,0.9990064510842411
base_old,577,4174966070.0,4187139.25,0.00196,0.00101,0.000164,728640,4170778930.75,0.9989970842445672
base_old,578,4133077170.0,4187177.16,0.00188,0.000989,0.000157,729862,4128889992.84,0.9989869104815191
base_old,579,4092233260.0,4187193.65,0.0018,0.000977,0.000151,731100,4088046066.35,0.9989767949713599
base_old,580,4042901400.0,4187226.91,0.00172,0.000952,0.000144,732346,4038714173.09,0.998964301501392
base_old,581,3998541820.0,4187258.21,0.00164,0.000928,0.000138,733568,3994354561.79,0.9989528036973239
base_old,582,3950930410.0,4187281.15,0.00157,0.00091,0.000131,734789,3946743128.85,0.9989401784603946
base_old,583,3905586690.0,4187317.13,0.0015,0.000882,0.000125,736050,3901399372.87,0.998927864758265
base_old,584,3871595890.0,4187350.8,0.00145,0.000856,0.000121,737264,3867408539.2,0.9989184432159318
base_old,585,3840385250.0,4187400.99,0.0014,0.000819,0.000117,738556,3836197849.01,0.998909640383084
base_old,586,3766716200.0,4187421.86,0.0013,0.000803,0.000109,739778,3762528778.14,0.9988883097006352
base_old,587,3731535390.0,4187432.08,0.00126,0.000795,0.000105,741000,3727347957.92,0.9988778259771509
base_old,588,3706713390.0,4187460.59,0.00123,0.000772,0.000102,742237,3702525929.41,0.9988703036492389
base_old,589,3653969920.0,4187480.71,0.00116,0.000752,9.68e-05,743483,3649782439.29,0.9988539914663556
base_old,590,3589732720.0,4187507.34,0.00109,0.000722,9.07e-05,744746,3585545212.66,0.9988334765659098
base_old,591,3545820400.0,4187528.76,0.00104,0.000698,8.67e-05,745968,3541632871.24,0.998819024009225
base_old,592,3488941260.0,4187547.59,0.000985,0.000678,8.2e-05,747214,3484753712.41,0.9987997655225642
base_old,593,3448312090.0,4187562.29,0.000946,0.000665,7.87e-05,748452,3444124527.71,0.9987856196943009
base_old,594,3418589660.0,4187577.57,0.000918,0.000651,7.63e-05,749682,3414402082.43,0.9987750569718858
base_old,595,3326770850.0,4187605.5,0.000836,0.000625,6.95e-05,750927,3322583244.5,0.9987412401728841
base_old,596,3287332960.0,4187612.44,0.000804,0.000617,6.69e-05,752142,3283145347.56,0.9987261368133515
base_old,597,3276272500.0,4187622.56,0.000795,0.000607,6.61e-05,753356,3272084877.44,0.998721833254102
base_old,598,3251026810.0,4187633.62,0.000776,0.000595,6.44e-05,754617,3246839176.38,0.9987119043106262
base_old,599,3157620320.0,4187648.96,0.000705,0.000576,5.86e-05,755871,3153432671.04,0.9986737959173001
base_old,600,3116964890.0,4187670.44,0.000677,0.000552,5.61e-05,757092,3112777219.56,0.9986564909815201
base_old,601,3106669550.0,4187672.93,0.00067,0.000549,5.55e-05,758298,3102481877.07,0.9986520378615743
base_old,602,3096447660.0,4187683.77,0.000663,0.000535,5.49e-05,759503,3092259976.23,0.9986475845130223
base_old,603,3047793220.0,4187695.67,0.000632,0.000521,5.23e-05,760725,3043605524.33,0.9986259908833316
base_old,604,2991939910.0,4187710.63,0.000597,0.000505,4.95e-05,761954,2987752199.37,0.9986003359840204
base_old,605,2948436880.0,4187719.54,0.000572,0.000495,4.74e-05,763168,2944249160.46,0.9985796814683718
base_old,606,2884021380.0,4187730.46,0.000536,0.000481,4.45e-05,764390,2879833649.54,0.9985479544329869
base_old,607,2844287680.0,4187742.71,0.000515,0.000468,4.27e-05,765613,2840099937.29,0.9985276655594838
base_old,608,2798022600.0,4187746.81,0.000492,0.000463,4.09e-05,766827,2793834853.19,0.9985033191618967
base_old,609,2757364930.0,4187759.36,0.000472,0.000447,3.91e-05,768065,2753177170.64,0.9984812458755685
base_old,610,2703715720.0,4187771.46,0.000447,0.000433,3.7e-05,769279,2699527948.54,0.9984511051110062
base_old,611,2655268060.0,4187780.57,0.000426,0.000421,3.53e-05,770518,2651080279.43,0.9984228407545414
base_old,612,2557828610.0,4187797.54,0.000386,0.000399,3.18e-05,771826,2553640812.46,0.9983627528742045
base_old,613,2476488760.0,4187817.42,0.000355,0.000371,2.92e-05,773055,2472300942.58,0.9983089697447284
base_old,614,2387217380.0,4187828.86,0.000324,0.000352,2.66e-05,774316,2383029551.14,0.99824572789429
base_old,615,2298937880.0,4187836.79,0.000296,0.000337,2.43e-05,775593,2294750043.21,0.9981783601782228
base_old,616,2220103550.0,4187848.22,0.000273,0.000315,2.24e-05,776822,2215915701.78,0.9981136698691375
base_old,617,2112404860.0,4187859.48,0.000245,0.000294,2e-05,778083,2108217000.52,0.9980174920256527
base_old,618,2037880100.0,4187869.1,0.000227,0.000274,1.85e-05,779321,2033692230.9,0.9979449874896958
base_old,619,1983535080.0,4187871.7,0.000215,0.000269,1.76e-05,780535,1979347208.3,0.9978886828157332
base_old,620,1854385900.0,4187883.52,0.000188,0.000246,1.52e-05,781820,1850198016.48,0.9977416332166892
base_old,621,1759577280.0,4187889.74,0.00017,0.000233,1.38e-05,783064,1755389390.26,0.997619945547376
base_old,622,1689225660.0,4187895.94,0.000159,0.000219,1.29e-05,784302,1685037764.06,0.9975208191308199
base_old,623,1662109900.0,4187896.27,0.000154,0.000218,1.25e-05,785517,1657922003.73,0.997480373427774
base_old,624,1642672210.0,4187899.68,0.000151,0.000212,1.23e-05,786731,1638484310.32,0.9974505566877521
base_old,625,1625870880.0,4187901.53,0.000149,0.000208,1.21e-05,787969,1621682978.47,0.9974242102607804
base_old,626,1545334690.0,4187902.42,0.000137,0.000206,1.12e-05,789207,1541146787.58,0.9972899706147151
base_old,627,1427383180.0,4187909.28,0.000121,0.000194,9.85e-06,790453,1423195270.72,0.9970660230982966
base_old,628,1402983760.0,4187911.56,0.000119,0.000189,9.61e-06,791674,1398795848.44,0.9970149964102222
base_old,629,1345740310.0,4187915.98,0.000112,0.00018,9.05e-06,792911,1341552394.02,0.9968880207058671
base_old,630,1266518340.0,4187920.12,0.000103,0.000172,8.34e-06,794125,1262330419.88,0.9966933600661481
base_old,631,1209986390.0,4187924.9,9.75e-05,0.000162,7.85e-06,795361,1205798465.1,0.9965388661107171
base_old,632,1121086300.0,4187926.58,8.9e-05,0.000158,7.19e-06,796615,1116898373.42,0.9962644030348066
base_old,633,1062852680.0,4187929.28,8.4e-05,0.000152,6.75e-06,797838,1058664750.72,0.9960597274120813
base_old,634,1162117470.0,4187931.73,8.2e-05,0.000146,0.0631,799089,1157929538.27,0.9963962922526239
base_old,635,1161559470.0,4187930.85,8.2e-05,0.000146,0.0632,800346,1157371539.15,0.9963945618298821
base_old,636,1161450490.0,4187929.69,8.2e-05,0.000146,0.0632,801588,1157262560.31,0.9963942245269534
base_old,637,1161339070.0,4187928.51,8.2e-05,0.000146,0.0632,802824,1157151141.49,0.9963938796014157
base_old,638,1161226930.0,4187927.3,8.2e-05,0.000146,0.0633,804083,1157039002.7,0.9963935323993908
base_old,639,1161116300.0,4187926.33,8.2e-05,0.000146,0.0632,805318,1156928373.67,0.996393189614167
base_old,640,1160994590.0,4187925.33,8.2e-05,0.000146,0.0632,806558,1156806664.67,0.9963928123644401
base_old,641,1160892480.0,4187923.88,8.2e-05,0.000146,0.0633,807817,1156704556.12,0.9963924963317876
base_old,642,1160785820.0,4187922.31,8.2e-05,0.000146,0.0633,809099,1156597897.69,0.9963921662051317
base_old,643,1160621390.0,4187921.09,8.2e-05,0.000146,0.0633,810380,1156433468.91,0.9963916561196585
base_old,644,1160429540.0,4187920.03,8.2e-05,0.000146,0.0632,811662,1156241619.97,0.9963910604774849
base_old,645,1160288050.0,4187918.54,8.2e-05,0.000146,0.0633,812944,1156100131.46,0.9963906216736439
base_old,646,1160163380.0,4187916.97,8.19e-05,0.000146,0.0633,814227,1155975463.03,0.9963902351667056
base_old,647,1160009370.0,4187915.7,8.19e-05,0.000146,0.0633,815509,1155821454.3,0.9963897570068766
base_old,648,1159805010.0,4187914.26,8.19e-05,0.000146,0.0633,816792,1155617095.74,0.9963891221163116
base_old,649,1159586110.0,4187911.76,8.19e-05,0.000146,0.0633,818073,1155398198.24,0.9963884426314834
base_old,650,1159395490.0,4187909.52,8.19e-05,0.000146,0.0633,819355,1155207580.48,0.9963878507755797
base_old,651,1159168120.0,4187907.79,8.19e-05,0.000146,0.0633,820637,1154980212.21,0.9963871437475351
base_old,652,1158912090.0,4187905.87,8.19e-05,0.000146,0.0633,821918,1154724184.13,0.9963863472422659
base_old,653,1158678720.0,4187903.54,8.19e-05,0.000146,0.0633,823201,1154490816.46,0.9963856214257565
base_old,654,1158432590.0,4187901.62,8.19e-05,0.000146,0.0633,824483,1154244688.38,0.9963848551429307
thermal,0,35807006500000.0,-266372777000000.0,573000000000.0,80.5,57300000000.0,22391,302179783500000.0,1.1344244216817998
thermal,1,34665215000000.0,-276783426000000.0,555000000000.0,3620.0,55500000000.0,22409,311448641000000.0,1.125243102525944
thermal,2,32846797200000.0,-273628058000000.0,526000000000.0,3810.0,53300000000.0,23136,306474855200000.0,1.1200417729091217
thermal,3,31960859400000.0,-292836058000000.0,512000000000.0,4320.0,51600000000.0,23662,324796917400000.0,1.1091424997942023
thermal,4,30898178300000.0,-333874715000000.0,495000000000.0,4020.0,50200000000.0,24670,364772893300000.0,1.0925442296521317
thermal,5,29747113000000.0,-343377129000000.0,476000000000.0,4580.0,48700000000.0,25676,373124242000000.0,1.0866310260285275
thermal,6,29309776700000.0,-486973506000000.0,469000000000.0,4280.0,47500000000.0,26703,516283282700000.0,1.0601876207614465
thermal,7,27436977200000.0,-568338924000000.0,439000000000.0,4040.0,44600000000.0,27737,595775901200000.0,1.0482757313310465
thermal,8,25478705300000.0,-752019478000000.0,407000000000.0,3700.0,41200000000.0,28780,777498183300000.0,1.033880379491979
thermal,9,21330103800000.0,-1002754020000000.0,339000000000.0,2930.0,34000000000.0,29831,1024084123800000.0,1.021271521604072
thermal,10,18105799900000.0,-1105678710000000.0,286000000000.0,2440.0,28600000000.0,30862,1123784509900000.0,1.0163752812966798
thermal,11,15160864900000.0,-1132243720000000.0,236000000000.0,2170.0,24200000000.0,31906,1147404584900000.0,1.0133901072995133
thermal,12,12749074300000.0,-1152851570000000.0,194000000000.0,1700.0,19700000000.0,32980,1165600644300000.0,1.0110587300496976
thermal,13,10723447300000.0,-1123836860000000.0,158000000000.0,1400.0,16100000000.0,34039,1134560307300000.0,1.0095418184628684
thermal,14,9397441160000.0,-1098735400000000.0,134000000000.0,1310.0,14100000000.0,35075,1108132841160000.0,1.0085529611223958
thermal,15,8531237530000.0,-1045975340000000.0,118000000000.0,1150.0,12400000000.0,36113,1054506577530000.0,1.0081562511120004
thermal,16,7789999580000.0,-979808786000000.0,105000000000.0,1010.0,11000000000.0,37142,987598785580000.0,1.007950530441559
thermal,17,7095736040000.0,-843541694000000.0,92300000000.0,780.0,9330000000.0,38178,850637430040000.0,1.008411837957117
thermal,18,6803923300000.0,-794620190000000.0,87000000000.0,704.0,8720000000.0,39187,801424113300000.0,1.0085624848017014
thermal,19,6315545790000.0,-669339678000000.0,78300000000.0,578.0,7720000000.0,40208,675655223790000.0,1.009435486939712
thermal,20,5331031340000.0,-594814839000000.0,61100000000.0,476.0,6120000000.0,41245,600145870340000.0,1.0089625056243763
thermal,21,4901976670000.0,-537240871000000.0,53800000000.0,411.0,5370000000.0,42262,542142847670000.0,1.0091243554513558
thermal,22,4481431840000.0,-495388980000000.0,46700000000.0,369.0,4700000000.0,43277,499870411840000.0,1.0090462889182557
thermal,23,4063661120000.0,-451088331000000.0,39700000000.0,320.0,4030000000.0,44306,455151992120000.0,1.0090085706961016
thermal,24,3698073790000.0,-391341691000000.0,33800000000.0,255.0,3380000000.0,45378,395039764790000.0,1.0094497312068904
thermal,25,3468491370000.0,-362131519000000.0,30100000000.0,229.0,3030000000.0,46400,365600010370000.0,1.0095779880734435
thermal,26,3269656450000.0,-316546064000000.0,27000000000.0,191.0,2670000000.0,47424,319815720450000.0,1.0103291647625732
thermal,27,3009010450000.0,-284589384000000.0,23000000000.0,165.0,2290000000.0,48446,287598394450000.0,1.0105731647741294
thermal,28,2903943280000.0,-253201948000000.0,21400000000.0,143.0,2100000000.0,49469,256105891280000.0,1.0114688820640512
thermal,29,2674771720000.0,-230702430000000.0,18100000000.0,125.0,1790000000.0,50506,233377201720000.0,1.0115940335782332
thermal,30,2529577720000.0,-213680144000000.0,16000000000.0,113.0,1590000000.0,51519,216209721720000.0,1.0118381505770606
thermal,31,2419982930000.0,-198666266000000.0,14500000000.0,104.0,1440000000.0,52542,201086248930000.0,1.0121811466975474
thermal,32,2299942920000.0,-188680937000000.0,12800000000.0,96.4,1290000000.0,53564,190980879920000.0,1.0121895881829335
thermal,33,2200461160000.0,-173725852000000.0,11400000000.0,86.0,1160000000.0,54594,175926313160000.0,1.0126662850385675
thermal,34,2084795850000.0,-161344574000000.0,9890000000.0,79.4,1010000000.0,55618,163429369850000.0,1.012921388047422
thermal,35,2008823230000.0,-157050027000000.0,8890000000.0,75.7,925000000.0,56633,159058850230000.0,1.0127909766612138
thermal,36,1958356600000.0,-137966488000000.0,8220000000.0,59.4,825000000.0,57662,139924844600000.0,1.0141944368403435
thermal,37,1865478240000.0,-132223157000000.0,7020000000.0,53.9,715000000.0,58713,134088635240000.0,1.0141085592140264
thermal,38,1831695020000.0,-128018590000000.0,6590000000.0,49.3,667000000.0,59737,129850285020000.0,1.0143080393246011
thermal,39,1789322790000.0,-124079891000000.0,6060000000.0,45.5,614000000.0,60781,125869213790000.0,1.01442073147856
thermal,40,1767413430000.0,-120862642000000.0,5780000000.0,42.5,583000000.0,61798,122630055430000.0,1.0146233228130161
thermal,41,1679408350000.0,-113189028000000.0,4710000000.0,35.4,478000000.0,62857,114868436350000.0,1.0148372009166824
thermal,42,1625615000000.0,-105862881000000.0,4080000000.0,28.9,409000000.0,63888,107488496000000.0,1.0153558545227954
thermal,43,1562271120000.0,-100842392000000.0,3380000000.0,24.9,342000000.0,64926,102404663120000.0,1.0154922060952303
thermal,44,1467339300000.0,-90613191200000.0,2350000000.0,17.8,240000000.0,65947,92080530500000.0,1.0161934402769384
thermal,45,1404021220000.0,-83622630800000.0,1640000000.0,11.8,168000000.0,67000,85026652020000.0,1.0167899671006284
thermal,46,1323150380000.0,-78303161000000.0,805000000.0,5.64,85100000.0,68046,79626311380000.0,1.0168977901160337
thermal,47,1291400610000.0,-73483499500000.0,493000000.0,3.42,52300000.0,69092,74774900110000.0,1.017574021634612
thermal,48,1261148730000.0,-68408474700000.0,252000000.0,1.52,26800000.0,70150,69669623430000.0,1.0184355627797677
thermal,49,1237004140000.0,-56463094800000.0,74700000.0,0.475,8540000.0,71193,57700098940000.0,1.0219081887803287
thermal,50,1154573370000.0,-43963503000000.0,34600000.0,0.232,4110000.0,72209,45118076370000.0,1.0262620876684918
thermal,51,1110293020000.0,-22732875600000.0,26200000.0,0.0481,2550000.0,73239,23843168620000.0,1.0488408523205044
thermal,52,782674271000.0,-15659738400000.0,6950000.0,0.0191,803000.0,74284,16442412671000.0,1.0499800348516677
thermal,53,570200894000.0,-8199404030000.0,2780000.0,0.0173,331000.0,75417,8769604924000.0,1.0695417486336505
thermal,54,423491545000.0,-4469449370000.0,1500000.0,0.0105,172000.0,76513,4892940915000.0,1.0947525097481974
thermal,55,265083911000.0,-2902369670000.0,655000.0,0.00681,86400.0,77558,3167453581000.0,1.0913336139569016
thermal,56,211093777000.0,-1876410890000.0,452000.0,0.00406,56000.0,78595,2087504667000.0,1.1124986953150757
thermal,57,167943320000.0,-1432887970000.0,328000.0,0.00301,40700.0,79631,1600831290000.0,1.1172061762790848
thermal,58,141749439000.0,-1208665800000.0,262000.0,0.00253,32900.0,80639,1350415239000.0,1.1172776122233292
thermal,59,99903914000.0,-864688048000.0,162000.0,0.00178,21400.0,81720,964591962000.0,1.1155375215733292
thermal,60,77223549900.0,-588944811000.0,116000.0,0.00113,14500.0,82809,666168360900.0,1.131121878413154
thermal,61,52228855900.0,-522392439000.0,70700.0,0.000994,10900.0,83840,574621294900.0,1.099980114566704
thermal,62,40640053700.0,-443843929000.0,51000.0,0.000835,8660.0,84870,484483982700.0,1.0915638381977282
thermal,63,30648970300.0,-372610673000.0,35500.0,0.000701,6800.0,85915,403259643300.0,1.0822546763173366
thermal,64,24575561100.0,-322996881000.0,27000.0,0.00061,5640.0,86960,347572442100.0,1.0760860631963811
thermal,65,21013389800.0,-289893949000.0,22100.0,0.000552,4920.0,87982,310907338800.0,1.0724864726307206
thermal,66,14606045100.0,-236666459000.0,13500.0,0.000468,3760.0,89024,251272504100.0,1.0617157376745134
thermal,67,10717486500.0,-186150141000.0,8570.0,0.000371,2840.0,90058,196867627500.0,1.0575744205318651
thermal,68,8302450880.0,-139687817000.0,5900.0,0.000285,2090.0,91076,147990267880.0,1.0594357550880762
thermal,69,5939817930.0,-86907483700.0,3300.0,0.000188,1280.0,92102,92847301630.0,1.0683464493173447
thermal,70,4513301970.0,-72704262800.0,2090.0,0.000158,1040.0,93116,77217564770.0,1.0620775425839268
thermal,71,3591687240.0,-55922472900.0,1340.0,0.000143,793.0,94134,59514160140.0,1.0642261876799086
thermal,72,3545179740.0,-46805071900.0,1310.0,0.000177,673.0,95146,50350251640.0,1.0757434952257814
thermal,73,3490832390.0,-45313698600.0,1280.0,0.000179,652.0,96152,48804530990.0,1.0770370218687026
thermal,74,3281955330.0,-41321994100.0,1140.0,0.000188,594.0,97164,44603949430.0,1.0794239339480474
thermal,75,3094211210.0,-33074978800.0,1030.0,0.000224,482.0,98184,36169190010.0,1.0935514192982643
thermal,76,3025330410.0,-31358981800.0,983.0,0.000239,458.0,99197,34384312210.0,1.0964741275496388
thermal,77,2988595230.0,-29645114300.0,960.0,0.000252,435.0,100223,32633709530.0,1.1008124036816413
thermal,78,2836648100.0,-27162236700.0,875.0,0.000256,399.0,101250,29998884800.0,1.1044335240624716
thermal,79,2702624600.0,-25440556700.0,800.0,0.000242,374.0,102277,28143181300.0,1.1062329190304236
thermal,80,2679458300.0,-24505434200.0,787.0,0.000241,361.0,103283,27184892500.0,1.1093413925308044
thermal,81,2532504620.0,-22936015300.0,704.0,0.000239,337.0,104304,25468519920.0,1.1104160677813988
thermal,82,2503417850.0,-21433189800.0,689.0,0.000262,317.0,105324,23936607650.0,1.116800992916136
thermal,83,2446763470.0,-19565207000.0,658.0,0.000268,292.0,106350,22011970470.0,1.125056865996869
thermal,84,2392491080.0,-18625882700.0,631.0,0.000257,278.0,107376,21018373780.0,1.1284498092538724
thermal,85,2363496600.0,-16661269900.0,617.0,0.000239,252.0,108403,19024766500.0,1.1418557297364231
thermal,86,2336597720.0,-15230736000.0,603.0,0.000223,233.0,109410,17567333720.0,1.1534133163361244
thermal,87,2287503640.0,-14702877300.0,578.0,0.000216,225.0,110417,16990380940.0,1.1555820397140906
thermal,88,2270068760.0,-14058001300.0,569.0,0.000207,216.0,111425,16328070060.0,1.1614787701008393
thermal,89,2265844430.0,-13802145600.0,567.0,0.000204,213.0,112433,16067990030.0,1.1641661011024258
thermal,90,2225581030.0,-13533324300.0,546.0,0.000201,209.0,113440,15758905330.0,1.16445191001593
thermal,91,2191616690.0,-13332894500.0,529.0,0.000198,205.0,114448,15524511190.0,1.1643766617968814
thermal,92,2157537700.0,-13035707800.0,511.0,0.000194,201.0,115456,15193245500.0,1.1655098237166686
thermal,93,2127873340.0,-12748846300.0,496.0,0.00019,197.0,116463,14876719640.0,1.1669071294710016
thermal,94,2083223960.0,-12204124200.0,474.0,0.000192,189.0,117499,14287348160.0,1.1706983578551258
thermal,95,2021925730.0,-11656464900.0,445.0,0.0002,180.0,118558,13678390630.0,1.173459599230638
thermal,96,2004781710.0,-11147456200.0,437.0,0.000203,173.0,119580,13152237910.0,1.1798420800253964
thermal,97,1997139800.0,-10649687700.0,433.0,0.000203,167.0,120588,12646827500.0,1.1875303629795642
thermal,98,1927532480.0,-10293667200.0,402.0,0.000192,161.0,121626,12221199680.0,1.187254206158909
thermal,99,1901480600.0,-9957498890.0,391.0,0.00019,156.0,122656,11858979490.0,1.1909596597504617
thermal,100,1888137020.0,-9727192300.0,385.0,0.000188,153.0,123666,11615329320.0,1.1941091490501323
thermal,101,1867423080.0,-9493868620.0,376.0,0.000185,150.0,124687,11361291700.0,1.1966978009434472
thermal,102,1846171680.0,-8905387190.0,367.0,0.000181,142.0,125777,10751558870.0,1.2073095352971397
thermal,103,1825141520.0,-8698887310.0,358.0,0.000178,138.0,126791,10524028830.0,1.209813215754832
thermal,104,1793810810.0,-8480956460.0,343.0,0.000175,135.0,127836,10274767270.0,1.211510437349893
thermal,105,1743936290.0,-8046780920.0,320.0,0.000164,129.0,128895,9790717210.0,1.216724713564092
thermal,106,1688537820.0,-7252599300.0,295.0,0.000144,117.0,129924,8941137120.0,1.2328182972965294
thermal,107,1671180160.0,-6792365200.0,288.0,0.000133,111.0,130939,8463545360.0,1.2460380310528651
thermal,108,1612058120.0,-6379835380.0,262.0,0.000129,105.0,131962,7991893500.0,1.2526802063033795
thermal,109,1595702110.0,-6142806570.0,255.0,0.000131,101.0,133001,7738508680.0,1.2597675983797094
thermal,110,1571804470.0,-5894962450.0,245.0,0.00013,97.7,134038,7466766920.0,1.2666351962937439
thermal,111,1550967130.0,-5798431940.0,236.0,0.00013,96.1,135060,7349399070.0,1.2674804405827
thermal,112,1517809940.0,-5523688950.0,223.0,0.000131,92.0,136105,7041498890.0,1.2747819353586158
thermal,113,1512936180.0,-5287176430.0,221.0,0.000129,88.9,137136,6800112610.0,1.2861520132779076
thermal,114,1501630310.0,-5209286490.0,217.0,0.000129,87.7,138145,6710916800.0,1.2882602661386742
thermal,115,1495237050.0,-5144108630.0,214.0,0.000128,86.8,139154,6639345680.0,1.2906698045371565
thermal,116,1492677100.0,-4936546590.0,213.0,0.000124,84.0,140161,6429223690.0,1.3023727362411057
thermal,117,1469285020.0,-4642010580.0,204.0,0.000122,79.9,141176,6111295600.0,1.3165191019448301
thermal,118,1439889810.0,-4282650240.0,193.0,0.000118,74.7,142201,5722540050.0,1.3362146636564933
thermal,119,1418605860.0,-4100019110.0,186.0,0.000116,72.0,143223,5518624970.0,1.3459998165715867
thermal,120,1313736930.0,-3335950750.0,149.0,0.000106,60.5,144261,4649687680.0,1.3938118480915822
thermal,121,1272279260.0,-3024856610.0,136.0,0.000101,55.9,145285,4297135870.0,1.4206081226442002
thermal,122,1230457140.0,-2682923190.0,124.0,9.25e-05,50.9,146321,3913380330.0,1.4586255561047203
thermal,123,1224743030.0,-2595074840.0,122.0,9e-05,49.6,147335,3819817870.0,1.4719490209384483
thermal,124,1224441850.0,-2588525090.0,122.0,8.97e-05,49.6,148344,3812966940.0,1.4730268424788573
thermal,125,1172647670.0,-2437663290.0,109.0,8.36e-05,46.9,149397,3610310960.0,1.4810539974124155
thermal,126,1159594250.0,-2382212230.0,108.0,8.27e-05,46.0,150428,3541806480.0,1.48677201611042
thermal,127,1150681420.0,-2321407780.0,107.0,8.16e-05,45.1,151443,3472089200.0,1.4956825896396366
thermal,128,1128917860.0,-2259458080.0,104.0,8.07e-05,44.0,152512,3388375940.0,1.4996409847090413
thermal,129,1107145740.0,-2186100660.0,102.0,7.8e-05,42.7,153542,3293246400.0,1.506447740608614
thermal,130,1098016930.0,-2131243890.0,101.0,7.6e-05,41.9,154572,3229260820.0,1.5152000365382865
thermal,131,1077937830.0,-2064718990.0,99.3,7.34e-05,40.8,155595,3142656820.0,1.5220748369249029
thermal,132,1074932230.0,-2042975470.0,99.0,7.25e-05,40.5,156603,3117907700.0,1.5261601256524142
thermal,133,1072653380.0,-2026957180.0,98.7,7.19e-05,40.2,157618,3099610560.0,1.529193902359595
thermal,134,1046953770.0,-1988075260.0,96.2,7.03e-05,39.4,158647,3035029030.0,1.5266167690251324
thermal,135,1026005540.0,-1925931010.0,94.2,6.79e-05,38.3,159676,2951936550.0,1.5327322394585672
thermal,136,1018356850.0,-1879567730.0,93.4,6.61e-05,37.6,160699,2897924580.0,1.5418037529299355
thermal,137,1008196370.0,-1853333500.0,92.4,6.51e-05,37.1,161723,2861529870.0,1.5439907982022663
thermal,138,982499592.0,-1794764970.0,89.9,6.28e-05,36.0,162760,2777264562.0,1.547425210778434
thermal,139,966640573.0,-1736710090.0,88.4,6.07e-05,35.0,163799,2703350663.0,1.5565929388940212
thermal,140,951703975.0,-1703543170.0,87.0,5.95e-05,34.4,164822,2655247145.0,1.5586614954994067
thermal,141,941149500.0,-1676391740.0,85.9,5.88e-05,33.9,165839,2617541240.0,1.5614138256252683
thermal,142,933154648.0,-1653186430.0,85.1,5.86e-05,33.5,166854,2586341078.0,1.5644582069307211
thermal,143,906382462.0,-1617356330.0,82.5,5.71e-05,32.7,167883,2523738792.0,1.5604098770244403
thermal,144,897106037.0,-1589748990.0,81.6,5.63e-05,32.2,168899,2486855027.0,1.5643067192639009
thermal,145,890412942.0,-1553381930.0,80.9,5.48e-05,31.7,169915,2443794872.0,1.573209282793704
thermal,146,889277278.0,-1518675320.0,80.8,5.33e-05,31.2,170923,2407952598.0,1.5855611573380939
thermal,147,872280402.0,-1425262140.0,79.2,4.91e-05,29.8,171969,2297542542.0,1.6120140130853402
thermal,148,864514261.0,-1379634330.0,78.5,4.69e-05,29.1,172986,2244148591.0,1.6266256515956659
thermal,149,852259151.0,-1316767090.0,77.4,4.43e-05,28.1,174023,2169026241.0,1.6472360658709961
thermal,150,849932117.0,-1304917850.0,77.2,4.38e-05,27.9,175045,2154849967.0,1.6513299798910712
thermal,151,831361346.0,-1277520740.0,75.4,4.26e-05,27.3,176068,2108882086.0,1.650761525797225
thermal,152,811407592.0,-1239324910.0,73.6,4.1e-05,26.6,177105,2050732502.0,1.6547174073988393
thermal,153,790206186.0,-1172787550.0,71.7,3.89e-05,25.4,178149,1962993736.0,1.6737845963661535
thermal,154,767003778.0,-1112010400.0,69.7,3.71e-05,24.3,179187,1879014178.0,1.6897451480669605
thermal,155,756087226.0,-1076376090.0,68.7,3.75e-05,23.7,180217,1832463316.0,1.702437775257531
thermal,156,740908078.0,-1062427290.0,67.3,3.76e-05,23.3,181226,1803335368.0,1.6973729731660037
thermal,157,735773890.0,-1042565770.0,66.8,3.77e-05,23.0,182241,1778339660.0,1.7057337879028964
thermal,158,731907803.0,-1015444040.0,66.5,3.79e-05,22.6,183256,1747351843.0,1.7207761079576576
thermal,159,726832501.0,-996889884.0,66.0,3.81e-05,22.3,184272,1723722385.0,1.7291000868457003
thermal,160,726413135.0,-994795329.0,65.9,3.81e-05,22.3,185287,1721208464.0,1.7302136568435778
thermal,161,693726820.0,-945644845.0,62.8,3.83e-05,21.2,186339,1639371665.0,1.7336018629700245
thermal,162,685179256.0,-925219380.0,62.0,3.84e-05,20.8,187348,1610398636.0,1.7405586943066411
thermal,163,653352521.0,-892655019.0,59.1,3.86e-05,20.0,188369,1546007540.0,1.7319205147492707
thermal,164,643897009.0,-854343820.0,58.3,3.86e-05,19.4,189384,1498240829.0,1.7536743333614797
thermal,165,627539892.0,-819561155.0,56.8,3.88e-05,18.7,190414,1447101047.0,1.7657023373685885
thermal,166,608736048.0,-786388681.0,55.1,3.89e-05,18.0,191451,1395124729.0,1.774090551794196
thermal,167,600683501.0,-769463039.0,54.4,3.89e-05,17.7,192466,1370146540.0,1.7806528326307303
thermal,168,589153209.0,-734400153.0,53.4,3.89e-05,17.1,193496,1323553362.0,1.8022237013341145
thermal,169,583388186.0,-714895967.0,52.8,3.87e-05,16.8,194502,1298284153.0,1.8160462681698133
thermal,170,578206051.0,-694582558.0,52.3,3.86e-05,16.4,195511,1272788609.0,1.832451152624538
thermal,171,567216474.0,-682899863.0,51.3,3.85e-05,16.2,196526,1250116337.0,1.830599777115492
thermal,172,561097826.0,-669073149.0,50.7,3.85e-05,15.9,197532,1230170975.0,1.8386195542873296
thermal,173,539916309.0,-639794619.0,48.8,3.82e-05,15.2,198547,1179710928.0,1.8438900437204209
thermal,174,528502855.0,-615028140.0,47.7,3.83e-05,14.8,199587,1143530995.0,1.8593149168751857
thermal,175,522122269.0,-599940983.0,47.2,0.00593,14.5,200604,1122063252.0,1.870289384781036
thermal,176,511613939.0,-565310976.0,46.3,0.00357,13.9,201656,1076924915.0,1.9050132771524322
thermal,177,502299317.0,-552783464.0,45.4,0.00347,13.6,202664,1055082781.0,1.9086728343234232
thermal,178,495283171.0,-537858334.0,44.7,0.00338,13.3,203688,1033141505.0,1.9208431657396239
thermal,179,467936012.0,-508124412.0,42.4,0.00318,12.6,204724,976060424.0,1.9209083463598675
thermal,180,466329869.0,-493627697.0,42.3,0.00308,12.4,205731,959957566.0,1.944699561702268
thermal,181,446017133.0,-472913344.0,40.4,0.00295,11.9,206761,918930477.0,1.9431265551263446
thermal,182,441214306.0,-455199947.0,40.0,0.00284,11.6,207776,896414253.0,1.9692758290237675
thermal,183,429987731.0,-430949765.0,39.1,0.00269,11.1,208821,860937496.0,1.9977676423608213
thermal,184,415066807.0,-406698659.0,37.9,0.00253,10.6,209880,821765466.0,1.979839033478772
thermal,185,406707000.0,-384206053.0,37.1,0.0024,10.2,210895,790913053.0,1.9446752895819348
thermal,186,399611171.0,-367000164.0,36.5,0.00229,9.89,211925,766611335.0,1.9183931547299011
thermal,187,395967864.0,-358684084.0,36.2,0.00224,9.73,212941,754651948.0,1.9058413992909282
thermal,188,382566774.0,-341748939.0,35.1,0.00213,9.34,214001,724315713.0,1.89330533184254
thermal,189,373533223.0,-328408735.0,34.3,0.00205,9.05,215030,701941958.0,1.8791955166997287
thermal,190,364902054.0,-319970134.0,33.5,0.002,8.83,216053,684872188.0,1.8768658068447046
thermal,191,350313567.0,-306190175.0,32.3,0.00191,8.46,217099,656503742.0,1.8740460086149047
thermal,192,346393409.0,-297107907.0,31.9,0.00186,8.3,218128,643501316.0,1.8577181299659198
thermal,193,340176582.0,-290621147.0,31.4,0.00182,8.13,219143,630797729.0,1.8543243785076304
thermal,194,335155505.0,-276083725.0,31.0,0.00173,7.88,220175,611239230.0,1.8237481434177845
thermal,195,328722997.0,-265027929.0,30.5,0.00166,7.65,221197,593750926.0,1.806234828164456
thermal,196,323523813.0,-259571558.0,30.0,0.00163,7.51,222213,583095371.0,1.8023259728334124
thermal,197,312021245.0,-255785652.0,28.9,0.0016,7.32,223229,567806897.0,1.819769987136613
thermal,198,309588592.0,-248044742.0,28.7,0.00155,7.18,224259,557633334.0,1.8012076297695103
thermal,199,304322487.0,-240410189.0,28.2,0.00151,7.02,225282,544732676.0,1.7899849642067365
thermal,200,299700550.0,-232890396.0,27.8,0.00146,6.86,226297,532590946.0,1.7770769723312152
thermal,201,296057654.0,-226287042.0,27.4,0.00142,6.73,227320,522344696.0,1.7643343752227396
thermal,202,292797931.0,-215636563.0,27.1,0.00135,6.55,228329,508434494.0,1.7364688755263096
thermal,203,289165824.0,-206350745.0,26.8,0.00129,6.38,229345,495516569.0,1.713606961381439
thermal,204,282497885.0,-202117173.0,26.1,0.00127,6.24,230368,484615058.0,1.7154643759545314
thermal,205,279804388.0,-196723012.0,25.9,0.00123,6.14,231384,476527400.0,1.7030733628094497
thermal,206,276711795.0,-190306883.0,25.6,0.00119,6.01,232407,467018678.0,1.6877440226210814
thermal,207,270456187.0,-184860079.0,25.0,0.00116,5.86,233437,455316266.0,1.6835121098560781
thermal,208,267610492.0,-177235716.0,24.8,0.00111,5.73,234474,444846208.0,1.6622898626859517
thermal,209,265888815.0,-169348960.0,24.6,0.00107,5.6,235497,435237775.0,1.6369164494565143
thermal,210,263328329.0,-163801148.0,24.4,0.00103,5.5,236506,427129477.0,1.6220414970999948
thermal,211,253908640.0,-157720732.0,23.5,0.000989,5.3,237522,411629372.0,1.6211711897633732
thermal,212,243965680.0,-149995389.0,22.6,0.000941,5.07,238566,393961069.0,1.614821679016491
thermal,213,239759769.0,-144153974.0,22.2,0.000905,4.94,239595,383913743.0,1.6012433804104975
thermal,214,233856024.0,-138400726.0,21.6,0.00087,4.79,240618,372256750.0,1.591820230382434
thermal,215,229561824.0,-133647086.0,21.3,0.000841,4.67,241641,363208910.0,1.582183412168741
thermal,216,228252598.0,-130685379.0,21.2,0.000823,4.62,242655,358937977.0,1.572547169868358
thermal,217,226731988.0,-125018790.0,21.1,0.000787,4.53,243662,351750778.0,1.5513945831057592
thermal,218,219740466.0,-120873495.0,20.4,0.000759,4.38,244676,340613961.0,1.5500738994519108
thermal,219,218552852.0,-116743251.0,20.3,0.000733,4.31,245691,335296103.0,1.5341648481439172
thermal,220,214462209.0,-111701253.0,19.9,0.000702,4.2,246728,326163462.0,1.520843525397055
thermal,221,206646587.0,-108792466.0,19.2,0.000684,4.06,247742,315439053.0,1.5264663093613058
thermal,222,203136973.0,-104682868.0,18.9,0.00066,3.96,248766,307819841.0,1.5153314359961443
thermal,223,198921820.0,-99052404.2,18.6,0.000625,3.83,249804,297974224.2,1.4979464002491027
thermal,224,195130715.0,-92904796.0,18.3,0.000587,3.7,250834,288035511.0,1.4761156950611287
thermal,225,193015653.0,-90441867.1,18.1,0.000572,3.64,251841,283457520.1,1.4685727074166364
thermal,226,191175902.0,-86959962.3,17.9,0.00055,3.58,252865,278135864.3,1.454868847957626
thermal,227,190273026.0,-85362298.6,17.8,0.00054,3.54,253873,275635324.6,1.448630583086433
thermal,228,188755339.0,-83379763.3,17.7,0.000528,3.5,254888,272135102.3,1.4417345953854053
thermal,229,185271292.0,-79981767.9,17.4,0.000507,3.41,255924,265253059.9,1.4317008157961137
thermal,230,183475866.0,-77143382.9,17.2,0.00049,3.35,256949,260619248.9,1.4204552052638901
thermal,231,182161432.0,-76448893.1,17.1,0.000485,3.32,257957,258610325.1,1.419676614641457
thermal,232,179974608.0,-75418197.7,16.9,0.000479,3.28,258981,255392805.7,1.4190491010820814
thermal,233,176829461.0,-73103492.0,16.6,0.000465,3.21,260019,249932953.0,1.4134124007763615
thermal,234,175816324.0,-71131178.6,16.5,0.000453,3.17,261033,246947502.6,1.4045766455679052
thermal,235,175194582.0,-70665262.4,16.5,0.00045,3.16,262043,245859844.4,1.4033530123665583
thermal,236,174463694.0,-70083463.5,16.4,0.000446,3.14,263058,244547157.5,1.4017080109515507
thermal,237,174035762.0,-67556374.2,16.3,0.00043,3.1,264073,241592136.2,1.3881752429710394
thermal,238,172271450.0,-66190619.5,16.2,0.000422,3.06,265095,238462069.5,1.3842228036044277
thermal,239,168223395.0,-64012797.5,15.8,0.000408,2.98,266139,232236192.5,1.3805225634638987
thermal,240,167384869.0,-62260393.5,15.8,0.000397,2.95,267161,229645262.5,1.3719595078812052
thermal,241,165685281.0,-61466690.3,15.6,0.000393,2.92,268176,227151971.3,1.370984615706449
thermal,242,162493442.0,-59874564.8,15.3,0.000383,2.86,269206,222368006.8,1.3684737307737012
thermal,243,161837755.0,-58086651.9,15.2,0.000372,2.83,270223,219924406.9,1.358919041480772
thermal,244,160704993.0,-55360249.9,15.1,0.000355,2.78,271245,216065242.9,1.3444836956621504
thermal,245,155179260.0,-53729043.0,14.6,0.000344,2.68,272268,208908303.0,1.3462385566215485
thermal,246,153504773.0,-51186289.3,14.4,0.000328,2.63,273277,204691062.3,1.3334507996047784
thermal,247,151754407.0,-50500524.4,14.3,0.000324,2.6,274292,202254931.4,1.3327779759305443
thermal,248,149372372.0,-48533576.1,14.1,0.000312,2.54,275315,197905948.1,1.3249166860656132
thermal,249,147897935.0,-47883539.8,13.9,0.000308,2.51,276323,195781474.8,1.3237607056515022
thermal,250,147247452.0,-46888397.1,13.8,0.000302,2.49,277338,194135849.1,1.3184326551198997
thermal,251,145164141.0,-45439967.2,13.6,0.000293,2.45,278360,190604108.2,1.3130247379757511
thermal,252,144641498.0,-44375862.5,13.6,0.000287,2.43,279374,189017360.5,1.3067989692695245
thermal,253,142508351.0,-42908994.0,13.4,0.000278,2.38,280397,185417345.0,1.3010981019631613
thermal,254,141871338.0,-42341631.5,13.3,0.000274,2.37,281413,184212969.5,1.2984509210732897
thermal,255,138439481.0,-40336808.2,13.1,0.000262,2.3,282458,178776289.2,1.2913678085805593
thermal,256,136451407.0,-38806200.6,12.9,0.000253,2.25,283496,175257607.6,1.2843957526945837
thermal,257,136220997.0,-37166741.3,12.8,0.000243,2.23,284526,173387738.3,1.2728415010793088
thermal,258,133916757.0,-36353312.2,12.6,0.000238,2.19,285541,170270069.2,1.271462011285115
thermal,259,133657839.0,-35712717.1,12.6,0.000234,2.17,286550,169370556.1,1.267195080866151
thermal,260,131971640.0,-35366601.7,12.4,0.000232,2.15,287560,167338241.7,1.2679863772246824
thermal,261,131484246.0,-34984871.4,12.4,0.00023,2.14,288568,166469117.4,1.266076526004492
thermal,262,130677683.0,-34092124.6,12.3,0.000224,2.11,289598,164769807.6,1.2608871217895714
thermal,263,129439938.0,-33437126.8,12.2,0.00022,2.09,290613,162877064.8,1.2583215606917242
thermal,264,128929526.0,-32266414.3,12.1,0.000213,2.07,291629,161195940.3,1.2502639643614295
thermal,265,124973611.0,-30566566.6,11.8,0.000203,2.0,292695,155540177.6,1.2445841674527593
thermal,266,123729326.0,-29022720.8,11.7,0.000193,1.96,293725,152752046.8,1.2345662240170936
thermal,267,123176137.0,-28366903.0,11.6,0.000189,1.94,294740,151543040.0,1.230295442696015
thermal,268,122475297.0,-27871202.2,11.6,0.000186,1.93,295757,150346499.2,1.227565908250053
thermal,269,121609082.0,-27300585.3,11.5,0.000183,1.91,296778,148909667.3,1.2244946253274078
thermal,270,119308733.0,-26941706.0,11.3,0.00018,1.88,297810,146250439.0,1.2258150373619339
thermal,271,116804530.0,-25811866.9,11.0,0.000173,1.83,298849,142616396.9,1.2209834404538935
thermal,272,115799462.0,-25210763.1,10.9,0.00017,1.81,299864,141010225.1,1.217710537377108
thermal,273,115095329.0,-24981087.6,10.9,0.000169,1.8,300872,140076416.6,1.2170469281164311
thermal,274,113187583.0,-23959222.4,10.7,0.000162,1.76,301911,137146805.4,1.2116771271633215
thermal,275,112843219.0,-23488553.0,10.6,0.000159,1.75,302934,136331772.0,1.208152099950286
thermal,276,111340841.0,-22950084.5,10.5,0.000156,1.72,303942,134290925.5,1.2061245837006027
thermal,277,110266143.0,-22318053.0,10.4,0.000152,1.7,304959,132584196.0,1.2024016837153721
thermal,278,107772109.0,-21194234.0,10.2,0.000145,1.65,306038,128966343.0,1.1966578755547967
thermal,279,105152090.0,-20445500.7,9.97,0.000141,1.61,307083,125597590.7,1.1944374163176406
thermal,280,104481195.0,-20137896.2,9.9,0.000139,1.6,308098,124619091.2,1.1927418249762554
thermal,281,102818274.0,-19113184.7,9.76,0.000133,1.56,309119,121931458.7,1.1858928763966607
thermal,282,101650183.0,-18899397.8,9.65,0.000131,1.55,310142,120549580.8,1.185925861048376
thermal,283,99605020.0,-18135173.7,9.49,0.000127,1.51,311165,117740193.7,1.1820708805640519
thermal,284,97418605.1,-17531420.6,9.28,0.000123,1.47,312181,114950025.69999999,1.1799596758956261
thermal,285,97331702.9,-17280962.3,9.27,0.000121,1.47,313196,114612665.2,1.177547107315637
thermal,286,95428742.7,-16841553.9,9.07,0.000117,1.44,314226,112270296.6,1.176483032506725
thermal,287,94374883.4,-16461653.2,8.97,0.000115,1.42,315235,110836536.60000001,1.1744283288831063
thermal,288,92933709.7,-16073869.6,8.83,0.000112,1.4,316241,109007579.3,1.1729605936520577
thermal,289,89866066.2,-15181951.0,8.56,0.000106,1.35,317278,105048017.2,1.1689397527005583
thermal,290,87319804.2,-14551358.9,8.32,0.000102,1.31,318302,101871163.10000001,1.1666444288705815
thermal,291,86023495.9,-14137619.1,8.18,9.96e-05,1.28,319316,100161115.0,1.1643460190973243
thermal,292,85656717.1,-13686012.1,8.15,9.7e-05,1.27,320324,99342729.19999999,1.1597774531099792
thermal,293,84541934.9,-13288820.4,8.04,9.42e-05,1.25,321333,97830755.30000001,1.1571861398218366
thermal,294,82201891.0,-12679096.1,7.82,9.01e-05,1.22,322371,94880987.1,1.1542433628442927
thermal,295,79609303.3,-12317834.7,7.59,8.77e-05,1.18,323409,91927138.0,1.1547285830850877
thermal,296,78655496.8,-11677285.9,7.5,8.35e-05,1.16,324423,90332782.7,1.148461154974232
thermal,297,78237790.3,-11311307.0,7.45,8.18e-05,1.15,325430,89549097.3,1.1445760029344796
thermal,298,77180372.4,-11004769.9,7.35,8e-05,1.13,326446,88185142.30000001,1.1425850842357428
thermal,299,76803515.1,-10955286.7,7.31,7.98e-05,1.12,327454,87758801.8,1.1426404336537979
thermal,300,75973096.7,-10328121.2,7.22,7.57e-05,1.11,328492,86301217.9,1.1359444546637785
thermal,301,73228404.4,-9843853.75,6.97,7.25e-05,1.06,329515,83072258.15,1.134426713659215
thermal,302,72453853.7,-9484750.69,6.89,7.04e-05,1.05,330524,81938604.39,1.130907470143303
thermal,303,71476696.0,-9329888.33,6.8,6.96e-05,1.04,331540,80806584.33,1.130530492483872
thermal,304,69866306.5,-8863337.0,6.66,6.69e-05,1.01,332585,78729643.5,1.1268613934815632
thermal,305,68550180.2,-8349358.18,6.55,6.39e-05,0.985,333615,76899538.38,1.1217992156350305
thermal,306,68212541.9,-8100460.65,6.51,6.23e-05,0.978,334630,76313002.55000001,1.118753244262255
thermal,307,65452898.4,-7727644.66,6.25,5.99e-05,0.937,335652,73180543.06,1.1180642087501507
thermal,308,62785842.6,-7409513.13,6.01,5.81e-05,0.899,336704,70195355.73,1.1180124821642514
thermal,309,61711545.2,-7089991.29,5.9,5.61e-05,0.881,337721,68801536.49000001,1.1148892199510183
thermal,310,60775051.5,-6864114.89,5.81,5.41e-05,0.866,338729,67639166.39,1.1129429711795473
thermal,311,59950998.3,-6640463.83,5.74,5.28e-05,0.853,339758,66591462.129999995,1.1107648582725935
thermal,312,58870729.5,-6451017.13,5.63,5.17e-05,0.837,340773,65321746.63,1.1095793645635053
thermal,313,57877009.0,-6264003.94,5.55,5.05e-05,0.821,341788,64141012.94,1.1082295724715145
thermal,314,54811064.9,-5866889.38,5.27,4.77e-05,0.777,342832,60677954.28,1.1070384126034378
thermal,315,53423474.7,-5514709.12,5.14,4.61e-05,0.755,343862,58938183.82,1.1032263279572865
thermal,316,51571037.6,-5218267.48,4.95,4.43e-05,0.727,344885,56789305.08,1.1011860091021322
thermal,317,50949609.2,-4960505.81,4.9,4.28e-05,0.716,345915,55910115.010000005,1.0973610178348532
thermal,318,49284644.5,-4783362.63,4.73,4.16e-05,0.692,346931,54068007.13,1.0970558411961358
thermal,319,48733876.0,-4526610.31,4.68,4.01e-05,0.682,347945,53260486.31,1.092884266172467
thermal,320,47258277.7,-4305326.81,4.54,3.86e-05,0.66,348959,51563604.510000005,1.091102067606666
thermal,321,44819138.5,-4170663.87,4.31,3.77e-05,0.627,350005,48989802.37,1.093055422517771
thermal,322,42928479.5,-3758504.27,4.13,3.51e-05,0.598,351034,46686983.77,1.0875526996012055
thermal,323,42396048.5,-3521043.33,4.09,3.36e-05,0.588,352064,45917091.83,1.0830512147847928
thermal,324,39871808.9,-3322180.72,3.84,3.23e-05,0.553,353101,43193989.62,1.083321545012722
thermal,325,39246442.8,-3137000.54,3.78,3.14e-05,0.543,354117,42383443.339999996,1.0799308247115837
thermal,326,38340958.1,-2940590.41,3.7,3.03e-05,0.528,355156,41281548.510000005,1.0766957988459867
thermal,327,37618248.7,-2843687.95,3.62,2.98e-05,0.518,356180,40461936.650000006,1.0755933103818307
thermal,328,37429757.8,-2738287.72,3.6,4.07e-05,0.514,357189,40168045.519999996,1.0731580400448115
thermal,329,36357203.0,-2675846.9,3.49,5.93e-05,0.5,358196,39033049.9,1.0735988106675862
thermal,330,36310709.5,-2602469.59,3.49,0.000111,0.498,359213,38913179.09,1.0716722318521483
thermal,331,35727196.4,-2493024.2,3.43,0.000172,0.489,360236,38220220.6,1.069779452383787
thermal,332,35472201.5,-2399024.44,3.4,0.000179,0.485,361252,37871225.94,1.0676311122105009
thermal,333,34356070.9,-2278142.46,3.3,0.000186,0.469,362282,36634213.36,1.0663097496402012
thermal,334,34070404.3,-2232975.28,3.27,0.000185,0.465,363304,36303379.58,1.065540028827894
thermal,335,33520219.0,-2064141.26,3.22,0.00021,0.455,364335,35584360.26,1.061578990877118
thermal,336,32541994.3,-1870729.63,3.13,0.00141,0.44,365379,34412723.93,1.0574866313586688
thermal,337,31773185.8,-1655279.78,3.06,0.00138,0.428,366423,33428465.580000002,1.052096751972539
thermal,338,31420435.2,-1559569.84,3.02,0.00135,0.422,367439,32980005.04,1.04963552637234
thermal,339,31076390.1,-1491688.68,2.99,0.00132,0.417,368454,32568078.78,1.0480007064913244
thermal,340,30418850.4,-1379313.71,2.92,0.00128,0.407,369477,31798164.11,1.045344044625697
thermal,341,30312570.6,-1348103.4,2.91,0.00127,0.405,370485,31660674.0,1.0444734106450213
thermal,342,29448459.7,-1267018.05,2.82,0.00125,0.393,371501,30715477.75,1.0430249345095628
thermal,343,28904931.1,-1154130.67,2.77,0.0012,0.385,372531,30059061.770000003,1.0399285044481563
thermal,344,28272797.2,-1031313.32,2.7,0.00116,0.375,373554,29304110.52,1.0364772297804337
thermal,345,28163712.9,-930869.773,2.69,0.00112,0.372,374563,29094582.673,1.033052097083407
thermal,346,27551265.5,-911295.157,2.63,0.00112,0.364,375592,28462560.657,1.0330763447871387
thermal,347,26534394.8,-811042.778,2.53,0.00108,0.35,376617,27345437.578,1.0305657160871067
thermal,348,26437111.6,-748977.719,2.52,0.00106,0.348,377625,27186089.319000002,1.0283305426981668
thermal,349,26087928.0,-658937.479,2.49,0.00103,0.342,378655,26746865.479,1.025258329408146
thermal,350,25015571.6,-487153.005,2.38,0.000975,0.326,379693,25502724.605,1.0194739905523487
thermal,351,24586600.8,-399376.818,2.34,0.000948,0.32,380717,24985977.618,1.016243677653887
thermal,352,24014513.1,-353626.304,2.28,0.000933,0.312,381733,24368139.404000003,1.014725524624524
thermal,353,23544626.3,-252798.02,2.23,0.000905,0.304,382785,23797424.32,1.0107369731325913
thermal,354,23075590.2,-179900.79,2.18,0.000884,0.297,383801,23255490.99,1.0077961511901004
thermal,355,22898652.7,-132081.291,2.16,0.00087,0.295,384824,23030733.991,1.0057680813247147
thermal,356,22783107.5,-78973.9418,2.15,0.000855,0.292,385833,22862081.4418,1.003466337583668
thermal,357,22380984.2,57742.4376,2.11,0.000817,0.286,386856,22323241.762399998,0.9974200224134915
thermal,358,22053064.7,140641.483,2.07,0.000794,0.28,387872,21912423.217,0.9936225878392313
thermal,359,21940555.6,157429.187,2.06,0.00079,0.279,388887,21783126.413000003,0.9928247401811466
thermal,360,21426975.6,231569.243,2.01,0.00077,0.271,389910,21195406.357,0.9891926304802438
thermal,361,21023737.6,272366.142,1.96,0.000759,0.265,390924,20751371.458,0.9870448277474696
thermal,362,21004580.5,309837.279,1.96,0.000749,0.265,391932,20694743.221,0.9852490613178397
thermal,363,20823017.6,368564.622,1.94,0.000733,0.262,392963,20454452.978,0.9823001339632925
thermal,364,20654106.5,473714.2,1.92,0.000706,0.258,393987,20180392.3,0.9770644060540697
thermal,365,20615602.9,487964.905,1.92,0.000702,0.257,395001,20127637.994999997,0.9763303112032682
thermal,366,20593256.8,501151.763,1.92,0.000699,0.257,396009,20092105.037,0.9756642784642009
thermal,367,51462816200000.0,-2664115710000000.0,823000000000.0,7.28e-12,824000000000.0,398013,2715578526200000.0,1.019317034919628
thermal,368,43419911400000.0,-4750450080000000.0,698000000000.0,45900.0,708000000000.0,399139,4793869991400000.0,1.0091401679143632
thermal,369,42414854500000.0,-5380106450000000.0,682000000000.0,43900.0,682000000000.0,400213,5422521304500000.0,1.0078836459639195
thermal,370,39426206700000.0,-6693376450000000.0,633000000000.0,40100.0,631000000000.0,401256,6732802656700000.0,1.0058903315829486
thermal,371,35921279700000.0,-8396387000000000.0,576000000000.0,35700.0,570000000000.0,402317,8432308279700000.0,1.0042781829494043
thermal,372,29952670800000.0,-1.01451444e+16,478000000000.0,29300.0,473000000000.0,403361,1.01750970708e+16,1.0029524144377875
thermal,373,25631108700000.0,-1.11840466e+16,406000000000.0,24300.0,399000000000.0,404397,1.12096777087e+16,1.002291756250372
thermal,374,22113350600000.0,-1.17146874e+16,346000000000.0,20600.0,340000000000.0,405442,1.17368007506e+16,1.0018876603228866
thermal,375,19875814300000.0,-1.19602179e+16,307000000000.0,17800.0,300000000000.0,406464,1.19800937143e+16,1.0016618271060096
thermal,376,17249989600000.0,-1.20858607e+16,261000000000.0,15400.0,256000000000.0,407493,1.21031106896e+16,1.0014272868129284
thermal,377,15263127400000.0,-1.18831238e+16,225000000000.0,13400.0,222000000000.0,408544,1.18983869274e+16,1.0012844372958565
thermal,378,13473817500000.0,-1.15365537e+16,192000000000.0,12400.0,195000000000.0,409573,1.15500275175e+16,1.0011679239615554
thermal,379,12153807400000.0,-1.06780585e+16,168000000000.0,9800.0,166000000000.0,410625,1.06902123074e+16,1.0011382038598122
thermal,380,11042310100000.0,-1.00048064e+16,148000000000.0,8560.0,146000000000.0,411655,1.00158487101e+16,1.0011037005273786
thermal,381,10063443300000.0,-8939949530000000.0,130000000000.0,7150.0,127000000000.0,412672,8950012973300000.0,1.0011256711535372
thermal,382,8215253090000.0,-8070755710000000.0,97200000000.0,6140.0,98500000000.0,413730,8078970963090000.0,1.0010179038227884
thermal,383,7377269800000.0,-6999911340000000.0,82700000000.0,5010.0,83000000000.0,414759,7007288609800000.0,1.001053909034225
thermal,384,6944192140000.0,-6146859810000000.0,75300000000.0,4240.0,74100000000.0,415790,6153804002140000.0,1.0011297137651818
thermal,385,6247418770000.0,-5356141670000000.0,63600000000.0,3490.0,62300000000.0,416827,5362389088770000.0,1.0011664028240688
thermal,386,5875840050000.0,-4608167750000000.0,57400000000.0,2830.0,55000000000.0,417872,4614043590050000.0,1.001275092481171
thermal,387,5582662180000.0,-4002839160000000.0,52600000000.0,2380.0,49600000000.0,418894,4008421822180000.0,1.001394675618193
thermal,388,5101727250000.0,-3657357560000000.0,44900000000.0,2120.0,42700000000.0,419946,3662459287250000.0,1.001394921652123
thermal,389,4847257320000.0,-3392571650000000.0,40900000000.0,1920.0,38900000000.0,420962,3397418907320000.0,1.0014287855409039
thermal,390,4459511180000.0,-3004524860000000.0,34900000000.0,1630.0,33200000000.0,422028,3008984371180000.0,1.0014842650295128
thermal,391,4163907280000.0,-2720733380000000.0,30400000000.0,1440.0,29100000000.0,423050,2724897287280000.0,1.0015304356210015
thermal,392,3882961120000.0,-2427707740000000.0,26300000000.0,1250.0,25200000000.0,424088,2431590701120000.0,1.001599435161005
thermal,393,3635770320000.0,-2214685430000000.0,22800000000.0,1110.0,21900000000.0,425133,2218321200320000.0,1.001641664441708
thermal,394,3432182080000.0,-2056100560000000.0,19900000000.0,1020.0,19400000000.0,426171,2059532742080000.0,1.0016692676159769
thermal,395,3339456790000.0,-1809373540000000.0,18600000000.0,858.0,17800000000.0,427209,1812712996790000.0,1.0018456425476412
thermal,396,3251077300000.0,-1685198820000000.0,17400000000.0,760.0,16500000000.0,428248,1688449897300000.0,1.0019291950963982
thermal,397,3070257330000.0,-1605676160000000.0,14900000000.0,709.0,14400000000.0,429263,1608746417330000.0,1.0019121273681986
thermal,398,3002095740000.0,-1496376570000000.0,14000000000.0,637.0,13400000000.0,430271,1499378665740000.0,1.0020062434818797
thermal,399,2905280340000.0,-1386761380000000.0,12700000000.0,563.0,12100000000.0,431293,1389666660340000.0,1.0020950109960518
thermal,400,2805678470000.0,-1333176730000000.0,11400000000.0,510.0,10900000000.0,432325,1335982408470000.0,1.0021045060319946
thermal,401,2741135830000.0,-1296306590000000.0,10600000000.0,471.0,10100000000.0,433355,1299047725830000.0,1.002114573705901
thermal,402,2720776610000.0,-1274617640000000.0,10300000000.0,452.0,9850000000.0,434362,1277338416610000.0,1.002134582579604
thermal,403,2637875990000.0,-1243287390000000.0,9290000000.0,423.0,8920000000.0,435415,1245925265990000.0,1.0021216944780562
thermal,404,2581739630000.0,-1190076720000000.0,8590000000.0,376.0,8180000000.0,436438,1192658459630000.0,1.00216938923904
thermal,405,2478253190000.0,-1131348510000000.0,7290000000.0,324.0,6970000000.0,437460,1133826763190000.0,1.002190530299103
thermal,406,2353934980000.0,-1058447800000000.0,5800000000.0,261.0,5580000000.0,438504,1060801734980000.0,1.0022239499954555
thermal,407,2219019150000.0,-1007360530000000.0,4280000000.0,219.0,4230000000.0,439527,1009579549150000.0,1.0022028053352459
thermal,408,2130717310000.0,-950902364000000.0,3300000000.0,179.0,3300000000.0,440550,953033081310000.0,1.0022407319517401
thermal,409,2056210330000.0,-848349439000000.0,2500000000.0,136.0,2510000000.0,441588,850405649330000.0,1.0024237775561258
thermal,410,1998219530000.0,-754917846000000.0,1790000000.0,42.3,1610000000.0,442692,756916065530000.0,1.0026469364058457
thermal,411,1947363690000.0,-741677062000000.0,1220000000.0,32.3,1110000000.0,443722,743624425690000.0,1.0026256221066736
thermal,412,1944558350000.0,-721521631000000.0,1190000000.0,26.0,1070000000.0,444738,723466189350000.0,1.0026950797681629
thermal,413,1886103210000.0,-709745497000000.0,381000000.0,21.3,393000000.0,445768,711631600210000.0,1.002657435965388
thermal,414,1880314800000.0,-643087932000000.0,255000000.0,10.1,249000000.0,446814,644968246800000.0,1.0029238844432242
thermal,415,1924131540000.0,-521420979000000.0,94500000.0,2.05,90500000.0,447874,523345110540000.0,1.0036901690140856
thermal,416,1908410590000.0,-384627603000000.0,22900000.0,0.435,24300000.0,448911,386536013590000.0,1.0049617099113919
thermal,417,1816423200000.0,-221758094000000.0,11900000.0,0.146,11900000.0,449941,223574517200000.0,1.0081910119591846
thermal,418,1668667970000.0,-157987198000000.0,7080000.0,0.0854,7190000.0,450956,159655865970000.0,1.0105620454766215
thermal,419,1479495870000.0,-87254461400000.0,3850000.0,0.0364,3700000.0,452022,88733957270000.0,1.0169561056966194
thermal,420,1338863970000.0,-53808084100000.0,2160000.0,0.0251,2080000.0,453081,55146948070000.0,1.0248822085453142
thermal,421,1189647170000.0,-42366959200000.0,1500000.0,0.02,1490000.0,454126,43556606370000.0,1.0280795976974435
thermal,422,998096825000.0,-29398474100000.0,782000.0,0.0149,865000.0,455164,30396570925000.0,1.033950633682719
thermal,423,849921889000.0,-23765678400000.0,547000.0,0.0118,640000.0,456180,24615600289000.0,1.035762576379894
thermal,424,680066421000.0,-15541138600000.0,330000.0,0.00814,391000.0,457298,16221205021000.0,1.04375911176804
thermal,425,583220613000.0,-9473552180000.0,244000.0,0.00519,252000.0,458379,10056772793000.0,1.0615630337933073
thermal,426,468449655000.0,-6071952040000.0,156000.0,0.00308,156000.0,459475,6540401695000.0,1.0771497620392931
thermal,427,350637851000.0,-5054319830000.0,101000.0,0.00251,115000.0,460499,5404957681000.0,1.0693738945681244
thermal,428,285843315000.0,-4389864290000.0,75000.0,0.0022,92700.0,461544,4675707605000.0,1.0651143853469784
thermal,429,233842464000.0,-3716087360000.0,55100.0,0.00188,73800.0,462567,3949929824000.0,1.0629270631570944
thermal,430,199048913000.0,-3411454300000.0,43500.0,0.00174,64200.0,463604,3610503213000.0,1.0583472312673219
thermal,431,161622963000.0,-2856743610000.0,32200.0,0.00149,51300.0,464628,3018366573000.0,1.0565759427742274
thermal,432,129049956000.0,-2306569340000.0,23200.0,0.00123,39800.0,465703,2435619296000.0,1.0559488734034763
thermal,433,104797542000.0,-1996879300000.0,17200.0,0.00109,33000.0,466733,2101676842000.0,1.0524806591965774
thermal,434,75095003000.0,-1566706190000.0,9750.0,0.000938,24300.0,467762,1641801193000.0,1.0479317714318854
thermal,435,54735357900.0,-999944926000.0,5970.0,0.000663,15200.0,468808,1054680283900.0,1.0547383725611303
thermal,436,39337182100.0,-702549233000.0,3740.0,0.000511,10400.0,469823,741886415100.0,1.055992064687088
thermal,437,26777262000.0,-493692232000.0,2180.0,0.000378,7140.0,470868,520469494000.0,1.0542387752214015
thermal,438,18628926300.0,-351987165000.0,1330.0,0.000329,5000.0,471905,370616091300.0,1.0529250158880084
thermal,439,13403028700.0,-233555031000.0,833.0,0.00032,3290.0,472927,246958059700.0,1.0573870262721936
thermal,440,8585616570.0,-158345206000.0,421.0,0.000217,2190.0,473957,166930822570.0,1.054220880990865
thermal,441,6317279670.0,-86851820700.0,269.0,0.000145,1220.0,475024,93169100370.0,1.0727362952104469
thermal,442,4125484580.0,-70185270500.0,135.0,0.000151,962.0,476055,74310755080.0,1.0587799199263612
thermal,443,3804650890.0,-43402431800.0,118.0,0.000177,612.0,477121,47207082690.0,1.0876598552710588
thermal,444,3597442420.0,-33421319900.0,108.0,0.000168,480.0,478156,37018762320.0,1.1076391486262038
thermal,445,3427986930.0,-30958751400.0,99.6,0.000164,445.0,479187,34386738330.0,1.1107275576365783
thermal,446,3349350610.0,-29088109400.0,95.7,0.000156,420.0,480202,32437460010.0,1.115145008702422
thermal,447,3307979840.0,-27219993400.0,93.7,0.000146,395.0,481210,30527973240.0,1.1215275768582662
thermal,448,3219369470.0,-26594730200.0,90.5,0.000143,386.0,482234,29814099670.0,1.121052909572288
thermal,449,2989163310.0,-24341920600.0,79.6,0.000131,353.0,483301,27331083910.0,1.1227989918757684
thermal,450,2884869070.0,-20956515100.0,74.7,0.000237,308.0,484323,23841384170.0,1.13765977101794
thermal,451,2774744870.0,-18873297600.0,69.7,0.000228,280.0,485382,21648042470.0,1.1470196109237423
thermal,452,2682609750.0,-17430072800.0,65.6,0.000218,260.0,486411,20112682550.0,1.1539069733546954
thermal,453,2579007990.0,-16374805800.0,61.1,0.000208,245.0,487456,18953813790.0,1.157498539005574
thermal,454,2565081450.0,-15649111200.0,60.5,0.0002,235.0,488472,18214192650.0,1.163912277011617
thermal,455,2536997280.0,-15227327700.0,59.3,0.000195,229.0,489502,17764324980.0,1.166608175116636
thermal,456,2475626590.0,-14675050100.0,56.7,0.000189,221.0,490524,17150676690.0,1.1686962956262752
thermal,457,2444423920.0,-14302594800.0,55.4,0.000185,216.0,491553,16747018720.0,1.1709077236810204
thermal,458,2340898390.0,-13748749600.0,51.0,0.000179,208.0,492590,16089647990.0,1.170262639011187
thermal,459,2280289810.0,-13359453700.0,48.5,0.000174,202.0,493612,15639743510.0,1.1706873545285763
thermal,460,2227688950.0,-12771920100.0,46.3,0.000225,193.0,494645,14999609050.0,1.1744208335597088
thermal,461,2187779210.0,-12399324100.0,44.6,0.000256,188.0,495659,14587103310.0,1.1764434248476496
thermal,462,2136792300.0,-11998086500.0,42.6,0.000257,182.0,496697,14134878800.0,1.1780944236399695
thermal,463,2113715440.0,-11745378800.0,41.7,0.000254,179.0,497704,13859094240.0,1.1799614534356269
thermal,464,2089973480.0,-11322764800.0,40.7,0.000248,173.0,498719,13412738280.0,1.1845815502588202
thermal,465,2073828960.0,-10894696700.0,40.1,0.000241,167.0,499743,12968525660.0,1.1903521517951023
thermal,466,2054882020.0,-10659642700.0,39.3,0.000237,164.0,500751,12714524720.0,1.1927721292196782
thermal,467,2054781660.0,-10496857300.0,39.3,0.000234,162.0,501765,12551638960.0,1.1957520809585551
thermal,468,2005714310.0,-10187505200.0,37.3,0.000228,157.0,502789,12193219510.0,1.196879831776675
thermal,469,2001810800.0,-9959711710.0,37.1,0.000224,154.0,503804,11961522510.0,1.2009908377157235
thermal,470,1981092790.0,-9838479240.0,36.3,0.000222,152.0,504811,11819572030.0,1.2013616882927936
thermal,471,1913654110.0,-9428765900.0,33.7,0.000221,146.0,505848,11342420010.0,1.2029591285111871
thermal,472,1880123590.0,-8943535860.0,32.3,0.000211,139.0,506865,10823659450.0,1.210221507402778
thermal,473,1841077470.0,-8211735810.0,30.8,0.000197,129.0,507889,10052813280.0,1.224200767364921
thermal,474,1826931430.0,-7441208320.0,30.2,0.000182,119.0,508897,9268139750.0,1.2455154259140537
thermal,475,1715371840.0,-6852837690.0,25.9,0.000171,110.0,509950,8568209530.0,1.2503155506664276
thermal,476,1706039700.0,-6567390790.0,25.6,0.000165,106.0,510972,8273430490.0,1.259774354009471
thermal,477,1694309060.0,-6415151900.0,25.2,0.000162,104.0,511987,8109460960.0,1.2641105131119343
thermal,478,1683666710.0,-6256539890.0,24.8,0.000159,102.0,513003,7940206600.0,1.2691050867734497
thermal,479,1682927430.0,-6176576030.0,24.8,0.000157,101.0,514011,7859503460.0,1.2724693133907719
thermal,480,1645259370.0,-5925143980.0,23.4,0.000152,97.3,515027,7570403350.0,1.2776741587298948
thermal,481,1641335930.0,-5729553620.0,23.2,0.000148,94.7,516035,7370889550.0,1.2864683776185692
thermal,482,1635796000.0,-5582565640.0,23.1,0.000145,92.8,517043,7218361640.0,1.2930186773406214
thermal,483,1591657410.0,-5380919800.0,21.5,0.000141,89.6,518073,6972577210.0,1.2957965309202342
thermal,484,1560844280.0,-4721321370.0,20.5,0.000128,80.7,519111,6282165650.0,1.3305947970239527
thermal,485,1403722390.0,-3425115920.0,15.4,9.96e-05,62.0,520249,4828838310.0,1.4098320824131407
thermal,486,1313333980.0,-2846144080.0,13.0,8.66e-05,53.4,521316,4159478060.0,1.461443252022575
thermal,487,1292040520.0,-2733177390.0,12.5,8.25e-05,51.6,522353,4025217910.0,1.4727247213178505
thermal,488,1290461470.0,-2740722110.0,12.5,8.23e-05,51.7,523372,4031183580.0,1.4708472505444925
thermal,489,1281889140.0,-2685282580.0,12.3,7.83e-05,50.9,524394,3967171720.0,1.4773758819825957
thermal,490,1270113990.0,-2562226570.0,12.1,6.55e-05,49.2,525417,3832340560.0,1.4957071341274866
thermal,491,1266124330.0,-2496840970.0,12.1,5.64e-05,48.3,526425,3762965300.0,1.5070904976379011
thermal,492,1259327010.0,-2414211690.0,12.0,5.16e-05,47.1,527447,3673538700.0,1.5216307315619038
thermal,493,1230089350.0,-2334449350.0,11.7,4.25e-05,45.7,528491,3564538700.0,1.5269291235639788
thermal,494,1225285990.0,-2286039730.0,11.6,4.21e-05,45.0,529499,3511325720.0,1.5359863058897931
thermal,495,1190586940.0,-2222777220.0,11.3,4.12e-05,43.8,530530,3413364160.0,1.535630349855754
thermal,496,1176328030.0,-2166134890.0,11.1,4.03e-05,42.9,531553,3342462920.0,1.5430539138769885
thermal,497,1153480450.0,-2087374620.0,10.9,3.93e-05,41.6,532582,3240855070.0,1.5525986753637926
thermal,498,1122980860.0,-2000721810.0,10.6,3.78e-05,40.1,533626,3123702670.0,1.5612878584054621
thermal,499,1099015130.0,-1924218560.0,10.3,3.67e-05,38.8,534648,3023233690.0,1.5711488044268733
thermal,500,1090385750.0,-1872691580.0,10.2,3.62e-05,38.0,535665,2963077330.0,1.582255915306673
thermal,501,1081249030.0,-1854955030.0,10.1,3.6e-05,37.6,536673,2936204060.0,1.582897705072667
thermal,502,1058053470.0,-1789658900.0,9.9,3.62e-05,36.5,537689,2847712370.0,1.5912039830606828
thermal,503,1042564940.0,-1746383330.0,9.75,3.51e-05,35.8,538704,2788948270.0,1.5969851647633397
thermal,504,1016141860.0,-1699898110.0,9.48,3.47e-05,34.8,539719,2716039970.0,1.5977663331833458
thermal,505,1003143320.0,-1656708450.0,9.35,3.49e-05,34.1,540743,2659851770.0,1.60550383502903
thermal,506,998783606.0,-1641313410.0,9.31,3.5e-05,33.8,541751,2640097016.0,1.6085270490783354
thermal,507,991281019.0,-1614530840.0,9.23,3.52e-05,33.4,542768,2605811859.0,1.613974657182764
thermal,508,987281367.0,-1602217630.0,9.2,3.54e-05,33.2,543783,2589498997.0,1.6161967940647364
thermal,509,978524461.0,-1562628580.0,9.11,3.58e-05,32.6,544798,2541153041.0,1.626204123951195
thermal,510,943718675.0,-1518212830.0,8.77,3.68e-05,31.6,545829,2461931505.0,1.6215984059362745
thermal,511,935091793.0,-1498330340.0,8.68,3.7e-05,31.2,546851,2433422133.0,1.6240892065230421
thermal,512,931791036.0,-1475734650.0,8.65,3.74e-05,30.9,547873,2407525686.0,1.6314082521542745
thermal,513,918281765.0,-1405520210.0,8.54,3.87e-05,29.8,548911,2323801975.0,1.653339424411407
thermal,514,913198328.0,-1350283280.0,8.49,3.95e-05,29.0,549927,2263481608.0,1.6763012928664864
thermal,515,898469272.0,-1316461730.0,8.35,4e-05,28.4,550944,2214931002.0,1.682487953523723
thermal,516,891416536.0,-1292048880.0,8.28,4.03e-05,28.0,551966,2183465416.0,1.6899247774588837
thermal,517,876881461.0,-1218702540.0,8.15,4.15e-05,26.9,553004,2095584001.0,1.7195205000557396
thermal,518,845772091.0,-1168424900.0,7.85,4.24e-05,25.8,554033,2014196991.0,1.7238566132919626
thermal,519,842507462.0,-1124690190.0,7.82,4.3e-05,25.2,555042,1967197652.0,1.7491018144294475
thermal,520,810247059.0,-1072441680.0,7.51,4.35e-05,24.1,556059,1882688739.0,1.7555161964611445
thermal,521,795481854.0,-1030089520.0,7.38,4.39e-05,23.4,557089,1825571374.0,1.772245361742929
thermal,522,785472295.0,-1007304030.0,7.28,4.41e-05,23.0,558097,1792776325.0,1.779776781991034
thermal,523,774148258.0,-985730262.0,7.17,4.43e-05,22.5,559113,1759878520.0,1.7853550690726385
thermal,524,762334426.0,-949331512.0,7.06,4.46e-05,21.9,560143,1711665938.0,1.803022354534461
thermal,525,743586367.0,-920168087.0,6.88,4.48e-05,21.3,561174,1663754454.0,1.808098408872552
thermal,526,733864428.0,-899444186.0,6.8,4.5e-05,20.9,562205,1633308614.0,1.8159088017052345
thermal,527,720021967.0,-856846110.0,6.67,4.52e-05,20.2,563243,1576868077.0,1.8403165499578449
thermal,528,706476650.0,-813071640.0,6.55,4.55e-05,19.5,564272,1519548290.0,1.868898403589627
thermal,529,685710820.0,-786165819.0,6.36,4.58e-05,18.9,565324,1471876639.0,1.8722216146107975
thermal,530,676913571.0,-777755244.0,6.28,4.57e-05,18.6,566355,1454668815.0,1.8703426639962328
thermal,531,653687738.0,-751717384.0,6.08,4.59e-05,18.0,567393,1405405122.0,1.8695924185252046
thermal,532,646182401.0,-722444751.0,6.01,4.59e-05,17.5,568431,1368627152.0,1.894438502190737
thermal,533,631618397.0,-695217827.0,5.88,4.58e-05,17.0,569469,1326836224.0,1.908518700858918
thermal,534,622612622.0,-677719030.0,5.8,4.58e-05,16.7,570492,1300331652.0,1.9186884157583712
thermal,535,616139315.0,-660883048.0,5.74,4.57e-05,16.4,571507,1277022363.0,1.9322970484181643
thermal,536,609608400.0,-632638776.0,5.68,4.56e-05,15.9,572551,1242247176.0,1.963596325622633
thermal,537,600448378.0,-604310468.0,5.6,4.56e-05,15.4,573581,1204758846.0,1.9936090963097466
thermal,538,590669426.0,-592353005.0,5.5,4.54e-05,15.1,574588,1183022431.0,1.997157811329074
thermal,539,584572953.0,-581553288.0,5.45,4.52e-05,14.9,575604,1166126241.0,1.9948344086319711
thermal,540,571702876.0,-569093496.0,5.33,4.5e-05,14.6,576628,1140796372.0,1.9954357759781498
thermal,541,562794456.0,-561865215.0,5.24,4.49e-05,14.4,577642,1124659671.0,1.998348880323725
thermal,542,559971133.0,-554692929.0,5.22,4.48e-05,14.3,578658,1114664062.0,1.9905741498285412
thermal,543,557675622.0,-549931093.0,5.2,4.47e-05,14.2,579674,1107606715.0,1.9861128428525785
thermal,544,538977389.0,-539974341.0,5.02,4.47e-05,13.8,580704,1078951730.0,1.998153704862802
thermal,545,530136488.0,-525661251.0,4.94,4.47e-05,13.5,581734,1055797739.0,1.9915583305407192
thermal,546,519744024.0,-502018994.0,4.85,4.56e-05,13.1,582748,1021763018.0,1.9658966160619098
thermal,547,507680316.0,-492439337.0,4.74,9.87e-05,12.8,583780,1000119653.0,1.9699791807567344
thermal,548,501727537.0,-480182625.0,4.69,0.000114,12.6,584810,981910162.0,1.9570585419153503
thermal,549,494837724.0,-457537051.0,4.63,0.000114,12.2,585832,952374775.0,1.9246203933312085
thermal,550,492905654.0,-439301294.0,4.62,0.000108,11.9,586847,932206948.0,1.891248234697669
thermal,551,484606773.0,-418208422.0,4.54,0.000104,11.6,587870,902815195.0,1.8629850949276765
thermal,552,478806137.0,-408314964.0,4.48,0.000104,11.4,588879,887121101.0,1.8527772149252966
thermal,553,476207256.0,-403383096.0,4.46,0.000106,11.3,589902,879590352.0,1.8470746527222173
thermal,554,463302095.0,-398666326.0,4.33,0.000105,11.0,590917,861968421.0,1.8604889343312812
thermal,555,451246788.0,-381763042.0,4.22,0.000101,10.7,591932,833009830.0,1.8460183034034139
thermal,556,443166809.0,-364748164.0,4.16,9.69e-05,10.3,592962,807914973.0,1.823049372363985
thermal,557,437178337.0,-357467555.0,4.1,9.51e-05,10.2,593979,794645892.0,1.81766987232947
thermal,558,432458746.0,-346904801.0,4.06,9.18e-05,9.97,595018,779363547.0,1.8021685402565544
thermal,559,413070698.0,-333164750.0,3.87,8.78e-05,9.55,596034,746235448.0,1.8065562423408692
thermal,560,403226889.0,-321599639.0,3.78,8.47e-05,9.28,597064,724826528.0,1.7975649634813913
thermal,561,398944859.0,-305426416.0,3.75,8.05e-05,9.01,598095,704371275.0,1.7655855417352302
thermal,562,380364802.0,-293078150.0,3.59,7.69e-05,8.62,599118,673442952.0,1.770518587574252
thermal,563,377951783.0,-283532411.0,3.57,7.44e-05,8.46,600134,661484194.0,1.7501814351805822
thermal,564,376634930.0,-275623393.0,3.55,7.23e-05,8.35,601150,652258323.0,1.7318051806825245
thermal,565,370602942.0,-270581491.0,3.49,7.09e-05,8.2,602164,641184433.0,1.730111556966539
thermal,566,366888511.0,-268592892.0,3.46,7.04e-05,8.13,603179,635481403.0,1.7320831368306324
thermal,567,361096130.0,-262181798.0,3.41,6.88e-05,7.97,604195,623277928.0,1.7260720240895409
thermal,568,357440265.0,-255555165.0,3.37,6.71e-05,7.84,605211,612995430.0,1.7149590855411883
base_v9,0,3289851720000.0,-24281127000000.0,164000000000.0,97.8,8730000000.0,21907,27570978720000.0,1.135490075069415
base_v9,1,3165499860000.0,-24502926100000.0,158000000000.0,6610.0,8410000000.0,22531,27668425960000.0,1.1291886465755614
base_v9,2,3008434020000.0,-25134305000000.0,149000000000.0,6710.0,8000000000.0,23241,28142739020000.0,1.119694338872708
base_v9,3,2904305160000.0,-26271356900000.0,144000000000.0,6510.0,7690000000.0,24365,29175662060000.0,1.1105502533064822
base_v9,4,2839701570000.0,-27437876500000.0,141000000000.0,5920.0,7500000000.0,25420,30277578070000.0,1.1034956757677659
base_v9,5,2634154010000.0,-30164161400000.0,130000000000.0,5610.0,6890000000.0,26517,32798315410000.0,1.0873272747439946
base_v9,6,2292819250000.0,-32641952000000.0,112000000000.0,4990.0,6010000000.0,27657,34934771250000.0,1.0702414870899877
base_v9,7,2017107480000.0,-35868406500000.0,96500000000.0,4270.0,5200000000.0,28855,37885513980000.0,1.056236328201533
base_v9,8,1817674980000.0,-39417211300000.0,85400000000.0,3450.0,4510000000.0,30056,41234886280000.0,1.0461137386449253
base_v9,9,1609361670000.0,-41439738800000.0,73300000000.0,3180.0,3940000000.0,31204,43049100470000.0,1.0388361924231047
base_v9,10,1445167530000.0,-45137577300000.0,63600000000.0,2450.0,3300000000.0,32405,46582744830000.0,1.03201694943428
base_v9,11,1307626780000.0,-49019972200000.0,55400000000.0,1870.0,2790000000.0,33590,50327598980000.0,1.0266753880370418
base_v9,12,1205820290000.0,-52458801700000.0,49300000000.0,1450.0,2400000000.0,34688,53664621990000.0,1.0229860433506623
base_v9,13,1099595530000.0,-54179373800000.0,42900000000.0,1280.0,2100000000.0,35833,55278969330000.0,1.0202954639907633
base_v9,14,1033312750000.0,-56091412400000.0,38900000000.0,1110.0,1880000000.0,37020,57124725150000.0,1.0184219420725444
base_v9,15,988274148000.0,-57506632100000.0,36200000000.0,990.0,1740000000.0,38076,58494906248000.0,1.017185394308633
base_v9,16,924207725000.0,-59277448500000.0,32400000000.0,853.0,1550000000.0,39264,60201656225000.0,1.0155912197367942
base_v9,17,867574744000.0,-60247162800000.0,29100000000.0,785.0,1400000000.0,40361,61114737544000.0,1.0144002589280436
base_v9,18,829333454000.0,-61458072500000.0,27000000000.0,704.0,1290000000.0,41548,62287405954000.0,1.0134942965222347
base_v9,19,778874567000.0,-63163659000000.0,24200000000.0,592.0,1150000000.0,42733,63942533567000.0,1.0123310552195843
base_v9,20,714297104000.0,-64346730900000.0,20700000000.0,520.0,989000000.0,43920,65061028004000.0,1.0111007520352522
base_v9,21,668820976000.0,-65168555100000.0,18300000000.0,471.0,879000000.0,45062,65837376076000.0,1.0102629400785963
base_v9,22,634172459000.0,-65827299300000.0,16500000000.0,435.0,798000000.0,46205,66461471759000.0,1.00963388238229
base_v9,23,611830721000.0,-66428201200000.0,15400000000.0,403.0,744000000.0,47392,67040031921000.0,1.0092104062724492
base_v9,24,578068012000.0,-67087387800000.0,13800000000.0,370.0,669000000.0,48538,67665455812000.0,1.0086166421283733
base_v9,25,544166889000.0,-67793855600000.0,12200000000.0,336.0,595000000.0,49724,68338022489000.0,1.0080267877403333
base_v9,26,514037222000.0,-68567109700000.0,10800000000.0,293.0,528000000.0,50910,69081146922000.0,1.007496848332226
base_v9,27,480719680000.0,-68829518000000.0,9310000000.0,278.0,464000000.0,52008,69310237680000.0,1.006984208141629
base_v9,28,459836897000.0,-69095593900000.0,8410000000.0,263.0,422000000.0,53193,69555430797000.0,1.0066550827780063
base_v9,29,449852179000.0,-69316248000000.0,7970000000.0,244.0,399000000.0,54298,69766100179000.0,1.0064898518309877
base_v9,30,434483992000.0,-69507584300000.0,7310000000.0,231.0,369000000.0,55395,69942068292000.0,1.0062508860921526
base_v9,31,421280221000.0,-69663780800000.0,6760000000.0,214.0,341000000.0,56545,70085061021000.0,1.0060473350163044
base_v9,32,413483268000.0,-69886946000000.0,6450000000.0,189.0,320000000.0,57688,70300429268000.0,1.005916459248341
base_v9,33,405701162000.0,-69959804100000.0,6150000000.0,181.0,306000000.0,58872,70365505262000.0,1.0057990608638654
base_v9,34,391084244000.0,-70029972700000.0,5580000000.0,174.0,280000000.0,60054,70421056944000.0,1.0055845265808594
base_v9,35,371717931000.0,-70261473700000.0,4890000000.0,163.0,249000000.0,61239,70633191631000.0,1.0052904943694627
base_v9,36,349512488000.0,-70738269600000.0,4110000000.0,134.0,209000000.0,62424,71087782088000.0,1.0049409250463204
base_v9,37,317232183000.0,-71065086500000.0,3030000000.0,96.7,154000000.0,63624,71382318683000.0,1.0044639667468778
base_v9,38,280820130000.0,-70782977300000.0,1840000000.0,70.8,97900000.0,64849,71063797430000.0,1.0039673398988262
base_v9,39,264286993000.0,-67595999000000.0,1240000000.0,32.8,62900000.0,66034,67860285993000.0,1.0039098023094533
base_v9,40,246465497000.0,-60550924800000.0,518000000.0,18.4,28500000.0,67210,60797390297000.0,1.0040703836946185
base_v9,41,243113800000.0,-52608393000000.0,223000000.0,10.9,13500000.0,68372,52851506800000.0,1.0046211979902142
base_v9,42,242847325000.0,-33242429700000.0,112000000.0,4.43,6630000.0,69515,33485277025000.0,1.0073053422145013
base_v9,43,244710155000.0,-15781848900000.0,61300000.0,1.54,3400000.0,70613,16026559055000.0,1.0155057976128512
base_v9,44,246341775000.0,-8765522030000.0,47000000.0,0.91,2520000.0,71649,9011863805000.0,1.0281034916296936
base_v9,45,242864883000.0,-8000890020000.0,22400000.0,0.808,1380000.0,72684,8243754903000.0,1.0303547333350296
base_v9,46,236384813000.0,-6778359350000.0,12600000.0,0.513,813000.0,73717,7014744163000.0,1.0348734554770986
base_v9,47,231197576000.0,-5699804070000.0,9510000.0,0.34,595000.0,74746,5931001646000.0,1.040562372523798
base_v9,48,229232681000.0,-4883712950000.0,8840000.0,0.244,517000.0,75771,5112945631000.0,1.0469381970944873
base_v9,49,224348861000.0,-4381339580000.0,7710000.0,0.194,441000.0,76794,4605688441000.0,1.051205540429715
base_v9,50,218526758000.0,-3948743650000.0,6700000.0,0.153,375000.0,77819,4167270408000.0,1.0553408317605018
base_v9,51,212333442000.0,-3589920070000.0,5840000.0,0.123,322000.0,78844,3802253512000.0,1.0591471224594702
base_v9,52,208111201000.0,-3286317840000.0,5380000.0,0.102,289000.0,79867,3494429041000.0,1.0633265591255165
base_v9,53,202306820000.0,-3043191280000.0,4840000.0,0.0864,257000.0,80894,3245498100000.0,1.066478509362711
base_v9,54,194178945000.0,-2687278230000.0,4250000.0,0.0679,220000.0,81918,2881457175000.0,1.0722585934095852
base_v9,55,177570726000.0,-2414972200000.0,3220000.0,0.0543,171000.0,82930,2592542926000.0,1.0735290973535845
base_v9,56,164290905000.0,-2050199200000.0,2660000.0,0.0392,137000.0,83985,2214490105000.0,1.0801341181871498
base_v9,57,155006604000.0,-1661158510000.0,2350000.0,0.0257,113000.0,85084,1816165114000.0,1.0933123498250628
base_v9,58,134141620000.0,-1323683370000.0,1760000.0,0.0164,82300.0,86224,1457824990000.0,1.1013396579878465
base_v9,59,113217791000.0,-996991108000.0,1300000.0,0.00903,58200.0,87411,1110208899000.0,1.1135594792085146
base_v9,60,92600333900.0,-782745395000.0,935000.0,0.00575,41200.0,88599,875345728900.0,1.1183019849002114
base_v9,61,72873330000.0,-564152660000.0,634000.0,0.00312,27000.0,89742,637025990000.0,1.1291730681549919
base_v9,62,61641298200.0,-505307097000.0,498000.0,0.00258,21800.0,90844,566948395200.0,1.1219877942858183
base_v9,63,55214838800.0,-401959369000.0,422000.0,0.00172,17500.0,91897,457174207800.0,1.1373642289701176
base_v9,64,46089632400.0,-350073645000.0,322000.0,0.00136,13700.0,92909,396163277400.0,1.1316569614944878
base_v9,65,37827744200.0,-294985198000.0,244000.0,0.001,10500.0,93921,332812942200.0,1.1282360757640457
base_v9,66,31106558300.0,-236423493000.0,186000.0,0.000664,7960.0,94967,267530051300.0,1.1315713506525344
base_v9,67,26302093000.0,-209614680000.0,148000.0,0.000531,6530.0,96051,235916773000.0,1.1254782966536505
base_v9,68,22195958600.0,-184118228000.0,118000.0,0.000409,5360.0,97121,206314186600.0,1.1205527493996954
base_v9,69,16427009700.0,-155478296000.0,78300.0,0.000283,3940.0,98264,171905305700.0,1.105654680573551
base_v9,70,13405003600.0,-135599303000.0,59500.0,0.000204,3180.0,99401,149004306600.0,1.098857466841109
base_v9,71,10242119800.0,-109700484000.0,40800.0,0.000107,2360.0,100541,119942603800.0,1.0933643993767612
base_v9,72,8066616320.0,-94916237300.0,29500.0,5.62e-05,1890.0,101686,102982853620.0,1.0849866845701437
base_v9,73,6330711400.0,-76131502800.0,21000.0,5.13e-06,1440.0,102827,82462214200.0,1.0831549511984675
base_v9,74,4736940110.0,-62490382000.0,14100.0,6.93e-07,1100.0,103935,67227322110.0,1.0758027068869573
base_v9,75,3898287210.0,-52123120000.0,10900.0,5.68e-07,892.0,105039,56021407210.0,1.0747899820655402
base_v9,76,3021473620.0,-41073584900.0,7590.0,4.37e-07,677.0,106105,44095058520.0,1.0735624520566258
base_v9,77,2668149670.0,-34463736000.0,6480.0,6.55e-07,565.0,107211,37131885670.0,1.0774190491129574
base_v9,78,2027267350.0,-28289547700.0,4560.0,2.93e-07,447.0,108354,30316815050.0,1.0716613560421115
base_v9,79,1823091180.0,-24984681100.0,3990.0,3.83e-07,392.0,109422,26807772280.0,1.0729683589997874
base_v9,80,1446115870.0,-21101800900.0,2960.0,8.41e-07,323.0,110563,22547916770.0,1.0685304480339402
base_v9,81,1239982200.0,-18264090500.0,2420.0,2.3e-07,276.0,111641,19504072700.0,1.0678918120779133
base_v9,82,1199541110.0,-15506560400.0,2320.0,6.48e-07,237.0,112673,16706101510.0,1.0773570075540415
base_v9,83,1010328460.0,-14089186500.0,1840.0,1.56e-07,212.0,113829,15099514960.0,1.0717094957895545
base_v9,84,908338112.0,-11636034200.0,1600.0,1.19e-07,175.0,114969,12544372312.0,1.0780625165230264
base_v9,85,781061079.0,-10694331100.0,1300.0,1.93e-07,158.0,116112,11475392179.0,1.0730350567694693
base_v9,86,750924063.0,-9761224550.0,1230.0,1.58e-07,145.0,117146,10512148613.0,1.0769292888564888
base_v9,87,680009553.0,-8947667990.0,1070.0,2.68e-07,132.0,118261,9627677543.0,1.0759985231637992
base_v9,88,653533335.0,-8239935060.0,1010.0,1.87e-07,122.0,119292,8893468395.0,1.0793129230074296
base_v9,89,620439900.0,-7478695220.0,934.0,9.62e-08,111.0,120326,8099135120.0,1.0829609820628578
base_v9,90,593531767.0,-7050367700.0,875.0,7.76e-08,104.0,121360,7643899467.0,1.084184512390751
base_v9,91,572778137.0,-6544699360.0,830.0,8.32e-08,97.1,122465,7117477497.0,1.0875178683532378
base_v9,92,552785662.0,-6075154840.0,788.0,1.07e-07,90.3,123498,6627940502.0,1.0909912054192186
base_v9,93,516597080.0,-5618057920.0,711.0,1.37e-07,83.3,124640,6134655000.0,1.091952964415148
base_v9,94,479439754.0,-5280042480.0,633.0,1.37e-07,78.0,125780,5759482234.0,1.0908022531667207
base_v9,95,468760099.0,-4927124890.0,612.0,2.19e-07,73.0,126819,5395884989.0,1.0951386679788424
base_v9,96,428664107.0,-4652236000.0,530.0,7.2e-08,68.5,127960,5080900107.0,1.0921415222701514
base_v9,97,421213054.0,-4429599000.0,516.0,2.06e-07,65.3,128993,4850812054.0,1.0950905610191803
