intra_edge_id,province_code,from_load_center_id,to_load_center_id,distance_km,technology,reference_capacity_gw,unit_cost_yuan_per_kw,initial_capacity_gw,candidate_method,distance_validity,initial_capacity_method
INTRA_13_LC_156130100_LC_156130400,13,LC_156130100,LC_156130400,168.5720990125229,AC_500kV,2.6345412037165,327.92138212348476,4.154344164797831,within_province_mst_plus_3_nearest_neighbours_geodesic,within_AC500_source_range,2025_simultaneous_wind_solar_hydro_nameplate_spatial_balance_proxy; thermal_nuclear_biomass_allocated_by_city_demand_share
INTRA_13_LC_156130100_LC_156130500,13,LC_156130100,LC_156130500,101.0441617338075,AC_500kV,2.983539153110427,248.40944740046405,2.836499923724557,within_province_mst_plus_3_nearest_neighbours_geodesic,within_AC500_source_range,2025_simultaneous_wind_solar_hydro_nameplate_spatial_balance_proxy; thermal_nuclear_biomass_allocated_by_city_demand_share
INTRA_13_LC_156130100_LC_156130600,13,LC_156130100,LC_156130600,120.8794168952725,AC_500kV,2.874452906396377,270.0199648404028,11.28589569957113,within_province_mst_plus_3_nearest_neighbours_geodesic,within_AC500_source_range,2025_simultaneous_wind_solar_hydro_nameplate_spatial_balance_proxy; thermal_nuclear_biomass_allocated_by_city_demand_share
INTRA_13_LC_156130100_LC_156131100,13,LC_156130100,LC_156131100,111.02315427805497,AC_500kV,2.9279397961240394,259.10490232144383,0.0,within_province_mst_plus_3_nearest_neighbours_geodesic,within_AC500_source_range,2025_simultaneous_wind_solar_hydro_nameplate_spatial_balance_proxy; thermal_nuclear_biomass_allocated_by_city_demand_share
INTRA_13_LC_156130200_LC_156130300,13,LC_156130200,LC_156130300,103.31927994728392,AC_500kV,2.97073292686385,250.81670172847902,0.0,within_province_mst_plus_3_nearest_neighbours_geodesic,within_AC500_source_range,2025_simultaneous_wind_solar_hydro_nameplate_spatial_balance_proxy; thermal_nuclear_biomass_allocated_by_city_demand_share
INTRA_13_LC_156130200_LC_156130800,13,LC_156130200,LC_156130800,154.90023841851252,AC_500kV,2.7002352136098184,310.44481760838335,0.0,within_province_mst_plus_3_nearest_neighbours_geodesic,within_AC500_source_range,2025_simultaneous_wind_solar_hydro_nameplate_spatial_balance_proxy; thermal_nuclear_biomass_allocated_by_city_demand_share
INTRA_13_LC_156130200_LC_156131000,13,LC_156130200,LC_156131000,137.37314368537724,AC_500kV,2.7880220836981624,289.0797082813419,5.372807290824332,within_province_mst_plus_3_nearest_neighbours_geodesic,within_AC500_source_range,2025_simultaneous_wind_solar_hydro_nameplate_spatial_balance_proxy; thermal_nuclear_biomass_allocated_by_city_demand_share
INTRA_13_LC_156130300_LC_156130800,13,LC_156130300,LC_156130800,178.8028560325521,AC_500kV,2.586920008116695,341.47164135144146,13.867159608384432,within_province_mst_plus_3_nearest_neighbours_geodesic,within_AC500_source_range,2025_simultaneous_wind_solar_hydro_nameplate_spatial_balance_proxy; thermal_nuclear_biomass_allocated_by_city_demand_share
INTRA_13_LC_156130300_LC_156131000,13,LC_156130300,LC_156131000,240.3943611980238,AC_500kV,2.326044442464037,431.8413533193251,0.0,within_province_mst_plus_3_nearest_neighbours_geodesic,within_AC500_source_range,2025_simultaneous_wind_solar_hydro_nameplate_spatial_balance_proxy; thermal_nuclear_biomass_allocated_by_city_demand_share
INTRA_13_LC_156130400_LC_156130500,13,LC_156130400,LC_156130500,72.09993866875699,AC_500kV,2.9894425249184033,222.67201794278145,0.0,within_province_mst_plus_3_nearest_neighbours_geodesic,within_AC500_source_range,2025_simultaneous_wind_solar_hydro_nameplate_spatial_balance_proxy; thermal_nuclear_biomass_allocated_by_city_demand_share
INTRA_13_LC_156130400_LC_156131100,13,LC_156130400,LC_156131100,170.79424057119587,AC_500kV,2.6240874184424436,330.8299443604634,1.2880203618026957,within_province_mst_plus_3_nearest_neighbours_geodesic,within_AC500_source_range,2025_simultaneous_wind_solar_hydro_nameplate_spatial_balance_proxy; thermal_nuclear_biomass_allocated_by_city_demand_share
INTRA_13_LC_156130500_LC_156131100,13,LC_156130500,LC_156131100,107.78981223367207,AC_500kV,2.945793575167353,255.60049050814018,0.0,within_province_mst_plus_3_nearest_neighbours_geodesic,within_AC500_source_range,2025_simultaneous_wind_solar_hydro_nameplate_spatial_balance_proxy; thermal_nuclear_biomass_allocated_by_city_demand_share
INTRA_13_LC_156130600_LC_156130700,13,LC_156130600,LC_156130700,198.3832956805961,AC_500kV,2.4993116758453886,368.5504556948153,13.623635034189018,within_province_mst_plus_3_nearest_neighbours_geodesic,within_AC500_source_range,2025_simultaneous_wind_solar_hydro_nameplate_spatial_balance_proxy; thermal_nuclear_biomass_allocated_by_city_demand_share
INTRA_13_LC_156130600_LC_156130900,13,LC_156130600,LC_156130900,125.61928872213463,AC_500kV,2.849225759044339,275.39475081036375,0.0,within_province_mst_plus_3_nearest_neighbours_geodesic,within_AC500_source_range,2025_simultaneous_wind_solar_hydro_nameplate_spatial_balance_proxy; thermal_nuclear_biomass_allocated_by_city_demand_share
INTRA_13_LC_156130600_LC_156131000,13,LC_156130600,LC_156131000,124.35219235296131,AC_500kV,2.855938567495258,273.94987726565057,0.0,within_province_mst_plus_3_nearest_neighbours_geodesic,within_AC500_source_range,2025_simultaneous_wind_solar_hydro_nameplate_spatial_balance_proxy; thermal_nuclear_biomass_allocated_by_city_demand_share
INTRA_13_LC_156130700_LC_156130800,13,LC_156130700,LC_156130800,246.09153761235282,AC_500kV,2.3040021513974227,440.9796235444341,4.955767456346754,within_province_mst_plus_3_nearest_neighbours_geodesic,within_AC500_source_range,2025_simultaneous_wind_solar_hydro_nameplate_spatial_balance_proxy; thermal_nuclear_biomass_allocated_by_city_demand_share
INTRA_13_LC_156130700_LC_156131000,13,LC_156130700,LC_156131000,199.83384748491173,AC_500kV,2.4930010898012416,370.6169782349464,10.405456002071585,within_province_mst_plus_3_nearest_neighbours_geodesic,within_AC500_source_range,2025_simultaneous_wind_solar_hydro_nameplate_spatial_balance_proxy; thermal_nuclear_biomass_allocated_by_city_demand_share
INTRA_13_LC_156130800_LC_156131000,13,LC_156130800,LC_156131000,205.35808327331912,AC_500kV,2.4691895833444897,378.5640802547177,0.0,within_province_mst_plus_3_nearest_neighbours_geodesic,within_AC500_source_range,2025_simultaneous_wind_solar_hydro_nameplate_spatial_balance_proxy; thermal_nuclear_biomass_allocated_by_city_demand_share
INTRA_13_LC_156130900_LC_156131000,13,LC_156130900,LC_156131000,126.76424641541651,AC_500kV,2.8431794279961586,276.7054136089338,0.0,within_province_mst_plus_3_nearest_neighbours_geodesic,within_AC500_source_range,2025_simultaneous_wind_solar_hydro_nameplate_spatial_balance_proxy; thermal_nuclear_biomass_allocated_by_city_demand_share
INTRA_13_LC_156130900_LC_156131100,13,LC_156130900,LC_156131100,99.17847452605243,AC_500kV,2.9894425249184033,246.58528406761226,2.1378314374643814,within_province_mst_plus_3_nearest_neighbours_geodesic,within_AC500_source_range,2025_simultaneous_wind_solar_hydro_nameplate_spatial_balance_proxy; thermal_nuclear_biomass_allocated_by_city_demand_share
INTRA_14_LC_156140100_LC_156140300,14,LC_156140100,LC_156140300,92.76031290568642,AC_500kV,2.9894425249184033,240.91735550349688,0.0,within_province_mst_plus_3_nearest_neighbours_geodesic,within_AC500_source_range,2025_simultaneous_wind_solar_hydro_nameplate_spatial_balance_proxy; thermal_nuclear_biomass_allocated_by_city_demand_share
INTRA_14_LC_156140100_LC_156140600,14,LC_156140100,LC_156140600,189.31770408045818,AC_500kV,2.53930726543262,355.8248370632923,0.0,within_province_mst_plus_3_nearest_neighbours_geodesic,within_AC500_source_range,2025_simultaneous_wind_solar_hydro_nameplate_spatial_balance_proxy; thermal_nuclear_biomass_allocated_by_city_demand_share
INTRA_14_LC_156140100_LC_156140700,14,LC_156140100,LC_156140700,54.94646968185596,AC_500kV,2.9894425249184033,207.52365574884539,0.0,within_province_mst_plus_3_nearest_neighbours_geodesic,within_AC500_source_range,2025_simultaneous_wind_solar_hydro_nameplate_spatial_balance_proxy; thermal_nuclear_biomass_allocated_by_city_demand_share
INTRA_14_LC_156140100_LC_156140900,14,LC_156140100,LC_156140900,104.12224098178505,AC_500kV,2.9662316614914626,251.6706837367172,0.0,within_province_mst_plus_3_nearest_neighbours_geodesic,within_AC500_source_range,2025_simultaneous_wind_solar_hydro_nameplate_spatial_balance_proxy; thermal_nuclear_biomass_allocated_by_city_demand_share
INTRA_14_LC_156140100_LC_156141100,14,LC_156140100,LC_156141100,103.61088311288714,AC_500kV,2.9690971372975374,251.12656870734472,0.0,within_province_mst_plus_3_nearest_neighbours_geodesic,within_AC500_source_range,2025_simultaneous_wind_solar_hydro_nameplate_spatial_balance_proxy; thermal_nuclear_biomass_allocated_by_city_demand_share
INTRA_14_LC_156140200_LC_156140300,14,LC_156140200,LC_156140300,235.39793046984423,AC_500kV,2.345652188189217,423.937205767123,0.0,within_province_mst_plus_3_nearest_neighbours_geodesic,within_AC500_source_range,2025_simultaneous_wind_solar_hydro_nameplate_spatial_balance_proxy; thermal_nuclear_biomass_allocated_by_city_demand_share
INTRA_14_LC_156140200_LC_156140600,14,LC_156140200,LC_156140600,78.46100083735956,AC_500kV,2.9894425249184033,228.2895215358867,7.260122993703291,within_province_mst_plus_3_nearest_neighbours_geodesic,within_AC500_source_range,2025_simultaneous_wind_solar_hydro_nameplate_spatial_balance_proxy; thermal_nuclear_biomass_allocated_by_city_demand_share
INTRA_14_LC_156140200_LC_156140900,14,LC_156140200,LC_156140900,157.76425477908634,AC_500kV,2.686275117157602,314.04652891156286,0.0,within_province_mst_plus_3_nearest_neighbours_geodesic,within_AC500_source_range,2025_simultaneous_wind_solar_hydro_nameplate_spatial_balance_proxy; thermal_nuclear_biomass_allocated_by_city_demand_share
INTRA_14_LC_156140300_LC_156140700,14,LC_156140300,LC_156140700,102.82029760551828,AC_500kV,2.9735349819848556,250.28716740281172,0.0,within_province_mst_plus_3_nearest_neighbours_geodesic,within_AC500_source_range,2025_simultaneous_wind_solar_hydro_nameplate_spatial_balance_proxy; thermal_nuclear_biomass_allocated_by_city_demand_share
INTRA_14_LC_156140300_LC_156140900,14,LC_156140300,LC_156140900,130.81050278319285,AC_500kV,2.8219586278173248,281.3759001792085,0.0,within_province_mst_plus_3_nearest_neighbours_geodesic,within_AC500_source_range,2025_simultaneous_wind_solar_hydro_nameplate_spatial_balance_proxy; thermal_nuclear_biomass_allocated_by_city_demand_share
INTRA_14_LC_156140400_LC_156140500,14,LC_156140400,LC_156140500,85.29593721837,AC_500kV,2.9894425249184033,234.32550714038,0.0,within_province_mst_plus_3_nearest_neighbours_geodesic,within_AC500_source_range,2025_simultaneous_wind_solar_hydro_nameplate_spatial_balance_proxy; thermal_nuclear_biomass_allocated_by_city_demand_share
INTRA_14_LC_156140400_LC_156140700,14,LC_156140400,LC_156140700,121.10869116147539,AC_500kV,2.873225305403774,270.2780623451191,0.0,within_province_mst_plus_3_nearest_neighbours_geodesic,within_AC500_source_range,2025_simultaneous_wind_solar_hydro_nameplate_spatial_balance_proxy; thermal_nuclear_biomass_allocated_by_city_demand_share
INTRA_14_LC_156140400_LC_156140800,14,LC_156140400,LC_156140800,225.1948826276174,AC_500kV,2.3865104637575474,408.11455414314435,0.0,within_province_mst_plus_3_nearest_neighbours_geodesic,within_AC500_source_range,2025_simultaneous_wind_solar_hydro_nameplate_spatial_balance_proxy; thermal_nuclear_biomass_allocated_by_city_demand_share
INTRA_14_LC_156140400_LC_156141000,14,LC_156140400,LC_156141000,140.43671741586328,AC_500kV,2.772381341801282,292.7308574357206,0.0,within_province_mst_plus_3_nearest_neighbours_geodesic,within_AC500_source_range,2025_simultaneous_wind_solar_hydro_nameplate_spatial_balance_proxy; thermal_nuclear_biomass_allocated_by_city_demand_share
INTRA_14_LC_156140500_LC_156140800,14,LC_156140500,LC_156140800,172.2515118540208,AC_500kV,2.6172653138866244,332.74776217063095,0.0,within_province_mst_plus_3_nearest_neighbours_geodesic,within_AC500_source_range,2025_simultaneous_wind_solar_hydro_nameplate_spatial_balance_proxy; thermal_nuclear_biomass_allocated_by_city_demand_share
INTRA_14_LC_156140500_LC_156141000,14,LC_156140500,LC_156141000,132.70339633127077,AC_500kV,2.812109331433736,283.581559613807,0.0,within_province_mst_plus_3_nearest_neighbours_geodesic,within_AC500_source_range,2025_simultaneous_wind_solar_hydro_nameplate_spatial_balance_proxy; thermal_nuclear_biomass_allocated_by_city_demand_share
INTRA_14_LC_156140600_LC_156140900,14,LC_156140600,LC_156140900,86.00587062542779,AC_500kV,2.9894425249184033,234.95245486692434,0.0,within_province_mst_plus_3_nearest_neighbours_geodesic,within_AC500_source_range,2025_simultaneous_wind_solar_hydro_nameplate_spatial_balance_proxy; thermal_nuclear_biomass_allocated_by_city_demand_share
INTRA_14_LC_156140700_LC_156141100,14,LC_156140700,LC_156141100,108.52941599000076,AC_500kV,2.9416961070849608,256.3987957231664,0.0,within_province_mst_plus_3_nearest_neighbours_geodesic,within_AC500_source_range,2025_simultaneous_wind_solar_hydro_nameplate_spatial_balance_proxy; thermal_nuclear_biomass_allocated_by_city_demand_share
INTRA_14_LC_156140800_LC_156141000,14,LC_156140800,LC_156141000,113.31158731136206,AC_500kV,2.915395993252142,261.6078759778703,0.0,within_province_mst_plus_3_nearest_neighbours_geodesic,within_AC500_source_range,2025_simultaneous_wind_solar_hydro_nameplate_spatial_balance_proxy; thermal_nuclear_biomass_allocated_by_city_demand_share
INTRA_14_LC_156141000_LC_156141100,14,LC_156141000,LC_156141100,152.52921169262405,AC_500kV,2.711873000139212,307.4867170578624,0.0,within_province_mst_plus_3_nearest_neighbours_geodesic,within_AC500_source_range,2025_simultaneous_wind_solar_hydro_nameplate_spatial_balance_proxy; thermal_nuclear_biomass_allocated_by_city_demand_share
INTRA_15_LC_156150100_LC_156150200,15,LC_156150100,LC_156150200,149.33148015929115,AC_500kV,2.727685133485526,303.53101744803,0.0,within_province_mst_plus_3_nearest_neighbours_geodesic,within_AC500_source_range,2025_simultaneous_wind_solar_hydro_nameplate_spatial_balance_proxy; thermal_nuclear_biomass_allocated_by_city_demand_share
INTRA_15_LC_156150100_LC_156150600,15,LC_156150100,LC_156150600,221.18618922423192,AC_500kV,2.4028689772408236,402.01430709821375,0.0,within_province_mst_plus_3_nearest_neighbours_geodesic,within_AC500_source_range,2025_simultaneous_wind_solar_hydro_nameplate_spatial_balance_proxy; thermal_nuclear_biomass_allocated_by_city_demand_share
INTRA_15_LC_156150100_LC_156150900,15,LC_156150100,LC_156150900,122.68910507275994,AC_500kV,2.8647836302663223,272.06237370602935,0.0,within_province_mst_plus_3_nearest_neighbours_geodesic,within_AC500_source_range,2025_simultaneous_wind_solar_hydro_nameplate_spatial_balance_proxy; thermal_nuclear_biomass_allocated_by_city_demand_share
INTRA_15_LC_156150100_LC_156152500,15,LC_156150100,LC_156152500,448.13118253731744,AC_500kV,1.7037384118734284,853.394346957066,0.0,within_province_mst_plus_3_nearest_neighbours_geodesic,within_AC500_source_range,2025_simultaneous_wind_solar_hydro_nameplate_spatial_balance_proxy; thermal_nuclear_biomass_allocated_by_city_demand_share
INTRA_15_LC_156150200_LC_156150600,15,LC_156150200,LC_156150600,119.74220233455371,AC_500kV,2.8805529528436478,268.7426151639228,6.409036240986557,within_province_mst_plus_3_nearest_neighbours_geodesic,within_AC500_source_range,2025_simultaneous_wind_solar_hydro_nameplate_spatial_balance_proxy; thermal_nuclear_biomass_allocated_by_city_demand_share
INTRA_15_LC_156150200_LC_156150800,15,LC_156150200,LC_156150800,193.79872816891074,AC_500kV,2.519417428557752,362.07418555043006,0.0,within_province_mst_plus_3_nearest_neighbours_geodesic,within_AC500_source_range,2025_simultaneous_wind_solar_hydro_nameplate_spatial_balance_proxy; thermal_nuclear_biomass_allocated_by_city_demand_share
INTRA_15_LC_156150200_LC_156150900,15,LC_156150200,LC_156150900,269.3257719575281,AC_500kV,2.217486862088016,479.64227758191447,0.0,within_province_mst_plus_3_nearest_neighbours_geodesic,within_AC500_source_range,2025_simultaneous_wind_solar_hydro_nameplate_spatial_balance_proxy; thermal_nuclear_biomass_allocated_by_city_demand_share
INTRA_15_LC_156150300_LC_156150600,15,LC_156150300,LC_156150600,236.884101197651,AC_500kV,2.3397927025419305,426.27753551944915,0.0,within_province_mst_plus_3_nearest_neighbours_geodesic,within_AC500_source_range,2025_simultaneous_wind_solar_hydro_nameplate_spatial_balance_proxy; thermal_nuclear_biomass_allocated_by_city_demand_share
INTRA_15_LC_156150300_LC_156150800,15,LC_156150300,LC_156150800,172.8180391339319,AC_500kV,2.6146202842050017,333.49555718271495,0.0,within_province_mst_plus_3_nearest_neighbours_geodesic,within_AC500_source_range,2025_simultaneous_wind_solar_hydro_nameplate_spatial_balance_proxy; thermal_nuclear_biomass_allocated_by_city_demand_share
INTRA_15_LC_156150300_LC_156152900,15,LC_156150300,LC_156152900,243.01539773710977,AC_500kV,2.3158622283009977,436.0288500696531,0.0,within_province_mst_plus_3_nearest_neighbours_geodesic,within_AC500_source_range,2025_simultaneous_wind_solar_hydro_nameplate_spatial_balance_proxy; thermal_nuclear_biomass_allocated_by_city_demand_share
INTRA_15_LC_156150400_LC_156150500,15,LC_156150400,LC_156150500,255.1654957497945,AC_500kV,2.2695770500463186,455.8116498912031,0.0,within_province_mst_plus_3_nearest_neighbours_geodesic,within_AC500_source_range,2025_simultaneous_wind_solar_hydro_nameplate_spatial_balance_proxy; thermal_nuclear_biomass_allocated_by_city_demand_share
INTRA_15_LC_156150400_LC_156152200,15,LC_156150400,LC_156152200,451.2653547419587,AC_500kV,1.6967333728954326,861.1377404074858,0.0,within_province_mst_plus_3_nearest_neighbours_geodesic,within_AC500_source_range,2025_simultaneous_wind_solar_hydro_nameplate_spatial_balance_proxy; thermal_nuclear_biomass_allocated_by_city_demand_share
INTRA_15_LC_156150400_LC_156152500,15,LC_156150400,LC_156152500,296.80469118207145,AC_500kV,2.1218284502115683,528.2873401912107,0.0,within_province_mst_plus_3_nearest_neighbours_geodesic,within_AC500_source_range,2025_simultaneous_wind_solar_hydro_nameplate_spatial_balance_proxy; thermal_nuclear_biomass_allocated_by_city_demand_share
INTRA_15_LC_156150500_LC_156150700,15,LC_156150500,LC_156150700,606.6815259427981,AC_500kV,1.4133591171769173,1292.214629618087,0.0,within_province_mst_plus_3_nearest_neighbours_geodesic,within_AC500_source_range,2025_simultaneous_wind_solar_hydro_nameplate_spatial_balance_proxy; thermal_nuclear_biomass_allocated_by_city_demand_share
INTRA_15_LC_156150500_LC_156152200,15,LC_156150500,LC_156152200,251.5866922388468,AC_500kV,2.2830553761594032,449.9210501183138,0.0,within_province_mst_plus_3_nearest_neighbours_geodesic,within_AC500_source_range,2025_simultaneous_wind_solar_hydro_nameplate_spatial_balance_proxy; thermal_nuclear_biomass_allocated_by_city_demand_share
INTRA_15_LC_156150500_LC_156152500,15,LC_156150500,LC_156152500,486.78340083951116,AC_500kV,1.6212955597958274,951.6427544020077,0.0,within_province_mst_plus_3_nearest_neighbours_geodesic,within_AC500_source_range,2025_simultaneous_wind_solar_hydro_nameplate_spatial_balance_proxy; thermal_nuclear_biomass_allocated_by_city_demand_share
INTRA_15_LC_156150600_LC_156150800,15,LC_156150600,LC_156150800,218.40574721740182,AC_500kV,2.414318095440813,397.8215429204515,0.0,within_province_mst_plus_3_nearest_neighbours_geodesic,within_AC500_source_range,2025_simultaneous_wind_solar_hydro_nameplate_spatial_balance_proxy; thermal_nuclear_biomass_allocated_by_city_demand_share
INTRA_15_LC_156150600_LC_156150900,15,LC_156150600,LC_156150900,341.40644552534997,AC_500kV,1.9806941097378208,614.0490718156517,0.0,within_province_mst_plus_3_nearest_neighbours_geodesic,within_AC500_source_range,2025_simultaneous_wind_solar_hydro_nameplate_spatial_balance_proxy; thermal_nuclear_biomass_allocated_by_city_demand_share
INTRA_15_LC_156150600_LC_156152900,15,LC_156150600,LC_156152900,477.047605949045,AC_500kV,1.641270357467163,926.3359078080322,0.0,within_province_mst_plus_3_nearest_neighbours_geodesic,within_AC500_source_range,2025_simultaneous_wind_solar_hydro_nameplate_spatial_balance_proxy; thermal_nuclear_biomass_allocated_by_city_demand_share
INTRA_15_LC_156150700_LC_156152200,15,LC_156150700,LC_156152200,361.8587497538369,AC_500kV,1.921363742995934,656.2026264326937,0.0,within_province_mst_plus_3_nearest_neighbours_geodesic,within_AC500_source_range,2025_simultaneous_wind_solar_hydro_nameplate_spatial_balance_proxy; thermal_nuclear_biomass_allocated_by_city_demand_share
INTRA_15_LC_156150700_LC_156152500,15,LC_156150700,LC_156152500,744.2443486208712,AC_500kV,1.2436875827706448,1738.8220610854487,0.0,within_province_mst_plus_3_nearest_neighbours_geodesic,within_AC500_source_range,2025_simultaneous_wind_solar_hydro_nameplate_spatial_balance_proxy; thermal_nuclear_biomass_allocated_by_city_demand_share
INTRA_15_LC_156150800_LC_156152900,15,LC_156150800,LC_156152900,333.42109944913227,AC_500kV,2.0047485727354624,598.0733653670297,0.0,within_province_mst_plus_3_nearest_neighbours_geodesic,within_AC500_source_range,2025_simultaneous_wind_solar_hydro_nameplate_spatial_balance_proxy; thermal_nuclear_biomass_allocated_by_city_demand_share
INTRA_15_LC_156150900_LC_156152500,15,LC_156150900,LC_156152500,343.0813946166243,AC_500kV,1.97571306528233,617.4344243623547,0.0,within_province_mst_plus_3_nearest_neighbours_geodesic,within_AC500_source_range,2025_simultaneous_wind_solar_hydro_nameplate_spatial_balance_proxy; thermal_nuclear_biomass_allocated_by_city_demand_share
INTRA_21_LC_156210100_LC_156210400,21,LC_156210100,LC_156210400,58.84774540328577,AC_500kV,2.9894425249184033,210.96890275350415,0.0,within_province_mst_plus_3_nearest_neighbours_geodesic,within_AC500_source_range,2025_simultaneous_wind_solar_hydro_nameplate_spatial_balance_proxy; thermal_nuclear_biomass_allocated_by_city_demand_share
INTRA_21_LC_156210100_LC_156210500,21,LC_156210100,LC_156210500,79.60037356946971,AC_500kV,2.9894425249184033,229.29571047837288,0.0,within_province_mst_plus_3_nearest_neighbours_geodesic,within_AC500_source_range,2025_simultaneous_wind_solar_hydro_nameplate_spatial_balance_proxy; thermal_nuclear_biomass_allocated_by_city_demand_share
INTRA_21_LC_156210100_LC_156210900,21,LC_156210100,LC_156210900,135.38697202136424,AC_500kV,2.7982305264886946,286.7312940277673,5.747303144141563,within_province_mst_plus_3_nearest_neighbours_geodesic,within_AC500_source_range,2025_simultaneous_wind_solar_hydro_nameplate_spatial_balance_proxy; thermal_nuclear_biomass_allocated_by_city_demand_share
INTRA_21_LC_156210100_LC_156211000,21,LC_156210100,LC_156211000,64.32318477608011,AC_500kV,2.9894425249184033,215.80430595115274,1.3970975466172542,within_province_mst_plus_3_nearest_neighbours_geodesic,within_AC500_source_range,2025_simultaneous_wind_solar_hydro_nameplate_spatial_balance_proxy; thermal_nuclear_biomass_allocated_by_city_demand_share
INTRA_21_LC_156210100_LC_156211200,21,LC_156210100,LC_156211200,90.93842541930337,AC_500kV,2.9894425249184033,239.3084324605016,1.1620730945002817,within_province_mst_plus_3_nearest_neighbours_geodesic,within_AC500_source_range,2025_simultaneous_wind_solar_hydro_nameplate_spatial_balance_proxy; thermal_nuclear_biomass_allocated_by_city_demand_share
INTRA_21_LC_156210200_LC_156210800,21,LC_156210200,LC_156210800,158.7837131329555,AC_500kV,2.6813315527540897,315.33613166579073,0.0,within_province_mst_plus_3_nearest_neighbours_geodesic,within_AC500_source_range,2025_simultaneous_wind_solar_hydro_nameplate_spatial_balance_proxy; thermal_nuclear_biomass_allocated_by_city_demand_share
INTRA_21_LC_156210200_LC_156211100,21,LC_156210200,LC_156211100,214.984605512667,AC_500kV,2.4285220390443705,392.7056651858827,0.0,within_province_mst_plus_3_nearest_neighbours_geodesic,within_AC500_source_range,2025_simultaneous_wind_solar_hydro_nameplate_spatial_balance_proxy; thermal_nuclear_biomass_allocated_by_city_demand_share
INTRA_21_LC_156210200_LC_156211400,21,LC_156210200,LC_156211400,204.0067454718698,AC_500kV,2.4749820905783317,376.60876981533477,0.48647232416810837,within_province_mst_plus_3_nearest_neighbours_geodesic,within_AC500_source_range,2025_simultaneous_wind_solar_hydro_nameplate_spatial_balance_proxy; thermal_nuclear_biomass_allocated_by_city_demand_share
INTRA_21_LC_156210300_LC_156210600,21,LC_156210300,LC_156210600,136.64634770663918,AC_500kV,2.79175138920864,288.2186544045335,0.38147623913909445,within_province_mst_plus_3_nearest_neighbours_geodesic,within_AC500_source_range,2025_simultaneous_wind_solar_hydro_nameplate_spatial_balance_proxy; thermal_nuclear_biomass_allocated_by_city_demand_share
INTRA_21_LC_156210300_LC_156210800,21,LC_156210300,LC_156210800,74.8496847572487,AC_500kV,2.9894425249184033,225.10034015105546,0.4450919286663215,within_province_mst_plus_3_nearest_neighbours_geodesic,within_AC500_source_range,2025_simultaneous_wind_solar_hydro_nameplate_spatial_balance_proxy; thermal_nuclear_biomass_allocated_by_city_demand_share
INTRA_21_LC_156210300_LC_156211000,21,LC_156210300,LC_156211000,38.26214391890987,AC_500kV,2.9894425249184033,192.7895975935109,0.0,within_province_mst_plus_3_nearest_neighbours_geodesic,within_AC500_source_range,2025_simultaneous_wind_solar_hydro_nameplate_spatial_balance_proxy; thermal_nuclear_biomass_allocated_by_city_demand_share
INTRA_21_LC_156210300_LC_156211100,21,LC_156210300,LC_156211100,85.66981922052192,AC_500kV,2.9894425249184033,234.6556852513333,0.709355801617896,within_province_mst_plus_3_nearest_neighbours_geodesic,within_AC500_source_range,2025_simultaneous_wind_solar_hydro_nameplate_spatial_balance_proxy; thermal_nuclear_biomass_allocated_by_city_demand_share
INTRA_21_LC_156210400_LC_156210500,21,LC_156210400,LC_156210500,65.46388713106283,AC_500kV,2.9894425249184033,216.81166909396364,0.0,within_province_mst_plus_3_nearest_neighbours_geodesic,within_AC500_source_range,2025_simultaneous_wind_solar_hydro_nameplate_spatial_balance_proxy; thermal_nuclear_biomass_allocated_by_city_demand_share
INTRA_21_LC_156210400_LC_156211200,21,LC_156210400,LC_156211200,69.59963855669383,AC_500kV,2.9894425249184033,220.46398342101827,1.836763436335791,within_province_mst_plus_3_nearest_neighbours_geodesic,within_AC500_source_range,2025_simultaneous_wind_solar_hydro_nameplate_spatial_balance_proxy; thermal_nuclear_biomass_allocated_by_city_demand_share
INTRA_21_LC_156210500_LC_156210600,21,LC_156210500,LC_156210600,120.75308851682841,AC_500kV,2.8751296249247056,269.8778369228398,0.7670423966536306,within_province_mst_plus_3_nearest_neighbours_geodesic,within_AC500_source_range,2025_simultaneous_wind_solar_hydro_nameplate_spatial_balance_proxy; thermal_nuclear_biomass_allocated_by_city_demand_share
INTRA_21_LC_156210500_LC_156211000,21,LC_156210500,LC_156211000,62.716409172429636,AC_500kV,2.9894425249184033,214.38534988885044,0.0,within_province_mst_plus_3_nearest_neighbours_geodesic,within_AC500_source_range,2025_simultaneous_wind_solar_hydro_nameplate_spatial_balance_proxy; thermal_nuclear_biomass_allocated_by_city_demand_share
INTRA_21_LC_156210500_LC_156211200,21,LC_156210500,LC_156211200,134.46220133151252,AC_500kV,2.8030020426046214,285.64286579874783,0.8682515547209875,within_province_mst_plus_3_nearest_neighbours_geodesic,within_AC500_source_range,2025_simultaneous_wind_solar_hydro_nameplate_spatial_balance_proxy; thermal_nuclear_biomass_allocated_by_city_demand_share
INTRA_21_LC_156210600_LC_156211000,21,LC_156210600,LC_156211000,142.06713452208524,AC_500kV,2.7641092033470214,294.6882841980894,0.0,within_province_mst_plus_3_nearest_neighbours_geodesic,within_AC500_source_range,2025_simultaneous_wind_solar_hydro_nameplate_spatial_balance_proxy; thermal_nuclear_biomass_allocated_by_city_demand_share
INTRA_21_LC_156210700_LC_156210900,21,LC_156210700,LC_156210900,99.05301923458997,AC_500kV,2.9894425249184033,246.4744935216492,0.0,within_province_mst_plus_3_nearest_neighbours_geodesic,within_AC500_source_range,2025_simultaneous_wind_solar_hydro_nameplate_spatial_balance_proxy; thermal_nuclear_biomass_allocated_by_city_demand_share
INTRA_21_LC_156210700_LC_156211100,21,LC_156210700,LC_156211100,53.02302076061241,AC_500kV,2.9894425249184033,205.82504301093311,1.7795308285761937,within_province_mst_plus_3_nearest_neighbours_geodesic,within_AC500_source_range,2025_simultaneous_wind_solar_hydro_nameplate_spatial_balance_proxy; thermal_nuclear_biomass_allocated_by_city_demand_share
INTRA_21_LC_156210700_LC_156211300,21,LC_156210700,LC_156211300,106.83129722557126,AC_500kV,2.9511158277939162,254.56880892958407,2.126908451524928,within_province_mst_plus_3_nearest_neighbours_geodesic,within_AC500_source_range,2025_simultaneous_wind_solar_hydro_nameplate_spatial_balance_proxy; thermal_nuclear_biomass_allocated_by_city_demand_share
INTRA_21_LC_156210700_LC_156211400,21,LC_156210700,LC_156211400,94.83326497485201,AC_500kV,2.9894425249184033,242.74799563689317,0.0,within_province_mst_plus_3_nearest_neighbours_geodesic,within_AC500_source_range,2025_simultaneous_wind_solar_hydro_nameplate_spatial_balance_proxy; thermal_nuclear_biomass_allocated_by_city_demand_share
INTRA_21_LC_156210800_LC_156211000,21,LC_156210800,LC_156211000,113.00835000624141,AC_500kV,2.9170537746071403,261.275126572412,0.0,within_province_mst_plus_3_nearest_neighbours_geodesic,within_AC500_source_range,2025_simultaneous_wind_solar_hydro_nameplate_spatial_balance_proxy; thermal_nuclear_biomass_allocated_by_city_demand_share
INTRA_21_LC_156210800_LC_156211100,21,LC_156210800,LC_156211100,72.67376683748333,AC_500kV,2.9894425249184033,223.17877007225377,0.0,within_province_mst_plus_3_nearest_neighbours_geodesic,within_AC500_source_range,2025_simultaneous_wind_solar_hydro_nameplate_spatial_balance_proxy; thermal_nuclear_biomass_allocated_by_city_demand_share
INTRA_21_LC_156210900_LC_156211100,21,LC_156210900,LC_156211100,113.57458786797162,AC_500kV,2.9139592654704756,261.89674105071424,0.0,within_province_mst_plus_3_nearest_neighbours_geodesic,within_AC500_source_range,2025_simultaneous_wind_solar_hydro_nameplate_spatial_balance_proxy; thermal_nuclear_biomass_allocated_by_city_demand_share
INTRA_21_LC_156210900_LC_156211300,21,LC_156210900,LC_156211300,151.16183756590584,AC_500kV,2.7186179447779026,305.79048666641285,0.0,within_province_mst_plus_3_nearest_neighbours_geodesic,within_AC500_source_range,2025_simultaneous_wind_solar_hydro_nameplate_spatial_balance_proxy; thermal_nuclear_biomass_allocated_by_city_demand_share
INTRA_21_LC_156211100_LC_156211400,21,LC_156211100,LC_156211400,129.238223592189,AC_500kV,2.830177428026483,279.5538942204391,0.0,within_province_mst_plus_3_nearest_neighbours_geodesic,within_AC500_source_range,2025_simultaneous_wind_solar_hydro_nameplate_spatial_balance_proxy; thermal_nuclear_biomass_allocated_by_city_demand_share
INTRA_21_LC_156211300_LC_156211400,21,LC_156211300,LC_156211400,93.6272358133863,AC_500kV,2.9894425249184033,241.6829418819773,1.027968544716354,within_province_mst_plus_3_nearest_neighbours_geodesic,within_AC500_source_range,2025_simultaneous_wind_solar_hydro_nameplate_spatial_balance_proxy; thermal_nuclear_biomass_allocated_by_city_demand_share
INTRA_22_LC_156220100_LC_156220200,22,LC_156220100,LC_156220200,90.4992607985006,AC_500kV,2.9894425249184033,238.92060276006237,0.0,within_province_mst_plus_3_nearest_neighbours_geodesic,within_AC500_source_range,2025_simultaneous_wind_solar_hydro_nameplate_spatial_balance_proxy; thermal_nuclear_biomass_allocated_by_city_demand_share
INTRA_22_LC_156220100_LC_156220300,22,LC_156220100,LC_156220300,96.56078945870067,AC_500kV,2.9894425249184033,244.273585976679,2.231063772180462,within_province_mst_plus_3_nearest_neighbours_geodesic,within_AC500_source_range,2025_simultaneous_wind_solar_hydro_nameplate_spatial_balance_proxy; thermal_nuclear_biomass_allocated_by_city_demand_share
INTRA_22_LC_156220100_LC_156220400,22,LC_156220100,LC_156220400,124.28553356034715,AC_500kV,2.8562923379889904,273.87402890641414,0.7379780420250937,within_province_mst_plus_3_nearest_neighbours_geodesic,within_AC500_source_range,2025_simultaneous_wind_solar_hydro_nameplate_spatial_balance_proxy; thermal_nuclear_biomass_allocated_by_city_demand_share
INTRA_22_LC_156220100_LC_156220700,22,LC_156220100,LC_156220700,129.16142118979656,AC_500kV,2.8305797789424627,279.46512678348154,1.2480323972617238,within_province_mst_plus_3_nearest_neighbours_geodesic,within_AC500_source_range,2025_simultaneous_wind_solar_hydro_nameplate_spatial_balance_proxy; thermal_nuclear_biomass_allocated_by_city_demand_share
INTRA_22_LC_156220100_LC_156220800,22,LC_156220100,LC_156220800,256.2402917120253,AC_500kV,2.265554171951307,457.59112551570723,0.0,within_province_mst_plus_3_nearest_neighbours_geodesic,within_AC500_source_range,2025_simultaneous_wind_solar_hydro_nameplate_spatial_balance_proxy; thermal_nuclear_biomass_allocated_by_city_demand_share
INTRA_22_LC_156220200_LC_156220300,22,LC_156220200,LC_156220300,169.64541741904597,AC_500kV,2.629484203450445,329.32386100611984,0.0,within_province_mst_plus_3_nearest_neighbours_geodesic,within_AC500_source_range,2025_simultaneous_wind_solar_hydro_nameplate_spatial_balance_proxy; thermal_nuclear_biomass_allocated_by_city_demand_share
INTRA_22_LC_156220200_LC_156220400,22,LC_156220200,LC_156220400,147.77383375328944,AC_500kV,2.735436189204957,301.61817645326676,0.8139138867344418,within_province_mst_plus_3_nearest_neighbours_geodesic,within_AC500_source_range,2025_simultaneous_wind_solar_hydro_nameplate_spatial_balance_proxy; thermal_nuclear_biomass_allocated_by_city_demand_share
INTRA_22_LC_156220200_LC_156220600,22,LC_156220200,LC_156220600,201.50231953397335,AC_500kV,2.4857724703180013,373.0043507287037,0.0,within_province_mst_plus_3_nearest_neighbours_geodesic,within_AC500_source_range,2025_simultaneous_wind_solar_hydro_nameplate_spatial_balance_proxy; thermal_nuclear_biomass_allocated_by_city_demand_share
INTRA_22_LC_156220200_LC_156222400,22,LC_156220200,LC_156222400,233.6965169947351,AC_500kV,2.3523887829611363,421.26906425284267,0.0,within_province_mst_plus_3_nearest_neighbours_geodesic,within_AC500_source_range,2025_simultaneous_wind_solar_hydro_nameplate_spatial_balance_proxy; thermal_nuclear_biomass_allocated_by_city_demand_share
INTRA_22_LC_156220300_LC_156220400,22,LC_156220300,LC_156220400,87.84080334815329,AC_500kV,2.9894425249184033,236.5728982598367,0.0,within_province_mst_plus_3_nearest_neighbours_geodesic,within_AC500_source_range,2025_simultaneous_wind_solar_hydro_nameplate_spatial_balance_proxy; thermal_nuclear_biomass_allocated_by_city_demand_share
INTRA_22_LC_156220300_LC_156220500,22,LC_156220300,LC_156220500,198.6445876349139,AC_500kV,2.4981731350588126,368.922084260916,0.0,within_province_mst_plus_3_nearest_neighbours_geodesic,within_AC500_source_range,2025_simultaneous_wind_solar_hydro_nameplate_spatial_balance_proxy; thermal_nuclear_biomass_allocated_by_city_demand_share
INTRA_22_LC_156220300_LC_156220700,22,LC_156220300,LC_156220700,171.22957762250175,AC_500kV,2.6220466527453072,331.40199919788165,0.0,within_province_mst_plus_3_nearest_neighbours_geodesic,within_AC500_source_range,2025_simultaneous_wind_solar_hydro_nameplate_spatial_balance_proxy; thermal_nuclear_biomass_allocated_by_city_demand_share
INTRA_22_LC_156220300_LC_156220800,22,LC_156220300,LC_156220800,252.84533001521385,AC_500kV,2.278300529791842,451.9866637485056,0.0,within_province_mst_plus_3_nearest_neighbours_geodesic,within_AC500_source_range,2025_simultaneous_wind_solar_hydro_nameplate_spatial_balance_proxy; thermal_nuclear_biomass_allocated_by_city_demand_share
INTRA_22_LC_156220400_LC_156220500,22,LC_156220400,LC_156220500,111.52603973100175,AC_500kV,2.9251767384152645,259.65331814765955,0.0,within_province_mst_plus_3_nearest_neighbours_geodesic,within_AC500_source_range,2025_simultaneous_wind_solar_hydro_nameplate_spatial_balance_proxy; thermal_nuclear_biomass_allocated_by_city_demand_share
INTRA_22_LC_156220400_LC_156220600,22,LC_156220400,LC_156220600,172.6800654759987,AC_500kV,2.615264095405385,333.31332218323155,0.0,within_province_mst_plus_3_nearest_neighbours_geodesic,within_AC500_source_range,2025_simultaneous_wind_solar_hydro_nameplate_spatial_balance_proxy; thermal_nuclear_biomass_allocated_by_city_demand_share
INTRA_22_LC_156220500_LC_156220600,22,LC_156220500,LC_156220600,84.1311570040755,AC_500kV,2.9894425249184033,233.29688065229544,0.33742877652013625,within_province_mst_plus_3_nearest_neighbours_geodesic,within_AC500_source_range,2025_simultaneous_wind_solar_hydro_nameplate_spatial_balance_proxy; thermal_nuclear_biomass_allocated_by_city_demand_share
INTRA_22_LC_156220500_LC_156222400,22,LC_156220500,LC_156222400,301.23354953605605,AC_500kV,2.107054177707875,536.4257820177625,0.0,within_province_mst_plus_3_nearest_neighbours_geodesic,within_AC500_source_range,2025_simultaneous_wind_solar_hydro_nameplate_spatial_balance_proxy; thermal_nuclear_biomass_allocated_by_city_demand_share
INTRA_22_LC_156220600_LC_156222400,22,LC_156220600,LC_156222400,229.25029971596277,AC_500kV,2.3701376823245033,414.35258806424014,0.8724858929898158,within_province_mst_plus_3_nearest_neighbours_geodesic,within_AC500_source_range,2025_simultaneous_wind_solar_hydro_nameplate_spatial_balance_proxy; thermal_nuclear_biomass_allocated_by_city_demand_share
INTRA_22_LC_156220700_LC_156220800,22,LC_156220700,LC_156220800,142.6673105112349,AC_500kV,2.76107314555395,295.4113443919991,0.0,within_province_mst_plus_3_nearest_neighbours_geodesic,within_AC500_source_range,2025_simultaneous_wind_solar_hydro_nameplate_spatial_balance_proxy; thermal_nuclear_biomass_allocated_by_city_demand_share
INTRA_23_LC_156230100_LC_156230600,23,LC_156230100,LC_156230600,179.98648489554918,AC_500kV,2.5814936657191763,343.0656540956006,1.9624543402219503,within_province_mst_plus_3_nearest_neighbours_geodesic,within_AC500_source_range,2025_simultaneous_wind_solar_hydro_nameplate_spatial_balance_proxy; thermal_nuclear_biomass_allocated_by_city_demand_share
INTRA_23_LC_156230100_LC_156231000,23,LC_156230100,LC_156231000,259.2880603133655,AC_500kV,2.2542089084462216,462.6632836745865,0.0,within_province_mst_plus_3_nearest_neighbours_geodesic,within_AC500_source_range,2025_simultaneous_wind_solar_hydro_nameplate_spatial_balance_proxy; thermal_nuclear_biomass_allocated_by_city_demand_share
INTRA_23_LC_156230100_LC_156231200,23,LC_156230100,LC_156231200,121.70132542184086,AC_500kV,2.8700556331604843,270.9460875257864,0.16416378273934207,within_province_mst_plus_3_nearest_neighbours_geodesic,within_AC500_source_range,2025_simultaneous_wind_solar_hydro_nameplate_spatial_balance_proxy; thermal_nuclear_biomass_allocated_by_city_demand_share
INTRA_23_LC_156230200_LC_156230600,23,LC_156230200,LC_156230600,122.56913643264092,AC_500kV,2.865423191794022,271.92660752828596,0.0,within_province_mst_plus_3_nearest_neighbours_geodesic,within_AC500_source_range,2025_simultaneous_wind_solar_hydro_nameplate_spatial_balance_proxy; thermal_nuclear_biomass_allocated_by_city_demand_share
INTRA_23_LC_156230200_LC_156231100,23,LC_156230200,LC_156231100,260.968364065777,AC_500kV,2.2479931974036256,465.47623041269793,0.0,within_province_mst_plus_3_nearest_neighbours_geodesic,within_AC500_source_range,2025_simultaneous_wind_solar_hydro_nameplate_spatial_balance_proxy; thermal_nuclear_biomass_allocated_by_city_demand_share
INTRA_23_LC_156230200_LC_156231200,23,LC_156230200,LC_156231200,188.74028538453618,AC_500kV,2.5418875148008717,355.02533570578146,0.0,within_province_mst_plus_3_nearest_neighbours_geodesic,within_AC500_source_range,2025_simultaneous_wind_solar_hydro_nameplate_spatial_balance_proxy; thermal_nuclear_biomass_allocated_by_city_demand_share
INTRA_23_LC_156230200_LC_156232700,23,LC_156230200,LC_156232700,570.7375557667916,AC_500kV,1.4689009514523605,1184.764974646214,0.0,within_province_mst_plus_3_nearest_neighbours_geodesic,within_AC500_source_range,2025_simultaneous_wind_solar_hydro_nameplate_spatial_balance_proxy; thermal_nuclear_biomass_allocated_by_city_demand_share
INTRA_23_LC_156230300_LC_156230500,23,LC_156230300,LC_156230500,138.94197320218757,AC_500kV,2.7799966861850915,290.9450526961359,0.0,within_province_mst_plus_3_nearest_neighbours_geodesic,within_AC500_source_range,2025_simultaneous_wind_solar_hydro_nameplate_spatial_balance_proxy; thermal_nuclear_biomass_allocated_by_city_demand_share
INTRA_23_LC_156230300_LC_156230900,23,LC_156230300,LC_156230900,61.64615178033016,AC_500kV,2.9894425249184033,213.44019724196363,0.0,within_province_mst_plus_3_nearest_neighbours_geodesic,within_AC500_source_range,2025_simultaneous_wind_solar_hydro_nameplate_spatial_balance_proxy; thermal_nuclear_biomass_allocated_by_city_demand_share
INTRA_23_LC_156230300_LC_156231000,23,LC_156230300,LC_156231000,164.74112163923448,AC_500kV,2.652709163967882,322.9518447913971,0.06732066153184901,within_province_mst_plus_3_nearest_neighbours_geodesic,within_AC500_source_range,2025_simultaneous_wind_solar_hydro_nameplate_spatial_balance_proxy; thermal_nuclear_biomass_allocated_by_city_demand_share
INTRA_23_LC_156230400_LC_156230500,23,LC_156230400,LC_156230500,128.39432393033772,AC_500kV,2.8346029429901134,278.5797160989802,0.0,within_province_mst_plus_3_nearest_neighbours_geodesic,within_AC500_source_range,2025_simultaneous_wind_solar_hydro_nameplate_spatial_balance_proxy; thermal_nuclear_biomass_allocated_by_city_demand_share
INTRA_23_LC_156230400_LC_156230700,23,LC_156230400,LC_156230700,112.80299953168043,AC_500kV,2.918177173139868,261.04997883771836,0.0,within_province_mst_plus_3_nearest_neighbours_geodesic,within_AC500_source_range,2025_simultaneous_wind_solar_hydro_nameplate_spatial_balance_proxy; thermal_nuclear_biomass_allocated_by_city_demand_share
INTRA_23_LC_156230400_LC_156230800,23,LC_156230400,LC_156230800,74.43241952618351,AC_500kV,2.9894425249184033,224.7318499724252,0.425715301184203,within_province_mst_plus_3_nearest_neighbours_geodesic,within_AC500_source_range,2025_simultaneous_wind_solar_hydro_nameplate_spatial_balance_proxy; thermal_nuclear_biomass_allocated_by_city_demand_share
INTRA_23_LC_156230500_LC_156230800,23,LC_156230500,LC_156230800,53.96204004990859,AC_500kV,2.9894425249184033,206.65429826607792,0.0,within_province_mst_plus_3_nearest_neighbours_geodesic,within_AC500_source_range,2025_simultaneous_wind_solar_hydro_nameplate_spatial_balance_proxy; thermal_nuclear_biomass_allocated_by_city_demand_share
INTRA_23_LC_156230500_LC_156230900,23,LC_156230500,LC_156230900,108.04139579298634,AC_500kV,2.944398876707315,255.871822343735,0.05578374021743837,within_province_mst_plus_3_nearest_neighbours_geodesic,within_AC500_source_range,2025_simultaneous_wind_solar_hydro_nameplate_spatial_balance_proxy; thermal_nuclear_biomass_allocated_by_city_demand_share
INTRA_23_LC_156230600_LC_156231200,23,LC_156230600,LC_156231200,125.33885403900119,AC_500kV,2.850709495261439,275.07446329167846,0.0,within_province_mst_plus_3_nearest_neighbours_geodesic,within_AC500_source_range,2025_simultaneous_wind_solar_hydro_nameplate_spatial_balance_proxy; thermal_nuclear_biomass_allocated_by_city_demand_share
INTRA_23_LC_156230700_LC_156230800,23,LC_156230700,LC_156230800,180.4069506447435,AC_500kV,2.579570147383183,343.633222781429,0.0,within_province_mst_plus_3_nearest_neighbours_geodesic,within_AC500_source_range,2025_simultaneous_wind_solar_hydro_nameplate_spatial_balance_proxy; thermal_nuclear_biomass_allocated_by_city_demand_share
INTRA_23_LC_156230700_LC_156231100,23,LC_156230700,LC_156231100,244.59536760546516,AC_500kV,2.3097585331231487,438.56678640571977,0.0,within_province_mst_plus_3_nearest_neighbours_geodesic,within_AC500_source_range,2025_simultaneous_wind_solar_hydro_nameplate_spatial_balance_proxy; thermal_nuclear_biomass_allocated_by_city_demand_share
INTRA_23_LC_156230700_LC_156231200,23,LC_156230700,LC_156231200,209.37307303090364,AC_500kV,2.4521015605024794,384.41681050450387,0.0,within_province_mst_plus_3_nearest_neighbours_geodesic,within_AC500_source_range,2025_simultaneous_wind_solar_hydro_nameplate_spatial_balance_proxy; thermal_nuclear_biomass_allocated_by_city_demand_share
INTRA_23_LC_156230700_LC_156232700,23,LC_156230700,LC_156232700,673.0468690647474,AC_500kV,1.3237635284413385,1501.2667237426253,0.0,within_province_mst_plus_3_nearest_neighbours_geodesic,within_AC500_source_range,2025_simultaneous_wind_solar_hydro_nameplate_spatial_balance_proxy; thermal_nuclear_biomass_allocated_by_city_demand_share
INTRA_23_LC_156230800_LC_156230900,23,LC_156230800,LC_156230900,127.6354352268777,AC_500kV,2.8385911353909106,277.70591181584655,1.0016466819347454,within_province_mst_plus_3_nearest_neighbours_geodesic,within_AC500_source_range,2025_simultaneous_wind_solar_hydro_nameplate_spatial_balance_proxy; thermal_nuclear_biomass_allocated_by_city_demand_share
INTRA_23_LC_156230900_LC_156231000,23,LC_156230900,LC_156231000,169.82208962057726,AC_500kV,2.628653184247155,329.5551418060977,0.0,within_province_mst_plus_3_nearest_neighbours_geodesic,within_AC500_source_range,2025_simultaneous_wind_solar_hydro_nameplate_spatial_balance_proxy; thermal_nuclear_biomass_allocated_by_city_demand_share
INTRA_23_LC_156231100_LC_156231200,23,LC_156231100,LC_156231200,270.6148702646286,AC_500kV,2.2128414056009476,481.85334850040994,0.0,within_province_mst_plus_3_nearest_neighbours_geodesic,within_AC500_source_range,2025_simultaneous_wind_solar_hydro_nameplate_spatial_balance_proxy; thermal_nuclear_biomass_allocated_by_city_demand_share
INTRA_23_LC_156231100_LC_156232700,23,LC_156231100,LC_156232700,435.1122300614875,AC_500kV,1.7334692215736998,821.6574461584631,0.10148705499705898,within_province_mst_plus_3_nearest_neighbours_geodesic,within_AC500_source_range,2025_simultaneous_wind_solar_hydro_nameplate_spatial_balance_proxy; thermal_nuclear_biomass_allocated_by_city_demand_share
INTRA_32_LC_156320100_LC_156320400,32,LC_156320100,LC_156320400,102.37678442156955,AC_500kV,2.976028669179471,249.81724032835405,0.0,within_province_mst_plus_3_nearest_neighbours_geodesic,within_AC500_source_range,2025_simultaneous_wind_solar_hydro_nameplate_spatial_balance_proxy; thermal_nuclear_biomass_allocated_by_city_demand_share
INTRA_32_LC_156320100_LC_156321000,32,LC_156320100,LC_156321000,91.66363519259869,AC_500kV,2.9894425249184033,239.94887086516763,8.926871551149675,within_province_mst_plus_3_nearest_neighbours_geodesic,within_AC500_source_range,2025_simultaneous_wind_solar_hydro_nameplate_spatial_balance_proxy; thermal_nuclear_biomass_allocated_by_city_demand_share
INTRA_32_LC_156320100_LC_156321100,32,LC_156320100,LC_156321100,69.36025027168714,AC_500kV,2.9894425249184033,220.25257776021368,0.0,within_province_mst_plus_3_nearest_neighbours_geodesic,within_AC500_source_range,2025_simultaneous_wind_solar_hydro_nameplate_spatial_balance_proxy; thermal_nuclear_biomass_allocated_by_city_demand_share
INTRA_32_LC_156320200_LC_156320400,32,LC_156320200,LC_156320400,41.70677636563115,AC_500kV,2.9894425249184033,195.8315793621995,4.957072987290957,within_province_mst_plus_3_nearest_neighbours_geodesic,within_AC500_source_range,2025_simultaneous_wind_solar_hydro_nameplate_spatial_balance_proxy; thermal_nuclear_biomass_allocated_by_city_demand_share
INTRA_32_LC_156320200_LC_156320500,32,LC_156320200,LC_156320500,47.981742153229284,AC_500kV,2.9894425249184033,201.3730505700165,0.0,within_province_mst_plus_3_nearest_neighbours_geodesic,within_AC500_source_range,2025_simultaneous_wind_solar_hydro_nameplate_spatial_balance_proxy; thermal_nuclear_biomass_allocated_by_city_demand_share
INTRA_32_LC_156320200_LC_156320600,32,LC_156320200,LC_156320600,92.41291917401152,AC_500kV,2.9894425249184033,240.61056939070926,0.0,within_province_mst_plus_3_nearest_neighbours_geodesic,within_AC500_source_range,2025_simultaneous_wind_solar_hydro_nameplate_spatial_balance_proxy; thermal_nuclear_biomass_allocated_by_city_demand_share
INTRA_32_LC_156320200_LC_156321100,32,LC_156320200,LC_156321100,84.39964544487759,AC_500kV,2.9894425249184033,233.53398488755312,3.602757813877062,within_province_mst_plus_3_nearest_neighbours_geodesic,within_AC500_source_range,2025_simultaneous_wind_solar_hydro_nameplate_spatial_balance_proxy; thermal_nuclear_biomass_allocated_by_city_demand_share
INTRA_32_LC_156320300_LC_156320700,32,LC_156320300,LC_156320700,158.31024832421906,AC_500kV,2.683625815716975,314.73671006152506,3.375589151294255,within_province_mst_plus_3_nearest_neighbours_geodesic,within_AC500_source_range,2025_simultaneous_wind_solar_hydro_nameplate_spatial_balance_proxy; thermal_nuclear_biomass_allocated_by_city_demand_share
INTRA_32_LC_156320300_LC_156320800,32,LC_156320300,LC_156320800,176.18182877495977,AC_500kV,2.5989970256146853,337.9613544693799,0.0,within_province_mst_plus_3_nearest_neighbours_geodesic,within_AC500_source_range,2025_simultaneous_wind_solar_hydro_nameplate_spatial_balance_proxy; thermal_nuclear_biomass_allocated_by_city_demand_share
INTRA_32_LC_156320300_LC_156321300,32,LC_156320300,LC_156321300,117.27508153943921,AC_500kV,2.8938502065852507,265.9876438523248,0.0,within_province_mst_plus_3_nearest_neighbours_geodesic,within_AC500_source_range,2025_simultaneous_wind_solar_hydro_nameplate_spatial_balance_proxy; thermal_nuclear_biomass_allocated_by_city_demand_share
INTRA_32_LC_156320400_LC_156320500,32,LC_156320400,LC_156320500,89.6063259093103,AC_500kV,2.9894425249184033,238.13204499793358,2.8372382014799538,within_province_mst_plus_3_nearest_neighbours_geodesic,within_AC500_source_range,2025_simultaneous_wind_solar_hydro_nameplate_spatial_balance_proxy; thermal_nuclear_biomass_allocated_by_city_demand_share
INTRA_32_LC_156320400_LC_156321100,32,LC_156320400,LC_156321100,46.14973968894572,AC_500kV,2.9894425249184033,199.75519491117905,0.0,within_province_mst_plus_3_nearest_neighbours_geodesic,within_AC500_source_range,2025_simultaneous_wind_solar_hydro_nameplate_spatial_balance_proxy; thermal_nuclear_biomass_allocated_by_city_demand_share
INTRA_32_LC_156320400_LC_156321200,32,LC_156320400,LC_156321200,84.72868452701756,AC_500kV,2.9894425249184033,233.8245618662402,12.158169914086468,within_province_mst_plus_3_nearest_neighbours_geodesic,within_AC500_source_range,2025_simultaneous_wind_solar_hydro_nameplate_spatial_balance_proxy; thermal_nuclear_biomass_allocated_by_city_demand_share
INTRA_32_LC_156320500_LC_156320600,32,LC_156320500,LC_156320600,85.24874440132935,AC_500kV,2.9894425249184033,234.2838307957275,5.088863910523848,within_province_mst_plus_3_nearest_neighbours_geodesic,within_AC500_source_range,2025_simultaneous_wind_solar_hydro_nameplate_spatial_balance_proxy; thermal_nuclear_biomass_allocated_by_city_demand_share
INTRA_32_LC_156320600_LC_156321200,32,LC_156320600,LC_156321200,93.35137785226364,AC_500kV,2.9894425249184033,241.43932956587042,0.0,within_province_mst_plus_3_nearest_neighbours_geodesic,within_AC500_source_range,2025_simultaneous_wind_solar_hydro_nameplate_spatial_balance_proxy; thermal_nuclear_biomass_allocated_by_city_demand_share
INTRA_32_LC_156320700_LC_156320800,32,LC_156320700,LC_156320800,122.05545992557876,AC_500kV,2.8681639456364065,271.34588409555863,4.86939381974844,within_province_mst_plus_3_nearest_neighbours_geodesic,within_AC500_source_range,2025_simultaneous_wind_solar_hydro_nameplate_spatial_balance_proxy; thermal_nuclear_biomass_allocated_by_city_demand_share
INTRA_32_LC_156320700_LC_156320900,32,LC_156320700,LC_156320900,149.79325912269246,AC_500kV,2.725393419813137,304.0998601556108,0.0,within_province_mst_plus_3_nearest_neighbours_geodesic,within_AC500_source_range,2025_simultaneous_wind_solar_hydro_nameplate_spatial_balance_proxy; thermal_nuclear_biomass_allocated_by_city_demand_share
INTRA_32_LC_156320700_LC_156321300,32,LC_156320700,LC_156321300,94.97836639351493,AC_500kV,2.9894425249184033,242.87613583095177,0.0,within_province_mst_plus_3_nearest_neighbours_geodesic,within_AC500_source_range,2025_simultaneous_wind_solar_hydro_nameplate_spatial_balance_proxy; thermal_nuclear_biomass_allocated_by_city_demand_share
INTRA_32_LC_156320800_LC_156320900,32,LC_156320800,LC_156320900,102.03816072042149,AC_500kV,2.9779345870563856,249.45891923643256,0.0,within_province_mst_plus_3_nearest_neighbours_geodesic,within_AC500_source_range,2025_simultaneous_wind_solar_hydro_nameplate_spatial_balance_proxy; thermal_nuclear_biomass_allocated_by_city_demand_share
INTRA_32_LC_156320800_LC_156321000,32,LC_156320800,LC_156321000,105.49601584676341,AC_500kV,2.9585527511898855,253.13706810650683,18.4327624956639,within_province_mst_plus_3_nearest_neighbours_geodesic,within_AC500_source_range,2025_simultaneous_wind_solar_hydro_nameplate_spatial_balance_proxy; thermal_nuclear_biomass_allocated_by_city_demand_share
INTRA_32_LC_156320800_LC_156321300,32,LC_156320800,LC_156321300,60.64243198873982,AC_500kV,2.9894425249184033,212.55380446882583,6.6937119770196185,within_province_mst_plus_3_nearest_neighbours_geodesic,within_AC500_source_range,2025_simultaneous_wind_solar_hydro_nameplate_spatial_balance_proxy; thermal_nuclear_biomass_allocated_by_city_demand_share
INTRA_32_LC_156320900_LC_156321000,32,LC_156320900,LC_156321000,116.872518020127,AC_500kV,2.8960282242876345,265.5402073728169,0.0,within_province_mst_plus_3_nearest_neighbours_geodesic,within_AC500_source_range,2025_simultaneous_wind_solar_hydro_nameplate_spatial_balance_proxy; thermal_nuclear_biomass_allocated_by_city_demand_share
INTRA_32_LC_156320900_LC_156321200,32,LC_156320900,LC_156321200,115.40596234857557,AC_500kV,2.9039825713670857,263.9151408842001,15.262072469420158,within_province_mst_plus_3_nearest_neighbours_geodesic,within_AC500_source_range,2025_simultaneous_wind_solar_hydro_nameplate_spatial_balance_proxy; thermal_nuclear_biomass_allocated_by_city_demand_share
INTRA_32_LC_156321000_LC_156321100,32,LC_156321000,LC_156321100,60.79294730336002,AC_500kV,2.9894425249184033,212.68672571661205,6.668089663799982,within_province_mst_plus_3_nearest_neighbours_geodesic,within_AC500_source_range,2025_simultaneous_wind_solar_hydro_nameplate_spatial_balance_proxy; thermal_nuclear_biomass_allocated_by_city_demand_share
INTRA_32_LC_156321000_LC_156321200,32,LC_156321000,LC_156321200,57.50701364383772,AC_500kV,2.9894425249184033,209.78489208414385,0.0,within_province_mst_plus_3_nearest_neighbours_geodesic,within_AC500_source_range,2025_simultaneous_wind_solar_hydro_nameplate_spatial_balance_proxy; thermal_nuclear_biomass_allocated_by_city_demand_share
INTRA_32_LC_156321100_LC_156321200,32,LC_156321100,LC_156321200,67.69148616198765,AC_500kV,2.9894425249184033,218.7788791649457,0.0,within_province_mst_plus_3_nearest_neighbours_geodesic,within_AC500_source_range,2025_simultaneous_wind_solar_hydro_nameplate_spatial_balance_proxy; thermal_nuclear_biomass_allocated_by_city_demand_share
INTRA_33_LC_156330100_LC_156330400,33,LC_156330100,LC_156330400,81.94967400436818,AC_500kV,2.9894425249184033,231.37039600801063,0.7000366502070303,within_province_mst_plus_3_nearest_neighbours_geodesic,within_AC500_source_range,2025_simultaneous_wind_solar_hydro_nameplate_spatial_balance_proxy; thermal_nuclear_biomass_allocated_by_city_demand_share
INTRA_33_LC_156330100_LC_156330500,33,LC_156330100,LC_156330500,62.2534364732903,AC_500kV,2.9894425249184033,213.97649508882006,4.552530014878707,within_province_mst_plus_3_nearest_neighbours_geodesic,within_AC500_source_range,2025_simultaneous_wind_solar_hydro_nameplate_spatial_balance_proxy; thermal_nuclear_biomass_allocated_by_city_demand_share
INTRA_33_LC_156330100_LC_156330600,33,LC_156330100,LC_156330600,66.11563256084959,AC_500kV,2.9894425249184033,217.38723056413573,0.0,within_province_mst_plus_3_nearest_neighbours_geodesic,within_AC500_source_range,2025_simultaneous_wind_solar_hydro_nameplate_spatial_balance_proxy; thermal_nuclear_biomass_allocated_by_city_demand_share
INTRA_33_LC_156330100_LC_156330700,33,LC_156330100,LC_156330700,118.01428825769513,AC_500kV,2.8898568877700206,266.8107785609865,2.1840631292060873,within_province_mst_plus_3_nearest_neighbours_geodesic,within_AC500_source_range,2025_simultaneous_wind_solar_hydro_nameplate_spatial_balance_proxy; thermal_nuclear_biomass_allocated_by_city_demand_share
INTRA_33_LC_156330100_LC_156330800,33,LC_156330100,LC_156330800,192.62340983310474,AC_500kV,2.524611395908442,360.427357407777,0.8720573628153732,within_province_mst_plus_3_nearest_neighbours_geodesic,within_AC500_source_range,2025_simultaneous_wind_solar_hydro_nameplate_spatial_balance_proxy; thermal_nuclear_biomass_allocated_by_city_demand_share
INTRA_33_LC_156330200_LC_156330400,33,LC_156330200,LC_156330400,108.86968167298447,AC_500kV,2.9398137096027686,256.7667253805395,0.0,within_province_mst_plus_3_nearest_neighbours_geodesic,within_AC500_source_range,2025_simultaneous_wind_solar_hydro_nameplate_spatial_balance_proxy; thermal_nuclear_biomass_allocated_by_city_demand_share
INTRA_33_LC_156330200_LC_156330600,33,LC_156330200,LC_156330600,82.5040514262064,AC_500kV,2.9894425249184033,231.85997103126445,3.697931124215554,within_province_mst_plus_3_nearest_neighbours_geodesic,within_AC500_source_range,2025_simultaneous_wind_solar_hydro_nameplate_spatial_balance_proxy; thermal_nuclear_biomass_allocated_by_city_demand_share
INTRA_33_LC_156330200_LC_156330900,33,LC_156330200,LC_156330900,71.36363543913245,AC_500kV,2.9894425249184033,222.0217828203444,0.0,within_province_mst_plus_3_nearest_neighbours_geodesic,within_AC500_source_range,2025_simultaneous_wind_solar_hydro_nameplate_spatial_balance_proxy; thermal_nuclear_biomass_allocated_by_city_demand_share
INTRA_33_LC_156330200_LC_156331000,33,LC_156330200,LC_156331000,142.88357666192576,AC_500kV,2.7599803253192565,295.6722215108002,2.32325619418787,within_province_mst_plus_3_nearest_neighbours_geodesic,within_AC500_source_range,2025_simultaneous_wind_solar_hydro_nameplate_spatial_balance_proxy; thermal_nuclear_biomass_allocated_by_city_demand_share
INTRA_33_LC_156330300_LC_156330700,33,LC_156330300,LC_156330700,151.97579871985164,AC_500kV,2.7145999075925396,306.7993524932481,1.9055840826383648,within_province_mst_plus_3_nearest_neighbours_geodesic,within_AC500_source_range,2025_simultaneous_wind_solar_hydro_nameplate_spatial_balance_proxy; thermal_nuclear_biomass_allocated_by_city_demand_share
INTRA_33_LC_156330300_LC_156331000,33,LC_156330300,LC_156331000,102.98987702408155,AC_500kV,2.97258228515047,250.46703077045763,0.0,within_province_mst_plus_3_nearest_neighbours_geodesic,within_AC500_source_range,2025_simultaneous_wind_solar_hydro_nameplate_spatial_balance_proxy; thermal_nuclear_biomass_allocated_by_city_demand_share
INTRA_33_LC_156330300_LC_156331100,33,LC_156330300,LC_156331100,96.69654080078988,AC_500kV,2.9894425249184033,244.39346904522043,0.0,within_province_mst_plus_3_nearest_neighbours_geodesic,within_AC500_source_range,2025_simultaneous_wind_solar_hydro_nameplate_spatial_balance_proxy; thermal_nuclear_biomass_allocated_by_city_demand_share
INTRA_33_LC_156330400_LC_156330500,33,LC_156330400,LC_156330500,76.80345768863683,AC_500kV,2.9894425249184033,226.82573225873796,0.0,within_province_mst_plus_3_nearest_neighbours_geodesic,within_AC500_source_range,2025_simultaneous_wind_solar_hydro_nameplate_spatial_balance_proxy; thermal_nuclear_biomass_allocated_by_city_demand_share
INTRA_33_LC_156330400_LC_156330600,33,LC_156330400,LC_156330600,90.03829797890658,AC_500kV,2.9894425249184033,238.51352290032787,0.0,within_province_mst_plus_3_nearest_neighbours_geodesic,within_AC500_source_range,2025_simultaneous_wind_solar_hydro_nameplate_spatial_balance_proxy; thermal_nuclear_biomass_allocated_by_city_demand_share
INTRA_33_LC_156330400_LC_156330900,33,LC_156330400,LC_156330900,149.54788333687094,AC_500kV,2.7266108189811655,303.7974933792949,0.0,within_province_mst_plus_3_nearest_neighbours_geodesic,within_AC500_source_range,2025_simultaneous_wind_solar_hydro_nameplate_spatial_balance_proxy; thermal_nuclear_biomass_allocated_by_city_demand_share
INTRA_33_LC_156330500_LC_156330600,33,LC_156330500,LC_156330600,119.30455501338359,AC_500kV,2.882905421125932,268.25229212421476,0.0,within_province_mst_plus_3_nearest_neighbours_geodesic,within_AC500_source_range,2025_simultaneous_wind_solar_hydro_nameplate_spatial_balance_proxy; thermal_nuclear_biomass_allocated_by_city_demand_share
INTRA_33_LC_156330600_LC_156330700,33,LC_156330600,LC_156330700,99.67553552148334,AC_500kV,2.9894425249184033,247.0242425078564,0.0,within_province_mst_plus_3_nearest_neighbours_geodesic,within_AC500_source_range,2025_simultaneous_wind_solar_hydro_nameplate_spatial_balance_proxy; thermal_nuclear_biomass_allocated_by_city_demand_share
INTRA_33_LC_156330600_LC_156330900,33,LC_156330600,LC_156330900,152.45884140449573,AC_500kV,2.712219522745306,307.39924937214056,0.4441273320000132,within_province_mst_plus_3_nearest_neighbours_geodesic,within_AC500_source_range,2025_simultaneous_wind_solar_hydro_nameplate_spatial_balance_proxy; thermal_nuclear_biomass_allocated_by_city_demand_share
INTRA_33_LC_156330700_LC_156330800,33,LC_156330700,LC_156330800,120.00081698423185,AC_500kV,2.8791641174698475,269.032684457311,0.0,within_province_mst_plus_3_nearest_neighbours_geodesic,within_AC500_source_range,2025_simultaneous_wind_solar_hydro_nameplate_spatial_balance_proxy; thermal_nuclear_biomass_allocated_by_city_demand_share
INTRA_33_LC_156330700_LC_156331000,33,LC_156330700,LC_156331000,142.6581555779568,AC_500kV,2.7611194204502403,295.4003048677963,1.6737434557986486,within_province_mst_plus_3_nearest_neighbours_geodesic,within_AC500_source_range,2025_simultaneous_wind_solar_hydro_nameplate_spatial_balance_proxy; thermal_nuclear_biomass_allocated_by_city_demand_share
INTRA_33_LC_156330700_LC_156331100,33,LC_156330700,LC_156331100,97.39394947705773,AC_500kV,2.9894425249184033,245.00935608435907,0.2935841093894491,within_province_mst_plus_3_nearest_neighbours_geodesic,within_AC500_source_range,2025_simultaneous_wind_solar_hydro_nameplate_spatial_balance_proxy; thermal_nuclear_biomass_allocated_by_city_demand_share
INTRA_33_LC_156330800_LC_156331100,33,LC_156330800,LC_156331100,115.41149097361205,AC_500kV,2.9039525267925104,263.92125245135105,0.0,within_province_mst_plus_3_nearest_neighbours_geodesic,within_AC500_source_range,2025_simultaneous_wind_solar_hydro_nameplate_spatial_balance_proxy; thermal_nuclear_biomass_allocated_by_city_demand_share
INTRA_34_LC_156340100_LC_156340400,34,LC_156340100,LC_156340400,90.43842254500906,AC_500kV,2.9894425249184033,238.86687602409776,1.5954567030208935,within_province_mst_plus_3_nearest_neighbours_geodesic,within_AC500_source_range,2025_simultaneous_wind_solar_hydro_nameplate_spatial_balance_proxy; thermal_nuclear_biomass_allocated_by_city_demand_share
INTRA_34_LC_156340100_LC_156340700,34,LC_156340100,LC_156340700,108.71552158957552,AC_500kV,2.9406663338877896,256.59998055169734,0.753645231227674,within_province_mst_plus_3_nearest_neighbours_geodesic,within_AC500_source_range,2025_simultaneous_wind_solar_hydro_nameplate_spatial_balance_proxy; thermal_nuclear_biomass_allocated_by_city_demand_share
INTRA_34_LC_156340100_LC_156341100,34,LC_156340100,LC_156341100,117.2598260833984,AC_500kV,2.8939327017763636,265.97067719306426,0.0,within_province_mst_plus_3_nearest_neighbours_geodesic,within_AC500_source_range,2025_simultaneous_wind_solar_hydro_nameplate_spatial_balance_proxy; thermal_nuclear_biomass_allocated_by_city_demand_share
INTRA_34_LC_156340100_LC_156341500,34,LC_156340100,LC_156341500,88.45313345074808,AC_500kV,2.9894425249184033,237.11365174727644,0.0,within_province_mst_plus_3_nearest_neighbours_geodesic,within_AC500_source_range,2025_simultaneous_wind_solar_hydro_nameplate_spatial_balance_proxy; thermal_nuclear_biomass_allocated_by_city_demand_share
INTRA_34_LC_156340200_LC_156340500,34,LC_156340200,LC_156340500,51.734652326519004,AC_500kV,2.9894425249184033,204.68727480242762,4.175918124713421,within_province_mst_plus_3_nearest_neighbours_geodesic,within_AC500_source_range,2025_simultaneous_wind_solar_hydro_nameplate_spatial_balance_proxy; thermal_nuclear_biomass_allocated_by_city_demand_share
INTRA_34_LC_156340200_LC_156340700,34,LC_156340200,LC_156340700,62.57542664043136,AC_500kV,2.9894425249184033,214.26084711571696,0.6798801001375878,within_province_mst_plus_3_nearest_neighbours_geodesic,within_AC500_source_range,2025_simultaneous_wind_solar_hydro_nameplate_spatial_balance_proxy; thermal_nuclear_biomass_allocated_by_city_demand_share
INTRA_34_LC_156340200_LC_156341800,34,LC_156340200,LC_156341800,82.21639557867594,AC_500kV,2.9894425249184033,231.60593990969232,0.0,within_province_mst_plus_3_nearest_neighbours_geodesic,within_AC500_source_range,2025_simultaneous_wind_solar_hydro_nameplate_spatial_balance_proxy; thermal_nuclear_biomass_allocated_by_city_demand_share
INTRA_34_LC_156340300_LC_156340400,34,LC_156340300,LC_156340400,67.89736971385418,AC_500kV,2.9894425249184033,218.9606965347051,0.8353818660788757,within_province_mst_plus_3_nearest_neighbours_geodesic,within_AC500_source_range,2025_simultaneous_wind_solar_hydro_nameplate_spatial_balance_proxy; thermal_nuclear_biomass_allocated_by_city_demand_share
INTRA_34_LC_156340300_LC_156340600,34,LC_156340300,LC_156340600,107.29825349758364,AC_500kV,2.9485213115836237,255.07099942631262,0.0,within_province_mst_plus_3_nearest_neighbours_geodesic,within_AC500_source_range,2025_simultaneous_wind_solar_hydro_nameplate_spatial_balance_proxy; thermal_nuclear_biomass_allocated_by_city_demand_share
INTRA_34_LC_156340300_LC_156341100,34,LC_156340300,LC_156341100,98.44176979935585,AC_500kV,2.9894425249184033,245.93469437998078,0.0,within_province_mst_plus_3_nearest_neighbours_geodesic,within_AC500_source_range,2025_simultaneous_wind_solar_hydro_nameplate_spatial_balance_proxy; thermal_nuclear_biomass_allocated_by_city_demand_share
INTRA_34_LC_156340300_LC_156341300,34,LC_156340300,LC_156341300,98.8762879070895,AC_500kV,2.9894425249184033,246.31842070850357,0.0,within_province_mst_plus_3_nearest_neighbours_geodesic,within_AC500_source_range,2025_simultaneous_wind_solar_hydro_nameplate_spatial_balance_proxy; thermal_nuclear_biomass_allocated_by_city_demand_share
INTRA_34_LC_156340400_LC_156341200,34,LC_156340400,LC_156341200,119.31178846349428,AC_500kV,2.8828665172047763,268.26039053970214,0.0,within_province_mst_plus_3_nearest_neighbours_geodesic,within_AC500_source_range,2025_simultaneous_wind_solar_hydro_nameplate_spatial_balance_proxy; thermal_nuclear_biomass_allocated_by_city_demand_share
INTRA_34_LC_156340400_LC_156341500,34,LC_156340400,LC_156341500,109.0239294015402,AC_500kV,2.9389609501441902,256.93365019223717,0.8760156869526132,within_province_mst_plus_3_nearest_neighbours_geodesic,within_AC500_source_range,2025_simultaneous_wind_solar_hydro_nameplate_spatial_balance_proxy; thermal_nuclear_biomass_allocated_by_city_demand_share
INTRA_34_LC_156340500_LC_156341100,34,LC_156340500,LC_156341100,100.68804027601419,AC_500kV,2.9855507144894102,248.0343027966743,4.587640196204596,within_province_mst_plus_3_nearest_neighbours_geodesic,within_AC500_source_range,2025_simultaneous_wind_solar_hydro_nameplate_spatial_balance_proxy; thermal_nuclear_biomass_allocated_by_city_demand_share
INTRA_34_LC_156340500_LC_156341800,34,LC_156340500,LC_156341800,107.89840398484765,AC_500kV,2.9451914629763847,255.71757850069588,1.845959118115013,within_province_mst_plus_3_nearest_neighbours_geodesic,within_AC500_source_range,2025_simultaneous_wind_solar_hydro_nameplate_spatial_balance_proxy; thermal_nuclear_biomass_allocated_by_city_demand_share
INTRA_34_LC_156340600_LC_156341200,34,LC_156340600,LC_156341200,141.6499491659856,AC_500kV,2.766222437433406,294.18647695778606,0.0,within_province_mst_plus_3_nearest_neighbours_geodesic,within_AC500_source_range,2025_simultaneous_wind_solar_hydro_nameplate_spatial_balance_proxy; thermal_nuclear_biomass_allocated_by_city_demand_share
INTRA_34_LC_156340600_LC_156341300,34,LC_156340600,LC_156341300,33.43964379863042,AC_500kV,2.9894425249184033,188.53081014019293,0.0,within_province_mst_plus_3_nearest_neighbours_geodesic,within_AC500_source_range,2025_simultaneous_wind_solar_hydro_nameplate_spatial_balance_proxy; thermal_nuclear_biomass_allocated_by_city_demand_share
INTRA_34_LC_156340600_LC_156341600,34,LC_156340600,LC_156341600,72.3463486273435,AC_500kV,2.9894425249184033,222.8896244982666,0.0,within_province_mst_plus_3_nearest_neighbours_geodesic,within_AC500_source_range,2025_simultaneous_wind_solar_hydro_nameplate_spatial_balance_proxy; thermal_nuclear_biomass_allocated_by_city_demand_share
INTRA_34_LC_156340700_LC_156340800,34,LC_156340700,LC_156340800,101.17686801108253,AC_500kV,2.982790045037176,248.54935731855335,0.0,within_province_mst_plus_3_nearest_neighbours_geodesic,within_AC500_source_range,2025_simultaneous_wind_solar_hydro_nameplate_spatial_balance_proxy; thermal_nuclear_biomass_allocated_by_city_demand_share
INTRA_34_LC_156340700_LC_156341000,34,LC_156340700,LC_156341000,127.81801536846882,AC_500kV,2.8376308858828643,277.9159457812185,0.0,within_province_mst_plus_3_nearest_neighbours_geodesic,within_AC500_source_range,2025_simultaneous_wind_solar_hydro_nameplate_spatial_balance_proxy; thermal_nuclear_biomass_allocated_by_city_demand_share
INTRA_34_LC_156340700_LC_156341700,34,LC_156340700,LC_156341700,65.09874342087808,AC_500kV,2.9894425249184033,216.48920783677187,1.2230379360051629,within_province_mst_plus_3_nearest_neighbours_geodesic,within_AC500_source_range,2025_simultaneous_wind_solar_hydro_nameplate_spatial_balance_proxy; thermal_nuclear_biomass_allocated_by_city_demand_share
INTRA_34_LC_156340700_LC_156341800,34,LC_156340700,LC_156341800,118.51730464610915,AC_500kV,2.8871439911653396,267.3720400586733,0.0,within_province_mst_plus_3_nearest_neighbours_geodesic,within_AC500_source_range,2025_simultaneous_wind_solar_hydro_nameplate_spatial_balance_proxy; thermal_nuclear_biomass_allocated_by_city_demand_share
INTRA_34_LC_156340800_LC_156341500,34,LC_156340800,LC_156341500,123.56256739795822,AC_500kV,2.860133281541163,273.05243945654036,0.0,within_province_mst_plus_3_nearest_neighbours_geodesic,within_AC500_source_range,2025_simultaneous_wind_solar_hydro_nameplate_spatial_balance_proxy; thermal_nuclear_biomass_allocated_by_city_demand_share
INTRA_34_LC_156340800_LC_156341700,34,LC_156340800,LC_156341700,72.82792550690377,AC_500kV,2.9894425249184033,223.31490879506833,0.07227479860060404,within_province_mst_plus_3_nearest_neighbours_geodesic,within_AC500_source_range,2025_simultaneous_wind_solar_hydro_nameplate_spatial_balance_proxy; thermal_nuclear_biomass_allocated_by_city_demand_share
INTRA_34_LC_156341000_LC_156341700,34,LC_156341000,LC_156341700,96.33843067022765,AC_500kV,2.9894425249184033,244.0772191970284,0.0,within_province_mst_plus_3_nearest_neighbours_geodesic,within_AC500_source_range,2025_simultaneous_wind_solar_hydro_nameplate_spatial_balance_proxy; thermal_nuclear_biomass_allocated_by_city_demand_share
INTRA_34_LC_156341000_LC_156341800,34,LC_156341000,LC_156341800,122.48242240185833,AC_500kV,2.8658855975729516,271.82850767481654,1.6956217356228502,within_province_mst_plus_3_nearest_neighbours_geodesic,within_AC500_source_range,2025_simultaneous_wind_solar_hydro_nameplate_spatial_balance_proxy; thermal_nuclear_biomass_allocated_by_city_demand_share
INTRA_34_LC_156341200_LC_156341600,34,LC_156341200,LC_156341600,70.93737885822988,AC_500kV,2.9894425249184033,221.64535231057454,0.2321153257273365,within_province_mst_plus_3_nearest_neighbours_geodesic,within_AC500_source_range,2025_simultaneous_wind_solar_hydro_nameplate_spatial_balance_proxy; thermal_nuclear_biomass_allocated_by_city_demand_share
INTRA_34_LC_156341300_LC_156341600,34,LC_156341300,LC_156341600,102.72607960085108,AC_500kV,2.9740644841348702,250.1872797624076,0.0,within_province_mst_plus_3_nearest_neighbours_geodesic,within_AC500_source_range,2025_simultaneous_wind_solar_hydro_nameplate_spatial_balance_proxy; thermal_nuclear_biomass_allocated_by_city_demand_share
INTRA_35_LC_156350100_LC_156350300,35,LC_156350100,LC_156350300,75.51431144718691,AC_500kV,2.9894425249184033,225.687277162492,1.2476890182375562,within_province_mst_plus_3_nearest_neighbours_geodesic,within_AC500_source_range,2025_simultaneous_wind_solar_hydro_nameplate_spatial_balance_proxy; thermal_nuclear_biomass_allocated_by_city_demand_share
INTRA_35_LC_156350100_LC_156350500,35,LC_156350100,LC_156350500,145.72030523674766,AC_500kV,2.745703981982121,299.1103718206717,0.0,within_province_mst_plus_3_nearest_neighbours_geodesic,within_AC500_source_range,2025_simultaneous_wind_solar_hydro_nameplate_spatial_balance_proxy; thermal_nuclear_biomass_allocated_by_city_demand_share
INTRA_35_LC_156350100_LC_156350700,35,LC_156350100,LC_156350700,178.04668455338523,AC_500kV,2.5903956207451295,340.45616193009494,0.0,within_province_mst_plus_3_nearest_neighbours_geodesic,within_AC500_source_range,2025_simultaneous_wind_solar_hydro_nameplate_spatial_balance_proxy; thermal_nuclear_biomass_allocated_by_city_demand_share
INTRA_35_LC_156350100_LC_156350900,35,LC_156350100,LC_156350900,109.30120234004592,AC_500kV,2.937428923873037,257.23392553691394,0.0,within_province_mst_plus_3_nearest_neighbours_geodesic,within_AC500_source_range,2025_simultaneous_wind_solar_hydro_nameplate_spatial_balance_proxy; thermal_nuclear_biomass_allocated_by_city_demand_share
INTRA_35_LC_156350200_LC_156350300,35,LC_156350200,LC_156350300,129.73692263493422,AC_500kV,2.827566850403167,280.1308145402081,0.0,within_province_mst_plus_3_nearest_neighbours_geodesic,within_AC500_source_range,2025_simultaneous_wind_solar_hydro_nameplate_spatial_balance_proxy; thermal_nuclear_biomass_allocated_by_city_demand_share
INTRA_35_LC_156350200_LC_156350500,35,LC_156350200,LC_156350500,58.58649528719157,AC_500kV,2.9894425249184033,210.73819073922735,0.40377516845163797,within_province_mst_plus_3_nearest_neighbours_geodesic,within_AC500_source_range,2025_simultaneous_wind_solar_hydro_nameplate_spatial_balance_proxy; thermal_nuclear_biomass_allocated_by_city_demand_share
INTRA_35_LC_156350200_LC_156350600,35,LC_156350200,LC_156350600,60.82469834607505,AC_500kV,2.9894425249184033,212.71476530997066,0.0,within_province_mst_plus_3_nearest_neighbours_geodesic,within_AC500_source_range,2025_simultaneous_wind_solar_hydro_nameplate_spatial_balance_proxy; thermal_nuclear_biomass_allocated_by_city_demand_share
INTRA_35_LC_156350200_LC_156350800,35,LC_156350200,LC_156350800,147.91021618069362,AC_500kV,2.7347562495737794,301.7852923922888,0.0,within_province_mst_plus_3_nearest_neighbours_geodesic,within_AC500_source_range,2025_simultaneous_wind_solar_hydro_nameplate_spatial_balance_proxy; thermal_nuclear_biomass_allocated_by_city_demand_share
INTRA_35_LC_156350300_LC_156350400,35,LC_156350300,LC_156350400,172.665027685614,AC_500kV,2.615334278850475,333.2934648072504,0.0,within_province_mst_plus_3_nearest_neighbours_geodesic,within_AC500_source_range,2025_simultaneous_wind_solar_hydro_nameplate_spatial_balance_proxy; thermal_nuclear_biomass_allocated_by_city_demand_share
INTRA_35_LC_156350300_LC_156350500,35,LC_156350300,LC_156350500,71.16359162973869,AC_500kV,2.9894425249184033,221.8451225726904,2.151309233407701,within_province_mst_plus_3_nearest_neighbours_geodesic,within_AC500_source_range,2025_simultaneous_wind_solar_hydro_nameplate_spatial_balance_proxy; thermal_nuclear_biomass_allocated_by_city_demand_share
INTRA_35_LC_156350300_LC_156350900,35,LC_156350300,LC_156350900,183.7134989943865,AC_500kV,2.564518260119594,348.12075803373796,1.0865507510641796,within_province_mst_plus_3_nearest_neighbours_geodesic,within_AC500_source_range,2025_simultaneous_wind_solar_hydro_nameplate_spatial_balance_proxy; thermal_nuclear_biomass_allocated_by_city_demand_share
INTRA_35_LC_156350400_LC_156350700,35,LC_156350400,LC_156350700,128.52082992895689,AC_500kV,2.833938897141259,278.7255845405526,0.986543147157434,within_province_mst_plus_3_nearest_neighbours_geodesic,within_AC500_source_range,2025_simultaneous_wind_solar_hydro_nameplate_spatial_balance_proxy; thermal_nuclear_biomass_allocated_by_city_demand_share
INTRA_35_LC_156350400_LC_156350800,35,LC_156350400,LC_156350800,127.24322352714753,AC_500kV,2.8406554830925277,277.2551393898574,0.24084663480719692,within_province_mst_plus_3_nearest_neighbours_geodesic,within_AC500_source_range,2025_simultaneous_wind_solar_hydro_nameplate_spatial_balance_proxy; thermal_nuclear_biomass_allocated_by_city_demand_share
INTRA_35_LC_156350500_LC_156350600,35,LC_156350500,LC_156350600,117.54131348036294,AC_500kV,2.892411072867643,266.28387486101906,1.8263178184285676,within_province_mst_plus_3_nearest_neighbours_geodesic,within_AC500_source_range,2025_simultaneous_wind_solar_hydro_nameplate_spatial_balance_proxy; thermal_nuclear_biomass_allocated_by_city_demand_share
INTRA_35_LC_156350600_LC_156350800,35,LC_156350600,LC_156350800,125.71044805878604,AC_500kV,2.848743687319582,275.4989270015587,0.31901464057481954,within_province_mst_plus_3_nearest_neighbours_geodesic,within_AC500_source_range,2025_simultaneous_wind_solar_hydro_nameplate_spatial_balance_proxy; thermal_nuclear_biomass_allocated_by_city_demand_share
INTRA_35_LC_156350700_LC_156350900,35,LC_156350700,LC_156350900,151.11978501659328,AC_500kV,2.7188257691874456,305.73843280624754,0.0,within_province_mst_plus_3_nearest_neighbours_geodesic,within_AC500_source_range,2025_simultaneous_wind_solar_hydro_nameplate_spatial_balance_proxy; thermal_nuclear_biomass_allocated_by_city_demand_share
INTRA_36_LC_156360100_LC_156360200,36,LC_156360100,LC_156360200,140.56453314316943,AC_500kV,2.7717315559689104,292.88394943905223,0.0,within_province_mst_plus_3_nearest_neighbours_geodesic,within_AC500_source_range,2025_simultaneous_wind_solar_hydro_nameplate_spatial_balance_proxy; thermal_nuclear_biomass_allocated_by_city_demand_share
INTRA_36_LC_156360100_LC_156360400,36,LC_156360100,LC_156360400,91.08181598605275,AC_500kV,2.9894425249184033,239.4350617878972,0.0,within_province_mst_plus_3_nearest_neighbours_geodesic,within_AC500_source_range,2025_simultaneous_wind_solar_hydro_nameplate_spatial_balance_proxy; thermal_nuclear_biomass_allocated_by_city_demand_share
INTRA_36_LC_156360100_LC_156360600,36,LC_156360100,LC_156360600,120.05830567350422,AC_500kV,2.8788555162698874,269.09719841332156,0.0,within_province_mst_plus_3_nearest_neighbours_geodesic,within_AC500_source_range,2025_simultaneous_wind_solar_hydro_nameplate_spatial_balance_proxy; thermal_nuclear_biomass_allocated_by_city_demand_share
INTRA_36_LC_156360100_LC_156360900,36,LC_156360100,LC_156360900,111.13131355139562,AC_500kV,2.9273452132112188,259.22277743383984,1.5715163298354007,within_province_mst_plus_3_nearest_neighbours_geodesic,within_AC500_source_range,2025_simultaneous_wind_solar_hydro_nameplate_spatial_balance_proxy; thermal_nuclear_biomass_allocated_by_city_demand_share
INTRA_36_LC_156360100_LC_156361000,36,LC_156360100,LC_156361000,120.37207762713062,AC_500kV,2.877172008718618,269.44952612240684,0.0,within_province_mst_plus_3_nearest_neighbours_geodesic,within_AC500_source_range,2025_simultaneous_wind_solar_hydro_nameplate_spatial_balance_proxy; thermal_nuclear_biomass_allocated_by_city_demand_share
INTRA_36_LC_156360200_LC_156360400,36,LC_156360200,LC_156360400,148.3762802627924,AC_500kV,2.732434529242019,302.3569132953512,0.0,within_province_mst_plus_3_nearest_neighbours_geodesic,within_AC500_source_range,2025_simultaneous_wind_solar_hydro_nameplate_spatial_balance_proxy; thermal_nuclear_biomass_allocated_by_city_demand_share
INTRA_36_LC_156360200_LC_156360600,36,LC_156360200,LC_156360600,110.77908441171547,AC_500kV,2.9292821472076382,258.8390623196593,0.0,within_province_mst_plus_3_nearest_neighbours_geodesic,within_AC500_source_range,2025_simultaneous_wind_solar_hydro_nameplate_spatial_balance_proxy; thermal_nuclear_biomass_allocated_by_city_demand_share
INTRA_36_LC_156360200_LC_156361100,36,LC_156360200,LC_156361100,72.46092146811803,AC_500kV,2.9894425249184033,222.99080466718559,1.756031579506677,within_province_mst_plus_3_nearest_neighbours_geodesic,within_AC500_source_range,2025_simultaneous_wind_solar_hydro_nameplate_spatial_balance_proxy; thermal_nuclear_biomass_allocated_by_city_demand_share
INTRA_36_LC_156360300_LC_156360500,36,LC_156360300,LC_156360500,107.47755558152447,AC_500kV,2.9475259233367495,255.26403774390408,0.5743728338928009,within_province_mst_plus_3_nearest_neighbours_geodesic,within_AC500_source_range,2025_simultaneous_wind_solar_hydro_nameplate_spatial_balance_proxy; thermal_nuclear_biomass_allocated_by_city_demand_share
INTRA_36_LC_156360300_LC_156360700,36,LC_156360300,LC_156360700,244.6565816423406,AC_500kV,2.309522568148001,438.66532323332916,0.0,within_province_mst_plus_3_nearest_neighbours_geodesic,within_AC500_source_range,2025_simultaneous_wind_solar_hydro_nameplate_spatial_balance_proxy; thermal_nuclear_biomass_allocated_by_city_demand_share
INTRA_36_LC_156360300_LC_156360800,36,LC_156360300,LC_156360800,117.92739144796077,AC_500kV,2.8903259120978104,266.71391285651003,0.20514720341939974,within_province_mst_plus_3_nearest_neighbours_geodesic,within_AC500_source_range,2025_simultaneous_wind_solar_hydro_nameplate_spatial_balance_proxy; thermal_nuclear_biomass_allocated_by_city_demand_share
INTRA_36_LC_156360300_LC_156360900,36,LC_156360300,LC_156360900,122.7574982083151,AC_500kV,2.864419112753709,272.13979641701167,1.337489585836023,within_province_mst_plus_3_nearest_neighbours_geodesic,within_AC500_source_range,2025_simultaneous_wind_solar_hydro_nameplate_spatial_balance_proxy; thermal_nuclear_biomass_allocated_by_city_demand_share
INTRA_36_LC_156360400_LC_156360900,36,LC_156360400,LC_156360900,162.5820427659961,AC_500kV,2.6630301431386116,320.1760174807338,1.796393812837084,within_province_mst_plus_3_nearest_neighbours_geodesic,within_AC500_source_range,2025_simultaneous_wind_solar_hydro_nameplate_spatial_balance_proxy; thermal_nuclear_biomass_allocated_by_city_demand_share
INTRA_36_LC_156360500_LC_156360700,36,LC_156360500,LC_156360700,234.50886922640694,AC_500kV,2.3491685465282726,422.54150521581715,0.0,within_province_mst_plus_3_nearest_neighbours_geodesic,within_AC500_source_range,2025_simultaneous_wind_solar_hydro_nameplate_spatial_balance_proxy; thermal_nuclear_biomass_allocated_by_city_demand_share
INTRA_36_LC_156360500_LC_156360800,36,LC_156360500,LC_156360800,92.72808448171546,AC_500kV,2.9894425249184033,240.8888943310294,0.0,within_province_mst_plus_3_nearest_neighbours_geodesic,within_AC500_source_range,2025_simultaneous_wind_solar_hydro_nameplate_spatial_balance_proxy; thermal_nuclear_biomass_allocated_by_city_demand_share
INTRA_36_LC_156360500_LC_156360900,36,LC_156360500,LC_156360900,35.36408303198949,AC_500kV,2.9894425249184033,190.23029743045504,0.0,within_province_mst_plus_3_nearest_neighbours_geodesic,within_AC500_source_range,2025_simultaneous_wind_solar_hydro_nameplate_spatial_balance_proxy; thermal_nuclear_biomass_allocated_by_city_demand_share
INTRA_36_LC_156360500_LC_156361000,36,LC_156360500,LC_156361000,148.25820499804155,AC_500kV,2.7330224547923256,302.21201807490127,0.956407633792459,within_province_mst_plus_3_nearest_neighbours_geodesic,within_AC500_source_range,2025_simultaneous_wind_solar_hydro_nameplate_spatial_balance_proxy; thermal_nuclear_biomass_allocated_by_city_demand_share
INTRA_36_LC_156360600_LC_156361000,36,LC_156360600,LC_156361000,89.46403932710491,AC_500kV,2.9894425249184033,238.00639060789558,0.0,within_province_mst_plus_3_nearest_neighbours_geodesic,within_AC500_source_range,2025_simultaneous_wind_solar_hydro_nameplate_spatial_balance_proxy; thermal_nuclear_biomass_allocated_by_city_demand_share
INTRA_36_LC_156360600_LC_156361100,36,LC_156360600,LC_156361100,69.48965361962244,AC_500kV,2.9894425249184033,220.3668548656277,0.5020486764183705,within_province_mst_plus_3_nearest_neighbours_geodesic,within_AC500_source_range,2025_simultaneous_wind_solar_hydro_nameplate_spatial_balance_proxy; thermal_nuclear_biomass_allocated_by_city_demand_share
INTRA_36_LC_156360700_LC_156360800,36,LC_156360700,LC_156360800,144.38899757101987,AC_500kV,2.7523906228036052,297.4930432582322,0.04880151697418178,within_province_mst_plus_3_nearest_neighbours_geodesic,within_AC500_source_range,2025_simultaneous_wind_solar_hydro_nameplate_spatial_balance_proxy; thermal_nuclear_biomass_allocated_by_city_demand_share
INTRA_36_LC_156360800_LC_156360900,36,LC_156360800,LC_156360900,128.0890367428529,AC_500kV,2.8362063535481297,278.2279456599113,0.0,within_province_mst_plus_3_nearest_neighbours_geodesic,within_AC500_source_range,2025_simultaneous_wind_solar_hydro_nameplate_spatial_balance_proxy; thermal_nuclear_biomass_allocated_by_city_demand_share
INTRA_36_LC_156361000_LC_156361100,36,LC_156361000,LC_156361100,158.90271319999312,AC_500kV,2.680755369363818,315.48692441024036,0.849379512587578,within_province_mst_plus_3_nearest_neighbours_geodesic,within_AC500_source_range,2025_simultaneous_wind_solar_hydro_nameplate_spatial_balance_proxy; thermal_nuclear_biomass_allocated_by_city_demand_share
INTRA_37_LC_156370100_LC_156370300,37,LC_156370100,LC_156370300,83.08320680501684,AC_500kV,2.9894425249184033,232.37142766149395,0.0,within_province_mst_plus_3_nearest_neighbours_geodesic,within_AC500_source_range,2025_simultaneous_wind_solar_hydro_nameplate_spatial_balance_proxy; thermal_nuclear_biomass_allocated_by_city_demand_share
INTRA_37_LC_156370100_LC_156370900,37,LC_156370100,LC_156370900,64.02289527501988,AC_500kV,2.9894425249184033,215.53911795165416,0.0,within_province_mst_plus_3_nearest_neighbours_geodesic,within_AC500_source_range,2025_simultaneous_wind_solar_hydro_nameplate_spatial_balance_proxy; thermal_nuclear_biomass_allocated_by_city_demand_share
INTRA_37_LC_156370100_LC_156371400,37,LC_156370100,LC_156371400,87.33996592701851,AC_500kV,2.9894425249184033,236.1306048286118,0.0,within_province_mst_plus_3_nearest_neighbours_geodesic,within_AC500_source_range,2025_simultaneous_wind_solar_hydro_nameplate_spatial_balance_proxy; thermal_nuclear_biomass_allocated_by_city_demand_share
INTRA_37_LC_156370100_LC_156371500,37,LC_156370100,LC_156371500,112.52134061131706,AC_500kV,2.9197190252807945,260.741413006448,6.107874277715305,within_province_mst_plus_3_nearest_neighbours_geodesic,within_AC500_source_range,2025_simultaneous_wind_solar_hydro_nameplate_spatial_balance_proxy; thermal_nuclear_biomass_allocated_by_city_demand_share
INTRA_37_LC_156370100_LC_156371600,37,LC_156370100,LC_156371600,106.66389963339587,AC_500kV,2.9520467115839217,254.38896993980032,10.404475295600058,within_province_mst_plus_3_nearest_neighbours_geodesic,within_AC500_source_range,2025_simultaneous_wind_solar_hydro_nameplate_spatial_balance_proxy; thermal_nuclear_biomass_allocated_by_city_demand_share
INTRA_37_LC_156370200_LC_156370600,37,LC_156370200,LC_156370600,138.35335428260225,AC_500kV,2.783003863463244,290.2441064496187,0.0,within_province_mst_plus_3_nearest_neighbours_geodesic,within_AC500_source_range,2025_simultaneous_wind_solar_hydro_nameplate_spatial_balance_proxy; thermal_nuclear_biomass_allocated_by_city_demand_share
INTRA_37_LC_156370200_LC_156370700,37,LC_156370200,LC_156370700,109.54486988419994,AC_500kV,2.93608351044792,257.4980350406207,1.1227015712516177,within_province_mst_plus_3_nearest_neighbours_geodesic,within_AC500_source_range,2025_simultaneous_wind_solar_hydro_nameplate_spatial_balance_proxy; thermal_nuclear_biomass_allocated_by_city_demand_share
INTRA_37_LC_156370200_LC_156371000,37,LC_156370200,LC_156371000,194.4465888350482,AC_500kV,2.5165613314593838,362.9842971865247,2.7814193299402303,within_province_mst_plus_3_nearest_neighbours_geodesic,within_AC500_source_range,2025_simultaneous_wind_solar_hydro_nameplate_spatial_balance_proxy; thermal_nuclear_biomass_allocated_by_city_demand_share
INTRA_37_LC_156370200_LC_156371100,37,LC_156370200,LC_156371100,121.32454171646046,AC_500kV,2.87207026230626,270.5212236744719,0.0,within_province_mst_plus_3_nearest_neighbours_geodesic,within_AC500_source_range,2025_simultaneous_wind_solar_hydro_nameplate_spatial_balance_proxy; thermal_nuclear_biomass_allocated_by_city_demand_share
INTRA_37_LC_156370300_LC_156370500,37,LC_156370300,LC_156370500,95.4013149191523,AC_500kV,2.9894425249184033,243.24964497132675,6.721036835881011,within_province_mst_plus_3_nearest_neighbours_geodesic,within_AC500_source_range,2025_simultaneous_wind_solar_hydro_nameplate_spatial_balance_proxy; thermal_nuclear_biomass_allocated_by_city_demand_share
INTRA_37_LC_156370300_LC_156370700,37,LC_156370300,LC_156370700,93.72120984541849,AC_500kV,2.9894425249184033,241.76593108230378,2.3622285077469423,within_province_mst_plus_3_nearest_neighbours_geodesic,within_AC500_source_range,2025_simultaneous_wind_solar_hydro_nameplate_spatial_balance_proxy; thermal_nuclear_biomass_allocated_by_city_demand_share
INTRA_37_LC_156370300_LC_156370900,37,LC_156370300,LC_156370900,115.19343849590214,AC_500kV,2.905137838599111,263.68029213230966,7.149316679872917,within_province_mst_plus_3_nearest_neighbours_geodesic,within_AC500_source_range,2025_simultaneous_wind_solar_hydro_nameplate_spatial_balance_proxy; thermal_nuclear_biomass_allocated_by_city_demand_share
INTRA_37_LC_156370300_LC_156371600,37,LC_156370300,LC_156371600,75.6899931787771,AC_500kV,2.9894425249184033,225.84242306930645,0.0,within_province_mst_plus_3_nearest_neighbours_geodesic,within_AC500_source_range,2025_simultaneous_wind_solar_hydro_nameplate_spatial_balance_proxy; thermal_nuclear_biomass_allocated_by_city_demand_share
INTRA_37_LC_156370400_LC_156370800,37,LC_156370400,LC_156370800,81.17604671341435,AC_500kV,2.9894425249184033,230.68719971602843,0.0,within_province_mst_plus_3_nearest_neighbours_geodesic,within_AC500_source_range,2025_simultaneous_wind_solar_hydro_nameplate_spatial_balance_proxy; thermal_nuclear_biomass_allocated_by_city_demand_share
INTRA_37_LC_156370400_LC_156370900,37,LC_156370400,LC_156370900,127.74102632388474,AC_500kV,2.8380357399810383,277.82736525978663,0.0,within_province_mst_plus_3_nearest_neighbours_geodesic,within_AC500_source_range,2025_simultaneous_wind_solar_hydro_nameplate_spatial_balance_proxy; thermal_nuclear_biomass_allocated_by_city_demand_share
INTRA_37_LC_156370400_LC_156371300,37,LC_156370400,LC_156371300,91.27744860747639,AC_500kV,2.9894425249184033,239.6078264810644,1.5378897456270204,within_province_mst_plus_3_nearest_neighbours_geodesic,within_AC500_source_range,2025_simultaneous_wind_solar_hydro_nameplate_spatial_balance_proxy; thermal_nuclear_biomass_allocated_by_city_demand_share
INTRA_37_LC_156370400_LC_156371700,37,LC_156370400,LC_156371700,154.85772513359507,AC_500kV,2.700443237880693,310.391589579767,0.0,within_province_mst_plus_3_nearest_neighbours_geodesic,within_AC500_source_range,2025_simultaneous_wind_solar_hydro_nameplate_spatial_balance_proxy; thermal_nuclear_biomass_allocated_by_city_demand_share
INTRA_37_LC_156370500_LC_156370700,37,LC_156370500,LC_156370700,109.23906308244604,AC_500kV,2.937772166025441,257.16660729270455,0.0,within_province_mst_plus_3_nearest_neighbours_geodesic,within_AC500_source_range,2025_simultaneous_wind_solar_hydro_nameplate_spatial_balance_proxy; thermal_nuclear_biomass_allocated_by_city_demand_share
INTRA_37_LC_156370500_LC_156371600,37,LC_156370500,LC_156371600,65.34244743423592,AC_500kV,2.9894425249184033,216.70442475092955,18.326840306826405,within_province_mst_plus_3_nearest_neighbours_geodesic,within_AC500_source_range,2025_simultaneous_wind_solar_hydro_nameplate_spatial_balance_proxy; thermal_nuclear_biomass_allocated_by_city_demand_share
INTRA_37_LC_156370600_LC_156370700,37,LC_156370600,LC_156370700,183.51505666527524,AC_500kV,2.5654178720287457,347.8502278239753,0.0,within_province_mst_plus_3_nearest_neighbours_geodesic,within_AC500_source_range,2025_simultaneous_wind_solar_hydro_nameplate_spatial_balance_proxy; thermal_nuclear_biomass_allocated_by_city_demand_share
INTRA_37_LC_156370600_LC_156371000,37,LC_156370600,LC_156371000,104.39660843091335,AC_500kV,2.9646958040995317,251.96301019366183,0.016973054487019468,within_province_mst_plus_3_nearest_neighbours_geodesic,within_AC500_source_range,2025_simultaneous_wind_solar_hydro_nameplate_spatial_balance_proxy; thermal_nuclear_biomass_allocated_by_city_demand_share
INTRA_37_LC_156370700_LC_156371000,37,LC_156370700,LC_156371000,273.52181543759883,AC_500kV,2.202424028866688,486.86492668572737,0.0,within_province_mst_plus_3_nearest_neighbours_geodesic,within_AC500_source_range,2025_simultaneous_wind_solar_hydro_nameplate_spatial_balance_proxy; thermal_nuclear_biomass_allocated_by_city_demand_share
INTRA_37_LC_156370700_LC_156371100,37,LC_156370700,LC_156371100,115.85378441874875,AC_500kV,2.9015503719658198,264.41053976542844,2.5711169438138812,within_province_mst_plus_3_nearest_neighbours_geodesic,within_AC500_source_range,2025_simultaneous_wind_solar_hydro_nameplate_spatial_balance_proxy; thermal_nuclear_biomass_allocated_by_city_demand_share
INTRA_37_LC_156370800_LC_156370900,37,LC_156370800,LC_156370900,79.34544521500928,AC_500kV,2.9894425249184033,229.07058126108046,7.763793941987238,within_province_mst_plus_3_nearest_neighbours_geodesic,within_AC500_source_range,2025_simultaneous_wind_solar_hydro_nameplate_spatial_balance_proxy; thermal_nuclear_biomass_allocated_by_city_demand_share
INTRA_37_LC_156370800_LC_156371700,37,LC_156370800,LC_156371700,95.33208693037516,AC_500kV,2.9894425249184033,243.1885091947235,3.5886544795929143,within_province_mst_plus_3_nearest_neighbours_geodesic,within_AC500_source_range,2025_simultaneous_wind_solar_hydro_nameplate_spatial_balance_proxy; thermal_nuclear_biomass_allocated_by_city_demand_share
INTRA_37_LC_156370900_LC_156371300,37,LC_156370900,LC_156371300,143.93561371807147,AC_500kV,2.7546731997398983,296.9437750552726,0.0,within_province_mst_plus_3_nearest_neighbours_geodesic,within_AC500_source_range,2025_simultaneous_wind_solar_hydro_nameplate_spatial_balance_proxy; thermal_nuclear_biomass_allocated_by_city_demand_share
INTRA_37_LC_156370900_LC_156371500,37,LC_156370900,LC_156371500,116.94840535084589,AC_500kV,2.8956174674671167,265.6245087947686,0.0,within_province_mst_plus_3_nearest_neighbours_geodesic,within_AC500_source_range,2025_simultaneous_wind_solar_hydro_nameplate_spatial_balance_proxy; thermal_nuclear_biomass_allocated_by_city_demand_share
INTRA_37_LC_156371100_LC_156371300,37,LC_156371100,LC_156371300,89.05179113863412,AC_500kV,2.9894425249184033,237.6423310186942,7.981659627328189,within_province_mst_plus_3_nearest_neighbours_geodesic,within_AC500_source_range,2025_simultaneous_wind_solar_hydro_nameplate_spatial_balance_proxy; thermal_nuclear_biomass_allocated_by_city_demand_share
INTRA_37_LC_156371400_LC_156371500,37,LC_156371400,LC_156371500,111.35640805487573,AC_500kV,2.926108351273251,259.4682267274726,0.0,within_province_mst_plus_3_nearest_neighbours_geodesic,within_AC500_source_range,2025_simultaneous_wind_solar_hydro_nameplate_spatial_balance_proxy; thermal_nuclear_biomass_allocated_by_city_demand_share
INTRA_37_LC_156371400_LC_156371600,37,LC_156371400,LC_156371600,110.74177262739617,AC_500kV,2.9294874336939354,258.7984413156116,2.6852213265275173,within_province_mst_plus_3_nearest_neighbours_geodesic,within_AC500_source_range,2025_simultaneous_wind_solar_hydro_nameplate_spatial_balance_proxy; thermal_nuclear_biomass_allocated_by_city_demand_share
INTRA_37_LC_156371500_LC_156371700,37,LC_156371500,LC_156371700,145.86782185983665,AC_500kV,2.744964518357798,299.2899917775087,0.0,within_province_mst_plus_3_nearest_neighbours_geodesic,within_AC500_source_range,2025_simultaneous_wind_solar_hydro_nameplate_spatial_balance_proxy; thermal_nuclear_biomass_allocated_by_city_demand_share
INTRA_41_LC_156410100_LC_156410200,41,LC_156410100,LC_156410200,82.24549255142267,AC_500kV,2.9894425249184033,231.6316356731703,0.0,within_province_mst_plus_3_nearest_neighbours_geodesic,within_AC500_source_range,2025_simultaneous_wind_solar_hydro_nameplate_spatial_balance_proxy; thermal_nuclear_biomass_allocated_by_city_demand_share
INTRA_41_LC_156410100_LC_156410400,41,LC_156410100,LC_156410400,108.4604967478447,AC_500kV,2.9420775853663454,256.32432374948934,0.0,within_province_mst_plus_3_nearest_neighbours_geodesic,within_AC500_source_range,2025_simultaneous_wind_solar_hydro_nameplate_spatial_balance_proxy; thermal_nuclear_biomass_allocated_by_city_demand_share
INTRA_41_LC_156410100_LC_156410700,41,LC_156410100,LC_156410700,77.54223802323212,AC_500kV,2.9894425249184033,227.47815493188665,0.0,within_province_mst_plus_3_nearest_neighbours_geodesic,within_AC500_source_range,2025_simultaneous_wind_solar_hydro_nameplate_spatial_balance_proxy; thermal_nuclear_biomass_allocated_by_city_demand_share
INTRA_41_LC_156410100_LC_156410800,41,LC_156410100,LC_156410800,63.20685941840771,AC_500kV,2.9894425249184033,214.81847032471413,5.552332816234893,within_province_mst_plus_3_nearest_neighbours_geodesic,within_AC500_source_range,2025_simultaneous_wind_solar_hydro_nameplate_spatial_balance_proxy; thermal_nuclear_biomass_allocated_by_city_demand_share
INTRA_41_LC_156410100_LC_156411000,41,LC_156410100,LC_156411000,69.74243598021667,AC_500kV,2.9894425249184033,220.5900889390063,0.4952183563930932,within_province_mst_plus_3_nearest_neighbours_geodesic,within_AC500_source_range,2025_simultaneous_wind_solar_hydro_nameplate_spatial_balance_proxy; thermal_nuclear_biomass_allocated_by_city_demand_share
INTRA_41_LC_156410200_LC_156410700,41,LC_156410200,LC_156410700,77.96505078883433,AC_500kV,2.9894425249184033,227.85154418151615,0.841436139752501,within_province_mst_plus_3_nearest_neighbours_geodesic,within_AC500_source_range,2025_simultaneous_wind_solar_hydro_nameplate_spatial_balance_proxy; thermal_nuclear_biomass_allocated_by_city_demand_share
INTRA_41_LC_156410200_LC_156411000,41,LC_156410200,LC_156411000,95.24004345949483,AC_500kV,2.9894425249184033,243.1072248880012,0.8768174851766917,within_province_mst_plus_3_nearest_neighbours_geodesic,within_AC500_source_range,2025_simultaneous_wind_solar_hydro_nameplate_spatial_balance_proxy; thermal_nuclear_biomass_allocated_by_city_demand_share
INTRA_41_LC_156410200_LC_156411400,41,LC_156410200,LC_156411400,118.64725606340532,AC_500kV,2.8864437191233634,267.5171880997285,0.0,within_province_mst_plus_3_nearest_neighbours_geodesic,within_AC500_source_range,2025_simultaneous_wind_solar_hydro_nameplate_spatial_balance_proxy; thermal_nuclear_biomass_allocated_by_city_demand_share
INTRA_41_LC_156410300_LC_156410400,41,LC_156410300,LC_156410400,108.62006849200516,AC_500kV,2.941194438362672,256.4967778663854,0.0,within_province_mst_plus_3_nearest_neighbours_geodesic,within_AC500_source_range,2025_simultaneous_wind_solar_hydro_nameplate_spatial_balance_proxy; thermal_nuclear_biomass_allocated_by_city_demand_share
INTRA_41_LC_156410300_LC_156410800,41,LC_156410300,LC_156410800,98.63494776929808,AC_500kV,2.9894425249184033,246.1052913512878,0.7701324278878872,within_province_mst_plus_3_nearest_neighbours_geodesic,within_AC500_source_range,2025_simultaneous_wind_solar_hydro_nameplate_spatial_balance_proxy; thermal_nuclear_biomass_allocated_by_city_demand_share
INTRA_41_LC_156410300_LC_156411200,41,LC_156410300,LC_156411200,97.45348126470972,AC_500kV,2.9894425249184033,245.06192907015532,0.0,within_province_mst_plus_3_nearest_neighbours_geodesic,within_AC500_source_range,2025_simultaneous_wind_solar_hydro_nameplate_spatial_balance_proxy; thermal_nuclear_biomass_allocated_by_city_demand_share
INTRA_41_LC_156410400_LC_156411000,41,LC_156410400,LC_156411000,63.69174986750994,AC_500kV,2.9894425249184033,215.24668086061155,0.0,within_province_mst_plus_3_nearest_neighbours_geodesic,within_AC500_source_range,2025_simultaneous_wind_solar_hydro_nameplate_spatial_balance_proxy; thermal_nuclear_biomass_allocated_by_city_demand_share
INTRA_41_LC_156410400_LC_156411100,41,LC_156410400,LC_156411100,77.22078816690392,AC_500kV,2.9894425249184033,227.1942800576809,0.0,within_province_mst_plus_3_nearest_neighbours_geodesic,within_AC500_source_range,2025_simultaneous_wind_solar_hydro_nameplate_spatial_balance_proxy; thermal_nuclear_biomass_allocated_by_city_demand_share
INTRA_41_LC_156410400_LC_156411200,41,LC_156410400,LC_156411200,189.99855470938405,AC_500kV,2.536269903796292,356.76924517457076,1.182335416467735,within_province_mst_plus_3_nearest_neighbours_geodesic,within_AC500_source_range,2025_simultaneous_wind_solar_hydro_nameplate_spatial_balance_proxy; thermal_nuclear_biomass_allocated_by_city_demand_share
INTRA_41_LC_156410400_LC_156411300,41,LC_156410400,LC_156411300,115.69942083602389,AC_500kV,2.902388420450489,264.2396946097565,1.9380955324813378,within_province_mst_plus_3_nearest_neighbours_geodesic,within_AC500_source_range,2025_simultaneous_wind_solar_hydro_nameplate_spatial_balance_proxy; thermal_nuclear_biomass_allocated_by_city_demand_share
INTRA_41_LC_156410500_LC_156410600,41,LC_156410500,LC_156410600,35.15799151124103,AC_500kV,2.9894425249184033,190.0482964017546,0.0,within_province_mst_plus_3_nearest_neighbours_geodesic,within_AC500_source_range,2025_simultaneous_wind_solar_hydro_nameplate_spatial_balance_proxy; thermal_nuclear_biomass_allocated_by_city_demand_share
INTRA_41_LC_156410500_LC_156410700,41,LC_156410500,LC_156410700,78.92541584016243,AC_500kV,2.9894425249184033,228.69965004552682,1.306630169620548,within_province_mst_plus_3_nearest_neighbours_geodesic,within_AC500_source_range,2025_simultaneous_wind_solar_hydro_nameplate_spatial_balance_proxy; thermal_nuclear_biomass_allocated_by_city_demand_share
INTRA_41_LC_156410500_LC_156410900,41,LC_156410500,LC_156410900,80.8018158744402,AC_500kV,2.9894425249184033,230.3567135445578,0.031585297124106404,within_province_mst_plus_3_nearest_neighbours_geodesic,within_AC500_source_range,2025_simultaneous_wind_solar_hydro_nameplate_spatial_balance_proxy; thermal_nuclear_biomass_allocated_by_city_demand_share
INTRA_41_LC_156410600_LC_156410700,41,LC_156410600,LC_156410700,48.738818841047404,AC_500kV,2.9894425249184033,202.041630895338,1.7937342379466097,within_province_mst_plus_3_nearest_neighbours_geodesic,within_AC500_source_range,2025_simultaneous_wind_solar_hydro_nameplate_spatial_balance_proxy; thermal_nuclear_biomass_allocated_by_city_demand_share
INTRA_41_LC_156410600_LC_156410900,41,LC_156410600,LC_156410900,77.1181788284535,AC_500kV,2.9894425249184033,227.10366495093405,0.0,within_province_mst_plus_3_nearest_neighbours_geodesic,within_AC500_source_range,2025_simultaneous_wind_solar_hydro_nameplate_spatial_balance_proxy; thermal_nuclear_biomass_allocated_by_city_demand_share
INTRA_41_LC_156410700_LC_156410800,41,LC_156410700,LC_156410800,86.01712368960631,AC_500kV,2.9894425249184033,234.96239253563135,0.0,within_province_mst_plus_3_nearest_neighbours_geodesic,within_AC500_source_range,2025_simultaneous_wind_solar_hydro_nameplate_spatial_balance_proxy; thermal_nuclear_biomass_allocated_by_city_demand_share
INTRA_41_LC_156410700_LC_156410900,41,LC_156410700,LC_156410900,117.60931938559622,AC_500kV,2.892043625867476,266.3595848972859,0.0,within_province_mst_plus_3_nearest_neighbours_geodesic,within_AC500_source_range,2025_simultaneous_wind_solar_hydro_nameplate_spatial_balance_proxy; thermal_nuclear_biomass_allocated_by_city_demand_share
INTRA_41_LC_156410800_LC_156411200,41,LC_156410800,LC_156411200,181.0781450715915,AC_500kV,2.576504063415036,344.5406749700109,7.000539685077511,within_province_mst_plus_3_nearest_neighbours_geodesic,within_AC500_source_range,2025_simultaneous_wind_solar_hydro_nameplate_spatial_balance_proxy; thermal_nuclear_biomass_allocated_by_city_demand_share
INTRA_41_LC_156410900_LC_156411400,41,LC_156410900,LC_156411400,173.6792653396631,AC_500kV,2.6106069714834774,334.6347338014501,0.1836860274458454,within_province_mst_plus_3_nearest_neighbours_geodesic,within_AC500_source_range,2025_simultaneous_wind_solar_hydro_nameplate_spatial_balance_proxy; thermal_nuclear_biomass_allocated_by_city_demand_share
INTRA_41_LC_156411000_LC_156411100,41,LC_156411000,LC_156411100,52.21057112926293,AC_500kV,2.9894425249184033,205.10756240748142,4.251673750466944,within_province_mst_plus_3_nearest_neighbours_geodesic,within_AC500_source_range,2025_simultaneous_wind_solar_hydro_nameplate_spatial_balance_proxy; thermal_nuclear_biomass_allocated_by_city_demand_share
INTRA_41_LC_156411100_LC_156411300,41,LC_156411100,LC_156411300,161.7562743291188,AC_500kV,2.66699322308312,319.1191036155717,0.0,within_province_mst_plus_3_nearest_neighbours_geodesic,within_AC500_source_range,2025_simultaneous_wind_solar_hydro_nameplate_spatial_balance_proxy; thermal_nuclear_biomass_allocated_by_city_demand_share
INTRA_41_LC_156411100_LC_156411500,41,LC_156411100,LC_156411500,186.09340396264747,AC_500kV,2.553766163646478,351.3772792728563,2.08043922245657,within_province_mst_plus_3_nearest_neighbours_geodesic,within_AC500_source_range,2025_simultaneous_wind_solar_hydro_nameplate_spatial_balance_proxy; thermal_nuclear_biomass_allocated_by_city_demand_share
INTRA_41_LC_156411100_LC_156411600,41,LC_156411100,LC_156411600,88.4286078651489,AC_500kV,2.9894425249184033,237.09199301142783,0.6567257800566786,within_province_mst_plus_3_nearest_neighbours_geodesic,within_AC500_source_range,2025_simultaneous_wind_solar_hydro_nameplate_spatial_balance_proxy; thermal_nuclear_biomass_allocated_by_city_demand_share
INTRA_41_LC_156411100_LC_156411700,41,LC_156411100,LC_156411700,77.83409062388264,AC_500kV,2.9894425249184033,227.73589223885773,0.9773329896712539,within_province_mst_plus_3_nearest_neighbours_geodesic,within_AC500_source_range,2025_simultaneous_wind_solar_hydro_nameplate_spatial_balance_proxy; thermal_nuclear_biomass_allocated_by_city_demand_share
INTRA_41_LC_156411300_LC_156411700,41,LC_156411300,LC_156411700,164.62258784018758,AC_500kV,2.6532742522832145,322.7989859224341,0.0,within_province_mst_plus_3_nearest_neighbours_geodesic,within_AC500_source_range,2025_simultaneous_wind_solar_hydro_nameplate_spatial_balance_proxy; thermal_nuclear_biomass_allocated_by_city_demand_share
INTRA_41_LC_156411400_LC_156411600,41,LC_156411400,LC_156411600,101.10029707969208,AC_500kV,2.983222244817321,248.46862231068243,0.0,within_province_mst_plus_3_nearest_neighbours_geodesic,within_AC500_source_range,2025_simultaneous_wind_solar_hydro_nameplate_spatial_balance_proxy; thermal_nuclear_biomass_allocated_by_city_demand_share
INTRA_41_LC_156411500_LC_156411600,41,LC_156411500,LC_156411600,170.56571556734735,AC_500kV,2.6251596395733094,330.5299451925854,0.0,within_province_mst_plus_3_nearest_neighbours_geodesic,within_AC500_source_range,2025_simultaneous_wind_solar_hydro_nameplate_spatial_balance_proxy; thermal_nuclear_biomass_allocated_by_city_demand_share
INTRA_41_LC_156411500_LC_156411700,41,LC_156411500,LC_156411700,109.95550219845184,AC_500kV,2.9338181694440904,257.9435980822617,0.0,within_province_mst_plus_3_nearest_neighbours_geodesic,within_AC500_source_range,2025_simultaneous_wind_solar_hydro_nameplate_spatial_balance_proxy; thermal_nuclear_biomass_allocated_by_city_demand_share
INTRA_41_LC_156411600_LC_156411700,41,LC_156411600,LC_156411700,101.82097601343189,AC_500kV,2.979157897947403,249.2293150895643,0.0,within_province_mst_plus_3_nearest_neighbours_geodesic,within_AC500_source_range,2025_simultaneous_wind_solar_hydro_nameplate_spatial_balance_proxy; thermal_nuclear_biomass_allocated_by_city_demand_share
INTRA_42_LC_156420100_LC_156420200,42,LC_156420100,LC_156420200,87.03230167624929,AC_500kV,2.9894425249184033,235.85890413015034,0.0,within_province_mst_plus_3_nearest_neighbours_geodesic,within_AC500_source_range,2025_simultaneous_wind_solar_hydro_nameplate_spatial_balance_proxy; thermal_nuclear_biomass_allocated_by_city_demand_share
INTRA_42_LC_156420100_LC_156420700,42,LC_156420100,LC_156420700,56.665014529475926,AC_500kV,2.9894425249184033,209.04131610187073,0.0,within_province_mst_plus_3_nearest_neighbours_geodesic,within_AC500_source_range,2025_simultaneous_wind_solar_hydro_nameplate_spatial_balance_proxy; thermal_nuclear_biomass_allocated_by_city_demand_share
INTRA_42_LC_156420100_LC_156420900,42,LC_156420100,LC_156420900,64.82868829114217,AC_500kV,2.9894425249184033,216.25072004630255,4.314398955635206,within_province_mst_plus_3_nearest_neighbours_geodesic,within_AC500_source_range,2025_simultaneous_wind_solar_hydro_nameplate_spatial_balance_proxy; thermal_nuclear_biomass_allocated_by_city_demand_share
INTRA_42_LC_156420100_LC_156421100,42,LC_156420100,LC_156421100,97.38666625401108,AC_500kV,2.9894425249184033,245.00292421330522,2.6468941163433257,within_province_mst_plus_3_nearest_neighbours_geodesic,within_AC500_source_range,2025_simultaneous_wind_solar_hydro_nameplate_spatial_balance_proxy; thermal_nuclear_biomass_allocated_by_city_demand_share
INTRA_42_LC_156420100_LC_156421200,42,LC_156420100,LC_156421200,101.96225674329814,AC_500kV,2.9783620422412938,249.37865577945053,0.0,within_province_mst_plus_3_nearest_neighbours_geodesic,within_AC500_source_range,2025_simultaneous_wind_solar_hydro_nameplate_spatial_balance_proxy; thermal_nuclear_biomass_allocated_by_city_demand_share
INTRA_42_LC_156420200_LC_156420700,42,LC_156420200,LC_156420700,34.66985657436903,AC_500kV,2.9894425249184033,189.61722063341307,0.0,within_province_mst_plus_3_nearest_neighbours_geodesic,within_AC500_source_range,2025_simultaneous_wind_solar_hydro_nameplate_spatial_balance_proxy; thermal_nuclear_biomass_allocated_by_city_demand_share
INTRA_42_LC_156420200_LC_156421100,42,LC_156420200,LC_156421100,66.13713449574608,AC_500kV,2.9894425249184033,217.40621909047587,0.0,within_province_mst_plus_3_nearest_neighbours_geodesic,within_AC500_source_range,2025_simultaneous_wind_solar_hydro_nameplate_spatial_balance_proxy; thermal_nuclear_biomass_allocated_by_city_demand_share
INTRA_42_LC_156420200_LC_156421200,42,LC_156420200,LC_156421200,92.94763373451795,AC_500kV,2.9894425249184033,241.0827799878257,0.2757927303843637,within_province_mst_plus_3_nearest_neighbours_geodesic,within_AC500_source_range,2025_simultaneous_wind_solar_hydro_nameplate_spatial_balance_proxy; thermal_nuclear_biomass_allocated_by_city_demand_share
INTRA_42_LC_156420300_LC_156420500,42,LC_156420300,LC_156420500,214.67988320999817,AC_500kV,2.42979346470242,392.2522907430761,0.0,within_province_mst_plus_3_nearest_neighbours_geodesic,within_AC500_source_range,2025_simultaneous_wind_solar_hydro_nameplate_spatial_balance_proxy; thermal_nuclear_biomass_allocated_by_city_demand_share
INTRA_42_LC_156420300_LC_156420600,42,LC_156420300,LC_156420600,146.8499030905576,AC_500kV,2.740048975913013,300.48788856224434,0.7791609171290306,within_province_mst_plus_3_nearest_neighbours_geodesic,within_AC500_source_range,2025_simultaneous_wind_solar_hydro_nameplate_spatial_balance_proxy; thermal_nuclear_biomass_allocated_by_city_demand_share
INTRA_42_LC_156420300_LC_156420800,42,LC_156420300,LC_156420800,241.05900299231595,AC_500kV,2.323455722412948,432.9005360682347,0.0,within_province_mst_plus_3_nearest_neighbours_geodesic,within_AC500_source_range,2025_simultaneous_wind_solar_hydro_nameplate_spatial_balance_proxy; thermal_nuclear_biomass_allocated_by_city_demand_share
INTRA_42_LC_156420300_LC_156422800,42,LC_156420300,LC_156422800,282.3162829219761,AC_500kV,2.1713936875919764,502.2426791940035,0.0,within_province_mst_plus_3_nearest_neighbours_geodesic,within_AC500_source_range,2025_simultaneous_wind_solar_hydro_nameplate_spatial_balance_proxy; thermal_nuclear_biomass_allocated_by_city_demand_share
INTRA_42_LC_156420500_LC_156420600,42,LC_156420500,LC_156420600,165.79012264692525,AC_500kV,2.6477159941264405,324.3069758081392,0.0,within_province_mst_plus_3_nearest_neighbours_geodesic,within_AC500_source_range,2025_simultaneous_wind_solar_hydro_nameplate_spatial_balance_proxy; thermal_nuclear_biomass_allocated_by_city_demand_share
INTRA_42_LC_156420500_LC_156420800,42,LC_156420500,LC_156420800,115.54673495068756,AC_500kV,2.903217698933098,264.0707910681019,0.0,within_province_mst_plus_3_nearest_neighbours_geodesic,within_AC500_source_range,2025_simultaneous_wind_solar_hydro_nameplate_spatial_balance_proxy; thermal_nuclear_biomass_allocated_by_city_demand_share
INTRA_42_LC_156420500_LC_156421000,42,LC_156420500,LC_156421000,129.93844976681208,AC_500kV,2.8265128823509227,280.3642115436127,0.0,within_province_mst_plus_3_nearest_neighbours_geodesic,within_AC500_source_range,2025_simultaneous_wind_solar_hydro_nameplate_spatial_balance_proxy; thermal_nuclear_biomass_allocated_by_city_demand_share
INTRA_42_LC_156420500_LC_156422800,42,LC_156420500,LC_156422800,188.58640232363123,AC_500kV,2.5425758241645537,354.8124896031281,0.0,within_province_mst_plus_3_nearest_neighbours_geodesic,within_AC500_source_range,2025_simultaneous_wind_solar_hydro_nameplate_spatial_balance_proxy; thermal_nuclear_biomass_allocated_by_city_demand_share
INTRA_42_LC_156420600_LC_156420800,42,LC_156420600,LC_156420800,118.0522287660968,AC_500kV,2.889652138371665,266.8530802389649,0.0,within_province_mst_plus_3_nearest_neighbours_geodesic,within_AC500_source_range,2025_simultaneous_wind_solar_hydro_nameplate_spatial_balance_proxy; thermal_nuclear_biomass_allocated_by_city_demand_share
INTRA_42_LC_156420600_LC_156421300,42,LC_156420600,LC_156421300,140.65318160971069,AC_500kV,2.7712810171263533,292.9901645321688,0.0,within_province_mst_plus_3_nearest_neighbours_geodesic,within_AC500_source_range,2025_simultaneous_wind_solar_hydro_nameplate_spatial_balance_proxy; thermal_nuclear_biomass_allocated_by_city_demand_share
INTRA_42_LC_156420700_LC_156420900,42,LC_156420700,LC_156420900,119.81888832420996,AC_500kV,2.88014102735675,268.82860289526127,0.0,within_province_mst_plus_3_nearest_neighbours_geodesic,within_AC500_source_range,2025_simultaneous_wind_solar_hydro_nameplate_spatial_balance_proxy; thermal_nuclear_biomass_allocated_by_city_demand_share
INTRA_42_LC_156420700_LC_156421100,42,LC_156420700,LC_156421100,54.21342982250241,AC_500kV,2.9894425249184033,206.8763025341365,3.373953096139238,within_province_mst_plus_3_nearest_neighbours_geodesic,within_AC500_source_range,2025_simultaneous_wind_solar_hydro_nameplate_spatial_balance_proxy; thermal_nuclear_biomass_allocated_by_city_demand_share
INTRA_42_LC_156420700_LC_156421200,42,LC_156420700,LC_156421200,100.14368866221167,AC_500kV,2.9886291806216683,247.4617401792366,1.3176778316346587,within_province_mst_plus_3_nearest_neighbours_geodesic,within_AC500_source_range,2025_simultaneous_wind_solar_hydro_nameplate_spatial_balance_proxy; thermal_nuclear_biomass_allocated_by_city_demand_share
INTRA_42_LC_156420800_LC_156421000,42,LC_156420800,LC_156421000,107.18471968685047,AC_500kV,2.9491518352477253,254.9488272496883,0.0,within_province_mst_plus_3_nearest_neighbours_geodesic,within_AC500_source_range,2025_simultaneous_wind_solar_hydro_nameplate_spatial_balance_proxy; thermal_nuclear_biomass_allocated_by_city_demand_share
INTRA_42_LC_156420800_LC_156421300,42,LC_156420800,LC_156421300,123.66398981275522,AC_500kV,2.859594003730209,273.16758206927443,0.0,within_province_mst_plus_3_nearest_neighbours_geodesic,within_AC500_source_range,2025_simultaneous_wind_solar_hydro_nameplate_spatial_balance_proxy; thermal_nuclear_biomass_allocated_by_city_demand_share
INTRA_42_LC_156420900_LC_156421000,42,LC_156420900,LC_156421000,165.53027318643092,AC_500kV,2.6489515621815243,323.97089922334766,0.0,within_province_mst_plus_3_nearest_neighbours_geodesic,within_AC500_source_range,2025_simultaneous_wind_solar_hydro_nameplate_spatial_balance_proxy; thermal_nuclear_biomass_allocated_by_city_demand_share
INTRA_42_LC_156420900_LC_156421300,42,LC_156420900,LC_156421300,86.2067471332191,AC_500kV,2.9894425249184033,235.1298504770251,0.0,within_province_mst_plus_3_nearest_neighbours_geodesic,within_AC500_source_range,2025_simultaneous_wind_solar_hydro_nameplate_spatial_balance_proxy; thermal_nuclear_biomass_allocated_by_city_demand_share
INTRA_42_LC_156421000_LC_156422800,42,LC_156421000,LC_156422800,291.44186502392006,AC_500kV,2.1399527132662315,518.5437034161357,0.0,within_province_mst_plus_3_nearest_neighbours_geodesic,within_AC500_source_range,2025_simultaneous_wind_solar_hydro_nameplate_spatial_balance_proxy; thermal_nuclear_biomass_allocated_by_city_demand_share
INTRA_43_LC_156430100_LC_156430200,43,LC_156430100,LC_156430200,79.7941700181815,AC_500kV,2.9894425249184033,229.46685363310306,0.0,within_province_mst_plus_3_nearest_neighbours_geodesic,within_AC500_source_range,2025_simultaneous_wind_solar_hydro_nameplate_spatial_balance_proxy; thermal_nuclear_biomass_allocated_by_city_demand_share
INTRA_43_LC_156430100_LC_156430300,43,LC_156430100,LC_156430300,51.23493862663329,AC_500kV,2.9894425249184033,204.2459737381985,0.642530464224289,within_province_mst_plus_3_nearest_neighbours_geodesic,within_AC500_source_range,2025_simultaneous_wind_solar_hydro_nameplate_spatial_balance_proxy; thermal_nuclear_biomass_allocated_by_city_demand_share
INTRA_43_LC_156430100_LC_156430600,43,LC_156430100,LC_156430600,108.26877318162832,AC_500kV,2.9431391715405835,256.1172426922243,7.346726270995327,within_province_mst_plus_3_nearest_neighbours_geodesic,within_AC500_source_range,2025_simultaneous_wind_solar_hydro_nameplate_spatial_balance_proxy; thermal_nuclear_biomass_allocated_by_city_demand_share
INTRA_43_LC_156430100_LC_156430900,43,LC_156430100,LC_156430900,94.87859058406474,AC_500kV,2.9894425249184033,242.7880230357557,0.0,within_province_mst_plus_3_nearest_neighbours_geodesic,within_AC500_source_range,2025_simultaneous_wind_solar_hydro_nameplate_spatial_balance_proxy; thermal_nuclear_biomass_allocated_by_city_demand_share
INTRA_43_LC_156430200_LC_156430300,43,LC_156430200,LC_156430300,66.28503186801078,AC_500kV,2.9894425249184033,217.536828412958,0.277888350811323,within_province_mst_plus_3_nearest_neighbours_geodesic,within_AC500_source_range,2025_simultaneous_wind_solar_hydro_nameplate_spatial_balance_proxy; thermal_nuclear_biomass_allocated_by_city_demand_share
INTRA_43_LC_156430200_LC_156430400,43,LC_156430200,LC_156430400,111.76556377418791,AC_500kV,2.9238619935029426,259.91484790304935,1.790161486598512,within_province_mst_plus_3_nearest_neighbours_geodesic,within_AC500_source_range,2025_simultaneous_wind_solar_hydro_nameplate_spatial_balance_proxy; thermal_nuclear_biomass_allocated_by_city_demand_share
INTRA_43_LC_156430200_LC_156431000,43,LC_156430200,LC_156431000,197.97181935981618,AC_500kV,2.5011062263986177,367.9657758608999,0.7140937691438669,within_province_mst_plus_3_nearest_neighbours_geodesic,within_AC500_source_range,2025_simultaneous_wind_solar_hydro_nameplate_spatial_balance_proxy; thermal_nuclear_biomass_allocated_by_city_demand_share
INTRA_43_LC_156430300_LC_156430400,43,LC_156430300,LC_156430400,114.03818529306432,AC_500kV,2.911429154856918,262.40653787554913,0.0,within_province_mst_plus_3_nearest_neighbours_geodesic,within_AC500_source_range,2025_simultaneous_wind_solar_hydro_nameplate_spatial_balance_proxy; thermal_nuclear_biomass_allocated_by_city_demand_share
INTRA_43_LC_156430300_LC_156430900,43,LC_156430300,LC_156430900,107.36712661518776,AC_500kV,2.9481389091541965,255.14513528652407,0.0,within_province_mst_plus_3_nearest_neighbours_geodesic,within_AC500_source_range,2025_simultaneous_wind_solar_hydro_nameplate_spatial_balance_proxy; thermal_nuclear_biomass_allocated_by_city_demand_share
INTRA_43_LC_156430300_LC_156431300,43,LC_156430300,LC_156431300,96.11076599486967,AC_500kV,2.9894425249184033,243.876166747304,3.2276750361466275,within_province_mst_plus_3_nearest_neighbours_geodesic,within_AC500_source_range,2025_simultaneous_wind_solar_hydro_nameplate_spatial_balance_proxy; thermal_nuclear_biomass_allocated_by_city_demand_share
INTRA_43_LC_156430400_LC_156431000,43,LC_156430400,LC_156431000,119.87152542754907,AC_500kV,2.879858331150025,268.8876370777433,0.0,within_province_mst_plus_3_nearest_neighbours_geodesic,within_AC500_source_range,2025_simultaneous_wind_solar_hydro_nameplate_spatial_balance_proxy; thermal_nuclear_biomass_allocated_by_city_demand_share
INTRA_43_LC_156430400_LC_156431100,43,LC_156430400,LC_156431100,126.11950538224886,AC_500kV,2.8465819346616197,275.9667699196989,3.8187501515209554,within_province_mst_plus_3_nearest_neighbours_geodesic,within_AC500_source_range,2025_simultaneous_wind_solar_hydro_nameplate_spatial_balance_proxy; thermal_nuclear_biomass_allocated_by_city_demand_share
INTRA_43_LC_156430500_LC_156431100,43,LC_156430500,LC_156431100,139.794457920179,AC_500kV,2.7756497851865984,291.9625123741834,1.2278620424922533,within_province_mst_plus_3_nearest_neighbours_geodesic,within_AC500_source_range,2025_simultaneous_wind_solar_hydro_nameplate_spatial_balance_proxy; thermal_nuclear_biomass_allocated_by_city_demand_share
INTRA_43_LC_156430500_LC_156431200,43,LC_156430500,LC_156431200,128.15620386480705,AC_500kV,2.8358534708888934,278.30531026239555,0.1349445571809893,within_province_mst_plus_3_nearest_neighbours_geodesic,within_AC500_source_range,2025_simultaneous_wind_solar_hydro_nameplate_spatial_balance_proxy; thermal_nuclear_biomass_allocated_by_city_demand_share
INTRA_43_LC_156430500_LC_156431300,43,LC_156430500,LC_156431300,89.56155511117068,AC_500kV,2.9894425249184033,238.09250755705506,0.0,within_province_mst_plus_3_nearest_neighbours_geodesic,within_AC500_source_range,2025_simultaneous_wind_solar_hydro_nameplate_spatial_balance_proxy; thermal_nuclear_biomass_allocated_by_city_demand_share
INTRA_43_LC_156430600_LC_156430700,43,LC_156430600,LC_156430700,149.17379707710631,AC_500kV,2.728468326495502,303.3369602129079,0.7109547107310012,within_province_mst_plus_3_nearest_neighbours_geodesic,within_AC500_source_range,2025_simultaneous_wind_solar_hydro_nameplate_spatial_balance_proxy; thermal_nuclear_biomass_allocated_by_city_demand_share
INTRA_43_LC_156430600_LC_156430900,43,LC_156430600,LC_156430900,114.02996092957325,AC_500kV,2.9114740126547414,262.39748716478493,0.0,within_province_mst_plus_3_nearest_neighbours_geodesic,within_AC500_source_range,2025_simultaneous_wind_solar_hydro_nameplate_spatial_balance_proxy; thermal_nuclear_biomass_allocated_by_city_demand_share
INTRA_43_LC_156430700_LC_156430800,43,LC_156430700,LC_156430800,107.87397612882523,AC_500kV,2.9453268937501393,255.69123572816494,1.1666201359563746,within_province_mst_plus_3_nearest_neighbours_geodesic,within_AC500_source_range,2025_simultaneous_wind_solar_hydro_nameplate_spatial_balance_proxy; thermal_nuclear_biomass_allocated_by_city_demand_share
INTRA_43_LC_156430700_LC_156430900,43,LC_156430700,LC_156430900,83.70213024720037,AC_500kV,2.9894425249184033,232.9180037785274,0.0,within_province_mst_plus_3_nearest_neighbours_geodesic,within_AC500_source_range,2025_simultaneous_wind_solar_hydro_nameplate_spatial_balance_proxy; thermal_nuclear_biomass_allocated_by_city_demand_share
INTRA_43_LC_156430700_LC_156433100,43,LC_156430700,LC_156433100,204.5255802645163,AC_500kV,2.4727556453217447,377.3586287306068,0.0,within_province_mst_plus_3_nearest_neighbours_geodesic,within_AC500_source_range,2025_simultaneous_wind_solar_hydro_nameplate_spatial_balance_proxy; thermal_nuclear_biomass_allocated_by_city_demand_share
INTRA_43_LC_156430800_LC_156430900,43,LC_156430800,LC_156430900,174.88148801136725,AC_500kV,2.605019956010342,336.229785624021,0.0,within_province_mst_plus_3_nearest_neighbours_geodesic,within_AC500_source_range,2025_simultaneous_wind_solar_hydro_nameplate_spatial_balance_proxy; thermal_nuclear_biomass_allocated_by_city_demand_share
INTRA_43_LC_156430800_LC_156433100,43,LC_156430800,LC_156433100,115.22679018364691,AC_500kV,2.904956497604907,263.71713649950874,0.0,within_province_mst_plus_3_nearest_neighbours_geodesic,within_AC500_source_range,2025_simultaneous_wind_solar_hydro_nameplate_spatial_balance_proxy; thermal_nuclear_biomass_allocated_by_city_demand_share
INTRA_43_LC_156430900_LC_156431300,43,LC_156430900,LC_156431300,112.13526244934019,AC_500kV,2.9218343636178554,260.31891682583296,1.2760256349374046,within_province_mst_plus_3_nearest_neighbours_geodesic,within_AC500_source_range,2025_simultaneous_wind_solar_hydro_nameplate_spatial_balance_proxy; thermal_nuclear_biomass_allocated_by_city_demand_share
INTRA_43_LC_156431000_LC_156431100,43,LC_156431000,LC_156431100,125.27163687648093,AC_500kV,2.8510652951290503,274.99773667720933,0.0,within_province_mst_plus_3_nearest_neighbours_geodesic,within_AC500_source_range,2025_simultaneous_wind_solar_hydro_nameplate_spatial_balance_proxy; thermal_nuclear_biomass_allocated_by_city_demand_share
INTRA_43_LC_156431200_LC_156431300,43,LC_156431200,LC_156431300,173.59524512359891,AC_500kV,2.6109981012875267,334.52347008613674,0.0,within_province_mst_plus_3_nearest_neighbours_geodesic,within_AC500_source_range,2025_simultaneous_wind_solar_hydro_nameplate_spatial_balance_proxy; thermal_nuclear_biomass_allocated_by_city_demand_share
INTRA_43_LC_156431200_LC_156433100,43,LC_156431200,LC_156433100,120.6439575104689,AC_500kV,2.8757144031569557,269.7551040110203,0.7837828890813663,within_province_mst_plus_3_nearest_neighbours_geodesic,within_AC500_source_range,2025_simultaneous_wind_solar_hydro_nameplate_spatial_balance_proxy; thermal_nuclear_biomass_allocated_by_city_demand_share
INTRA_44_LC_156440100_LC_156440200,44,LC_156440100,LC_156440200,186.17382638630664,AC_500kV,2.553404012368573,351.4877141568868,0.0,within_province_mst_plus_3_nearest_neighbours_geodesic,within_AC500_source_range,2025_simultaneous_wind_solar_hydro_nameplate_spatial_balance_proxy; thermal_nuclear_biomass_allocated_by_city_demand_share
INTRA_44_LC_156440100_LC_156440600,44,LC_156440100,LC_156440600,38.73637705854768,AC_500kV,2.9894425249184033,193.20839657633397,2.3106650066583736,within_province_mst_plus_3_nearest_neighbours_geodesic,within_AC500_source_range,2025_simultaneous_wind_solar_hydro_nameplate_spatial_balance_proxy; thermal_nuclear_biomass_allocated_by_city_demand_share
INTRA_44_LC_156440100_LC_156441800,44,LC_156440100,LC_156441800,100.81654459061964,AC_500kV,2.9848246349339584,248.16961975058368,0.0,within_province_mst_plus_3_nearest_neighbours_geodesic,within_AC500_source_range,2025_simultaneous_wind_solar_hydro_nameplate_spatial_balance_proxy; thermal_nuclear_biomass_allocated_by_city_demand_share
INTRA_44_LC_156440100_LC_156441900,44,LC_156440100,LC_156441900,57.52711237618477,AC_500kV,2.9894425249184033,209.80264143137293,1.1722647420828203,within_province_mst_plus_3_nearest_neighbours_geodesic,within_AC500_source_range,2025_simultaneous_wind_solar_hydro_nameplate_spatial_balance_proxy; thermal_nuclear_biomass_allocated_by_city_demand_share
INTRA_44_LC_156440100_LC_156442000,44,LC_156440100,LC_156442000,72.79509148196964,AC_500kV,2.9894425249184033,223.2859128116689,0.0,within_province_mst_plus_3_nearest_neighbours_geodesic,within_AC500_source_range,2025_simultaneous_wind_solar_hydro_nameplate_spatial_balance_proxy; thermal_nuclear_biomass_allocated_by_city_demand_share
INTRA_44_LC_156440200_LC_156441600,44,LC_156440200,LC_156441600,158.6299781465149,AC_500kV,2.6820761881039195,315.1414042465573,1.0400222001914123,within_province_mst_plus_3_nearest_neighbours_geodesic,within_AC500_source_range,2025_simultaneous_wind_solar_hydro_nameplate_spatial_balance_proxy; thermal_nuclear_biomass_allocated_by_city_demand_share
INTRA_44_LC_156440200_LC_156441800,44,LC_156440200,LC_156441800,111.00707086958552,AC_500kV,2.9280282258866146,259.08737774615093,0.0,within_province_mst_plus_3_nearest_neighbours_geodesic,within_AC500_source_range,2025_simultaneous_wind_solar_hydro_nameplate_spatial_balance_proxy; thermal_nuclear_biomass_allocated_by_city_demand_share
INTRA_44_LC_156440300_LC_156440400,44,LC_156440300,LC_156440400,79.58588733470148,AC_500kV,2.9894425249184033,229.2829175715117,0.0,within_province_mst_plus_3_nearest_neighbours_geodesic,within_AC500_source_range,2025_simultaneous_wind_solar_hydro_nameplate_spatial_balance_proxy; thermal_nuclear_biomass_allocated_by_city_demand_share
INTRA_44_LC_156440300_LC_156441300,44,LC_156440300,LC_156441300,68.45589757860908,AC_500kV,2.9894425249184033,219.4539368464563,0.0,within_province_mst_plus_3_nearest_neighbours_geodesic,within_AC500_source_range,2025_simultaneous_wind_solar_hydro_nameplate_spatial_balance_proxy; thermal_nuclear_biomass_allocated_by_city_demand_share
INTRA_44_LC_156440300_LC_156441900,44,LC_156440300,LC_156441900,37.22933738206896,AC_500kV,2.9894425249184033,191.8775180888767,0.0,within_province_mst_plus_3_nearest_neighbours_geodesic,within_AC500_source_range,2025_simultaneous_wind_solar_hydro_nameplate_spatial_balance_proxy; thermal_nuclear_biomass_allocated_by_city_demand_share
INTRA_44_LC_156440300_LC_156442000,44,LC_156440300,LC_156442000,70.97556055173177,AC_500kV,2.9894425249184033,221.67907086177757,7.80114386601865,within_province_mst_plus_3_nearest_neighbours_geodesic,within_AC500_source_range,2025_simultaneous_wind_solar_hydro_nameplate_spatial_balance_proxy; thermal_nuclear_biomass_allocated_by_city_demand_share
INTRA_44_LC_156440400_LC_156440700,44,LC_156440400,LC_156440700,69.48981254182635,AC_500kV,2.9894425249184033,220.36699521106496,1.4721657431678148,within_province_mst_plus_3_nearest_neighbours_geodesic,within_AC500_source_range,2025_simultaneous_wind_solar_hydro_nameplate_spatial_balance_proxy; thermal_nuclear_biomass_allocated_by_city_demand_share
INTRA_44_LC_156440400_LC_156442000,44,LC_156440400,LC_156442000,37.99794420019001,AC_500kV,2.9894425249184033,192.55628076215973,0.0,within_province_mst_plus_3_nearest_neighbours_geodesic,within_AC500_source_range,2025_simultaneous_wind_solar_hydro_nameplate_spatial_balance_proxy; thermal_nuclear_biomass_allocated_by_city_demand_share
INTRA_44_LC_156440500_LC_156441400,44,LC_156440500,LC_156441400,113.3288272479139,AC_500kV,2.915301783618649,261.62680372085606,0.0,within_province_mst_plus_3_nearest_neighbours_geodesic,within_AC500_source_range,2025_simultaneous_wind_solar_hydro_nameplate_spatial_balance_proxy; thermal_nuclear_biomass_allocated_by_city_demand_share
INTRA_44_LC_156440500_LC_156441500,44,LC_156440500,LC_156441500,104.16923443424179,AC_500kV,2.9659685214880316,251.72073419323647,4.9374705230694,within_province_mst_plus_3_nearest_neighbours_geodesic,within_AC500_source_range,2025_simultaneous_wind_solar_hydro_nameplate_spatial_balance_proxy; thermal_nuclear_biomass_allocated_by_city_demand_share
INTRA_44_LC_156440500_LC_156445100,44,LC_156440500,LC_156445100,58.37824132862407,AC_500kV,2.9894425249184033,210.55428004483016,0.0,within_province_mst_plus_3_nearest_neighbours_geodesic,within_AC500_source_range,2025_simultaneous_wind_solar_hydro_nameplate_spatial_balance_proxy; thermal_nuclear_biomass_allocated_by_city_demand_share
INTRA_44_LC_156440500_LC_156445200,44,LC_156440500,LC_156445200,28.599952980756928,AC_500kV,2.9894425249184033,184.2568414478078,0.0,within_province_mst_plus_3_nearest_neighbours_geodesic,within_AC500_source_range,2025_simultaneous_wind_solar_hydro_nameplate_spatial_balance_proxy; thermal_nuclear_biomass_allocated_by_city_demand_share
INTRA_44_LC_156440600_LC_156440700,44,LC_156440600,LC_156440700,63.86258810412056,AC_500kV,2.9894425249184033,215.39754943924876,7.4167479794839775,within_province_mst_plus_3_nearest_neighbours_geodesic,within_AC500_source_range,2025_simultaneous_wind_solar_hydro_nameplate_spatial_balance_proxy; thermal_nuclear_biomass_allocated_by_city_demand_share
INTRA_44_LC_156440600_LC_156441200,44,LC_156440600,LC_156441200,77.23436769536265,AC_500kV,2.9894425249184033,227.20627224513132,0.0,within_province_mst_plus_3_nearest_neighbours_geodesic,within_AC500_source_range,2025_simultaneous_wind_solar_hydro_nameplate_spatial_balance_proxy; thermal_nuclear_biomass_allocated_by_city_demand_share
INTRA_44_LC_156440600_LC_156442000,44,LC_156440600,LC_156442000,61.25758792239662,AC_500kV,2.9894425249184033,213.0970534697071,0.0,within_province_mst_plus_3_nearest_neighbours_geodesic,within_AC500_source_range,2025_simultaneous_wind_solar_hydro_nameplate_spatial_balance_proxy; thermal_nuclear_biomass_allocated_by_city_demand_share
INTRA_44_LC_156440700_LC_156441700,44,LC_156440700,LC_156441700,119.92570859878155,AC_500kV,2.879567372837565,268.94841575413375,22.17692346802635,within_province_mst_plus_3_nearest_neighbours_geodesic,within_AC500_source_range,2025_simultaneous_wind_solar_hydro_nameplate_spatial_balance_proxy; thermal_nuclear_biomass_allocated_by_city_demand_share
INTRA_44_LC_156440700_LC_156442000,44,LC_156440700,LC_156442000,55.383359653997275,AC_500kV,2.9894425249184033,207.90947668931807,11.418528341865171,within_province_mst_plus_3_nearest_neighbours_geodesic,within_AC500_source_range,2025_simultaneous_wind_solar_hydro_nameplate_spatial_balance_proxy; thermal_nuclear_biomass_allocated_by_city_demand_share
INTRA_44_LC_156440700_LC_156445300,44,LC_156440700,LC_156445300,110.06483879027797,AC_500kV,2.933215407421348,258.06233741686947,0.0,within_province_mst_plus_3_nearest_neighbours_geodesic,within_AC500_source_range,2025_simultaneous_wind_solar_hydro_nameplate_spatial_balance_proxy; thermal_nuclear_biomass_allocated_by_city_demand_share
INTRA_44_LC_156440800_LC_156440900,44,LC_156440800,LC_156440900,102.17966925425125,AC_500kV,2.9771379083431624,249.60860972387638,0.0,within_province_mst_plus_3_nearest_neighbours_geodesic,within_AC500_source_range,2025_simultaneous_wind_solar_hydro_nameplate_spatial_balance_proxy; thermal_nuclear_biomass_allocated_by_city_demand_share
INTRA_44_LC_156440800_LC_156441700,44,LC_156440800,LC_156441700,178.79644817376297,AC_500kV,2.5869494314055927,341.46302670178807,14.972003721304132,within_province_mst_plus_3_nearest_neighbours_geodesic,within_AC500_source_range,2025_simultaneous_wind_solar_hydro_nameplate_spatial_balance_proxy; thermal_nuclear_biomass_allocated_by_city_demand_share
INTRA_44_LC_156440800_LC_156445300,44,LC_156440800,LC_156445300,240.9447051782404,AC_500kV,2.323900576603156,432.7182597546117,0.0,within_province_mst_plus_3_nearest_neighbours_geodesic,within_AC500_source_range,2025_simultaneous_wind_solar_hydro_nameplate_spatial_balance_proxy; thermal_nuclear_biomass_allocated_by_city_demand_share
INTRA_44_LC_156440900_LC_156441700,44,LC_156440900,LC_156441700,91.96146882064005,AC_500kV,2.9894425249184033,240.2118900640568,0.731928073624847,within_province_mst_plus_3_nearest_neighbours_geodesic,within_AC500_source_range,2025_simultaneous_wind_solar_hydro_nameplate_spatial_balance_proxy; thermal_nuclear_biomass_allocated_by_city_demand_share
INTRA_44_LC_156440900_LC_156445300,44,LC_156440900,LC_156445300,138.7829430271788,AC_500kV,2.7808086868367887,290.75554698389647,1.4689872103018229,within_province_mst_plus_3_nearest_neighbours_geodesic,within_AC500_source_range,2025_simultaneous_wind_solar_hydro_nameplate_spatial_balance_proxy; thermal_nuclear_biomass_allocated_by_city_demand_share
INTRA_44_LC_156441200_LC_156441800,44,LC_156441200,LC_156441800,96.87281882237127,AC_500kV,2.9894425249184033,244.54914154037488,0.7108198264111021,within_province_mst_plus_3_nearest_neighbours_geodesic,within_AC500_source_range,2025_simultaneous_wind_solar_hydro_nameplate_spatial_balance_proxy; thermal_nuclear_biomass_allocated_by_city_demand_share
INTRA_44_LC_156441200_LC_156445300,44,LC_156441200,LC_156445300,83.60733715114671,AC_500kV,2.9894425249184033,232.83429125637798,1.3623844478857006,within_province_mst_plus_3_nearest_neighbours_geodesic,within_AC500_source_range,2025_simultaneous_wind_solar_hydro_nameplate_spatial_balance_proxy; thermal_nuclear_biomass_allocated_by_city_demand_share
INTRA_44_LC_156441300_LC_156441500,44,LC_156441300,LC_156441500,105.4865032321939,AC_500kV,2.9586058269618962,253.12689111714457,8.544145947070588,within_province_mst_plus_3_nearest_neighbours_geodesic,within_AC500_source_range,2025_simultaneous_wind_solar_hydro_nameplate_spatial_balance_proxy; thermal_nuclear_biomass_allocated_by_city_demand_share
INTRA_44_LC_156441300_LC_156441600,44,LC_156441300,LC_156441600,92.29804911346078,AC_500kV,2.9894425249184033,240.50912674468873,0.7113131992645036,within_province_mst_plus_3_nearest_neighbours_geodesic,within_AC500_source_range,2025_simultaneous_wind_solar_hydro_nameplate_spatial_balance_proxy; thermal_nuclear_biomass_allocated_by_city_demand_share
INTRA_44_LC_156441300_LC_156441900,44,LC_156441300,LC_156441900,66.62055618333393,AC_500kV,2.9894425249184033,217.83313255162923,5.908261339129213,within_province_mst_plus_3_nearest_neighbours_geodesic,within_AC500_source_range,2025_simultaneous_wind_solar_hydro_nameplate_spatial_balance_proxy; thermal_nuclear_biomass_allocated_by_city_demand_share
INTRA_44_LC_156441400_LC_156441600,44,LC_156441400,LC_156441600,127.68000790329258,AC_500kV,2.8383566699106493,277.75717538885044,2.286520014886472,within_province_mst_plus_3_nearest_neighbours_geodesic,within_AC500_source_range,2025_simultaneous_wind_solar_hydro_nameplate_spatial_balance_proxy; thermal_nuclear_biomass_allocated_by_city_demand_share
INTRA_44_LC_156441400_LC_156445100,44,LC_156441400,LC_156445100,84.54197790943998,AC_500kV,2.9894425249184033,233.65967979665825,0.0,within_province_mst_plus_3_nearest_neighbours_geodesic,within_AC500_source_range,2025_simultaneous_wind_solar_hydro_nameplate_spatial_balance_proxy; thermal_nuclear_biomass_allocated_by_city_demand_share
INTRA_44_LC_156441400_LC_156445200,44,LC_156441400,LC_156445200,93.71082936560789,AC_500kV,2.9894425249184033,241.75676399965494,0.0,within_province_mst_plus_3_nearest_neighbours_geodesic,within_AC500_source_range,2025_simultaneous_wind_solar_hydro_nameplate_spatial_balance_proxy; thermal_nuclear_biomass_allocated_by_city_demand_share
INTRA_44_LC_156441500_LC_156441600,44,LC_156441500,LC_156441600,124.69354250630934,AC_500kV,2.854127941281191,274.3385408745503,0.0,within_province_mst_plus_3_nearest_neighbours_geodesic,within_AC500_source_range,2025_simultaneous_wind_solar_hydro_nameplate_spatial_balance_proxy; thermal_nuclear_biomass_allocated_by_city_demand_share
INTRA_44_LC_156441500_LC_156445200,44,LC_156441500,LC_156445200,86.76311453974407,AC_500kV,2.9894425249184033,235.6211828712701,1.6820163955049492,within_province_mst_plus_3_nearest_neighbours_geodesic,within_AC500_source_range,2025_simultaneous_wind_solar_hydro_nameplate_spatial_balance_proxy; thermal_nuclear_biomass_allocated_by_city_demand_share
INTRA_44_LC_156441700_LC_156445300,44,LC_156441700,LC_156445300,97.55362657637704,AC_500kV,2.9894425249184033,245.15036817564004,0.0,within_province_mst_plus_3_nearest_neighbours_geodesic,within_AC500_source_range,2025_simultaneous_wind_solar_hydro_nameplate_spatial_balance_proxy; thermal_nuclear_biomass_allocated_by_city_demand_share
INTRA_44_LC_156445100_LC_156445200,44,LC_156445100,LC_156445200,63.96676867383791,AC_500kV,2.9894425249184033,215.48955211257706,3.047456483301437,within_province_mst_plus_3_nearest_neighbours_geodesic,within_AC500_source_range,2025_simultaneous_wind_solar_hydro_nameplate_spatial_balance_proxy; thermal_nuclear_biomass_allocated_by_city_demand_share
INTRA_45_LC_156450100_LC_156450600,45,LC_156450100,LC_156450600,129.79791577269935,AC_500kV,2.8272478024215233,280.201437435528,0.0,within_province_mst_plus_3_nearest_neighbours_geodesic,within_AC500_source_range,2025_simultaneous_wind_solar_hydro_nameplate_spatial_balance_proxy; thermal_nuclear_biomass_allocated_by_city_demand_share
INTRA_45_LC_156450100_LC_156450700,45,LC_156450100,LC_156450700,97.53092894101717,AC_500kV,2.9894425249184033,245.13032371689877,0.0,within_province_mst_plus_3_nearest_neighbours_geodesic,within_AC500_source_range,2025_simultaneous_wind_solar_hydro_nameplate_spatial_balance_proxy; thermal_nuclear_biomass_allocated_by_city_demand_share
INTRA_45_LC_156450100_LC_156451000,45,LC_156450100,LC_156451000,208.8487061299777,AC_500kV,2.45432295681986,383.6487499336907,0.0,within_province_mst_plus_3_nearest_neighbours_geodesic,within_AC500_source_range,2025_simultaneous_wind_solar_hydro_nameplate_spatial_balance_proxy; thermal_nuclear_biomass_allocated_by_city_demand_share
INTRA_45_LC_156450100_LC_156451300,45,LC_156450100,LC_156451300,135.18835563505615,AC_500kV,2.79925433378146,286.4972604559381,0.0,within_province_mst_plus_3_nearest_neighbours_geodesic,within_AC500_source_range,2025_simultaneous_wind_solar_hydro_nameplate_spatial_balance_proxy; thermal_nuclear_biomass_allocated_by_city_demand_share
INTRA_45_LC_156450100_LC_156451400,45,LC_156450100,LC_156451400,117.69242175487214,AC_500kV,2.8915947003664546,266.45212439125237,0.0,within_province_mst_plus_3_nearest_neighbours_geodesic,within_AC500_source_range,2025_simultaneous_wind_solar_hydro_nameplate_spatial_balance_proxy; thermal_nuclear_biomass_allocated_by_city_demand_share
INTRA_45_LC_156450200_LC_156450300,45,LC_156450200,LC_156450300,135.02161697042328,AC_500kV,2.8001142384775535,286.3009021930928,0.07823835867248174,within_province_mst_plus_3_nearest_neighbours_geodesic,within_AC500_source_range,2025_simultaneous_wind_solar_hydro_nameplate_spatial_balance_proxy; thermal_nuclear_biomass_allocated_by_city_demand_share
INTRA_45_LC_156450200_LC_156450800,45,LC_156450200,LC_156450800,145.67415397777054,AC_500kV,2.745935386149745,299.0541937152275,0.0,within_province_mst_plus_3_nearest_neighbours_geodesic,within_AC500_source_range,2025_simultaneous_wind_solar_hydro_nameplate_spatial_balance_proxy; thermal_nuclear_biomass_allocated_by_city_demand_share
INTRA_45_LC_156450200_LC_156451200,45,LC_156450200,LC_156451200,146.99035760992015,AC_500kV,2.7393470168614873,300.6595056053867,0.0,within_province_mst_plus_3_nearest_neighbours_geodesic,within_AC500_source_range,2025_simultaneous_wind_solar_hydro_nameplate_spatial_balance_proxy; thermal_nuclear_biomass_allocated_by_city_demand_share
INTRA_45_LC_156450200_LC_156451300,45,LC_156450200,LC_156451300,82.65351535210861,AC_500kV,2.9894425249184033,231.99196378947698,0.0,within_province_mst_plus_3_nearest_neighbours_geodesic,within_AC500_source_range,2025_simultaneous_wind_solar_hydro_nameplate_spatial_balance_proxy; thermal_nuclear_biomass_allocated_by_city_demand_share
INTRA_45_LC_156450300_LC_156451100,45,LC_156450300,LC_156451100,142.20765732249683,AC_500kV,2.763397918669309,294.8574575145428,0.0,within_province_mst_plus_3_nearest_neighbours_geodesic,within_AC500_source_range,2025_simultaneous_wind_solar_hydro_nameplate_spatial_balance_proxy; thermal_nuclear_biomass_allocated_by_city_demand_share
INTRA_45_LC_156450300_LC_156451300,45,LC_156450300,LC_156451300,202.35877997205205,AC_500kV,2.4820743057085313,374.234160354324,0.28019684202332495,within_province_mst_plus_3_nearest_neighbours_geodesic,within_AC500_source_range,2025_simultaneous_wind_solar_hydro_nameplate_spatial_balance_proxy; thermal_nuclear_biomass_allocated_by_city_demand_share
INTRA_45_LC_156450400_LC_156450800,45,LC_156450400,LC_156450800,110.95121677060861,AC_500kV,2.9283353521356297,259.02652601273525,0.0,within_province_mst_plus_3_nearest_neighbours_geodesic,within_AC500_source_range,2025_simultaneous_wind_solar_hydro_nameplate_spatial_balance_proxy; thermal_nuclear_biomass_allocated_by_city_demand_share
INTRA_45_LC_156450400_LC_156450900,45,LC_156450400,LC_156450900,134.44419467869778,AC_500kV,2.8030950675305686,285.6217040096488,0.0,within_province_mst_plus_3_nearest_neighbours_geodesic,within_AC500_source_range,2025_simultaneous_wind_solar_hydro_nameplate_spatial_balance_proxy; thermal_nuclear_biomass_allocated_by_city_demand_share
INTRA_45_LC_156450400_LC_156451100,45,LC_156450400,LC_156451100,116.39368864611097,AC_500kV,2.8986219047326736,265.0087683474785,0.28615061438457357,within_province_mst_plus_3_nearest_neighbours_geodesic,within_AC500_source_range,2025_simultaneous_wind_solar_hydro_nameplate_spatial_balance_proxy; thermal_nuclear_biomass_allocated_by_city_demand_share
INTRA_45_LC_156450500_LC_156450600,45,LC_156450500,LC_156450600,113.09569877266681,AC_500kV,2.916576106786086,261.37094244348447,0.044348873189651083,within_province_mst_plus_3_nearest_neighbours_geodesic,within_AC500_source_range,2025_simultaneous_wind_solar_hydro_nameplate_spatial_balance_proxy; thermal_nuclear_biomass_allocated_by_city_demand_share
INTRA_45_LC_156450500_LC_156450700,45,LC_156450500,LC_156450700,74.84228809408815,AC_500kV,2.9894425249184033,225.09380810015261,0.6521036429043772,within_province_mst_plus_3_nearest_neighbours_geodesic,within_AC500_source_range,2025_simultaneous_wind_solar_hydro_nameplate_spatial_balance_proxy; thermal_nuclear_biomass_allocated_by_city_demand_share
INTRA_45_LC_156450500_LC_156450900,45,LC_156450500,LC_156450900,143.43423440552425,AC_500kV,2.757200616275157,296.3372603340499,0.0,within_province_mst_plus_3_nearest_neighbours_geodesic,within_AC500_source_range,2025_simultaneous_wind_solar_hydro_nameplate_spatial_balance_proxy; thermal_nuclear_biomass_allocated_by_city_demand_share
INTRA_45_LC_156450600_LC_156450700,45,LC_156450600,LC_156450700,92.7844299135311,AC_500kV,2.9894425249184033,240.93865342114515,0.0,within_province_mst_plus_3_nearest_neighbours_geodesic,within_AC500_source_range,2025_simultaneous_wind_solar_hydro_nameplate_spatial_balance_proxy; thermal_nuclear_biomass_allocated_by_city_demand_share
INTRA_45_LC_156450600_LC_156451400,45,LC_156450600,LC_156451400,121.83064050467804,AC_500kV,2.8693646617518254,271.0920234432609,0.0,within_province_mst_plus_3_nearest_neighbours_geodesic,within_AC500_source_range,2025_simultaneous_wind_solar_hydro_nameplate_spatial_balance_proxy; thermal_nuclear_biomass_allocated_by_city_demand_share
INTRA_45_LC_156450700_LC_156450900,45,LC_156450700,LC_156450900,133.6010800853678,AC_500kV,2.8074557054311513,284.6322052536906,0.0,within_province_mst_plus_3_nearest_neighbours_geodesic,within_AC500_source_range,2025_simultaneous_wind_solar_hydro_nameplate_spatial_balance_proxy; thermal_nuclear_biomass_allocated_by_city_demand_share
INTRA_45_LC_156450800_LC_156450900,45,LC_156450800,LC_156450900,94.55135105086676,AC_500kV,2.9894425249184033,242.49903525276892,0.0,within_province_mst_plus_3_nearest_neighbours_geodesic,within_AC500_source_range,2025_simultaneous_wind_solar_hydro_nameplate_spatial_balance_proxy; thermal_nuclear_biomass_allocated_by_city_demand_share
INTRA_45_LC_156450800_LC_156451100,45,LC_156450800,LC_156451100,190.5337290806851,AC_500kV,2.533886277703873,357.5128729726653,0.12608945552657724,within_province_mst_plus_3_nearest_neighbours_geodesic,within_AC500_source_range,2025_simultaneous_wind_solar_hydro_nameplate_spatial_balance_proxy; thermal_nuclear_biomass_allocated_by_city_demand_share
INTRA_45_LC_156450800_LC_156451300,45,LC_156450800,LC_156451300,84.07021012598511,AC_500kV,2.9894425249184033,233.24305798910075,0.0,within_province_mst_plus_3_nearest_neighbours_geodesic,within_AC500_source_range,2025_simultaneous_wind_solar_hydro_nameplate_spatial_balance_proxy; thermal_nuclear_biomass_allocated_by_city_demand_share
INTRA_45_LC_156451000_LC_156451200,45,LC_156451000,LC_156451200,156.27640177297,AC_500kV,2.6935141067005786,312.17153886601255,0.45354544447266143,within_province_mst_plus_3_nearest_neighbours_geodesic,within_AC500_source_range,2025_simultaneous_wind_solar_hydro_nameplate_spatial_balance_proxy; thermal_nuclear_biomass_allocated_by_city_demand_share
INTRA_45_LC_156451000_LC_156451400,45,LC_156451000,LC_156451400,161.81411385366334,AC_500kV,2.6667153526213325,319.19304803332386,0.0,within_province_mst_plus_3_nearest_neighbours_geodesic,within_AC500_source_range,2025_simultaneous_wind_solar_hydro_nameplate_spatial_balance_proxy; thermal_nuclear_biomass_allocated_by_city_demand_share
INTRA_45_LC_156451200_LC_156451300,45,LC_156451200,LC_156451300,165.38251092918108,AC_500kV,2.6496545432203416,323.7799068637795,0.0,within_province_mst_plus_3_nearest_neighbours_geodesic,within_AC500_source_range,2025_simultaneous_wind_solar_hydro_nameplate_spatial_balance_proxy; thermal_nuclear_biomass_allocated_by_city_demand_share
INTRA_46_LC_156460100_LC_156460200,46,LC_156460100,LC_156460200,193.06942915381055,AC_500kV,2.522638436587838,361.05166367618375,0.0,within_province_mst_plus_3_nearest_neighbours_geodesic,within_AC500_source_range,2025_simultaneous_wind_solar_hydro_nameplate_spatial_balance_proxy; thermal_nuclear_biomass_allocated_by_city_demand_share
INTRA_46_LC_156460100_LC_156460300,46,LC_156460100,LC_156460300,1409.9433744638952,AC_500kV,0.9248162138495961,4183.854293039068,0.0,within_province_mst_plus_3_nearest_neighbours_geodesic,soft_exception_above_1000km_AC500_source_range,2025_simultaneous_wind_solar_hydro_nameplate_spatial_balance_proxy; thermal_nuclear_biomass_allocated_by_city_demand_share
INTRA_46_LC_156460100_LC_156460400,46,LC_156460100,LC_156460400,109.93553314692744,AC_500kV,2.9339282758059015,257.92191636081054,0.05694180331057108,within_province_mst_plus_3_nearest_neighbours_geodesic,within_AC500_source_range,2025_simultaneous_wind_solar_hydro_nameplate_spatial_balance_proxy; thermal_nuclear_biomass_allocated_by_city_demand_share
INTRA_46_LC_156460200_LC_156460300,46,LC_156460200,LC_156460300,1287.527533681159,AC_500kV,0.9500104205379658,3736.932005202063,0.004282822771753241,within_province_mst_plus_3_nearest_neighbours_geodesic,soft_exception_above_1000km_AC500_source_range,2025_simultaneous_wind_solar_hydro_nameplate_spatial_balance_proxy; thermal_nuclear_biomass_allocated_by_city_demand_share
INTRA_46_LC_156460200_LC_156460400,46,LC_156460200,LC_156460400,135.1683612467362,AC_500kV,2.7993574287401533,286.4737087975153,0.0,within_province_mst_plus_3_nearest_neighbours_geodesic,within_AC500_source_range,2025_simultaneous_wind_solar_hydro_nameplate_spatial_balance_proxy; thermal_nuclear_biomass_allocated_by_city_demand_share
INTRA_46_LC_156460300_LC_156460400,46,LC_156460300,LC_156460400,1415.1248437950408,AC_500kV,0.9239200977667474,4202.563503650593,0.0,within_province_mst_plus_3_nearest_neighbours_geodesic,soft_exception_above_1000km_AC500_source_range,2025_simultaneous_wind_solar_hydro_nameplate_spatial_balance_proxy; thermal_nuclear_biomass_allocated_by_city_demand_share
INTRA_51_LC_156510100_LC_156510600,51,LC_156510100,LC_156510600,62.527739422413305,AC_500kV,2.9894425249184033,214.2187341617069,13.295217849068537,within_province_mst_plus_3_nearest_neighbours_geodesic,within_AC500_source_range,2025_simultaneous_wind_solar_hydro_nameplate_spatial_balance_proxy; thermal_nuclear_biomass_allocated_by_city_demand_share
INTRA_51_LC_156510100_LC_156510700,51,LC_156510100,LC_156510700,121.06182322399424,AC_500kV,2.8734761891237857,270.22528682195275,0.0,within_province_mst_plus_3_nearest_neighbours_geodesic,within_AC500_source_range,2025_simultaneous_wind_solar_hydro_nameplate_spatial_balance_proxy; thermal_nuclear_biomass_allocated_by_city_demand_share
INTRA_51_LC_156510100_LC_156511400,51,LC_156510100,LC_156511400,74.95784268528833,AC_500kV,2.9894425249184033,225.1958552605264,0.0,within_province_mst_plus_3_nearest_neighbours_geodesic,within_AC500_source_range,2025_simultaneous_wind_solar_hydro_nameplate_spatial_balance_proxy; thermal_nuclear_biomass_allocated_by_city_demand_share
INTRA_51_LC_156510100_LC_156511800,51,LC_156510100,LC_156511800,147.35061520213492,AC_500kV,2.7375477307128206,301.10003346036433,13.485564159004678,within_province_mst_plus_3_nearest_neighbours_geodesic,within_AC500_source_range,2025_simultaneous_wind_solar_hydro_nameplate_spatial_balance_proxy; thermal_nuclear_biomass_allocated_by_city_demand_share
INTRA_51_LC_156510100_LC_156512000,51,LC_156510100,LC_156512000,111.90880517189922,AC_500kV,2.9230761428438266,260.07134785971897,0.0,within_province_mst_plus_3_nearest_neighbours_geodesic,within_AC500_source_range,2025_simultaneous_wind_solar_hydro_nameplate_spatial_balance_proxy; thermal_nuclear_biomass_allocated_by_city_demand_share
INTRA_51_LC_156510100_LC_156513200,51,LC_156510100,LC_156513200,201.75879501777783,AC_500kV,2.4846641354964603,373.37232148903945,0.0,within_province_mst_plus_3_nearest_neighbours_geodesic,within_AC500_source_range,2025_simultaneous_wind_solar_hydro_nameplate_spatial_balance_proxy; thermal_nuclear_biomass_allocated_by_city_demand_share
INTRA_51_LC_156510300_LC_156510500,51,LC_156510300,LC_156510500,99.00105508180468,AC_500kV,2.9894425249184033,246.4286035732024,0.0,within_province_mst_plus_3_nearest_neighbours_geodesic,within_AC500_source_range,2025_simultaneous_wind_solar_hydro_nameplate_spatial_balance_proxy; thermal_nuclear_biomass_allocated_by_city_demand_share
INTRA_51_LC_156510300_LC_156511000,51,LC_156510300,LC_156511000,43.6803808420825,AC_500kV,2.9894425249184033,197.57448486193772,0.0,within_province_mst_plus_3_nearest_neighbours_geodesic,within_AC500_source_range,2025_simultaneous_wind_solar_hydro_nameplate_spatial_balance_proxy; thermal_nuclear_biomass_allocated_by_city_demand_share
INTRA_51_LC_156510300_LC_156511100,51,LC_156510300,LC_156511100,103.21803480245778,AC_500kV,2.9713011725187726,250.70918599527022,5.398289877551633,within_province_mst_plus_3_nearest_neighbours_geodesic,within_AC500_source_range,2025_simultaneous_wind_solar_hydro_nameplate_spatial_balance_proxy; thermal_nuclear_biomass_allocated_by_city_demand_share
INTRA_51_LC_156510300_LC_156511500,51,LC_156510300,LC_156511500,67.58123297528093,AC_500kV,2.9894425249184033,218.68151371621084,7.885335072479242,within_province_mst_plus_3_nearest_neighbours_geodesic,within_AC500_source_range,2025_simultaneous_wind_solar_hydro_nameplate_spatial_balance_proxy; thermal_nuclear_biomass_allocated_by_city_demand_share
INTRA_51_LC_156510300_LC_156512000,51,LC_156510300,LC_156512000,96.04476782007299,AC_500kV,2.9894425249184033,243.81788324460715,9.186509686780704,within_province_mst_plus_3_nearest_neighbours_geodesic,within_AC500_source_range,2025_simultaneous_wind_solar_hydro_nameplate_spatial_balance_proxy; thermal_nuclear_biomass_allocated_by_city_demand_share
INTRA_51_LC_156510400_LC_156511100,51,LC_156510400,LC_156511100,370.13346253674473,AC_500kV,1.8982610001433105,673.7618483565934,0.0,within_province_mst_plus_3_nearest_neighbours_geodesic,within_AC500_source_range,2025_simultaneous_wind_solar_hydro_nameplate_spatial_balance_proxy; thermal_nuclear_biomass_allocated_by_city_demand_share
INTRA_51_LC_156510400_LC_156511500,51,LC_156510400,LC_156511500,369.0553057410779,AC_500kV,1.901242470734673,671.4575229901933,0.0,within_province_mst_plus_3_nearest_neighbours_geodesic,within_AC500_source_range,2025_simultaneous_wind_solar_hydro_nameplate_spatial_balance_proxy; thermal_nuclear_biomass_allocated_by_city_demand_share
INTRA_51_LC_156510400_LC_156513400,51,LC_156510400,LC_156513400,131.3734959926269,AC_500kV,2.8190240252662435,282.03053337325815,0.0,within_province_mst_plus_3_nearest_neighbours_geodesic,within_AC500_source_range,2025_simultaneous_wind_solar_hydro_nameplate_spatial_balance_proxy; thermal_nuclear_biomass_allocated_by_city_demand_share
INTRA_51_LC_156510500_LC_156511000,51,LC_156510500,LC_156511000,113.10156974729767,AC_500kV,2.9165440052650045,261.37738350384853,0.0,within_province_mst_plus_3_nearest_neighbours_geodesic,within_AC500_source_range,2025_simultaneous_wind_solar_hydro_nameplate_spatial_balance_proxy; thermal_nuclear_biomass_allocated_by_city_demand_share
INTRA_51_LC_156510500_LC_156511500,51,LC_156510500,LC_156511500,84.20896009431706,AC_500kV,2.9894425249184033,233.36558916785498,4.235598943104891,within_province_mst_plus_3_nearest_neighbours_geodesic,within_AC500_source_range,2025_simultaneous_wind_solar_hydro_nameplate_spatial_balance_proxy; thermal_nuclear_biomass_allocated_by_city_demand_share
INTRA_51_LC_156510600_LC_156510700,51,LC_156510600,LC_156510700,58.92321970754719,AC_500kV,2.9894425249184033,211.03555470000902,0.0,within_province_mst_plus_3_nearest_neighbours_geodesic,within_AC500_source_range,2025_simultaneous_wind_solar_hydro_nameplate_spatial_balance_proxy; thermal_nuclear_biomass_allocated_by_city_demand_share
INTRA_51_LC_156510600_LC_156510900,51,LC_156510600,LC_156510900,119.05072302269772,AC_500kV,2.8842710884576688,267.9682277223072,9.851762317047784,within_province_mst_plus_3_nearest_neighbours_geodesic,within_AC500_source_range,2025_simultaneous_wind_solar_hydro_nameplate_spatial_balance_proxy; thermal_nuclear_biomass_allocated_by_city_demand_share
INTRA_51_LC_156510600_LC_156513200,51,LC_156510600,LC_156513200,185.17791938604032,AC_500kV,2.557894155001654,350.1219454578371,0.6824845035374594,within_province_mst_plus_3_nearest_neighbours_geodesic,within_AC500_source_range,2025_simultaneous_wind_solar_hydro_nameplate_spatial_balance_proxy; thermal_nuclear_biomass_allocated_by_city_demand_share
INTRA_51_LC_156510700_LC_156510800,51,LC_156510700,LC_156510800,127.90624309891572,AC_500kV,2.8371670339563906,278.01748389845693,2.603880498142276,within_province_mst_plus_3_nearest_neighbours_geodesic,within_AC500_source_range,2025_simultaneous_wind_solar_hydro_nameplate_spatial_balance_proxy; thermal_nuclear_biomass_allocated_by_city_demand_share
INTRA_51_LC_156510700_LC_156510900,51,LC_156510700,LC_156510900,118.23276305786597,AC_500kV,2.88867815148764,267.054438086853,0.0,within_province_mst_plus_3_nearest_neighbours_geodesic,within_AC500_source_range,2025_simultaneous_wind_solar_hydro_nameplate_spatial_balance_proxy; thermal_nuclear_biomass_allocated_by_city_demand_share
INTRA_51_LC_156510700_LC_156513200,51,LC_156510700,LC_156513200,197.20634777715895,AC_500kV,2.5044498642772695,366.8798883370503,4.981200417784541,within_province_mst_plus_3_nearest_neighbours_geodesic,within_AC500_source_range,2025_simultaneous_wind_solar_hydro_nameplate_spatial_balance_proxy; thermal_nuclear_biomass_allocated_by_city_demand_share
INTRA_51_LC_156510800_LC_156511300,51,LC_156510800,LC_156511300,133.86454936891278,AC_500kV,2.8060919771013766,284.94113564979637,0.0,within_province_mst_plus_3_nearest_neighbours_geodesic,within_AC500_source_range,2025_simultaneous_wind_solar_hydro_nameplate_spatial_balance_proxy; thermal_nuclear_biomass_allocated_by_city_demand_share
INTRA_51_LC_156510800_LC_156511900,51,LC_156510800,LC_156511900,115.04698493545673,AC_500kV,2.905934331456802,263.51854914331216,1.5770833736569347,within_province_mst_plus_3_nearest_neighbours_geodesic,within_AC500_source_range,2025_simultaneous_wind_solar_hydro_nameplate_spatial_balance_proxy; thermal_nuclear_biomass_allocated_by_city_demand_share
INTRA_51_LC_156510900_LC_156511300,51,LC_156510900,LC_156511300,83.21433903966901,AC_500kV,2.9894425249184033,232.48723156024636,4.197073540421554,within_province_mst_plus_3_nearest_neighbours_geodesic,within_AC500_source_range,2025_simultaneous_wind_solar_hydro_nameplate_spatial_balance_proxy; thermal_nuclear_biomass_allocated_by_city_demand_share
INTRA_51_LC_156510900_LC_156511600,51,LC_156510900,LC_156511600,111.98736214835809,AC_500kV,2.9226452907366594,260.15720748211186,3.496621433267526,within_province_mst_plus_3_nearest_neighbours_geodesic,within_AC500_source_range,2025_simultaneous_wind_solar_hydro_nameplate_spatial_balance_proxy; thermal_nuclear_biomass_allocated_by_city_demand_share
INTRA_51_LC_156510900_LC_156512000,51,LC_156510900,LC_156512000,75.35425501961281,AC_500kV,2.9894425249184033,225.54593008347192,0.7613867962690843,within_province_mst_plus_3_nearest_neighbours_geodesic,within_AC500_source_range,2025_simultaneous_wind_solar_hydro_nameplate_spatial_balance_proxy; thermal_nuclear_biomass_allocated_by_city_demand_share
INTRA_51_LC_156511000_LC_156511500,51,LC_156511000,LC_156511500,108.5946678985737,AC_500kV,2.941334992434786,256.4693205600895,6.648201932775541,within_province_mst_plus_3_nearest_neighbours_geodesic,within_AC500_source_range,2025_simultaneous_wind_solar_hydro_nameplate_spatial_balance_proxy; thermal_nuclear_biomass_allocated_by_city_demand_share
INTRA_51_LC_156511000_LC_156512000,51,LC_156511000,LC_156512000,55.13278786757806,AC_500kV,2.9894425249184033,207.68819479122746,0.0,within_province_mst_plus_3_nearest_neighbours_geodesic,within_AC500_source_range,2025_simultaneous_wind_solar_hydro_nameplate_spatial_balance_proxy; thermal_nuclear_biomass_allocated_by_city_demand_share
INTRA_51_LC_156511100_LC_156511400,51,LC_156511100,LC_156511400,61.524415292773284,AC_500kV,2.9894425249184033,213.33269080072205,0.0,within_province_mst_plus_3_nearest_neighbours_geodesic,within_AC500_source_range,2025_simultaneous_wind_solar_hydro_nameplate_spatial_balance_proxy; thermal_nuclear_biomass_allocated_by_city_demand_share
INTRA_51_LC_156511100_LC_156511800,51,LC_156511100,LC_156511800,94.26367705453056,AC_500kV,2.9894425249184033,242.24498810384495,0.0,within_province_mst_plus_3_nearest_neighbours_geodesic,within_AC500_source_range,2025_simultaneous_wind_solar_hydro_nameplate_spatial_balance_proxy; thermal_nuclear_biomass_allocated_by_city_demand_share
INTRA_51_LC_156511100_LC_156513400,51,LC_156511100,LC_156513400,239.77732876622667,AC_500kV,2.3284518251187407,430.8596713550462,0.0,within_province_mst_plus_3_nearest_neighbours_geodesic,within_AC500_source_range,2025_simultaneous_wind_solar_hydro_nameplate_spatial_balance_proxy; thermal_nuclear_biomass_allocated_by_city_demand_share
INTRA_51_LC_156511300_LC_156511600,51,LC_156511300,LC_156511600,85.21545418433026,AC_500kV,2.9894425249184033,234.25443194555896,0.0,within_province_mst_plus_3_nearest_neighbours_geodesic,within_AC500_source_range,2025_simultaneous_wind_solar_hydro_nameplate_spatial_balance_proxy; thermal_nuclear_biomass_allocated_by_city_demand_share
INTRA_51_LC_156511300_LC_156511700,51,LC_156511300,LC_156511700,125.50801371084535,AC_500kV,2.8498143654487187,275.2676278896714,2.3910623470178773,within_province_mst_plus_3_nearest_neighbours_geodesic,within_AC500_source_range,2025_simultaneous_wind_solar_hydro_nameplate_spatial_balance_proxy; thermal_nuclear_biomass_allocated_by_city_demand_share
INTRA_51_LC_156511300_LC_156511900,51,LC_156511300,LC_156511900,115.59817772903516,AC_500kV,2.9029382616501027,264.127688465266,0.0,within_province_mst_plus_3_nearest_neighbours_geodesic,within_AC500_source_range,2025_simultaneous_wind_solar_hydro_nameplate_spatial_balance_proxy; thermal_nuclear_biomass_allocated_by_city_demand_share
INTRA_51_LC_156511400_LC_156511800,51,LC_156511400,LC_156511800,100.10563205381636,AC_500kV,2.9888445683912117,247.42175047072692,1.1613824639436316,within_province_mst_plus_3_nearest_neighbours_geodesic,within_AC500_source_range,2025_simultaneous_wind_solar_hydro_nameplate_spatial_balance_proxy; thermal_nuclear_biomass_allocated_by_city_demand_share
INTRA_51_LC_156511400_LC_156513300,51,LC_156511400,LC_156513300,313.44544146561475,AC_500kV,2.0672058765631705,559.2968329622664,0.0,within_province_mst_plus_3_nearest_neighbours_geodesic,within_AC500_source_range,2025_simultaneous_wind_solar_hydro_nameplate_spatial_balance_proxy; thermal_nuclear_biomass_allocated_by_city_demand_share
INTRA_51_LC_156511600_LC_156511700,51,LC_156511600,LC_156511700,115.68951794456811,AC_500kV,2.902442195536729,264.22873731760245,0.0,within_province_mst_plus_3_nearest_neighbours_geodesic,within_AC500_source_range,2025_simultaneous_wind_solar_hydro_nameplate_spatial_balance_proxy; thermal_nuclear_biomass_allocated_by_city_demand_share
INTRA_51_LC_156511700_LC_156511900,51,LC_156511700,LC_156511900,90.36362766099822,AC_500kV,2.9894425249184033,238.8008240789131,0.0,within_province_mst_plus_3_nearest_neighbours_geodesic,within_AC500_source_range,2025_simultaneous_wind_solar_hydro_nameplate_spatial_balance_proxy; thermal_nuclear_biomass_allocated_by_city_demand_share
INTRA_51_LC_156511800_LC_156513300,51,LC_156511800,LC_156513300,224.15677031906148,AC_500kV,2.3907300414071146,406.5285219965786,0.0,within_province_mst_plus_3_nearest_neighbours_geodesic,within_AC500_source_range,2025_simultaneous_wind_solar_hydro_nameplate_spatial_balance_proxy; thermal_nuclear_biomass_allocated_by_city_demand_share
INTRA_51_LC_156511800_LC_156513400,51,LC_156511800,LC_156513400,243.58952931204863,AC_500kV,2.313641294086697,436.9498961344658,0.0,within_province_mst_plus_3_nearest_neighbours_geodesic,within_AC500_source_range,2025_simultaneous_wind_solar_hydro_nameplate_spatial_balance_proxy; thermal_nuclear_biomass_allocated_by_city_demand_share
INTRA_51_LC_156513200_LC_156513300,51,LC_156513200,LC_156513300,279.15250687493955,AC_500kV,2.182473296850165,496.67314322399966,0.0,within_province_mst_plus_3_nearest_neighbours_geodesic,within_AC500_source_range,2025_simultaneous_wind_solar_hydro_nameplate_spatial_balance_proxy; thermal_nuclear_biomass_allocated_by_city_demand_share
INTRA_52_LC_156520100_LC_156520300,52,LC_156520100,LC_156520300,153.88069088220206,AC_500kV,2.705230505161458,309.17020662524556,0.0,within_province_mst_plus_3_nearest_neighbours_geodesic,within_AC500_source_range,2025_simultaneous_wind_solar_hydro_nameplate_spatial_balance_proxy; thermal_nuclear_biomass_allocated_by_city_demand_share
INTRA_52_LC_156520100_LC_156520400,52,LC_156520100,LC_156520400,87.5693335648091,AC_500kV,2.9894425249184033,236.33316117773703,0.0,within_province_mst_plus_3_nearest_neighbours_geodesic,within_AC500_source_range,2025_simultaneous_wind_solar_hydro_nameplate_spatial_balance_proxy; thermal_nuclear_biomass_allocated_by_city_demand_share
INTRA_52_LC_156520100_LC_156520500,52,LC_156520100,LC_156520500,140.6792449188168,AC_500kV,2.771148575544031,293.0213981535669,0.0,within_province_mst_plus_3_nearest_neighbours_geodesic,within_AC500_source_range,2025_simultaneous_wind_solar_hydro_nameplate_spatial_balance_proxy; thermal_nuclear_biomass_allocated_by_city_demand_share
INTRA_52_LC_156520100_LC_156522600,52,LC_156520100,LC_156522600,168.19829187485877,AC_500kV,2.6363058068697414,327.43398417305355,0.0,within_province_mst_plus_3_nearest_neighbours_geodesic,within_AC500_source_range,2025_simultaneous_wind_solar_hydro_nameplate_spatial_balance_proxy; thermal_nuclear_biomass_allocated_by_city_demand_share
INTRA_52_LC_156520100_LC_156522700,52,LC_156520100,LC_156522700,73.44710773660452,AC_500kV,2.9894425249184033,223.8617134493758,0.0,within_province_mst_plus_3_nearest_neighbours_geodesic,within_AC500_source_range,2025_simultaneous_wind_solar_hydro_nameplate_spatial_balance_proxy; thermal_nuclear_biomass_allocated_by_city_demand_share
INTRA_52_LC_156520200_LC_156520400,52,LC_156520200,LC_156520400,113.96250272546126,AC_500kV,2.911841984090791,262.32326027271023,0.0,within_province_mst_plus_3_nearest_neighbours_geodesic,within_AC500_source_range,2025_simultaneous_wind_solar_hydro_nameplate_spatial_balance_proxy; thermal_nuclear_biomass_allocated_by_city_demand_share
INTRA_52_LC_156520200_LC_156520500,52,LC_156520200,LC_156520500,100.9047200057807,AC_500kV,2.9843265665708114,248.26250357425158,0.5049167876732534,within_province_mst_plus_3_nearest_neighbours_geodesic,within_AC500_source_range,2025_simultaneous_wind_solar_hydro_nameplate_spatial_balance_proxy; thermal_nuclear_biomass_allocated_by_city_demand_share
INTRA_52_LC_156520200_LC_156522300,52,LC_156520200,LC_156522300,127.03598715450293,AC_500kV,2.84174711000913,277.01718911110646,0.0,within_province_mst_plus_3_nearest_neighbours_geodesic,within_AC500_source_range,2025_simultaneous_wind_solar_hydro_nameplate_spatial_balance_proxy; thermal_nuclear_biomass_allocated_by_city_demand_share
INTRA_52_LC_156520300_LC_156520500,52,LC_156520300,LC_156520500,187.3851881879461,AC_500kV,2.547958466901807,353.15422317213245,0.0,within_province_mst_plus_3_nearest_neighbours_geodesic,within_AC500_source_range,2025_simultaneous_wind_solar_hydro_nameplate_spatial_balance_proxy; thermal_nuclear_biomass_allocated_by_city_demand_share
INTRA_52_LC_156520300_LC_156520600,52,LC_156520300,LC_156520600,164.26177675854635,AC_500kV,2.6549954495746864,322.3340240609567,0.0,within_province_mst_plus_3_nearest_neighbours_geodesic,within_AC500_source_range,2025_simultaneous_wind_solar_hydro_nameplate_spatial_balance_proxy; thermal_nuclear_biomass_allocated_by_city_demand_share
INTRA_52_LC_156520400_LC_156520500,52,LC_156520400,LC_156520500,123.79725709270096,AC_500kV,2.8588856230780784,273.31893465288334,0.0,within_province_mst_plus_3_nearest_neighbours_geodesic,within_AC500_source_range,2025_simultaneous_wind_solar_hydro_nameplate_spatial_balance_proxy; thermal_nuclear_biomass_allocated_by_city_demand_share
INTRA_52_LC_156520400_LC_156522300,52,LC_156520400,LC_156522300,131.2914790441733,AC_500kV,2.8194512654680106,281.9350934069373,0.0,within_province_mst_plus_3_nearest_neighbours_geodesic,within_AC500_source_range,2025_simultaneous_wind_solar_hydro_nameplate_spatial_balance_proxy; thermal_nuclear_biomass_allocated_by_city_demand_share
INTRA_52_LC_156520400_LC_156522700,52,LC_156520400,LC_156522700,125.8615312052842,AC_500kV,2.847944981739654,275.67165079115466,0.0,within_province_mst_plus_3_nearest_neighbours_geodesic,within_AC500_source_range,2025_simultaneous_wind_solar_hydro_nameplate_spatial_balance_proxy; thermal_nuclear_biomass_allocated_by_city_demand_share
INTRA_52_LC_156520500_LC_156522300,52,LC_156520500,LC_156522300,211.43869936547028,AC_500kV,2.443380922373783,387.4531900914342,0.0,within_province_mst_plus_3_nearest_neighbours_geodesic,within_AC500_source_range,2025_simultaneous_wind_solar_hydro_nameplate_spatial_balance_proxy; thermal_nuclear_biomass_allocated_by_city_demand_share
INTRA_52_LC_156520600_LC_156522600,52,LC_156520600,LC_156522600,150.22151030947006,AC_500kV,2.723270609874395,304.62812295590874,0.0,within_province_mst_plus_3_nearest_neighbours_geodesic,within_AC500_source_range,2025_simultaneous_wind_solar_hydro_nameplate_spatial_balance_proxy; thermal_nuclear_biomass_allocated_by_city_demand_share
INTRA_52_LC_156520600_LC_156522700,52,LC_156520600,LC_156522700,236.859995943135,AC_500kV,2.339887557146339,426.2395036163564,0.0,within_province_mst_plus_3_nearest_neighbours_geodesic,within_AC500_source_range,2025_simultaneous_wind_solar_hydro_nameplate_spatial_balance_proxy; thermal_nuclear_biomass_allocated_by_city_demand_share
INTRA_52_LC_156522600_LC_156522700,52,LC_156522600,LC_156522700,120.14596696172835,AC_500kV,2.8783850383123872,269.1955952928835,0.0,within_province_mst_plus_3_nearest_neighbours_geodesic,within_AC500_source_range,2025_simultaneous_wind_solar_hydro_nameplate_spatial_balance_proxy; thermal_nuclear_biomass_allocated_by_city_demand_share
INTRA_53_LC_156530100_LC_156530300,53,LC_156530100,LC_156530300,131.8115762517745,AC_500kV,2.8167435674461414,282.5407316897471,0.0,within_province_mst_plus_3_nearest_neighbours_geodesic,within_AC500_source_range,2025_simultaneous_wind_solar_hydro_nameplate_spatial_balance_proxy; thermal_nuclear_biomass_allocated_by_city_demand_share
INTRA_53_LC_156530100_LC_156530400,53,LC_156530100,LC_156530400,99.39306560570328,AC_500kV,2.9894425249184033,246.7747911230435,0.0,within_province_mst_plus_3_nearest_neighbours_geodesic,within_AC500_source_range,2025_simultaneous_wind_solar_hydro_nameplate_spatial_balance_proxy; thermal_nuclear_biomass_allocated_by_city_demand_share
INTRA_53_LC_156530100_LC_156530600,53,LC_156530100,LC_156530600,303.45800128710613,AC_500kV,2.0996989596788196,540.544754168238,0.0,within_province_mst_plus_3_nearest_neighbours_geodesic,within_AC500_source_range,2025_simultaneous_wind_solar_hydro_nameplate_spatial_balance_proxy; thermal_nuclear_biomass_allocated_by_city_demand_share
INTRA_53_LC_156530100_LC_156532300,53,LC_156530100,LC_156532300,126.42026121759247,AC_500kV,2.8449940234262443,276.31113909775723,0.0,within_province_mst_plus_3_nearest_neighbours_geodesic,within_AC500_source_range,2025_simultaneous_wind_solar_hydro_nameplate_spatial_balance_proxy; thermal_nuclear_biomass_allocated_by_city_demand_share
INTRA_53_LC_156530100_LC_156532500,53,LC_156530100,LC_156532500,177.54856092498088,AC_500kV,2.5926889799176247,339.7884418349485,0.0,within_province_mst_plus_3_nearest_neighbours_geodesic,within_AC500_source_range,2025_simultaneous_wind_solar_hydro_nameplate_spatial_balance_proxy; thermal_nuclear_biomass_allocated_by_city_demand_share
INTRA_53_LC_156530300_LC_156530400,53,LC_156530300,LC_156530400,213.93771574468005,AC_500kV,2.4328944013999396,391.14964416086445,0.0,within_province_mst_plus_3_nearest_neighbours_geodesic,within_AC500_source_range,2025_simultaneous_wind_solar_hydro_nameplate_spatial_balance_proxy; thermal_nuclear_biomass_allocated_by_city_demand_share
INTRA_53_LC_156530300_LC_156530600,53,LC_156530300,LC_156530600,219.29485274583706,AC_500kV,2.41064779020092,399.158854230944,0.0,within_province_mst_plus_3_nearest_neighbours_geodesic,within_AC500_source_range,2025_simultaneous_wind_solar_hydro_nameplate_spatial_balance_proxy; thermal_nuclear_biomass_allocated_by_city_demand_share
INTRA_53_LC_156530300_LC_156532600,53,LC_156530300,LC_156532600,234.2153106908483,AC_500kV,2.3503314364450887,422.08137253998115,0.0,within_province_mst_plus_3_nearest_neighbours_geodesic,within_AC500_source_range,2025_simultaneous_wind_solar_hydro_nameplate_spatial_balance_proxy; thermal_nuclear_biomass_allocated_by_city_demand_share
INTRA_53_LC_156530400_LC_156530800,53,LC_156530400,LC_156530800,221.50117562728278,AC_500kV,2.401577274623249,402.4912712720277,0.0,within_province_mst_plus_3_nearest_neighbours_geodesic,within_AC500_source_range,2025_simultaneous_wind_solar_hydro_nameplate_spatial_balance_proxy; thermal_nuclear_biomass_allocated_by_city_demand_share
INTRA_53_LC_156530400_LC_156532300,53,LC_156530400,LC_156532300,143.2631845727478,AC_500kV,2.7580636367950473,296.1305586377083,0.0,within_province_mst_plus_3_nearest_neighbours_geodesic,within_AC500_source_range,2025_simultaneous_wind_solar_hydro_nameplate_spatial_balance_proxy; thermal_nuclear_biomass_allocated_by_city_demand_share
INTRA_53_LC_156530400_LC_156532500,53,LC_156530400,LC_156532500,108.87980065293267,AC_500kV,2.9397577560480603,256.7776733924341,0.0,within_province_mst_plus_3_nearest_neighbours_geodesic,within_AC500_source_range,2025_simultaneous_wind_solar_hydro_nameplate_spatial_balance_proxy; thermal_nuclear_biomass_allocated_by_city_demand_share
INTRA_53_LC_156530400_LC_156532600,53,LC_156530400,LC_156532600,217.0581210886259,AC_500kV,2.419897775924142,395.8006803325132,0.0,within_province_mst_plus_3_nearest_neighbours_geodesic,within_AC500_source_range,2025_simultaneous_wind_solar_hydro_nameplate_spatial_balance_proxy; thermal_nuclear_biomass_allocated_by_city_demand_share
INTRA_53_LC_156530500_LC_156530900,53,LC_156530500,LC_156530900,150.07574699362155,AC_500kV,2.7239928767885546,304.4482408670099,0.0,within_province_mst_plus_3_nearest_neighbours_geodesic,within_AC500_source_range,2025_simultaneous_wind_solar_hydro_nameplate_spatial_balance_proxy; thermal_nuclear_biomass_allocated_by_city_demand_share
INTRA_53_LC_156530500_LC_156532900,53,LC_156530500,LC_156532900,146.95665228662946,AC_500kV,2.739515444339724,300.6183153259094,0.0,within_province_mst_plus_3_nearest_neighbours_geodesic,within_AC500_source_range,2025_simultaneous_wind_solar_hydro_nameplate_spatial_balance_proxy; thermal_nuclear_biomass_allocated_by_city_demand_share
INTRA_53_LC_156530500_LC_156533100,53,LC_156530500,LC_156533100,119.3429251106758,AC_500kV,2.882699062410207,268.2952526333984,0.0,within_province_mst_plus_3_nearest_neighbours_geodesic,within_AC500_source_range,2025_simultaneous_wind_solar_hydro_nameplate_spatial_balance_proxy; thermal_nuclear_biomass_allocated_by_city_demand_share
INTRA_53_LC_156530500_LC_156533300,53,LC_156530500,LC_156533300,153.42431939741755,AC_500kV,2.7074708948501844,308.6009445492469,0.0,within_province_mst_plus_3_nearest_neighbours_geodesic,within_AC500_source_range,2025_simultaneous_wind_solar_hydro_nameplate_spatial_balance_proxy; thermal_nuclear_biomass_allocated_by_city_demand_share
INTRA_53_LC_156530600_LC_156530700,53,LC_156530600,LC_156530700,354.5128856741719,AC_500kV,1.9423032706119412,640.8578191885273,0.0,within_province_mst_plus_3_nearest_neighbours_geodesic,within_AC500_source_range,2025_simultaneous_wind_solar_hydro_nameplate_spatial_balance_proxy; thermal_nuclear_biomass_allocated_by_city_demand_share
INTRA_53_LC_156530700_LC_156532900,53,LC_156530700,LC_156532900,135.72751946765044,AC_500kV,2.796476364853016,287.1329089342869,0.0,within_province_mst_plus_3_nearest_neighbours_geodesic,within_AC500_source_range,2025_simultaneous_wind_solar_hydro_nameplate_spatial_balance_proxy; thermal_nuclear_biomass_allocated_by_city_demand_share
INTRA_53_LC_156530700_LC_156533300,53,LC_156530700,LC_156533300,162.3854798113068,AC_500kV,2.663972711819649,319.9241959573319,0.0,within_province_mst_plus_3_nearest_neighbours_geodesic,within_AC500_source_range,2025_simultaneous_wind_solar_hydro_nameplate_spatial_balance_proxy; thermal_nuclear_biomass_allocated_by_city_demand_share
INTRA_53_LC_156530700_LC_156533400,53,LC_156530700,LC_156533400,140.83469296917,AC_500kV,2.7703588515534956,293.20773602312124,0.0,within_province_mst_plus_3_nearest_neighbours_geodesic,within_AC500_source_range,2025_simultaneous_wind_solar_hydro_nameplate_spatial_balance_proxy; thermal_nuclear_biomass_allocated_by_city_demand_share
INTRA_53_LC_156530800_LC_156530900,53,LC_156530800,LC_156530900,137.28188329094172,AC_500kV,2.788489959872713,288.9714817350929,0.0,within_province_mst_plus_3_nearest_neighbours_geodesic,within_AC500_source_range,2025_simultaneous_wind_solar_hydro_nameplate_spatial_balance_proxy; thermal_nuclear_biomass_allocated_by_city_demand_share
INTRA_53_LC_156530800_LC_156532800,53,LC_156530800,LC_156532800,120.7571140161653,AC_500kV,2.875108057539806,269.8823649833421,0.0,within_province_mst_plus_3_nearest_neighbours_geodesic,within_AC500_source_range,2025_simultaneous_wind_solar_hydro_nameplate_spatial_balance_proxy; thermal_nuclear_biomass_allocated_by_city_demand_share
INTRA_53_LC_156530900_LC_156532800,53,LC_156530900,LC_156532800,246.48958529953532,AC_500kV,2.302474549267861,441.62310451930625,0.0,within_province_mst_plus_3_nearest_neighbours_geodesic,within_AC500_source_range,2025_simultaneous_wind_solar_hydro_nameplate_spatial_balance_proxy; thermal_nuclear_biomass_allocated_by_city_demand_share
INTRA_53_LC_156530900_LC_156533100,53,LC_156530900,LC_156533100,180.03867391790766,AC_500kV,2.5812547980388953,343.13606417482936,0.0,within_province_mst_plus_3_nearest_neighbours_geodesic,within_AC500_source_range,2025_simultaneous_wind_solar_hydro_nameplate_spatial_balance_proxy; thermal_nuclear_biomass_allocated_by_city_demand_share
INTRA_53_LC_156532300_LC_156532900,53,LC_156532300,LC_156532900,136.14289139524504,AC_500kV,2.7943389301319717,287.6233496616219,0.0,within_province_mst_plus_3_nearest_neighbours_geodesic,within_AC500_source_range,2025_simultaneous_wind_solar_hydro_nameplate_spatial_balance_proxy; thermal_nuclear_biomass_allocated_by_city_demand_share
INTRA_53_LC_156532500_LC_156532600,53,LC_156532500,LC_156532600,127.2896649324547,AC_500kV,2.8404109333588234,277.3084853938029,0.0,within_province_mst_plus_3_nearest_neighbours_geodesic,within_AC500_source_range,2025_simultaneous_wind_solar_hydro_nameplate_spatial_balance_proxy; thermal_nuclear_biomass_allocated_by_city_demand_share
INTRA_53_LC_156532500_LC_156532800,53,LC_156532500,LC_156532800,294.04514243056155,AC_500kV,2.13112238359477,523.2583748321658,0.0,within_province_mst_plus_3_nearest_neighbours_geodesic,within_AC500_source_range,2025_simultaneous_wind_solar_hydro_nameplate_spatial_balance_proxy; thermal_nuclear_biomass_allocated_by_city_demand_share
INTRA_53_LC_156532900_LC_156533300,53,LC_156532900,LC_156533300,156.0525032695081,AC_500kV,2.6946059410513215,311.890113673083,0.0,within_province_mst_plus_3_nearest_neighbours_geodesic,within_AC500_source_range,2025_simultaneous_wind_solar_hydro_nameplate_spatial_balance_proxy; thermal_nuclear_biomass_allocated_by_city_demand_share
INTRA_53_LC_156532900_LC_156533400,53,LC_156532900,LC_156533400,246.4478927136022,AC_500kV,2.3026344786637325,441.5556738564428,0.0,within_province_mst_plus_3_nearest_neighbours_geodesic,within_AC500_source_range,2025_simultaneous_wind_solar_hydro_nameplate_spatial_balance_proxy; thermal_nuclear_biomass_allocated_by_city_demand_share
INTRA_53_LC_156533100_LC_156533300,53,LC_156533100,LC_156533300,249.6949467610193,AC_500kV,2.2902319456165845,446.82877677990825,0.0,within_province_mst_plus_3_nearest_neighbours_geodesic,within_AC500_source_range,2025_simultaneous_wind_solar_hydro_nameplate_spatial_balance_proxy; thermal_nuclear_biomass_allocated_by_city_demand_share
INTRA_53_LC_156533300_LC_156533400,53,LC_156533300,LC_156533400,160.90752424154374,AC_500kV,2.671075672569019,318.03550332181726,0.0,within_province_mst_plus_3_nearest_neighbours_geodesic,within_AC500_source_range,2025_simultaneous_wind_solar_hydro_nameplate_spatial_balance_proxy; thermal_nuclear_biomass_allocated_by_city_demand_share
INTRA_54_LC_156540100_LC_156540200,54,LC_156540100,LC_156540200,253.8162126913305,AC_500kV,2.274643608144186,453.5845226504765,0.0,within_province_mst_plus_3_nearest_neighbours_geodesic,within_AC500_source_range,2025_simultaneous_wind_solar_hydro_nameplate_spatial_balance_proxy; thermal_nuclear_biomass_allocated_by_city_demand_share
INTRA_54_LC_156540100_LC_156540500,54,LC_156540100,LC_156540500,92.40386177211542,AC_500kV,2.9894425249184033,240.60257072848162,0.0,within_province_mst_plus_3_nearest_neighbours_geodesic,within_AC500_source_range,2025_simultaneous_wind_solar_hydro_nameplate_spatial_balance_proxy; thermal_nuclear_biomass_allocated_by_city_demand_share
INTRA_54_LC_156540100_LC_156540600,54,LC_156540100,LC_156540600,238.7866540495056,AC_500kV,2.3323252591226304,429.2868153680401,0.3952574501338009,within_province_mst_plus_3_nearest_neighbours_geodesic,within_AC500_source_range,2025_simultaneous_wind_solar_hydro_nameplate_spatial_balance_proxy; thermal_nuclear_biomass_allocated_by_city_demand_share
INTRA_54_LC_156540100_LC_156542500,54,LC_156540100,LC_156542500,941.3689962048205,AC_500kV,1.0869303802934247,2445.452007450399,0.0,within_province_mst_plus_3_nearest_neighbours_geodesic,within_AC500_source_range,2025_simultaneous_wind_solar_hydro_nameplate_spatial_balance_proxy; thermal_nuclear_biomass_allocated_by_city_demand_share
INTRA_54_LC_156540200_LC_156540500,54,LC_156540200,LC_156540500,305.2960898110669,AC_500kV,2.093653989861261,543.964125401937,0.0,within_province_mst_plus_3_nearest_neighbours_geodesic,within_AC500_source_range,2025_simultaneous_wind_solar_hydro_nameplate_spatial_balance_proxy; thermal_nuclear_biomass_allocated_by_city_demand_share
INTRA_54_LC_156540200_LC_156540600,54,LC_156540200,LC_156540600,440.409834857415,AC_500kV,1.7212470476956256,834.4881384285616,0.0,within_province_mst_plus_3_nearest_neighbours_geodesic,within_AC500_source_range,2025_simultaneous_wind_solar_hydro_nameplate_spatial_balance_proxy; thermal_nuclear_biomass_allocated_by_city_demand_share
INTRA_54_LC_156540200_LC_156542500,54,LC_156540200,LC_156542500,741.8491531680132,AC_500kV,1.2461424214256924,1730.635577675693,0.0,within_province_mst_plus_3_nearest_neighbours_geodesic,within_AC500_source_range,2025_simultaneous_wind_solar_hydro_nameplate_spatial_balance_proxy; thermal_nuclear_biomass_allocated_by_city_demand_share
INTRA_54_LC_156540300_LC_156540400,54,LC_156540300,LC_156540400,275.2806996005218,AC_500kV,2.1961598340571444,489.9144606304951,0.0,within_province_mst_plus_3_nearest_neighbours_geodesic,within_AC500_source_range,2025_simultaneous_wind_solar_hydro_nameplate_spatial_balance_proxy; thermal_nuclear_biomass_allocated_by_city_demand_share
INTRA_54_LC_156540300_LC_156540500,54,LC_156540300,LC_156540500,546.7715487106578,AC_500kV,1.5089944974996943,1115.5819431335794,0.0,within_province_mst_plus_3_nearest_neighbours_geodesic,within_AC500_source_range,2025_simultaneous_wind_solar_hydro_nameplate_spatial_balance_proxy; thermal_nuclear_biomass_allocated_by_city_demand_share
INTRA_54_LC_156540300_LC_156540600,54,LC_156540300,LC_156540600,466.0953534192662,AC_500kV,1.6643674598682514,898.3149425814096,0.0,within_province_mst_plus_3_nearest_neighbours_geodesic,within_AC500_source_range,2025_simultaneous_wind_solar_hydro_nameplate_spatial_balance_proxy; thermal_nuclear_biomass_allocated_by_city_demand_share
INTRA_54_LC_156540400_LC_156540500,54,LC_156540400,LC_156540500,280.3698742275708,AC_500kV,2.1781990202994814,498.8112206748765,0.0,within_province_mst_plus_3_nearest_neighbours_geodesic,within_AC500_source_range,2025_simultaneous_wind_solar_hydro_nameplate_spatial_balance_proxy; thermal_nuclear_biomass_allocated_by_city_demand_share
INTRA_54_LC_156540400_LC_156540600,54,LC_156540400,LC_156540600,323.68276076914424,AC_500kV,2.0347830296380223,578.9575463250035,0.0,within_province_mst_plus_3_nearest_neighbours_geodesic,within_AC500_source_range,2025_simultaneous_wind_solar_hydro_nameplate_spatial_balance_proxy; thermal_nuclear_biomass_allocated_by_city_demand_share
INTRA_54_LC_156540500_LC_156540600,54,LC_156540500,LC_156540600,293.3376104315814,AC_500kV,2.133516292638824,521.9741634555553,0.0,within_province_mst_plus_3_nearest_neighbours_geodesic,within_AC500_source_range,2025_simultaneous_wind_solar_hydro_nameplate_spatial_balance_proxy; thermal_nuclear_biomass_allocated_by_city_demand_share
INTRA_54_LC_156540600_LC_156542500,54,LC_156540600,LC_156542500,985.4487174365715,AC_500kV,1.0617646406195873,2609.24604748036,0.0,within_province_mst_plus_3_nearest_neighbours_geodesic,within_AC500_source_range,2025_simultaneous_wind_solar_hydro_nameplate_spatial_balance_proxy; thermal_nuclear_biomass_allocated_by_city_demand_share
INTRA_61_LC_156610100_LC_156610200,61,LC_156610100,LC_156610200,93.54166166939092,AC_500kV,2.9894425249184033,241.6073706882632,2.1187869219999858,within_province_mst_plus_3_nearest_neighbours_geodesic,within_AC500_source_range,2025_simultaneous_wind_solar_hydro_nameplate_spatial_balance_proxy; thermal_nuclear_biomass_allocated_by_city_demand_share
INTRA_61_LC_156610100_LC_156610300,61,LC_156610100,LC_156610300,157.65729110403763,AC_500kV,2.6867945829968574,313.9114514182219,0.0,within_province_mst_plus_3_nearest_neighbours_geodesic,within_AC500_source_range,2025_simultaneous_wind_solar_hydro_nameplate_spatial_balance_proxy; thermal_nuclear_biomass_allocated_by_city_demand_share
INTRA_61_LC_156610100_LC_156610400,61,LC_156610100,LC_156610400,48.70416931559615,AC_500kV,2.9894425249184033,202.0110316292779,0.0,within_province_mst_plus_3_nearest_neighbours_geodesic,within_AC500_source_range,2025_simultaneous_wind_solar_hydro_nameplate_spatial_balance_proxy; thermal_nuclear_biomass_allocated_by_city_demand_share
INTRA_61_LC_156610100_LC_156610500,61,LC_156610100,LC_156610500,105.08572874915374,AC_500kV,2.9608431736987866,252.698418870053,0.0,within_province_mst_plus_3_nearest_neighbours_geodesic,within_AC500_source_range,2025_simultaneous_wind_solar_hydro_nameplate_spatial_balance_proxy; thermal_nuclear_biomass_allocated_by_city_demand_share
INTRA_61_LC_156610100_LC_156610900,61,LC_156610100,LC_156610900,167.58003283187975,AC_500kV,2.63922822617884,326.6290372646931,0.0,within_province_mst_plus_3_nearest_neighbours_geodesic,within_AC500_source_range,2025_simultaneous_wind_solar_hydro_nameplate_spatial_balance_proxy; thermal_nuclear_biomass_allocated_by_city_demand_share
INTRA_61_LC_156610100_LC_156611000,61,LC_156610100,LC_156611000,112.14758565085664,AC_500kV,2.921766810741932,260.33239416292764,0.0,within_province_mst_plus_3_nearest_neighbours_geodesic,within_AC500_source_range,2025_simultaneous_wind_solar_hydro_nameplate_spatial_balance_proxy; thermal_nuclear_biomass_allocated_by_city_demand_share
INTRA_61_LC_156610200_LC_156610400,61,LC_156610200,LC_156610400,77.28299984060739,AC_500kV,2.9894425249184033,227.24921967174214,9.582470526123252,within_province_mst_plus_3_nearest_neighbours_geodesic,within_AC500_source_range,2025_simultaneous_wind_solar_hydro_nameplate_spatial_balance_proxy; thermal_nuclear_biomass_allocated_by_city_demand_share
INTRA_61_LC_156610200_LC_156610500,61,LC_156610200,LC_156610500,77.19401754077444,AC_500kV,2.9894425249184033,227.17063870903723,0.0,within_province_mst_plus_3_nearest_neighbours_geodesic,within_AC500_source_range,2025_simultaneous_wind_solar_hydro_nameplate_spatial_balance_proxy; thermal_nuclear_biomass_allocated_by_city_demand_share
INTRA_61_LC_156610200_LC_156610600,61,LC_156610200,LC_156610600,165.5479900146024,AC_500kV,2.6488672926537222,323.99380503154714,11.058507758247197,within_province_mst_plus_3_nearest_neighbours_geodesic,within_AC500_source_range,2025_simultaneous_wind_solar_hydro_nameplate_spatial_balance_proxy; thermal_nuclear_biomass_allocated_by_city_demand_share
INTRA_61_LC_156610200_LC_156610800,61,LC_156610200,LC_156610800,349.573460764593,AC_500kV,1.9566148284089597,630.6686815508647,0.0,within_province_mst_plus_3_nearest_neighbours_geodesic,within_AC500_source_range,2025_simultaneous_wind_solar_hydro_nameplate_spatial_balance_proxy; thermal_nuclear_biomass_allocated_by_city_demand_share
INTRA_61_LC_156610300_LC_156610400,61,LC_156610300,LC_156610400,117.55226071000929,AC_500kV,2.892351918714816,266.29606112810774,1.4493785813788218,within_province_mst_plus_3_nearest_neighbours_geodesic,within_AC500_source_range,2025_simultaneous_wind_solar_hydro_nameplate_spatial_balance_proxy; thermal_nuclear_biomass_allocated_by_city_demand_share
INTRA_61_LC_156610300_LC_156610700,61,LC_156610300,LC_156610700,146.4645790422782,AC_500kV,2.741976082067039,300.01745496631975,0.0,within_province_mst_plus_3_nearest_neighbours_geodesic,within_AC500_source_range,2025_simultaneous_wind_solar_hydro_nameplate_spatial_balance_proxy; thermal_nuclear_biomass_allocated_by_city_demand_share
INTRA_61_LC_156610400_LC_156610500,61,LC_156610400,LC_156610500,123.87403218948546,AC_500kV,2.8584776398547334,273.40615816636614,0.0,within_province_mst_plus_3_nearest_neighbours_geodesic,within_AC500_source_range,2025_simultaneous_wind_solar_hydro_nameplate_spatial_balance_proxy; thermal_nuclear_biomass_allocated_by_city_demand_share
INTRA_61_LC_156610400_LC_156610700,61,LC_156610400,LC_156610700,206.24986362773583,AC_500kV,2.4653783473694277,379.8584498027277,4.72461822446522,within_province_mst_plus_3_nearest_neighbours_geodesic,within_AC500_source_range,2025_simultaneous_wind_solar_hydro_nameplate_spatial_balance_proxy; thermal_nuclear_biomass_allocated_by_city_demand_share
INTRA_61_LC_156610500_LC_156610600,61,LC_156610500,LC_156610600,185.66281885328678,AC_500kV,2.5557064544110233,350.7864396854743,2.075192049319476,within_province_mst_plus_3_nearest_neighbours_geodesic,within_AC500_source_range,2025_simultaneous_wind_solar_hydro_nameplate_spatial_balance_proxy; thermal_nuclear_biomass_allocated_by_city_demand_share
INTRA_61_LC_156610500_LC_156610800,61,LC_156610500,LC_156610800,365.5909601537164,AC_500kV,1.910880602312098,664.0865729852517,0.0,within_province_mst_plus_3_nearest_neighbours_geodesic,within_AC500_source_range,2025_simultaneous_wind_solar_hydro_nameplate_spatial_balance_proxy; thermal_nuclear_biomass_allocated_by_city_demand_share
INTRA_61_LC_156610500_LC_156611000,61,LC_156610500,LC_156611000,133.29101409100178,AC_500kV,2.809061844045273,284.26896762568157,4.392764353033684,within_province_mst_plus_3_nearest_neighbours_geodesic,within_AC500_source_range,2025_simultaneous_wind_solar_hydro_nameplate_spatial_balance_proxy; thermal_nuclear_biomass_allocated_by_city_demand_share
INTRA_61_LC_156610600_LC_156610800,61,LC_156610600,LC_156610800,184.5679180202432,AC_500kV,2.5606502800050883,349.28732950306426,0.0,within_province_mst_plus_3_nearest_neighbours_geodesic,within_AC500_source_range,2025_simultaneous_wind_solar_hydro_nameplate_spatial_balance_proxy; thermal_nuclear_biomass_allocated_by_city_demand_share
INTRA_61_LC_156610700_LC_156610900,61,LC_156610700,LC_156610900,178.37383706289165,AC_500kV,2.5888910629556703,340.8952278773799,1.3086375560435917,within_province_mst_plus_3_nearest_neighbours_geodesic,within_AC500_source_range,2025_simultaneous_wind_solar_hydro_nameplate_spatial_balance_proxy; thermal_nuclear_biomass_allocated_by_city_demand_share
INTRA_61_LC_156610900_LC_156611000,61,LC_156610900,LC_156611000,144.17840476133597,AC_500kV,2.7534505176249207,297.2378169258886,0.0,within_province_mst_plus_3_nearest_neighbours_geodesic,within_AC500_source_range,2025_simultaneous_wind_solar_hydro_nameplate_spatial_balance_proxy; thermal_nuclear_biomass_allocated_by_city_demand_share
INTRA_62_LC_156620100_LC_156620400,62,LC_156620100,LC_156620400,87.3692246064185,AC_500kV,2.9894425249184033,236.156443396496,0.0,within_province_mst_plus_3_nearest_neighbours_geodesic,within_AC500_source_range,2025_simultaneous_wind_solar_hydro_nameplate_spatial_balance_proxy; thermal_nuclear_biomass_allocated_by_city_demand_share
INTRA_62_LC_156620100_LC_156620600,62,LC_156620100,LC_156620600,215.4009926217778,AC_500kV,2.4267863663294125,393.32578508408494,0.0,within_province_mst_plus_3_nearest_neighbours_geodesic,within_AC500_source_range,2025_simultaneous_wind_solar_hydro_nameplate_spatial_balance_proxy; thermal_nuclear_biomass_allocated_by_city_demand_share
INTRA_62_LC_156620100_LC_156621100,62,LC_156620100,LC_156621100,114.63940733750464,AC_500kV,2.9081525893110207,263.0688292916272,0.0,within_province_mst_plus_3_nearest_neighbours_geodesic,within_AC500_source_range,2025_simultaneous_wind_solar_hydro_nameplate_spatial_balance_proxy; thermal_nuclear_biomass_allocated_by_city_demand_share
INTRA_62_LC_156620100_LC_156622900,62,LC_156620100,LC_156622900,71.65097903580606,AC_500kV,2.9894425249184033,222.2755381907505,0.44410548071061196,within_province_mst_plus_3_nearest_neighbours_geodesic,within_AC500_source_range,2025_simultaneous_wind_solar_hydro_nameplate_spatial_balance_proxy; thermal_nuclear_biomass_allocated_by_city_demand_share
INTRA_62_LC_156620100_LC_156623000,62,LC_156620100,LC_156623000,186.16814733708418,AC_500kV,2.5534295832300584,351.4799149339301,0.0,within_province_mst_plus_3_nearest_neighbours_geodesic,within_AC500_source_range,2025_simultaneous_wind_solar_hydro_nameplate_spatial_balance_proxy; thermal_nuclear_biomass_allocated_by_city_demand_share
INTRA_62_LC_156620200_LC_156620300,62,LC_156620200,LC_156620300,364.7437585530088,AC_500kV,1.9132511316013705,662.2917564637668,0.0,within_province_mst_plus_3_nearest_neighbours_geodesic,within_AC500_source_range,2025_simultaneous_wind_solar_hydro_nameplate_spatial_balance_proxy; thermal_nuclear_biomass_allocated_by_city_demand_share
INTRA_62_LC_156620200_LC_156620700,62,LC_156620200,LC_156620700,219.1594386927348,AC_500kV,2.4112062314984364,398.95496967062104,0.0,within_province_mst_plus_3_nearest_neighbours_geodesic,within_AC500_source_range,2025_simultaneous_wind_solar_hydro_nameplate_spatial_balance_proxy; thermal_nuclear_biomass_allocated_by_city_demand_share
INTRA_62_LC_156620200_LC_156620900,62,LC_156620200,LC_156620900,68.94472483793098,AC_500kV,2.9894425249184033,219.8856240101508,0.0,within_province_mst_plus_3_nearest_neighbours_geodesic,within_AC500_source_range,2025_simultaneous_wind_solar_hydro_nameplate_spatial_balance_proxy; thermal_nuclear_biomass_allocated_by_city_demand_share
INTRA_62_LC_156620300_LC_156620400,62,LC_156620300,LC_156620400,304.31515524583745,AC_500kV,2.0968763401286146,542.1375243614671,0.0,within_province_mst_plus_3_nearest_neighbours_geodesic,within_AC500_source_range,2025_simultaneous_wind_solar_hydro_nameplate_spatial_balance_proxy; thermal_nuclear_biomass_allocated_by_city_demand_share
INTRA_62_LC_156620300_LC_156620600,62,LC_156620300,LC_156620600,98.17565883613098,AC_500kV,2.9894425249184033,245.6996897137068,0.0,within_province_mst_plus_3_nearest_neighbours_geodesic,within_AC500_source_range,2025_simultaneous_wind_solar_hydro_nameplate_spatial_balance_proxy; thermal_nuclear_biomass_allocated_by_city_demand_share
INTRA_62_LC_156620300_LC_156620700,62,LC_156620300,LC_156620700,146.9825531525377,AC_500kV,2.739386014850633,300.6499676274566,0.0,within_province_mst_plus_3_nearest_neighbours_geodesic,within_AC500_source_range,2025_simultaneous_wind_solar_hydro_nameplate_spatial_balance_proxy; thermal_nuclear_biomass_allocated_by_city_demand_share
INTRA_62_LC_156620300_LC_156620900,62,LC_156620300,LC_156620900,433.32603181858934,AC_500kV,1.737629129443373,817.3572435664308,0.0,within_province_mst_plus_3_nearest_neighbours_geodesic,within_AC500_source_range,2025_simultaneous_wind_solar_hydro_nameplate_spatial_balance_proxy; thermal_nuclear_biomass_allocated_by_city_demand_share
INTRA_62_LC_156620400_LC_156620600,62,LC_156620400,LC_156620600,206.21479948937863,AC_500kV,2.4655280317776347,379.80749585290437,0.0,within_province_mst_plus_3_nearest_neighbours_geodesic,within_AC500_source_range,2025_simultaneous_wind_solar_hydro_nameplate_spatial_balance_proxy; thermal_nuclear_biomass_allocated_by_city_demand_share
INTRA_62_LC_156620400_LC_156621000,62,LC_156620400,LC_156621000,295.8391719804386,AC_500kV,2.125072489777022,526.5241281347103,0.0,within_province_mst_plus_3_nearest_neighbours_geodesic,within_AC500_source_range,2025_simultaneous_wind_solar_hydro_nameplate_spatial_balance_proxy; thermal_nuclear_biomass_allocated_by_city_demand_share
INTRA_62_LC_156620400_LC_156621100,62,LC_156620400,LC_156621100,152.79280686477554,AC_500kV,2.710575561108928,307.81452334720484,0.0,within_province_mst_plus_3_nearest_neighbours_geodesic,within_AC500_source_range,2025_simultaneous_wind_solar_hydro_nameplate_spatial_balance_proxy; thermal_nuclear_biomass_allocated_by_city_demand_share
INTRA_62_LC_156620400_LC_156622900,62,LC_156620400,LC_156622900,158.07074155546832,AC_500kV,2.68478749098371,314.43381333080276,0.0,within_province_mst_plus_3_nearest_neighbours_geodesic,within_AC500_source_range,2025_simultaneous_wind_solar_hydro_nameplate_spatial_balance_proxy; thermal_nuclear_biomass_allocated_by_city_demand_share
INTRA_62_LC_156620500_LC_156620800,62,LC_156620500,LC_156620800,120.91539182796659,AC_500kV,2.8742602366779417,270.06044969497304,0.0,within_province_mst_plus_3_nearest_neighbours_geodesic,within_AC500_source_range,2025_simultaneous_wind_solar_hydro_nameplate_spatial_balance_proxy; thermal_nuclear_biomass_allocated_by_city_demand_share
INTRA_62_LC_156620500_LC_156621000,62,LC_156620500,LC_156621000,230.49581811690203,AC_500kV,2.365144518566776,416.28193564990437,0.0,within_province_mst_plus_3_nearest_neighbours_geodesic,within_AC500_source_range,2025_simultaneous_wind_solar_hydro_nameplate_spatial_balance_proxy; thermal_nuclear_biomass_allocated_by_city_demand_share
INTRA_62_LC_156620500_LC_156621100,62,LC_156620500,LC_156621100,134.36637635059833,AC_500kV,2.803497139264495,285.5302641466733,0.0,within_province_mst_plus_3_nearest_neighbours_geodesic,within_AC500_source_range,2025_simultaneous_wind_solar_hydro_nameplate_spatial_balance_proxy; thermal_nuclear_biomass_allocated_by_city_demand_share
INTRA_62_LC_156620500_LC_156621200,62,LC_156620500,LC_156621200,112.69200025838275,AC_500kV,2.9187846655420726,260.9283416808269,0.5680437135616352,within_province_mst_plus_3_nearest_neighbours_geodesic,within_AC500_source_range,2025_simultaneous_wind_solar_hydro_nameplate_spatial_balance_proxy; thermal_nuclear_biomass_allocated_by_city_demand_share
INTRA_62_LC_156620600_LC_156620700,62,LC_156620600,LC_156620700,238.06638068142126,AC_500kV,2.3351478623436037,428.14580234254674,0.0,within_province_mst_plus_3_nearest_neighbours_geodesic,within_AC500_source_range,2025_simultaneous_wind_solar_hydro_nameplate_spatial_balance_proxy; thermal_nuclear_biomass_allocated_by_city_demand_share
INTRA_62_LC_156620700_LC_156620900,62,LC_156620700,LC_156620900,287.2230604804898,AC_500kV,2.154393290911655,510.96399973359706,0.0,within_province_mst_plus_3_nearest_neighbours_geodesic,within_AC500_source_range,2025_simultaneous_wind_solar_hydro_nameplate_spatial_balance_proxy; thermal_nuclear_biomass_allocated_by_city_demand_share
INTRA_62_LC_156620800_LC_156621000,62,LC_156620800,LC_156621000,111.79690210875737,AC_500kV,2.923690039628598,259.94908063667793,0.0,within_province_mst_plus_3_nearest_neighbours_geodesic,within_AC500_source_range,2025_simultaneous_wind_solar_hydro_nameplate_spatial_balance_proxy; thermal_nuclear_biomass_allocated_by_city_demand_share
INTRA_62_LC_156620800_LC_156621100,62,LC_156620800,LC_156621100,199.16733309282415,AC_500kV,2.495897721444114,369.66638862943046,0.0,within_province_mst_plus_3_nearest_neighbours_geodesic,within_AC500_source_range,2025_simultaneous_wind_solar_hydro_nameplate_spatial_balance_proxy; thermal_nuclear_biomass_allocated_by_city_demand_share
INTRA_62_LC_156621100_LC_156621200,62,LC_156621100,LC_156621200,191.28634902349697,AC_500kV,2.5305398970112774,358.56056097691373,1.8687243650261511,within_province_mst_plus_3_nearest_neighbours_geodesic,within_AC500_source_range,2025_simultaneous_wind_solar_hydro_nameplate_spatial_balance_proxy; thermal_nuclear_biomass_allocated_by_city_demand_share
INTRA_62_LC_156621100_LC_156622900,62,LC_156621100,LC_156622900,112.54617445178941,AC_500kV,2.9195830339203743,260.768607743193,0.0,within_province_mst_plus_3_nearest_neighbours_geodesic,within_AC500_source_range,2025_simultaneous_wind_solar_hydro_nameplate_spatial_balance_proxy; thermal_nuclear_biomass_allocated_by_city_demand_share
INTRA_62_LC_156621100_LC_156623000,62,LC_156621100,LC_156623000,141.13997843776056,AC_500kV,2.7688088565917224,293.57394943988777,0.0,within_province_mst_plus_3_nearest_neighbours_geodesic,within_AC500_source_range,2025_simultaneous_wind_solar_hydro_nameplate_spatial_balance_proxy; thermal_nuclear_biomass_allocated_by_city_demand_share
INTRA_62_LC_156621200_LC_156623000,62,LC_156621200,LC_156623000,216.11419492210354,AC_500kV,2.4238179049049795,394.38957833415304,0.0,within_province_mst_plus_3_nearest_neighbours_geodesic,within_AC500_source_range,2025_simultaneous_wind_solar_hydro_nameplate_spatial_balance_proxy; thermal_nuclear_biomass_allocated_by_city_demand_share
INTRA_62_LC_156622900_LC_156623000,62,LC_156622900,LC_156623000,121.88114579933037,AC_500kV,2.8690948604622735,271.14903673780543,0.0,within_province_mst_plus_3_nearest_neighbours_geodesic,within_AC500_source_range,2025_simultaneous_wind_solar_hydro_nameplate_spatial_balance_proxy; thermal_nuclear_biomass_allocated_by_city_demand_share
INTRA_63_LC_156630100_LC_156630200,63,LC_156630100,LC_156630200,69.66090287752806,AC_500kV,2.9894425249184033,220.5180864203749,3.1945190380249695,within_province_mst_plus_3_nearest_neighbours_geodesic,within_AC500_source_range,2025_simultaneous_wind_solar_hydro_nameplate_spatial_balance_proxy; thermal_nuclear_biomass_allocated_by_city_demand_share
INTRA_63_LC_156630100_LC_156632200,63,LC_156630100,LC_156632200,123.67732669795345,AC_500kV,2.8595231003754273,273.1827259376676,1.0253989173469558,within_province_mst_plus_3_nearest_neighbours_geodesic,within_AC500_source_range,2025_simultaneous_wind_solar_hydro_nameplate_spatial_balance_proxy; thermal_nuclear_biomass_allocated_by_city_demand_share
INTRA_63_LC_156630100_LC_156632300,63,LC_156630100,LC_156632300,149.4801235138733,AC_500kV,2.726947140205557,303.7140358015442,0.0,within_province_mst_plus_3_nearest_neighbours_geodesic,within_AC500_source_range,2025_simultaneous_wind_solar_hydro_nameplate_spatial_balance_proxy; thermal_nuclear_biomass_allocated_by_city_demand_share
INTRA_63_LC_156630100_LC_156632500,63,LC_156630100,LC_156632500,131.39710266953367,AC_500kV,2.8189010713402425,282.05800816296164,0.0,within_province_mst_plus_3_nearest_neighbours_geodesic,within_AC500_source_range,2025_simultaneous_wind_solar_hydro_nameplate_spatial_balance_proxy; thermal_nuclear_biomass_allocated_by_city_demand_share
INTRA_63_LC_156630100_LC_156632600,63,LC_156630100,LC_156632600,339.9315651435104,AC_500kV,1.9850985772532233,611.0779684506272,0.0,within_province_mst_plus_3_nearest_neighbours_geodesic,within_AC500_source_range,2025_simultaneous_wind_solar_hydro_nameplate_spatial_balance_proxy; thermal_nuclear_biomass_allocated_by_city_demand_share
INTRA_63_LC_156630200_LC_156632200,63,LC_156630200,LC_156632200,188.8291783171251,AC_500kV,2.541490030502202,355.1483321886981,0.0,within_province_mst_plus_3_nearest_neighbours_geodesic,within_AC500_source_range,2025_simultaneous_wind_solar_hydro_nameplate_spatial_balance_proxy; thermal_nuclear_biomass_allocated_by_city_demand_share
INTRA_63_LC_156630200_LC_156632300,63,LC_156630200,LC_156632300,126.68567097560324,AC_500kV,2.843593784048033,276.61531244434,0.0,within_province_mst_plus_3_nearest_neighbours_geodesic,within_AC500_source_range,2025_simultaneous_wind_solar_hydro_nameplate_spatial_balance_proxy; thermal_nuclear_biomass_allocated_by_city_demand_share
INTRA_63_LC_156630200_LC_156632500,63,LC_156630200,LC_156632500,174.50100353555382,AC_500kV,2.6067862275842058,335.7243682888381,0.0,within_province_mst_plus_3_nearest_neighbours_geodesic,within_AC500_source_range,2025_simultaneous_wind_solar_hydro_nameplate_spatial_balance_proxy; thermal_nuclear_biomass_allocated_by_city_demand_share
INTRA_63_LC_156632200_LC_156632500,63,LC_156632200,LC_156632500,178.48731818782386,AC_500kV,2.5883694745472496,341.04762675864777,0.0,within_province_mst_plus_3_nearest_neighbours_geodesic,within_AC500_source_range,2025_simultaneous_wind_solar_hydro_nameplate_spatial_balance_proxy; thermal_nuclear_biomass_allocated_by_city_demand_share
INTRA_63_LC_156632300_LC_156632500,63,LC_156632300,LC_156632500,140.1214006769553,AC_500kV,2.773985284053039,292.35344636243894,0.0,within_province_mst_plus_3_nearest_neighbours_geodesic,within_AC500_source_range,2025_simultaneous_wind_solar_hydro_nameplate_spatial_balance_proxy; thermal_nuclear_biomass_allocated_by_city_demand_share
INTRA_63_LC_156632300_LC_156632600,63,LC_156632300,LC_156632600,237.39927511621593,AC_500kV,2.337766936162081,427.0909189928579,0.0,within_province_mst_plus_3_nearest_neighbours_geodesic,within_AC500_source_range,2025_simultaneous_wind_solar_hydro_nameplate_spatial_balance_proxy; thermal_nuclear_biomass_allocated_by_city_demand_share
INTRA_63_LC_156632500_LC_156632600,63,LC_156632500,LC_156632600,224.62527812797896,AC_500kV,2.388824273068103,407.2437661671225,0.0,within_province_mst_plus_3_nearest_neighbours_geodesic,within_AC500_source_range,2025_simultaneous_wind_solar_hydro_nameplate_spatial_balance_proxy; thermal_nuclear_biomass_allocated_by_city_demand_share
INTRA_63_LC_156632500_LC_156632700,63,LC_156632500,LC_156632700,533.5154999463691,AC_500kV,1.5322927952225331,1078.1982917689452,0.0,within_province_mst_plus_3_nearest_neighbours_geodesic,within_AC500_source_range,2025_simultaneous_wind_solar_hydro_nameplate_spatial_balance_proxy; thermal_nuclear_biomass_allocated_by_city_demand_share
INTRA_63_LC_156632500_LC_156632800,63,LC_156632500,LC_156632800,547.2954373497114,AC_500kV,1.5080904864807023,1117.0724549061908,0.0,within_province_mst_plus_3_nearest_neighbours_geodesic,within_AC500_source_range,2025_simultaneous_wind_solar_hydro_nameplate_spatial_balance_proxy; thermal_nuclear_biomass_allocated_by_city_demand_share
INTRA_63_LC_156632600_LC_156632700,63,LC_156632600,LC_156632700,387.8751362132206,AC_500kV,1.8504066263941805,712.3866691767716,0.0,within_province_mst_plus_3_nearest_neighbours_geodesic,within_AC500_source_range,2025_simultaneous_wind_solar_hydro_nameplate_spatial_balance_proxy; thermal_nuclear_biomass_allocated_by_city_demand_share
INTRA_63_LC_156632600_LC_156632800,63,LC_156632600,LC_156632800,547.1388123830926,AC_500kV,1.508360623274641,1116.626738860022,0.0,within_province_mst_plus_3_nearest_neighbours_geodesic,within_AC500_source_range,2025_simultaneous_wind_solar_hydro_nameplate_spatial_balance_proxy; thermal_nuclear_biomass_allocated_by_city_demand_share
INTRA_63_LC_156632700_LC_156632800,63,LC_156632700,LC_156632800,356.33435621537353,AC_500kV,1.9370729536552123,644.6413376860504,0.7931830089586281,within_province_mst_plus_3_nearest_neighbours_geodesic,within_AC500_source_range,2025_simultaneous_wind_solar_hydro_nameplate_spatial_balance_proxy; thermal_nuclear_biomass_allocated_by_city_demand_share
INTRA_64_LC_156640100_LC_156640200,64,LC_156640100,LC_156640200,69.5732307855846,AC_500kV,2.9894425249184033,220.44066251247187,0.0,within_province_mst_plus_3_nearest_neighbours_geodesic,within_AC500_source_range,2025_simultaneous_wind_solar_hydro_nameplate_spatial_balance_proxy; thermal_nuclear_biomass_allocated_by_city_demand_share
INTRA_64_LC_156640100_LC_156640300,64,LC_156640100,LC_156640300,92.94007537867233,AC_500kV,2.9894425249184033,241.07610514485208,0.0,within_province_mst_plus_3_nearest_neighbours_geodesic,within_AC500_source_range,2025_simultaneous_wind_solar_hydro_nameplate_spatial_balance_proxy; thermal_nuclear_biomass_allocated_by_city_demand_share
INTRA_64_LC_156640100_LC_156640400,64,LC_156640100,LC_156640400,273.15174603702053,AC_500kV,2.2037457490313304,486.22495771334195,0.0,within_province_mst_plus_3_nearest_neighbours_geodesic,within_AC500_source_range,2025_simultaneous_wind_solar_hydro_nameplate_spatial_balance_proxy; thermal_nuclear_biomass_allocated_by_city_demand_share
INTRA_64_LC_156640100_LC_156640500,64,LC_156640100,LC_156640500,163.92788188668527,AC_500kV,2.6565897181076266,321.9041945133796,0.0,within_province_mst_plus_3_nearest_neighbours_geodesic,within_AC500_source_range,2025_simultaneous_wind_solar_hydro_nameplate_spatial_balance_proxy; thermal_nuclear_biomass_allocated_by_city_demand_share
INTRA_64_LC_156640200_LC_156640300,64,LC_156640200,LC_156640300,161.4400656005587,AC_500kV,2.668513096476272,318.7150764402346,0.0,within_province_mst_plus_3_nearest_neighbours_geodesic,within_AC500_source_range,2025_simultaneous_wind_solar_hydro_nameplate_spatial_balance_proxy; thermal_nuclear_biomass_allocated_by_city_demand_share
INTRA_64_LC_156640200_LC_156640500,64,LC_156640200,LC_156640500,232.07786092720892,AC_500kV,2.358826045753562,418.7417278611149,0.0,within_province_mst_plus_3_nearest_neighbours_geodesic,within_AC500_source_range,2025_simultaneous_wind_solar_hydro_nameplate_spatial_balance_proxy; thermal_nuclear_biomass_allocated_by_city_demand_share
INTRA_64_LC_156640300_LC_156640400,64,LC_156640300,LC_156640400,180.2948051909706,AC_500kV,2.580082972649774,343.4817747141393,0.0,within_province_mst_plus_3_nearest_neighbours_geodesic,within_AC500_source_range,2025_simultaneous_wind_solar_hydro_nameplate_spatial_balance_proxy; thermal_nuclear_biomass_allocated_by_city_demand_share
INTRA_64_LC_156640300_LC_156640500,64,LC_156640300,LC_156640500,91.64342523447351,AC_500kV,2.9894425249184033,239.93102329358675,0.0,within_province_mst_plus_3_nearest_neighbours_geodesic,within_AC500_source_range,2025_simultaneous_wind_solar_hydro_nameplate_spatial_balance_proxy; thermal_nuclear_biomass_allocated_by_city_demand_share
INTRA_64_LC_156640400_LC_156640500,64,LC_156640400,LC_156640500,142.98062689503962,AC_500kV,2.759490122359871,295.78934812787054,0.15398170585179427,within_province_mst_plus_3_nearest_neighbours_geodesic,within_AC500_source_range,2025_simultaneous_wind_solar_hydro_nameplate_spatial_balance_proxy; thermal_nuclear_biomass_allocated_by_city_demand_share
INTRA_65_LC_156650100_LC_156650200,65,LC_156650100,LC_156650200,247.51666812089152,AC_500kV,2.2985403329700156,443.28650760059463,0.0,within_province_mst_plus_3_nearest_neighbours_geodesic,within_AC500_source_range,2025_simultaneous_wind_solar_hydro_nameplate_spatial_balance_proxy; thermal_nuclear_biomass_allocated_by_city_demand_share
INTRA_65_LC_156650100_LC_156650400,65,LC_156650100,LC_156650400,216.56425857707424,AC_500kV,2.4219475621020328,395.06194105510116,0.0,within_province_mst_plus_3_nearest_neighbours_geodesic,within_AC500_source_range,2025_simultaneous_wind_solar_hydro_nameplate_spatial_balance_proxy; thermal_nuclear_biomass_allocated_by_city_demand_share
INTRA_65_LC_156650100_LC_156650500,65,LC_156650100,LC_156650500,508.4898650296696,AC_500kV,1.5785784713831956,1009.3937358920566,0.0,within_province_mst_plus_3_nearest_neighbours_geodesic,within_AC500_source_range,2025_simultaneous_wind_solar_hydro_nameplate_spatial_balance_proxy; thermal_nuclear_biomass_allocated_by_city_demand_share
INTRA_65_LC_156650100_LC_156652300,65,LC_156650100,LC_156652300,183.87539354728273,AC_500kV,2.563784684057246,348.3415784810061,0.0,within_province_mst_plus_3_nearest_neighbours_geodesic,within_AC500_source_range,2025_simultaneous_wind_solar_hydro_nameplate_spatial_balance_proxy; thermal_nuclear_biomass_allocated_by_city_demand_share
INTRA_65_LC_156650100_LC_156652800,65,LC_156650100,LC_156652800,291.21845880554815,AC_500kV,2.140713358683062,518.1404370548763,0.0,within_province_mst_plus_3_nearest_neighbours_geodesic,within_AC500_source_range,2025_simultaneous_wind_solar_hydro_nameplate_spatial_balance_proxy; thermal_nuclear_biomass_allocated_by_city_demand_share
INTRA_65_LC_156650200_LC_156652700,65,LC_156650200,LC_156652700,237.37781087279208,AC_500kV,2.3378512824751465,427.057008331467,0.0,within_province_mst_plus_3_nearest_neighbours_geodesic,within_AC500_source_range,2025_simultaneous_wind_solar_hydro_nameplate_spatial_balance_proxy; thermal_nuclear_biomass_allocated_by_city_demand_share
INTRA_65_LC_156650200_LC_156654000,65,LC_156650200,LC_156654000,262.5774029970857,AC_500kV,2.2420670679180277,468.1809133774095,0.0,within_province_mst_plus_3_nearest_neighbours_geodesic,within_AC500_source_range,2025_simultaneous_wind_solar_hydro_nameplate_spatial_balance_proxy; thermal_nuclear_biomass_allocated_by_city_demand_share
INTRA_65_LC_156650200_LC_156654200,65,LC_156650200,LC_156654200,61.07773484789911,AC_500kV,2.9894425249184033,212.93822381745065,0.0,within_province_mst_plus_3_nearest_neighbours_geodesic,within_AC500_source_range,2025_simultaneous_wind_solar_hydro_nameplate_spatial_balance_proxy; thermal_nuclear_biomass_allocated_by_city_demand_share
INTRA_65_LC_156650200_LC_156654300,65,LC_156650200,LC_156654300,348.18584562427696,AC_500kV,1.960669243917828,627.8249358220746,0.0,within_province_mst_plus_3_nearest_neighbours_geodesic,within_AC500_source_range,2025_simultaneous_wind_solar_hydro_nameplate_spatial_balance_proxy; thermal_nuclear_biomass_allocated_by_city_demand_share
INTRA_65_LC_156650400_LC_156650500,65,LC_156650400,LC_156650500,338.9303104772001,AC_500kV,1.9880985001137907,609.0662414908492,0.0,within_province_mst_plus_3_nearest_neighbours_geodesic,within_AC500_source_range,2025_simultaneous_wind_solar_hydro_nameplate_spatial_balance_proxy; thermal_nuclear_biomass_allocated_by_city_demand_share
INTRA_65_LC_156650400_LC_156652300,65,LC_156650400,LC_156652300,208.53719614306232,AC_500kV,2.455644085575326,383.19299321574954,0.0,within_province_mst_plus_3_nearest_neighbours_geodesic,within_AC500_source_range,2025_simultaneous_wind_solar_hydro_nameplate_spatial_balance_proxy; thermal_nuclear_biomass_allocated_by_city_demand_share
INTRA_65_LC_156650400_LC_156652800,65,LC_156650400,LC_156652800,307.4822462500097,AC_500kV,2.086502663742257,548.0496495432706,0.0,within_province_mst_plus_3_nearest_neighbours_geodesic,within_AC500_source_range,2025_simultaneous_wind_solar_hydro_nameplate_spatial_balance_proxy; thermal_nuclear_biomass_allocated_by_city_demand_share
INTRA_65_LC_156650500_LC_156652300,65,LC_156650500,LC_156652300,365.87498521957764,AC_500kV,1.9100870742826839,664.688967788248,0.0,within_province_mst_plus_3_nearest_neighbours_geodesic,within_AC500_source_range,2025_simultaneous_wind_solar_hydro_nameplate_spatial_balance_proxy; thermal_nuclear_biomass_allocated_by_city_demand_share
INTRA_65_LC_156652300_LC_156654300,65,LC_156652300,LC_156654300,374.2655718619849,AC_500kV,1.8869131027731796,682.6389043371925,0.0,within_province_mst_plus_3_nearest_neighbours_geodesic,within_AC500_source_range,2025_simultaneous_wind_solar_hydro_nameplate_spatial_balance_proxy; thermal_nuclear_biomass_allocated_by_city_demand_share
INTRA_65_LC_156652700_LC_156654000,65,LC_156652700,LC_156654000,95.90200744082694,AC_500kV,2.9894425249184033,243.69181044070874,0.0,within_province_mst_plus_3_nearest_neighbours_geodesic,within_AC500_source_range,2025_simultaneous_wind_solar_hydro_nameplate_spatial_balance_proxy; thermal_nuclear_biomass_allocated_by_city_demand_share
INTRA_65_LC_156652700_LC_156654200,65,LC_156652700,LC_156654200,201.77361642578578,AC_500kV,2.484600109256346,373.39359411583905,0.0,within_province_mst_plus_3_nearest_neighbours_geodesic,within_AC500_source_range,2025_simultaneous_wind_solar_hydro_nameplate_spatial_balance_proxy; thermal_nuclear_biomass_allocated_by_city_demand_share
INTRA_65_LC_156652800_LC_156652900,65,LC_156652800,LC_156652900,358.4982136387906,AC_500kV,1.9308922974411082,649.1543629650703,0.0,within_province_mst_plus_3_nearest_neighbours_geodesic,within_AC500_source_range,2025_simultaneous_wind_solar_hydro_nameplate_spatial_balance_proxy; thermal_nuclear_biomass_allocated_by_city_demand_share
INTRA_65_LC_156652900_LC_156653000,65,LC_156652900,LC_156653000,480.6298995950821,AC_500kV,1.6338604446145115,935.6042314773026,0.0,within_province_mst_plus_3_nearest_neighbours_geodesic,within_AC500_source_range,2025_simultaneous_wind_solar_hydro_nameplate_spatial_balance_proxy; thermal_nuclear_biomass_allocated_by_city_demand_share
INTRA_65_LC_156652900_LC_156653100,65,LC_156652900,LC_156653100,472.17837201595324,AC_500kV,1.6514560754281544,913.819289879652,0.0,within_province_mst_plus_3_nearest_neighbours_geodesic,within_AC500_source_range,2025_simultaneous_wind_solar_hydro_nameplate_spatial_balance_proxy; thermal_nuclear_biomass_allocated_by_city_demand_share
INTRA_65_LC_156652900_LC_156653200,65,LC_156652900,LC_156653200,415.2791786679076,AC_500kV,1.7807853269827012,774.6480599157172,0.0,within_province_mst_plus_3_nearest_neighbours_geodesic,within_AC500_source_range,2025_simultaneous_wind_solar_hydro_nameplate_spatial_balance_proxy; thermal_nuclear_biomass_allocated_by_city_demand_share
INTRA_65_LC_156652900_LC_156654000,65,LC_156652900,LC_156654000,332.8255425766769,AC_500kV,2.0065631247604996,596.8927438464227,0.0,within_province_mst_plus_3_nearest_neighbours_geodesic,within_AC500_source_range,2025_simultaneous_wind_solar_hydro_nameplate_spatial_balance_proxy; thermal_nuclear_biomass_allocated_by_city_demand_share
INTRA_65_LC_156653000_LC_156653100,65,LC_156653000,LC_156653100,107.46448569363203,AC_500kV,2.947598464262004,255.24996269708012,0.0,within_province_mst_plus_3_nearest_neighbours_geodesic,within_AC500_source_range,2025_simultaneous_wind_solar_hydro_nameplate_spatial_balance_proxy; thermal_nuclear_biomass_allocated_by_city_demand_share
INTRA_65_LC_156653000_LC_156653200,65,LC_156653000,LC_156653200,435.2621898247172,AC_500kV,1.733120875463782,822.0190642818017,0.0,within_province_mst_plus_3_nearest_neighbours_geodesic,within_AC500_source_range,2025_simultaneous_wind_solar_hydro_nameplate_spatial_balance_proxy; thermal_nuclear_biomass_allocated_by_city_demand_share
INTRA_65_LC_156653100_LC_156653200,65,LC_156653100,LC_156653200,341.29316552220035,AC_500kV,1.981031788507556,613.820544630131,0.0,within_province_mst_plus_3_nearest_neighbours_geodesic,within_AC500_source_range,2025_simultaneous_wind_solar_hydro_nameplate_spatial_balance_proxy; thermal_nuclear_biomass_allocated_by_city_demand_share
INTRA_65_LC_156654000_LC_156654200,65,LC_156654000,LC_156654200,247.83839846018375,AC_500kV,2.297310159911209,443.80846137039396,0.0,within_province_mst_plus_3_nearest_neighbours_geodesic,within_AC500_source_range,2025_simultaneous_wind_solar_hydro_nameplate_spatial_balance_proxy; thermal_nuclear_biomass_allocated_by_city_demand_share
INTRA_65_LC_156654200_LC_156654300,65,LC_156654200,LC_156654300,355.6238712497797,AC_500kV,1.9391100857766488,643.163857939707,0.0,within_province_mst_plus_3_nearest_neighbours_geodesic,within_AC500_source_range,2025_simultaneous_wind_solar_hydro_nameplate_spatial_balance_proxy; thermal_nuclear_biomass_allocated_by_city_demand_share
