load_center_id,province_code,province_name_en,province_name_zh,city_name_zh,source_city_code,lon,lat,annual_demand_share_in_province,annual_city_power_mwh,electricity_weight_method,center_method,load_center_method,demand_share_source,scenario_status,annual_city_power_share_in_province,monthly_weight_mean,city_area_km2,county_count,urban_population,total_population,electricity_weight_year,population_source_note,substation_count_220kv_plus,voltage_weighted_substation_units,maximum_substation_voltage_kv,substations_per_10000_km2,voltage_weighted_units_per_10000_km2,substation_count_share_in_province,voltage_weight_share_in_province,substation_density_role
LC_156110000,11,Beijing,北京,北京,156110000,116.36795220903856,39.9654826614786,1.0,1277.0501854142592,observed_2022_city_table,urban_population_weighted_county_centroids,city_337_urban_population_weighted_centroid,2022_city_electricity; 296_observed_41_imputed_by_province_power_per_urban_population,production_default_city_337,1.0,1.0,16421.422125280147,16,19166433.0,21893095.0,2022,county urban population field; source year follows local population shapefile metadata,48.0,58.18181818181819,500.0,29.230111517629062,35.43043820318675,1.0,1.0,validation_and_sensitivity_only_not_primary_load_weight
LC_156120000,12,Tianjin,天津,天津,156120000,117.27904058308948,39.128935998908695,1.0,1071.068893883676,observed_2022_city_table,urban_population_weighted_county_centroids,city_337_urban_population_weighted_centroid,2022_city_electricity; 296_observed_41_imputed_by_province_power_per_urban_population,production_default_city_337,1.0,1.0,11942.55798954398,16,11744440.0,13866009.0,2022,county urban population field; source year follows local population shapefile metadata,76.0,93.54545454545456,1000.0,63.63795768589943,78.32949576410348,1.0,1.0,validation_and_sensitivity_only_not_primary_load_weight
LC_156130100,13,Hebei,河北,石家庄,156130100,114.57378817695226,38.06675145712464,0.1214223407724374,564.0065035380544,observed_2022_city_table,urban_population_weighted_county_centroids,city_337_urban_population_weighted_centroid,2022_city_electricity; 296_observed_41_imputed_by_province_power_per_urban_population,production_default_city_337,0.1214223407724374,0.1214174681707542,14058.974216421782,22,7531487.0,10874264.0,2022,county urban population field; source year follows local population shapefile metadata,10.0,13.818181818181818,500.0,7.112894472997439,9.828726908141917,0.0273972602739726,0.0297049052179011,validation_and_sensitivity_only_not_primary_load_weight
LC_156130200,13,Hebei,河北,唐山,156130200,118.27495798784022,39.72014804389376,0.1174016734992717,545.330512973204,observed_2022_city_table,urban_population_weighted_county_centroids,city_337_urban_population_weighted_centroid,2022_city_electricity; 296_observed_41_imputed_by_province_power_per_urban_population,production_default_city_337,0.1174016734992717,0.1173533809773346,13777.304041481391,14,4713666.0,7353734.0,2022,county urban population field; source year follows local population shapefile metadata,30.0,45.27272727272727,500.0,21.77494225987501,32.86036741035684,0.0821917808219178,0.0973226499902286,validation_and_sensitivity_only_not_primary_load_weight
LC_156130300,13,Hebei,河北,秦皇岛,156130300,119.42879253660148,40.00108938525901,0.1938146009427676,900.2683914422391,observed_2022_city_table,urban_population_weighted_county_centroids,city_337_urban_population_weighted_centroid,2022_city_electricity; 296_observed_41_imputed_by_province_power_per_urban_population,production_default_city_337,0.1938146009427676,0.1938792245449062,7771.763068385477,7,1807500.0,2864249.0,2022,county urban population field; source year follows local population shapefile metadata,4.0,6.545454545454546,500.0,5.14683729393589,8.422097390076912,0.010958904109589,0.0140707445769005,validation_and_sensitivity_only_not_primary_load_weight
LC_156130400,13,Hebei,河北,邯郸,156130400,114.5809765859598,36.55075902312293,0.0990705583623563,460.1825238259544,observed_2022_city_table,urban_population_weighted_county_centroids,city_337_urban_population_weighted_centroid,2022_city_electricity; 296_observed_41_imputed_by_province_power_per_urban_population,production_default_city_337,0.0990705583623563,0.0990911810234415,12101.94591366341,18,5143108.0,8834074.0,2022,county urban population field; source year follows local population shapefile metadata,3.0,4.272727272727273,500.0,2.47894018152314,3.530611773684473,0.0082191780821917,0.0091850693765878,validation_and_sensitivity_only_not_primary_load_weight
LC_156130500,13,Hebei,河北,邢台,156130500,114.7978064038358,37.17553144260391,0.078126157661492,362.8958290311863,observed_2022_city_table,urban_population_weighted_county_centroids,city_337_urban_population_weighted_centroid,2022_city_electricity; 296_observed_41_imputed_by_province_power_per_urban_population,production_default_city_337,0.078126157661492,0.078072503340727,12434.247144096296,18,3737361.0,6928521.0,2022,county urban population field; source year follows local population shapefile metadata,4.0,11.363636363636363,1000.0,3.216921743347506,9.138982225419053,0.010958904109589,0.0244283760015634,validation_and_sensitivity_only_not_primary_load_weight
LC_156130600,13,Hebei,河北,保定,156130600,115.44365144605536,38.91424203534381,0.0977409340716885,454.0064219452942,observed_2022_city_table,urban_population_weighted_county_centroids,city_337_urban_population_weighted_centroid,2022_city_electricity; 296_observed_41_imputed_by_province_power_per_urban_population,production_default_city_337,0.0977409340716885,0.0977897816964673,22186.891474968623,24,6215228.0,11294603.0,2022,county urban population field; source year follows local population shapefile metadata,37.0,44.36363636363637,1000.0,16.676513716102864,19.99542676525356,0.1013698630136986,0.0953683799101035,validation_and_sensitivity_only_not_primary_load_weight
LC_156130700,13,Hebei,河北,张家口,156130700,114.9797919688946,40.6623843754406,0.0465645631507392,216.29229254149712,observed_2022_city_table,urban_population_weighted_county_centroids,city_337_urban_population_weighted_centroid,2022_city_electricity; 296_observed_41_imputed_by_province_power_per_urban_population,production_default_city_337,0.0465645631507392,0.0465818279373918,36767.75135378602,16,2491667.0,3838070.0,2022,county urban population field; source year follows local population shapefile metadata,68.0,85.54545454545455,1000.0,18.49446797703008,23.266436318696936,0.1863013698630137,0.1838968145397694,validation_and_sensitivity_only_not_primary_load_weight
LC_156130800,13,Hebei,河北,承德,156130800,117.85503034599331,41.07599825770102,0.0471103972000645,218.82769048979503,observed_2022_city_table,urban_population_weighted_county_centroids,city_337_urban_population_weighted_centroid,2022_city_electricity; 296_observed_41_imputed_by_province_power_per_urban_population,production_default_city_337,0.0471103972000645,0.0471231671432377,39460.63966423088,11,1790742.0,3219069.0,2022,county urban population field; source year follows local population shapefile metadata,43.0,54.18181818181819,1000.0,10.896934354304795,13.730598044747694,0.1178082191780822,0.1164744967754543,validation_and_sensitivity_only_not_primary_load_weight
LC_156130900,13,Hebei,河北,沧州,156130900,116.66443911504082,38.3089744793702,0.0887567029261631,412.2746882039554,observed_2022_city_table,urban_population_weighted_county_centroids,city_337_urban_population_weighted_centroid,2022_city_electricity; 296_observed_41_imputed_by_province_power_per_urban_population,production_default_city_337,0.0887567029261631,0.0887433239836321,14182.502876025314,16,3549493.0,7101171.0,2022,county urban population field; source year follows local population shapefile metadata,54.0,63.909090909090914,1000.0,38.075084822499015,45.06192698689698,0.147945205479452,0.1373851866327926,validation_and_sensitivity_only_not_primary_load_weight
LC_156131000,13,Hebei,河北,廊坊,156131000,116.71117646881945,39.44841046832956,0.0698040245360965,324.2395391246257,observed_2022_city_table,urban_population_weighted_county_centroids,city_337_urban_population_weighted_centroid,2022_city_electricity; 296_observed_41_imputed_by_province_power_per_urban_population,production_default_city_337,0.0698040245360965,0.0698081629246809,6384.186704893407,10,3425055.0,5335120.0,2022,county urban population field; source year follows local population shapefile metadata,112.0,135.9090909090909,1000.0,175.43346580724725,212.8839540436969,0.3068493150684931,0.2921633769786984,validation_and_sensitivity_only_not_primary_load_weight
LC_156131100,13,Hebei,河北,衡水,156131100,115.77631532458192,37.75562330370052,0.0401880468769227,186.6733885945791,observed_2022_city_table,urban_population_weighted_county_centroids,city_337_urban_population_weighted_centroid,2022_city_electricity; 296_observed_41_imputed_by_province_power_per_urban_population,production_default_city_337,0.0401880468769227,0.040139978257426,8862.100285875895,11,2128672.0,3988431.0,2022,county urban population field; source year follows local population shapefile metadata,0.0,0.0,0.0,0.0,0.0,0.0,0.0,validation_and_sensitivity_only_not_primary_load_weight
LC_156140100,14,Shanxi,山西,太原,156140100,112.50351285519928,37.84210700621036,0.0599552595824843,303.821255146605,observed_2022_city_table,urban_population_weighted_county_centroids,city_337_urban_population_weighted_centroid,2022_city_electricity; 296_observed_41_imputed_by_province_power_per_urban_population,production_default_city_337,0.0599552595824843,0.0600168781917531,6902.982723351115,10,4464831.0,5045235.0,2022,county urban population field; source year follows local population shapefile metadata,2.0,4.545454545454546,500.0,2.8972982841670536,6.584768827652394,0.017094017094017,0.0264690312334568,validation_and_sensitivity_only_not_primary_load_weight
LC_156140200,14,Shanxi,山西,大同,156140200,113.36667030835056,40.0379046454114,0.5312286721025848,2691.983373135513,observed_2022_city_table,urban_population_weighted_county_centroids,city_337_urban_population_weighted_centroid,2022_city_electricity; 296_observed_41_imputed_by_province_power_per_urban_population,production_default_city_337,0.5312286721025848,0.531585430351135,14075.247612828549,10,2240722.0,3088782.0,2022,county urban population field; source year follows local population shapefile metadata,16.0,22.363636363636363,500.0,11.367473198423294,15.88862731143256,0.1367521367521367,0.1302276336686077,validation_and_sensitivity_only_not_primary_load_weight
LC_156140300,14,Shanxi,山西,阳泉,156140300,113.55512260207196,37.92599603118112,0.0275627447126785,139.67327891176237,observed_2022_city_table,urban_population_weighted_county_centroids,city_337_urban_population_weighted_centroid,2022_city_electricity; 296_observed_41_imputed_by_province_power_per_urban_population,production_default_city_337,0.0275627447126785,0.0275000480420706,4572.09691959174,5,939172.0,1318505.0,2022,county urban population field; source year follows local population shapefile metadata,1.0,2.272727272727273,500.0,2.187180231711479,4.970864162980634,0.0085470085470085,0.0132345156167284,validation_and_sensitivity_only_not_primary_load_weight
LC_156140400,14,Shanxi,山西,长治,156140400,113.02989778178431,36.31692725390324,0.0486465218441389,246.51460819495637,observed_2022_city_table,urban_population_weighted_county_centroids,city_337_urban_population_weighted_centroid,2022_city_electricity; 296_observed_41_imputed_by_province_power_per_urban_population,production_default_city_337,0.0486465218441389,0.0485325680495408,13941.781162397338,12,1796139.0,3180884.0,2022,county urban population field; source year follows local population shapefile metadata,4.0,11.090909090909092,1000.0,2.869073867540312,7.955159359998139,0.0341880341880341,0.0645844362096347,validation_and_sensitivity_only_not_primary_load_weight
LC_156140500,14,Shanxi,山西,晋城,156140500,112.79485174754709,35.57381938472236,0.043940931922516,222.66919002566576,observed_2022_city_table,urban_population_weighted_county_centroids,city_337_urban_population_weighted_centroid,2022_city_electricity; 296_observed_41_imputed_by_province_power_per_urban_population,production_default_city_337,0.043940931922516,0.0438669205656053,9418.607762784422,6,1376521.0,2194545.0,2022,county urban population field; source year follows local population shapefile metadata,23.0,28.090909090909093,500.0,24.41974501887582,29.824905971670468,0.1965811965811965,0.1635786130227633,validation_and_sensitivity_only_not_primary_load_weight
LC_156140600,14,Shanxi,山西,朔州,156140600,112.72096623351248,39.5361998464003,0.0371049019051827,188.02783854875835,observed_2022_city_table,urban_population_weighted_county_centroids,city_337_urban_population_weighted_centroid,2022_city_electricity; 296_observed_41_imputed_by_province_power_per_urban_population,production_default_city_337,0.0371049019051827,0.0371692587097985,10657.141876480153,6,929229.0,1521700.0,2022,county urban population field; source year follows local population shapefile metadata,23.0,33.0,1000.0,21.581771422936576,30.96515030247422,0.1965811965811965,0.1921651667548967,validation_and_sensitivity_only_not_primary_load_weight
LC_156140700,14,Shanxi,山西,晋中,156140700,112.63291578245868,37.3587147513137,0.0507126286043778,256.9845344955681,observed_2022_city_table,urban_population_weighted_county_centroids,city_337_urban_population_weighted_centroid,2022_city_electricity; 296_observed_41_imputed_by_province_power_per_urban_population,production_default_city_337,0.0507126286043778,0.0506108334491824,16405.994825760623,11,2027808.0,3379498.0,2022,county urban population field; source year follows local population shapefile metadata,6.0,18.181818181818183,1000.0,3.6571997393165248,11.082423452474318,0.0512820512820512,0.1058761249338274,validation_and_sensitivity_only_not_primary_load_weight
LC_156140800,14,Shanxi,山西,运城,156140800,110.95266090865988,35.19432190892582,0.057479718276741,291.2765331002687,observed_2022_city_table,urban_population_weighted_county_centroids,city_337_urban_population_weighted_centroid,2022_city_electricity; 296_observed_41_imputed_by_province_power_per_urban_population,production_default_city_337,0.057479718276741,0.0574978933581999,14180.138432454236,13,2352523.0,4774508.0,2022,county urban population field; source year follows local population shapefile metadata,12.0,15.818181818181818,500.0,8.462540797581687,11.15516741499404,0.1025641025641025,0.0921122286924298,validation_and_sensitivity_only_not_primary_load_weight
LC_156140900,14,Shanxi,山西,忻州,156140900,112.52122665959035,38.77839636498186,0.0407743283416057,206.6225332151772,observed_2022_city_table,urban_population_weighted_county_centroids,city_337_urban_population_weighted_centroid,2022_city_electricity; 296_observed_41_imputed_by_province_power_per_urban_population,production_default_city_337,0.0407743283416057,0.0407868373921654,25162.0408471617,14,1437616.0,2672618.0,2022,county urban population field; source year follows local population shapefile metadata,16.0,19.81818181818182,500.0,6.358784685704384,7.876221940247477,0.1367521367521367,0.1154049761778718,validation_and_sensitivity_only_not_primary_load_weight
LC_156141000,14,Shanxi,山西,临汾,156141000,111.48410267001404,36.11734846666359,0.0500295453267193,253.52303303209212,observed_2022_city_table,urban_population_weighted_county_centroids,city_337_urban_population_weighted_centroid,2022_city_electricity; 296_observed_41_imputed_by_province_power_per_urban_population,production_default_city_337,0.0500295453267193,0.0499506590851324,20287.14260426748,17,2114457.0,3976481.0,2022,county urban population field; source year follows local population shapefile metadata,12.0,13.272727272727272,500.0,5.91507647680051,6.542433072824807,0.1025641025641025,0.077289571201694,validation_and_sensitivity_only_not_primary_load_weight
LC_156141100,14,Shanxi,山西,吕梁,156141100,111.41473324602596,37.487949851231576,0.0525647473809703,266.37008390863974,observed_2022_city_table,urban_population_weighted_county_centroids,city_337_urban_population_weighted_centroid,2022_city_electricity; 296_observed_41_imputed_by_province_power_per_urban_population,production_default_city_337,0.0525647473809703,0.0524826728054155,21062.48001050041,13,1811822.0,3398431.0,2022,county urban population field; source year follows local population shapefile metadata,2.0,3.272727272727273,500.0,0.9495557973244022,1.553818577439931,0.017094017094017,0.0190577024880889,validation_and_sensitivity_only_not_primary_load_weight
LC_156150100,15,Inner Mongolia,内蒙古,呼和浩特,156150100,111.72948153584149,40.79176853231885,0.0458846174600433,179.7255855973753,observed_2022_city_table,urban_population_weighted_county_centroids,city_337_urban_population_weighted_centroid,2022_city_electricity; 296_observed_41_imputed_by_province_power_per_urban_population,production_default_city_337,0.0458846174600433,0.0516160606296712,17159.4524178497,9,2591367.0,3309950.0,2022,county urban population field; source year follows local population shapefile metadata,44.0,54.18181818181819,500.0,25.64184388205189,31.5754937059978,0.0592193808882907,0.0605137577419027,validation_and_sensitivity_only_not_primary_load_weight
LC_156150200,15,Inner Mongolia,内蒙古,包头,156150200,109.96113697879436,40.69831241875342,0.1981141412345922,775.9938301657271,observed_2022_city_table,urban_population_weighted_county_centroids,city_337_urban_population_weighted_centroid,2022_city_electricity; 296_observed_41_imputed_by_province_power_per_urban_population,production_default_city_337,0.1981141412345922,0.2230301748534858,27572.68674026456,9,2157474.0,2525251.0,2022,county urban population field; source year follows local population shapefile metadata,87.0,97.1818181818182,500.0,31.55296428655731,35.24568319992661,0.117092866756393,0.108538937963245,validation_and_sensitivity_only_not_primary_load_weight
LC_156150300,15,Inner Mongolia,内蒙古,乌海,156150300,106.82269736274114,39.582625389576094,0.0655697283666934,256.8302511931564,observed_2022_city_table,urban_population_weighted_county_centroids,city_337_urban_population_weighted_centroid,2022_city_electricity; 296_observed_41_imputed_by_province_power_per_urban_population,production_default_city_337,0.0655697283666934,0.0737565791521926,1660.752316728551,3,530877.0,556621.0,2022,county urban population field; source year follows local population shapefile metadata,26.0,29.81818181818182,500.0,156.55555460079893,179.54623045126593,0.034993270524899,0.0333028733881612,validation_and_sensitivity_only_not_primary_load_weight
LC_156150400,15,Inner Mongolia,内蒙古,赤峰,156150400,118.94911696616852,42.628052688454034,0.0276162603015461,108.17020669349716,observed_2022_city_table,urban_population_weighted_county_centroids,city_337_urban_population_weighted_centroid,2022_city_electricity; 296_observed_41_imputed_by_province_power_per_urban_population,production_default_city_337,0.0276162603015461,0.0309575758733987,86953.6415658799,12,2143486.0,4035967.0,2022,county urban population field; source year follows local population shapefile metadata,43.0,46.81818181818182,500.0,4.945163793677499,5.38426924681588,0.0578734858681022,0.052289572545436,validation_and_sensitivity_only_not_primary_load_weight
LC_156150500,15,Inner Mongolia,内蒙古,通辽,156150500,121.62431018600812,43.839641529065474,0.1172975766484662,459.4432038287434,observed_2022_city_table,urban_population_weighted_county_centroids,city_337_urban_population_weighted_centroid,2022_city_electricity; 296_observed_41_imputed_by_province_power_per_urban_population,production_default_city_337,0.1172975766484662,0.1319057332934425,58836.897066749465,8,1269610.0,2670025.0,2022,county urban population field; source year follows local population shapefile metadata,81.0,92.54545454545456,800.0,13.766871476601985,15.729152820629425,0.1090174966352624,0.1033607472839882,validation_and_sensitivity_only_not_primary_load_weight
LC_156150600,15,Inner Mongolia,内蒙古,鄂尔多斯,156150600,109.58667100778264,39.66014456248833,0.2089397625997416,818.3967365646134,observed_2022_city_table,urban_population_weighted_county_centroids,city_337_urban_population_weighted_centroid,2022_city_electricity; 296_observed_41_imputed_by_province_power_per_urban_population,production_default_city_337,0.2089397625997416,0.2350064807083614,86853.38328547974,9,1667962.0,2153638.0,2022,county urban population field; source year follows local population shapefile metadata,114.0,144.0909090909091,1000.0,13.125568134207464,16.590131971865098,0.1534320323014804,0.1609300436592547,validation_and_sensitivity_only_not_primary_load_weight
LC_156150700,15,Inner Mongolia,内蒙古,呼伦贝尔,156150700,120.85405789401491,49.26996502521311,0.0394217128210847,154.41101646299592,observed_2022_city_table,urban_population_weighted_county_centroids,city_337_urban_population_weighted_centroid,2022_city_electricity; 296_observed_41_imputed_by_province_power_per_urban_population,production_default_city_337,0.0394217128210847,0.0442362134126029,252781.44463645056,14,1656914.0,2242875.0,2022,county urban population field; source year follows local population shapefile metadata,45.0,56.45454545454545,500.0,1.7801939562739209,2.233334236052737,0.0605652759084791,0.0630520865062442,validation_and_sensitivity_only_not_primary_load_weight
LC_156150800,15,Inner Mongolia,内蒙古,巴彦淖尔,156150800,107.68949925495794,40.98916732486706,0.0343919012009855,134.70973335533986,observed_2022_city_table,urban_population_weighted_county_centroids,city_337_urban_population_weighted_centroid,2022_city_electricity; 296_observed_41_imputed_by_province_power_per_urban_population,production_default_city_337,0.0343919012009855,0.0386260555206225,65132.86364242669,7,922952.0,1538715.0,2022,county urban population field; source year follows local population shapefile metadata,57.0,63.36363636363637,500.0,8.751342534687966,9.728366422133194,0.0767160161507402,0.0707686059498426,validation_and_sensitivity_only_not_primary_load_weight
LC_156150900,15,Inner Mongolia,内蒙古,乌兰察布,156150900,113.1097460129154,41.15430314551406,0.1518298431529103,594.7027344311372,observed_2022_city_table,urban_population_weighted_county_centroids,city_337_urban_population_weighted_centroid,2022_city_electricity; 296_observed_41_imputed_by_province_power_per_urban_population,production_default_city_337,0.1518298431529103,0.1708651265562216,54414.823229902206,11,1018617.0,1706328.0,2022,county urban population field; source year follows local population shapefile metadata,86.0,98.72727272727272,500.0,15.804517022255254,18.143451888128126,0.1157469717362045,0.1102650015229972,validation_and_sensitivity_only_not_primary_load_weight
LC_156152200,15,Inner Mongolia,内蒙古,兴安,156152200,121.905161215619,46.09347388689226,0.0480339335353835,188.1442477037067,imputed_province_power_per_urban_population,urban_population_weighted_county_centroids,city_337_urban_population_weighted_centroid,2022_city_electricity; 296_observed_41_imputed_by_province_power_per_urban_population,production_default_city_337,0.0480339335353835,,55156.81752664628,6,754183.0,1416929.0,2022,county urban population field; source year follows local population shapefile metadata,40.0,48.909090909090914,500.0,7.252050026395375,8.867279350456164,0.053835800807537,0.0546248350086303,validation_and_sensitivity_only_not_primary_load_weight
LC_156152500,15,Inner Mongolia,内蒙古,锡林郭勒,156152500,115.5689647344176,43.64909606388234,0.0507626052429882,198.83218949551303,imputed_province_power_per_urban_population,urban_population_weighted_county_centroids,city_337_urban_population_weighted_centroid,2022_city_electricity; 296_observed_41_imputed_by_province_power_per_urban_population,production_default_city_337,0.0507626052429882,,199916.9800891941,12,797026.0,1083609.0,2022,county urban population field; source year follows local population shapefile metadata,95.0,135.72727272727272,1000.0,4.751972541682813,6.789181822710468,0.1278600269179004,0.1515889938064778,validation_and_sensitivity_only_not_primary_load_weight
LC_156152900,15,Inner Mongolia,内蒙古,阿拉善,156152900,104.0123516177112,39.91072773123968,0.0121379174355644,47.5430425226729,imputed_province_power_per_urban_population,urban_population_weighted_county_centroids,city_337_urban_population_weighted_centroid,2022_city_electricity; 296_observed_41_imputed_by_province_power_per_urban_population,production_default_city_337,0.0121379174355644,,239441.3542649932,3,190578.0,235147.0,2022,county urban population field; source year follows local population shapefile metadata,25.0,27.545454545454547,500.0,1.044097001403197,1.150405059727886,0.0336473755047106,0.0307645446238196,validation_and_sensitivity_only_not_primary_load_weight
LC_156210100,21,Liaoning,辽宁,沈阳,156210100,123.35410161299058,41.82549325358829,0.1841593284778153,410.9047362422268,observed_2022_city_table,urban_population_weighted_county_centroids,city_337_urban_population_weighted_centroid,2022_city_electricity; 296_observed_41_imputed_by_province_power_per_urban_population,production_default_city_337,0.1841593284778153,0.184067051196528,12876.949773932443,13,7665638.0,9070093.0,2022,county urban population field; source year follows local population shapefile metadata,23.0,30.63636363636364,500.0,17.86137276590162,23.79163091742627,0.0851851851851851,0.0977945443993035,validation_and_sensitivity_only_not_primary_load_weight
LC_156210200,21,Liaoning,辽宁,大连,156210200,121.75005018554734,39.13867630792671,0.1972786568654609,440.17718317911954,observed_2022_city_table,urban_population_weighted_county_centroids,city_337_urban_population_weighted_centroid,2022_city_electricity; 296_observed_41_imputed_by_province_power_per_urban_population,production_default_city_337,0.1972786568654609,0.1972953900876248,13314.764600786531,10,6135727.0,7450785.0,2022,county urban population field; source year follows local population shapefile metadata,41.0,49.909090909090914,500.0,30.79288386185816,37.48402048815994,0.1518518518518518,0.1593151479976784,validation_and_sensitivity_only_not_primary_load_weight
LC_156210300,21,Liaoning,辽宁,鞍山,156210300,122.9523177875926,40.98335739993917,0.0834370660571258,186.1686068493601,observed_2022_city_table,urban_population_weighted_county_centroids,city_337_urban_population_weighted_centroid,2022_city_electricity; 296_observed_41_imputed_by_province_power_per_urban_population,production_default_city_337,0.0834370660571258,0.083446491179845,9250.528432307929,7,2479691.0,3325372.0,2022,county urban population field; source year follows local population shapefile metadata,21.0,24.81818181818182,500.0,22.701405820943656,26.828934152024324,0.0777777777777777,0.079222286709228,validation_and_sensitivity_only_not_primary_load_weight
LC_156210400,21,Liaoning,辽宁,抚顺,156210400,124.06179011809262,41.87224462041748,0.0839221806871898,187.2510168514018,observed_2022_city_table,urban_population_weighted_county_centroids,city_337_urban_population_weighted_centroid,2022_city_electricity; 296_observed_41_imputed_by_province_power_per_urban_population,production_default_city_337,0.0839221806871898,0.0839341129300974,11257.074695700125,7,1457326.0,1861372.0,2022,county urban population field; source year follows local population shapefile metadata,11.0,11.0,220.0,9.771632770813612,9.771632770813612,0.0407407407407407,0.0351131746952988,validation_and_sensitivity_only_not_primary_load_weight
LC_156210500,21,Liaoning,辽宁,本溪,156210500,123.9835702916288,41.28642927935575,0.0639164313602336,142.61327181579637,observed_2022_city_table,urban_population_weighted_county_centroids,city_337_urban_population_weighted_centroid,2022_city_electricity; 296_observed_41_imputed_by_province_power_per_urban_population,production_default_city_337,0.0639164313602336,0.0639254511909513,8399.850337625265,6,1053426.0,1326018.0,2022,county urban population field; source year follows local population shapefile metadata,18.0,20.545454545454547,500.0,21.4289532271462,24.459310249166872,0.0666666666666666,0.0655832849680789,validation_and_sensitivity_only_not_primary_load_weight
LC_156210600,21,Liaoning,辽宁,丹东,156210600,124.2151982893336,40.21474114967047,0.0321271883329892,71.68365543731647,observed_2022_city_table,urban_population_weighted_county_centroids,city_337_urban_population_weighted_centroid,2022_city_electricity; 296_observed_41_imputed_by_province_power_per_urban_population,production_default_city_337,0.0321271883329892,0.032128415242446,14956.725770841282,6,1507471.0,2188436.0,2022,county urban population field; source year follows local population shapefile metadata,13.0,13.0,220.0,8.691741895371248,8.691741895371248,0.0481481481481481,0.0414973882762623,validation_and_sensitivity_only_not_primary_load_weight
LC_156210700,21,Liaoning,辽宁,锦州,156210700,121.34756366009502,41.24102933387646,0.0443471206527878,98.94932863599776,observed_2022_city_table,urban_population_weighted_county_centroids,city_337_urban_population_weighted_centroid,2022_city_electricity; 296_observed_41_imputed_by_province_power_per_urban_population,production_default_city_337,0.0443471206527878,0.0443744354684779,10033.955823890668,7,1613255.0,2703853.0,2022,county urban population field; source year follows local population shapefile metadata,20.0,22.545454545454547,500.0,19.932318171443768,22.46915866599116,0.074074074074074,0.0719674985490423,validation_and_sensitivity_only_not_primary_load_weight
LC_156210800,21,Liaoning,辽宁,营口,156210800,122.34613050946072,40.49126881131074,0.0313565746335842,69.9642268234311,observed_2022_city_table,urban_population_weighted_county_centroids,city_337_urban_population_weighted_centroid,2022_city_electricity; 296_observed_41_imputed_by_province_power_per_urban_population,production_default_city_337,0.0313565746335842,0.031345934724471,5346.168109684519,6,1564242.0,2328582.0,2022,county urban population field; source year follows local population shapefile metadata,27.0,30.81818181818182,500.0,50.50346237913811,57.64536614992532,0.1,0.0983749274521184,validation_and_sensitivity_only_not_primary_load_weight
LC_156210900,21,Liaoning,辽宁,阜新,156210900,121.75274162612529,42.07882655735015,0.0297997399365026,66.49054587626077,observed_2022_city_table,urban_population_weighted_county_centroids,city_337_urban_population_weighted_centroid,2022_city_electricity; 296_observed_41_imputed_by_province_power_per_urban_population,production_default_city_337,0.0297997399365026,0.0297909561343375,10343.3100407252,7,1015622.0,1647280.0,2022,county urban population field; source year follows local population shapefile metadata,22.0,23.272727272727277,500.0,21.269786860664883,22.50027039805872,0.0814814814814814,0.0742890307603017,validation_and_sensitivity_only_not_primary_load_weight
LC_156211000,21,Liaoning,辽宁,辽阳,156211000,123.234388512113,41.25400354490915,0.0510419832789303,113.8872130446304,observed_2022_city_table,urban_population_weighted_county_centroids,city_337_urban_population_weighted_centroid,2022_city_electricity; 296_observed_41_imputed_by_province_power_per_urban_population,production_default_city_337,0.0510419832789303,0.0510570196460192,4730.223529648509,7,1071626.0,1604580.0,2022,county urban population field; source year follows local population shapefile metadata,18.0,21.81818181818182,500.0,38.053169976382776,46.12505451682761,0.0666666666666666,0.0696459663377829,validation_and_sensitivity_only_not_primary_load_weight
LC_156211100,21,Liaoning,辽宁,盘锦,156211100,121.93707618247365,41.06677856974749,0.0527011383630178,117.5891959300319,observed_2022_city_table,urban_population_weighted_county_centroids,city_337_urban_population_weighted_centroid,2022_city_electricity; 296_observed_41_imputed_by_province_power_per_urban_population,production_default_city_337,0.0527011383630178,0.052703265460164,3702.4285877687,4,1075688.0,1389691.0,2022,county urban population field; source year follows local population shapefile metadata,16.0,17.272727272727273,500.0,43.214878074508746,46.65242519407195,0.0592592592592592,0.0551363900174114,validation_and_sensitivity_only_not_primary_load_weight
LC_156211200,21,Liaoning,辽宁,铁岭,156211200,123.98644226205816,42.49567334774694,0.0431917748070685,96.37146801971598,observed_2022_city_table,urban_population_weighted_county_centroids,city_337_urban_population_weighted_centroid,2022_city_electricity; 296_observed_41_imputed_by_province_power_per_urban_population,production_default_city_337,0.0431917748070685,0.0431685050209454,12939.924468549889,7,1318021.0,2388294.0,2022,county urban population field; source year follows local population shapefile metadata,1.0,1.0,220.0,0.7728020379334294,0.7728020379334294,0.0037037037037037,0.0031921067904817,validation_and_sensitivity_only_not_primary_load_weight
LC_156211300,21,Liaoning,辽宁,朝阳,156211300,120.11056120392436,41.48832706674926,0.0538068119154218,120.05622544830754,observed_2022_city_table,urban_population_weighted_county_centroids,city_337_urban_population_weighted_centroid,2022_city_electricity; 296_observed_41_imputed_by_province_power_per_urban_population,production_default_city_337,0.0538068119154218,0.0538409272793885,19720.528981453044,7,1435268.0,2872857.0,2022,county urban population field; source year follows local population shapefile metadata,22.0,25.81818181818182,500.0,11.155887360167048,13.092033100361332,0.0814814814814814,0.0824143934997098,validation_and_sensitivity_only_not_primary_load_weight
LC_156211400,21,Liaoning,辽宁,葫芦岛,156211400,120.4810509919402,40.6939617041912,0.0489140046318717,109.13916953292724,observed_2022_city_table,urban_population_weighted_county_centroids,city_337_urban_population_weighted_centroid,2022_city_electricity; 296_observed_41_imputed_by_province_power_per_urban_population,production_default_city_337,0.0489140046318717,0.0489220444387026,10349.175960807968,6,1332975.0,2434194.0,2022,county urban population field; source year follows local population shapefile metadata,17.0,20.81818181818182,500.0,16.426428601058202,20.11578689648304,0.0629629629629629,0.0664538595473012,validation_and_sensitivity_only_not_primary_load_weight
LC_156220100,22,Jilin,吉林,长春,156220100,125.47711334312258,43.98588435611904,0.3285919613139297,282.6132066578655,observed_2022_city_table,urban_population_weighted_county_centroids,city_337_urban_population_weighted_centroid,2022_city_electricity; 296_observed_41_imputed_by_province_power_per_urban_population,production_default_city_337,0.3285919613139297,0.3712842360989345,24694.07742654625,10,4184825.0,6587881.0,2022,county urban population field; source year follows local population shapefile metadata,6.0,9.818181818181818,500.0,2.429732399538835,3.975925744699912,0.0689655172413793,0.0903765690376569,validation_and_sensitivity_only_not_primary_load_weight
LC_156220200,22,Jilin,吉林,吉林,156220200,126.57139297947822,43.78489536768696,0.1845877646921318,158.75902709504123,observed_2022_city_table,urban_population_weighted_county_centroids,city_337_urban_population_weighted_centroid,2022_city_electricity; 296_observed_41_imputed_by_province_power_per_urban_population,production_default_city_337,0.1845877646921318,0.2086806547877844,27685.71280386955,9,2113892.0,3368410.0,2022,county urban population field; source year follows local population shapefile metadata,14.0,16.545454545454547,500.0,5.056759816580653,5.97617069232259,0.160919540229885,0.1523012552301255,validation_and_sensitivity_only_not_primary_load_weight
LC_156220300,22,Jilin,吉林,四平,156220300,124.5083814169283,43.47198943887679,0.0688389751132989,59.20657164593171,observed_2022_city_table,urban_population_weighted_county_centroids,city_337_urban_population_weighted_centroid,2022_city_electricity; 296_observed_41_imputed_by_province_power_per_urban_population,production_default_city_337,0.0688389751132989,0.0777489263030415,10257.200928375576,6,1320514.0,2677046.0,2022,county urban population field; source year follows local population shapefile metadata,7.0,9.545454545454549,500.0,6.82447389778157,9.30610076970214,0.0804597701149425,0.0878661087866108,validation_and_sensitivity_only_not_primary_load_weight
LC_156220400,22,Jilin,吉林,辽源,156220400,125.22981124424524,42.882678335428416,0.0376126297335832,32.34962248418318,observed_2022_city_table,urban_population_weighted_county_centroids,city_337_urban_population_weighted_centroid,2022_city_electricity; 296_observed_41_imputed_by_province_power_per_urban_population,production_default_city_337,0.0376126297335832,0.0424727050720193,5154.277178803392,4,575248.0,996903.0,2022,county urban population field; source year follows local population shapefile metadata,2.0,3.272727272727273,500.0,3.8802725011081303,6.349536819995124,0.0229885057471264,0.0301255230125523,validation_and_sensitivity_only_not_primary_load_weight
LC_156220500,22,Jilin,吉林,通化,156220500,125.93895919652049,42.02697638958177,0.056292707114076,48.41586022173531,observed_2022_city_table,urban_population_weighted_county_centroids,city_337_urban_population_weighted_centroid,2022_city_electricity; 296_observed_41_imputed_by_province_power_per_urban_population,production_default_city_337,0.056292707114076,0.0635586948190093,15630.104352037566,7,1085368.0,1812114.0,2022,county urban population field; source year follows local population shapefile metadata,3.0,4.272727272727273,500.0,1.9193729820549248,2.7336524289873174,0.0344827586206896,0.0393305439330544,validation_and_sensitivity_only_not_primary_load_weight
LC_156220600,22,Jilin,吉林,白山,156220600,126.95633683516584,41.99481919583472,0.0457658682752441,39.36200610942916,observed_2022_city_table,urban_population_weighted_county_centroids,city_337_urban_population_weighted_centroid,2022_city_electricity; 296_observed_41_imputed_by_province_power_per_urban_population,production_default_city_337,0.0457658682752441,0.0517142934832326,17446.599220936165,6,771554.0,968373.0,2022,county urban population field; source year follows local population shapefile metadata,5.0,5.0,220.0,2.865888037366004,2.865888037366004,0.057471264367816,0.0460251046025104,validation_and_sensitivity_only_not_primary_load_weight
LC_156220700,22,Jilin,吉林,松原,156220700,124.69796619823435,45.005891414525045,0.0806670876508023,69.37961665764556,observed_2022_city_table,urban_population_weighted_county_centroids,city_337_urban_population_weighted_centroid,2022_city_electricity; 296_observed_41_imputed_by_province_power_per_urban_population,production_default_city_337,0.0806670876508023,0.0911276736143372,21135.246526160987,5,985381.0,2158928.0,2022,county urban population field; source year follows local population shapefile metadata,13.0,16.81818181818182,500.0,6.150862723038852,7.957409816518796,0.1494252873563218,0.1548117154811715,validation_and_sensitivity_only_not_primary_load_weight
LC_156220800,22,Jilin,吉林,白城,156220800,123.00252255659444,45.47609627737358,0.0826570403371192,71.0911220381444,observed_2022_city_table,urban_population_weighted_county_centroids,city_337_urban_population_weighted_centroid,2022_city_electricity; 296_observed_41_imputed_by_province_power_per_urban_population,production_default_city_337,0.0826570403371192,0.0934128158216404,25706.93201001255,5,735780.0,1433156.0,2022,county urban population field; source year follows local population shapefile metadata,25.0,30.090909090909093,500.0,9.725003353283382,11.705367672497456,0.2873563218390804,0.2769874476987448,validation_and_sensitivity_only_not_primary_load_weight
LC_156222400,22,Jilin,吉林,延边朝鲜族,156222400,129.3121561614382,43.1080496946721,0.1149859657698145,98.8963709791194,imputed_province_power_per_urban_population,urban_population_weighted_county_centroids,city_337_urban_population_weighted_centroid,2022_city_electricity; 296_observed_41_imputed_by_province_power_per_urban_population,production_default_city_337,0.1149859657698145,,43331.22549693954,8,1529557.0,1986339.0,2022,county urban population field; source year follows local population shapefile metadata,12.0,13.272727272727272,500.0,2.7693654777540395,3.063086058727953,0.1379310344827586,0.1221757322175732,validation_and_sensitivity_only_not_primary_load_weight
LC_156230100,23,Heilongjiang,黑龙江,哈尔滨,156230100,126.91498206984012,45.6939479580772,0.2208401945399355,265.42085877015614,observed_2022_city_table,urban_population_weighted_county_centroids,city_337_urban_population_weighted_centroid,2022_city_electricity; 296_observed_41_imputed_by_province_power_per_urban_population,production_default_city_337,0.2208401945399355,0.2223829814491889,53163.24683130904,18,7067709.0,10009854.0,2022,county urban population field; source year follows local population shapefile metadata,20.0,26.363636363636363,500.0,3.76199746856348,4.958996663106404,0.125,0.142156862745098,validation_and_sensitivity_only_not_primary_load_weight
LC_156230200,23,Heilongjiang,黑龙江,齐齐哈尔,156230200,124.25656520241834,47.50981104438542,0.0888523732434224,106.78886268491743,observed_2022_city_table,urban_population_weighted_county_centroids,city_337_urban_population_weighted_centroid,2022_city_electricity; 296_observed_41_imputed_by_province_power_per_urban_population,production_default_city_337,0.0888523732434224,0.0894210714692707,42290.61387193514,16,2181650.0,4067489.0,2022,county urban population field; source year follows local population shapefile metadata,21.0,23.545454545454547,500.0,4.9656408543967725,5.567536715535776,0.13125,0.1269607843137254,validation_and_sensitivity_only_not_primary_load_weight
LC_156230300,23,Heilongjiang,黑龙江,鸡西,156230300,131.5208595381243,45.4255695502367,0.0238862295214943,28.70810526853438,observed_2022_city_table,urban_population_weighted_county_centroids,city_337_urban_population_weighted_centroid,2022_city_electricity; 296_observed_41_imputed_by_province_power_per_urban_population,production_default_city_337,0.0238862295214943,0.0239154391132444,22448.00950707184,9,1091691.0,1502060.0,2022,county urban population field; source year follows local population shapefile metadata,9.0,10.272727272727272,500.0,4.0092641608890585,4.576230809903674,0.05625,0.055392156862745,validation_and_sensitivity_only_not_primary_load_weight
LC_156230400,23,Heilongjiang,黑龙江,鹤岗,156230400,130.47386042242272,47.41678693549512,0.0421633955098206,50.67485413240127,observed_2022_city_table,urban_population_weighted_county_centroids,city_337_urban_population_weighted_centroid,2022_city_electricity; 296_observed_41_imputed_by_province_power_per_urban_population,production_default_city_337,0.0421633955098206,0.0423966466663842,14713.53904340755,8,736416.0,891271.0,2022,county urban population field; source year follows local population shapefile metadata,10.0,12.545454545454549,500.0,6.7964613887238325,8.526469742217172,0.0625,0.0676470588235294,validation_and_sensitivity_only_not_primary_load_weight
LC_156230500,23,Heilongjiang,黑龙江,双鸭山,156230500,131.75886348038568,46.664136549356265,0.0571423766720109,68.67761876432422,observed_2022_city_table,urban_population_weighted_county_centroids,city_337_urban_population_weighted_centroid,2022_city_electricity; 296_observed_41_imputed_by_province_power_per_urban_population,production_default_city_337,0.0571423766720109,0.0574784965317145,22055.644670558668,8,826703.0,1208803.0,2022,county urban population field; source year follows local population shapefile metadata,14.0,15.272727272727272,500.0,6.347581405629066,6.924634260686254,0.0875,0.0823529411764705,validation_and_sensitivity_only_not_primary_load_weight
LC_156230600,23,Heilongjiang,黑龙江,大庆,156230600,124.88627883831488,46.49460655088928,0.1761459327847393,211.7042363868286,observed_2022_city_table,urban_population_weighted_county_centroids,city_337_urban_population_weighted_centroid,2022_city_electricity; 296_observed_41_imputed_by_province_power_per_urban_population,production_default_city_337,0.1761459327847393,0.1773888048818223,21226.53749357509,9,1782360.0,2547783.0,2022,county urban population field; source year follows local population shapefile metadata,13.0,14.272727272727272,500.0,6.124409128872232,6.7240016309995845,0.08125,0.0769607843137255,validation_and_sensitivity_only_not_primary_load_weight
LC_156230700,23,Heilongjiang,黑龙江,伊春,156230700,128.98672951810636,47.555440165771984,0.0510731783466362,61.38324087753044,observed_2022_city_table,urban_population_weighted_county_centroids,city_337_urban_population_weighted_centroid,2022_city_electricity; 296_observed_41_imputed_by_province_power_per_urban_population,production_default_city_337,0.0510731783466362,0.0513226317971204,32826.58592552791,10,744000.0,878881.0,2022,county urban population field; source year follows local population shapefile metadata,6.0,6.0,220.0,1.827786786482125,1.827786786482125,0.0375,0.0323529411764705,validation_and_sensitivity_only_not_primary_load_weight
LC_156230800,23,Heilongjiang,黑龙江,佳木斯,156230800,131.22400399551353,46.982838735021616,0.1533462535166627,184.30202156980317,observed_2022_city_table,urban_population_weighted_county_centroids,city_337_urban_population_weighted_centroid,2022_city_electricity; 296_observed_41_imputed_by_province_power_per_urban_population,production_default_city_337,0.1533462535166627,0.1544634697181723,32712.85701953721,10,1405396.0,2156505.0,2022,county urban population field; source year follows local population shapefile metadata,19.0,21.545454545454547,500.0,5.808113913331559,6.586234437605643,0.11875,0.1161764705882353,validation_and_sensitivity_only_not_primary_load_weight
LC_156230900,23,Heilongjiang,黑龙江,七台河,156230900,131.00265734156096,45.84517544440427,0.0281699475072288,33.85657069563404,observed_2022_city_table,urban_population_weighted_county_centroids,city_337_urban_population_weighted_centroid,2022_city_electricity; 296_observed_41_imputed_by_province_power_per_urban_population,production_default_city_337,0.0281699475072288,0.0281991986616497,6190.818732162358,4,532126.0,689611.0,2022,county urban population field; source year follows local population shapefile metadata,8.0,9.272727272727272,500.0,12.922361881536988,14.97819218087242,0.05,0.05,validation_and_sensitivity_only_not_primary_load_weight
LC_156231000,23,Heilongjiang,黑龙江,牡丹江,156231000,129.81087819753768,44.569410317683456,0.0575485596664477,69.1657972837547,observed_2022_city_table,urban_population_weighted_county_centroids,city_337_urban_population_weighted_centroid,2022_city_electricity; 296_observed_41_imputed_by_province_power_per_urban_population,production_default_city_337,0.0575485596664477,0.0578498788110299,38814.12040566152,10,1507096.0,2290208.0,2022,county urban population field; source year follows local population shapefile metadata,14.0,16.545454545454547,500.0,3.606934758196382,4.262741077868452,0.0875,0.0892156862745098,validation_and_sensitivity_only_not_primary_load_weight
LC_156231100,23,Heilongjiang,黑龙江,黑河,156231100,126.7455645661486,49.17483635748711,0.0437195144739607,52.545104394909,observed_2022_city_table,urban_population_weighted_county_centroids,city_337_urban_population_weighted_centroid,2022_city_electricity; 296_observed_41_imputed_by_province_power_per_urban_population,production_default_city_337,0.0437195144739607,0.0439148822053209,66864.06233006172,6,838921.0,1286401.0,2022,county urban population field; source year follows local population shapefile metadata,16.0,18.545454545454547,500.0,2.39291473512618,2.773605715714436,0.1,0.1,validation_and_sensitivity_only_not_primary_load_weight
LC_156231200,23,Heilongjiang,黑龙江,绥化,156231200,126.485699082769,46.74736655767838,0.05102762371328,61.32849020167832,observed_2022_city_table,urban_population_weighted_county_centroids,city_337_urban_population_weighted_centroid,2022_city_electricity; 296_observed_41_imputed_by_province_power_per_urban_population,production_default_city_337,0.05102762371328,0.0512664986950808,34897.0558263266,10,1639864.0,3756167.0,2022,county urban population field; source year follows local population shapefile metadata,6.0,7.272727272727273,500.0,1.7193427519675042,2.084051820566672,0.0375,0.0392156862745098,validation_and_sensitivity_only_not_primary_load_weight
LC_156232700,23,Heilongjiang,黑龙江,大兴安岭,156232700,123.84779182186917,52.63588436783732,0.0060844205043603,7.312672943212976,imputed_province_power_per_urban_population,urban_population_weighted_county_centroids,city_337_urban_population_weighted_centroid,2022_city_electricity; 296_observed_41_imputed_by_province_power_per_urban_population,production_default_city_337,0.0060844205043603,,64665.685631744265,3,124600.0,141454.0,2022,county urban population field; source year follows local population shapefile metadata,4.0,4.0,220.0,0.6185660850762568,0.6185660850762568,0.025,0.0215686274509803,validation_and_sensitivity_only_not_primary_load_weight
LC_156310000,31,Shanghai,上海,上海,156310000,121.45733159245648,31.184575666584077,1.0,1462.2057087775347,observed_2022_city_table,urban_population_weighted_county_centroids,city_337_urban_population_weighted_centroid,2022_city_electricity; 296_observed_41_imputed_by_province_power_per_urban_population,production_default_city_337,1.0,1.0,7206.944159633598,16,22209380.0,24870895.0,2022,county urban population field; source year follows local population shapefile metadata,55.0,85.0909090909091,1000.0,76.31528534390115,118.06794558990327,1.0,1.0,validation_and_sensitivity_only_not_primary_load_weight
LC_156320100,32,Jiangsu,江苏,南京,156320100,118.7901897697613,32.00680237061514,0.1244665029642913,976.2638435599414,observed_2022_city_table,urban_population_weighted_county_centroids,city_337_urban_population_weighted_centroid,2022_city_electricity; 296_observed_41_imputed_by_province_power_per_urban_population,production_default_city_337,0.1244665029642913,0.1248771503075407,6589.823465049471,11,8085241.0,9314685.0,2022,county urban population field; source year follows local population shapefile metadata,65.0,72.63636363636364,500.0,98.63693670208514,110.22505234260984,0.2304964539007092,0.1936969696969697,validation_and_sensitivity_only_not_primary_load_weight
LC_156320200,32,Jiangsu,江苏,无锡,156320200,120.2342647194128,31.59171098863126,0.1281242884735637,1004.9540023991002,observed_2022_city_table,urban_population_weighted_county_centroids,city_337_urban_population_weighted_centroid,2022_city_electricity; 296_observed_41_imputed_by_province_power_per_urban_population,production_default_city_337,0.1281242884735637,0.1289634849167479,4600.528665267896,7,6178208.0,7462135.0,2022,county urban population field; source year follows local population shapefile metadata,46.0,56.18181818181819,500.0,99.98850859745995,122.12035239768828,0.1631205673758865,0.1498181818181818,validation_and_sensitivity_only_not_primary_load_weight
LC_156320300,32,Jiangsu,江苏,徐州,156320300,117.43204994198906,34.34131296885673,0.0831362013106868,652.0860271444219,observed_2022_city_table,urban_population_weighted_county_centroids,city_337_urban_population_weighted_centroid,2022_city_electricity; 296_observed_41_imputed_by_province_power_per_urban_population,production_default_city_337,0.0831362013106868,0.0841267051780267,11243.681959597125,10,5634029.0,8702383.0,2022,county urban population field; source year follows local population shapefile metadata,6.0,8.545454545454547,500.0,5.336330235558342,7.60022791124976,0.0212765957446808,0.0227878787878787,validation_and_sensitivity_only_not_primary_load_weight
LC_156320400,32,Jiangsu,江苏,常州,156320400,119.82133665801008,31.722635012131462,0.0956733454301512,750.4222076736097,observed_2022_city_table,urban_population_weighted_county_centroids,city_337_urban_population_weighted_centroid,2022_city_electricity; 296_observed_41_imputed_by_province_power_per_urban_population,production_default_city_337,0.0956733454301512,0.0956494814908391,4369.2250943079725,6,4067856.0,5278121.0,2022,county urban population field; source year follows local population shapefile metadata,32.0,42.18181818181819,500.0,73.23953174600261,96.54301911973072,0.1134751773049645,0.1124848484848485,validation_and_sensitivity_only_not_primary_load_weight
LC_156320500,32,Jiangsu,江苏,苏州,156320500,120.69075644641194,31.405427074533332,0.1740814829685299,1365.4232553173686,observed_2022_city_table,urban_population_weighted_county_centroids,city_337_urban_population_weighted_centroid,2022_city_electricity; 296_observed_41_imputed_by_province_power_per_urban_population,production_default_city_337,0.1740814829685299,0.1763392350990097,8650.321682433367,9,9284446.0,11614335.0,2022,county urban population field; source year follows local population shapefile metadata,42.0,65.81818181818181,1000.0,48.55310766684141,76.08755400604585,0.1489361702127659,0.1755151515151515,validation_and_sensitivity_only_not_primary_load_weight
LC_156320600,32,Jiangsu,江苏,南通,156320600,120.97751593551456,32.13229111696797,0.0796360986227594,624.6326672315881,observed_2022_city_table,urban_population_weighted_county_centroids,city_337_urban_population_weighted_centroid,2022_city_electricity; 296_observed_41_imputed_by_province_power_per_urban_population,production_default_city_337,0.0796360986227594,0.0794626903789024,9488.845606612203,8,5110659.0,7394362.0,2022,county urban population field; source year follows local population shapefile metadata,8.0,15.363636363636363,1000.0,8.430951805586638,16.191259717547066,0.0283687943262411,0.0409696969696969,validation_and_sensitivity_only_not_primary_load_weight
LC_156320700,32,Jiangsu,江苏,连云港,156320700,119.13757230023066,34.56298573628958,0.0352826892563134,276.7428424849515,observed_2022_city_table,urban_population_weighted_county_centroids,city_337_urban_population_weighted_centroid,2022_city_electricity; 296_observed_41_imputed_by_province_power_per_urban_population,production_default_city_337,0.0352826892563134,0.035133972686248,7481.670664562598,6,2585018.0,4335880.0,2022,county urban population field; source year follows local population shapefile metadata,10.0,15.090909090909092,500.0,13.365998649694149,20.17050705317481,0.0354609929078014,0.0402424242424242,validation_and_sensitivity_only_not_primary_load_weight
LC_156320800,32,Jiangsu,江苏,淮安,156320800,119.02595919477234,33.469221430678765,0.0375758601070122,294.72952753936386,observed_2022_city_table,urban_population_weighted_county_centroids,city_337_urban_population_weighted_centroid,2022_city_electricity; 296_observed_41_imputed_by_province_power_per_urban_population,production_default_city_337,0.0375758601070122,0.0367624414293247,10028.104209983345,7,2578231.0,4140050.0,2022,county urban population field; source year follows local population shapefile metadata,5.0,11.090909090909092,1000.0,4.985987276660246,11.059826322773638,0.0177304964539007,0.0295757575757575,validation_and_sensitivity_only_not_primary_load_weight
LC_156320900,32,Jiangsu,江苏,盐城,156320900,120.12579537802202,33.49339577033431,0.0597331529824604,468.5221817097338,observed_2022_city_table,urban_population_weighted_county_centroids,city_337_urban_population_weighted_centroid,2022_city_electricity; 296_observed_41_imputed_by_province_power_per_urban_population,production_default_city_337,0.0597331529824604,0.059591617222401,15524.006798620589,9,4227226.0,6606625.0,2022,county urban population field; source year follows local population shapefile metadata,12.0,15.818181818181818,500.0,7.729963118198506,10.189496837625304,0.0425531914893617,0.0421818181818181,validation_and_sensitivity_only_not_primary_load_weight
LC_156321000,32,Jiangsu,江苏,扬州,156321000,119.47113296805315,32.59696072034763,0.0455957979808239,357.63460792107617,observed_2022_city_table,urban_population_weighted_county_centroids,city_337_urban_population_weighted_centroid,2022_city_electricity; 296_observed_41_imputed_by_province_power_per_urban_population,production_default_city_337,0.0455957979808239,0.0446931725190427,6592.398844315059,6,3018306.0,4321012.0,2022,county urban population field; source year follows local population shapefile metadata,17.0,20.81818181818182,500.0,25.787274710570514,31.579069030591697,0.0602836879432624,0.0555151515151515,validation_and_sensitivity_only_not_primary_load_weight
LC_156321100,32,Jiangsu,江苏,镇江,156321100,119.5240248159344,32.052067350669624,0.0456268018775706,357.87778968229264,observed_2022_city_table,urban_population_weighted_county_centroids,city_337_urban_population_weighted_centroid,2022_city_electricity; 296_observed_41_imputed_by_province_power_per_urban_population,production_default_city_337,0.0456268018775706,0.0445740182025677,3843.715887305829,6,2322078.0,2946605.0,2022,county urban population field; source year follows local population shapefile metadata,31.0,34.81818181818182,500.0,80.65112227045685,90.58469158236063,0.1099290780141844,0.0928484848484848,validation_and_sensitivity_only_not_primary_load_weight
LC_156321200,32,Jiangsu,江苏,泰州,156321200,120.0616090365976,32.45692412280418,0.0505986418927852,396.8748493507164,observed_2022_city_table,urban_population_weighted_county_centroids,city_337_urban_population_weighted_centroid,2022_city_electricity; 296_observed_41_imputed_by_province_power_per_urban_population,production_default_city_337,0.0505986418927852,0.0498687402011858,5783.5094096790335,6,2863058.0,4290071.0,2022,county urban population field; source year follows local population shapefile metadata,4.0,10.090909090909092,1000.0,6.91621594547036,17.44772658970932,0.0141843971631205,0.0269090909090909,validation_and_sensitivity_only_not_primary_load_weight
LC_156321300,32,Jiangsu,江苏,宿迁,156321300,118.56158108631612,33.85397684845976,0.0404691361330515,317.4231897407628,observed_2022_city_table,urban_population_weighted_county_centroids,city_337_urban_population_weighted_centroid,2022_city_electricity; 296_observed_41_imputed_by_province_power_per_urban_population,production_default_city_337,0.0404691361330515,0.0399572903681624,8540.227082888034,5,2962893.0,4796947.0,2022,county urban population field; source year follows local population shapefile metadata,4.0,6.545454545454546,500.0,4.683716207048826,7.664262884261715,0.0141843971631205,0.0174545454545454,validation_and_sensitivity_only_not_primary_load_weight
LC_156330100,33,Zhejiang,浙江,杭州,156330100,120.07028578003496,30.212828389084443,0.1706001693016006,958.0258231555026,observed_2022_city_table,urban_population_weighted_county_centroids,city_337_urban_population_weighted_centroid,2022_city_electricity; 296_observed_41_imputed_by_province_power_per_urban_population,production_default_city_337,0.1706001693016006,0.1712745831136416,16859.610651272793,13,9942081.0,11936010.0,2022,county urban population field; source year follows local population shapefile metadata,58.0,70.81818181818181,800.0,34.40174343268204,42.00463657376067,0.277511961722488,0.2421510724277276,validation_and_sensitivity_only_not_primary_load_weight
LC_156330200,33,Zhejiang,浙江,宁波,156330200,121.46669580409424,29.880307548975303,0.1727386811323808,970.0348942214812,observed_2022_city_table,urban_population_weighted_county_centroids,city_337_urban_population_weighted_centroid,2022_city_electricity; 296_observed_41_imputed_by_province_power_per_urban_population,production_default_city_337,0.1727386811323808,0.1731445262104553,9321.79718552747,10,7335604.0,9404283.0,2022,county urban population field; source year follows local population shapefile metadata,14.0,24.181818181818183,500.0,15.01856318193198,25.94115458697342,0.0669856459330143,0.0826857320484923,validation_and_sensitivity_only_not_primary_load_weight
LC_156330300,33,Zhejiang,浙江,温州,156330300,120.58868167230308,27.90750615077527,0.0984578565865647,552.9019665608566,observed_2022_city_table,urban_population_weighted_county_centroids,city_337_urban_population_weighted_centroid,2022_city_electricity; 296_observed_41_imputed_by_province_power_per_urban_population,production_default_city_337,0.0984578565865647,0.0986492927113925,11633.396455233682,12,6659769.0,9323560.0,2022,county urban population field; source year follows local population shapefile metadata,6.0,12.363636363636363,500.0,5.1575651385118,10.627709982387954,0.0287081339712918,0.0422754118744171,validation_and_sensitivity_only_not_primary_load_weight
LC_156330400,33,Zhejiang,浙江,嘉兴,156330400,120.7612177070688,30.646686764884603,0.1107770485325532,622.0818744881551,observed_2022_city_table,urban_population_weighted_county_centroids,city_337_urban_population_weighted_centroid,2022_city_electricity; 296_observed_41_imputed_by_province_power_per_urban_population,production_default_city_337,0.1107770485325532,0.1110436835278954,4288.520039283649,7,3852932.0,5400868.0,2022,county urban population field; source year follows local population shapefile metadata,15.0,22.63636363636364,500.0,34.97710133705144,52.783625654095815,0.0717703349282296,0.0774013055641902,validation_and_sensitivity_only_not_primary_load_weight
LC_156330500,33,Zhejiang,浙江,湖州,156330500,119.96994490574532,30.765968998121505,0.0766353311864451,430.3549436278301,observed_2022_city_table,urban_population_weighted_county_centroids,city_337_urban_population_weighted_centroid,2022_city_electricity; 296_observed_41_imputed_by_province_power_per_urban_population,production_default_city_337,0.0766353311864451,0.0765178027736027,5815.331538589984,5,2210571.0,3367579.0,2022,county urban population field; source year follows local population shapefile metadata,25.0,31.09090909090909,1000.0,42.9898103557852,53.46369142428559,0.1196172248803827,0.1063102269194902,validation_and_sensitivity_only_not_primary_load_weight
LC_156330600,33,Zhejiang,浙江,绍兴,156330600,120.61195362067332,29.847286222600054,0.0949428871564614,533.163231860729,observed_2022_city_table,urban_population_weighted_county_centroids,city_337_urban_population_weighted_centroid,2022_city_electricity; 296_observed_41_imputed_by_province_power_per_urban_population,production_default_city_337,0.0949428871564614,0.0951478420866822,8275.16246417358,6,3743366.0,5270977.0,2022,county urban population field; source year follows local population shapefile metadata,23.0,34.54545454545455,800.0,27.794016249923807,41.74595326075513,0.1100478468899521,0.1181224743549891,validation_and_sensitivity_only_not_primary_load_weight
LC_156330700,33,Zhejiang,浙江,金华,156330700,119.95605185636212,29.15615177193264,0.0925796750173776,519.8923291171665,observed_2022_city_table,urban_population_weighted_county_centroids,city_337_urban_population_weighted_centroid,2022_city_electricity; 296_observed_41_imputed_by_province_power_per_urban_population,production_default_city_337,0.0925796750173776,0.092841833952493,10944.27346331615,9,4808140.0,7050683.0,2022,county urban population field; source year follows local population shapefile metadata,34.0,46.54545454545455,1000.0,31.066475188109827,42.52950613987228,0.1626794258373205,0.1591544917625116,validation_and_sensitivity_only_not_primary_load_weight
LC_156330800,33,Zhejiang,浙江,衢州,156330800,118.75341018497798,28.913224882689004,0.0424094220729981,238.15522374544295,observed_2022_city_table,urban_population_weighted_county_centroids,city_337_urban_population_weighted_centroid,2022_city_electricity; 296_observed_41_imputed_by_province_power_per_urban_population,production_default_city_337,0.0424094220729981,0.0420557300856107,8840.227601440265,6,1310498.0,2276184.0,2022,county urban population field; source year follows local population shapefile metadata,9.0,11.545454545454549,500.0,10.180733354120548,13.06013268659909,0.0430622009569378,0.0394777743239042,validation_and_sensitivity_only_not_primary_load_weight
LC_156330900,33,Zhejiang,浙江,舟山,156330900,122.17244844690332,30.075659932049884,0.0410905235195084,230.74878987413908,observed_2022_city_table,urban_population_weighted_county_centroids,city_337_urban_population_weighted_centroid,2022_city_electricity; 296_observed_41_imputed_by_province_power_per_urban_population,production_default_city_337,0.0410905235195084,0.040278487944119,1244.953121020824,4,832390.0,1157817.0,2022,county urban population field; source year follows local population shapefile metadata,4.0,6.545454545454546,500.0,32.1297238623742,52.575911774794136,0.0191387559808612,0.0223811004041032,validation_and_sensitivity_only_not_primary_load_weight
LC_156331000,33,Zhejiang,浙江,台州,156331000,121.27956531509248,28.60574187985812,0.0680807599195607,382.315717094528,observed_2022_city_table,urban_population_weighted_county_centroids,city_337_urban_population_weighted_centroid,2022_city_electricity; 296_observed_41_imputed_by_province_power_per_urban_population,production_default_city_337,0.0680807599195607,0.0676668723742204,9687.859641324343,9,4104712.0,6622888.0,2022,county urban population field; source year follows local population shapefile metadata,9.0,14.090909090909092,500.0,9.289977697044428,14.544914576180672,0.0430622009569378,0.0481815355921666,validation_and_sensitivity_only_not_primary_load_weight
LC_156331100,33,Zhejiang,浙江,丽水,156331100,119.7127777798705,28.306641872078973,0.0316876455745491,177.94579489395863,observed_2022_city_table,urban_population_weighted_county_centroids,city_337_urban_population_weighted_centroid,2022_city_electricity; 296_observed_41_imputed_by_province_power_per_urban_population,production_default_city_337,0.0316876455745491,0.0313793452198864,17248.251574290698,9,1550182.0,2507396.0,2022,county urban population field; source year follows local population shapefile metadata,12.0,18.090909090909093,1000.0,6.957226909819975,10.488546629198298,0.0574162679425837,0.0618588747280074,validation_and_sensitivity_only_not_primary_load_weight
LC_156340100,34,Anhui,安徽,合肥,156340100,117.2835132358711,31.819766720979278,0.1413699009005965,453.77656210053,observed_2022_city_table,urban_population_weighted_county_centroids,city_337_urban_population_weighted_centroid,2022_city_electricity; 296_observed_41_imputed_by_province_power_per_urban_population,production_default_city_337,0.1413699009005965,0.1470358504752263,11443.122030554408,9,6428252.0,8075637.0,2022,county urban population field; source year follows local population shapefile metadata,42.0,52.27272727272727,800.0,36.70327021581639,45.68047700020439,0.175,0.1653724475122231,validation_and_sensitivity_only_not_primary_load_weight
LC_156340200,34,Anhui,安徽,芜湖,156340200,118.25733189312623,31.21741042900644,0.0867582427498243,278.481182190122,observed_2022_city_table,urban_population_weighted_county_centroids,city_337_urban_population_weighted_centroid,2022_city_electricity; 296_observed_41_imputed_by_province_power_per_urban_population,production_default_city_337,0.0867582427498243,0.0891150297763661,6008.944569991014,8,2443464.0,3441088.0,2022,county urban population field; source year follows local population shapefile metadata,24.0,32.63636363636364,1000.0,39.94045829588322,54.312971697810895,0.1,0.1032499280989358,validation_and_sensitivity_only_not_primary_load_weight
LC_156340300,34,Anhui,安徽,蚌埠,156340300,117.34054568036213,33.021836769648736,0.0582358518591171,186.92850797290484,observed_2022_city_table,urban_population_weighted_county_centroids,city_337_urban_population_weighted_centroid,2022_city_electricity; 296_observed_41_imputed_by_province_power_per_urban_population,production_default_city_337,0.0582358518591171,0.0573204872826441,5951.249967304625,7,1477070.0,2957921.0,2022,county urban population field; source year follows local population shapefile metadata,8.0,11.818181818181818,500.0,13.442554159127804,19.85831864416608,0.0333333333333333,0.0373885533505895,validation_and_sensitivity_only_not_primary_load_weight
LC_156340400,34,Anhui,安徽,淮南,156340400,116.87244194284165,32.55494089482383,0.0570741883662335,183.19973924094512,observed_2022_city_table,urban_population_weighted_county_centroids,city_337_urban_population_weighted_centroid,2022_city_electricity; 296_observed_41_imputed_by_province_power_per_urban_population,production_default_city_337,0.0570741883662335,0.0554367049253856,5528.55169557848,7,1852729.0,3033528.0,2022,county urban population field; source year follows local population shapefile metadata,18.0,27.90909090909091,1000.0,32.558255744258844,50.48173996710841,0.075,0.0882945067587,validation_and_sensitivity_only_not_primary_load_weight
LC_156340500,34,Anhui,安徽,马鞍山,156340500,118.47096068474391,31.645476725479007,0.0679327507171774,218.05412522817312,observed_2022_city_table,urban_population_weighted_county_centroids,city_337_urban_population_weighted_centroid,2022_city_electricity; 296_observed_41_imputed_by_province_power_per_urban_population,production_default_city_337,0.0679327507171774,0.0673913187699103,4068.138394678288,6,1548550.0,2159930.0,2022,county urban population field; source year follows local population shapefile metadata,13.0,15.545454545454549,500.0,31.955648355045827,38.21269838260725,0.0541666666666666,0.0491803278688524,validation_and_sensitivity_only_not_primary_load_weight
LC_156340600,34,Anhui,安徽,淮北,156340600,116.7665554863822,33.85953360800217,0.0460458262877047,147.8003211348698,observed_2022_city_table,urban_population_weighted_county_centroids,city_337_urban_population_weighted_centroid,2022_city_electricity; 296_observed_41_imputed_by_province_power_per_urban_population,production_default_city_337,0.0460458262877047,0.0447850986235635,2745.019807482773,4,1264102.0,1970265.0,2022,county urban population field; source year follows local population shapefile metadata,4.0,6.545454545454546,500.0,14.571843850074304,23.844835391030685,0.0166666666666666,0.0207075064710957,validation_and_sensitivity_only_not_primary_load_weight
LC_156340700,34,Anhui,安徽,铜陵,156340700,117.70619467730457,30.911115658594422,0.0450901343817823,144.73269086326243,observed_2022_city_table,urban_population_weighted_county_centroids,city_337_urban_population_weighted_centroid,2022_city_electricity; 296_observed_41_imputed_by_province_power_per_urban_population,production_default_city_337,0.0450901343817823,0.0439278412924729,2987.34499750753,4,867982.0,1311726.0,2022,county urban population field; source year follows local population shapefile metadata,10.0,12.545454545454549,500.0,33.474540129591425,41.995332162578336,0.0416666666666666,0.0396893874029335,validation_and_sensitivity_only_not_primary_load_weight
LC_156340800,34,Anhui,安徽,安庆,156340800,116.70986148874933,30.60310670062561,0.0532707945821372,170.99140532639203,observed_2022_city_table,urban_population_weighted_county_centroids,city_337_urban_population_weighted_centroid,2022_city_electricity; 296_observed_41_imputed_by_province_power_per_urban_population,production_default_city_337,0.0532707945821372,0.0520559096492498,13532.155533416511,10,2176096.0,4025269.0,2022,county urban population field; source year follows local population shapefile metadata,12.0,15.818181818181818,500.0,8.86776683165296,11.68932900536072,0.05,0.0500431406384814,validation_and_sensitivity_only_not_primary_load_weight
LC_156341000,34,Anhui,安徽,黄山,156341000,118.21701951113089,29.849444402201254,0.0344493760682272,110.57742375967447,observed_2022_city_table,urban_population_weighted_county_centroids,city_337_urban_population_weighted_centroid,2022_city_electricity; 296_observed_41_imputed_by_province_power_per_urban_population,production_default_city_337,0.0344493760682272,0.035559457393191,9687.111239869744,7,775644.0,1330565.0,2022,county urban population field; source year follows local population shapefile metadata,9.0,10.272727272727272,500.0,9.290695416976565,10.604531132508606,0.0375,0.0324992809893586,validation_and_sensitivity_only_not_primary_load_weight
LC_156341100,34,Anhui,安徽,滁州,156341100,118.21105209533684,32.52380121662991,0.0782829371027485,251.27669923596403,observed_2022_city_table,urban_population_weighted_county_centroids,city_337_urban_population_weighted_centroid,2022_city_electricity; 296_observed_41_imputed_by_province_power_per_urban_population,production_default_city_337,0.0782829371027485,0.0791082776179536,13489.296992314405,8,2319378.0,3821575.0,2022,county urban population field; source year follows local population shapefile metadata,20.0,25.090909090909093,500.0,14.826569547245567,18.60060543199899,0.0833333333333333,0.0793787748058671,validation_and_sensitivity_only_not_primary_load_weight
LC_156341200,34,Anhui,安徽,阜阳,156341200,115.68952188363616,32.95703688456084,0.0677802669606927,217.5646748264044,observed_2022_city_table,urban_population_weighted_county_centroids,city_337_urban_population_weighted_centroid,2022_city_electricity; 296_observed_41_imputed_by_province_power_per_urban_population,production_default_city_337,0.0677802669606927,0.0671827803058781,10147.704267742723,8,3333374.0,8036444.0,2022,county urban population field; source year follows local population shapefile metadata,16.0,19.81818181818182,500.0,15.767113011817274,19.529719526000942,0.0666666666666666,0.0626977279263733,validation_and_sensitivity_only_not_primary_load_weight
LC_156341300,34,Anhui,安徽,宿州,156341300,117.12653213217638,33.89294163239236,0.053671459016729,172.2774791548857,observed_2022_city_table,urban_population_weighted_county_centroids,city_337_urban_population_weighted_centroid,2022_city_electricity; 296_observed_41_imputed_by_province_power_per_urban_population,production_default_city_337,0.053671459016729,0.0529223657732494,9965.121148433343,5,2241234.0,5216873.0,2022,county urban population field; source year follows local population shapefile metadata,11.0,13.545454545454549,500.0,11.038501023873003,13.592864897165931,0.0458333333333333,0.0428530342249065,validation_and_sensitivity_only_not_primary_load_weight
LC_156341500,34,Anhui,安徽,六安,156341500,116.3638800694421,31.674147586155787,0.0599388239629014,192.39479762639837,observed_2022_city_table,urban_population_weighted_county_centroids,city_337_urban_population_weighted_centroid,2022_city_electricity; 296_observed_41_imputed_by_province_power_per_urban_population,production_default_city_337,0.0599388239629014,0.0589507079416406,15488.863970994726,7,2130346.0,4393699.0,2022,county urban population field; source year follows local population shapefile metadata,9.0,12.818181818181818,500.0,5.810626277597816,8.275740455972647,0.0375,0.0405522001725625,validation_and_sensitivity_only_not_primary_load_weight
LC_156341600,34,Anhui,安徽,亳州,156341600,116.1374193796992,33.47334423979524,0.0513506146182923,164.82791043068195,observed_2022_city_table,urban_population_weighted_county_centroids,city_337_urban_population_weighted_centroid,2022_city_electricity; 296_observed_41_imputed_by_province_power_per_urban_population,production_default_city_337,0.0513506146182923,0.0497255338273305,8526.828296601869,4,2123492.0,4996844.0,2022,county urban population field; source year follows local population shapefile metadata,8.0,11.818181818181818,500.0,9.382152098909016,13.859997418842864,0.0333333333333333,0.0373885533505895,validation_and_sensitivity_only_not_primary_load_weight
LC_156341700,34,Anhui,安徽,池州,156341700,117.423818698714,30.378454261955905,0.0423468846959675,135.927263374934,observed_2022_city_table,urban_population_weighted_county_centroids,city_337_urban_population_weighted_centroid,2022_city_electricity; 296_observed_41_imputed_by_province_power_per_urban_population,production_default_city_337,0.0423468846959675,0.042496508585577,8369.953285774776,4,801379.0,1342764.0,2022,county urban population field; source year follows local population shapefile metadata,15.0,17.545454545454547,500.0,17.92124697457198,20.962428279347836,0.0625,0.0555076215127983,validation_and_sensitivity_only_not_primary_load_weight
LC_156341800,34,Anhui,安徽,宣城,156341800,118.9349836530944,30.76000336101024,0.0564019477298676,181.0419458002545,observed_2022_city_table,urban_population_weighted_county_centroids,city_337_urban_population_weighted_centroid,2022_city_electricity; 296_observed_41_imputed_by_province_power_per_urban_population,production_default_city_337,0.0564019477298676,0.0569861277603601,12341.299258047731,7,1434033.0,2393487.0,2022,county urban population field; source year follows local population shapefile metadata,21.0,30.090909090909093,1100.0,17.016036610817903,24.382286225890592,0.0875,0.0951970089157319,validation_and_sensitivity_only_not_primary_load_weight
LC_156350100,35,Fujian,福建,福州,156350100,119.33503914895677,26.030582446607337,0.1770648579084508,448.8158791262991,observed_2022_city_table,urban_population_weighted_county_centroids,city_337_urban_population_weighted_centroid,2022_city_electricity; 296_observed_41_imputed_by_province_power_per_urban_population,production_default_city_337,0.1770648579084508,0.1772854170244354,11676.270479622,13,6010242.0,8291268.0,2022,county urban population field; source year follows local population shapefile metadata,10.0,21.181818181818183,1000.0,8.564378512344753,18.140910848875706,0.2222222222222222,0.2780429594272076,validation_and_sensitivity_only_not_primary_load_weight
LC_156350200,35,Fujian,福建,厦门,156350200,118.0949636092327,24.57990769767808,0.1203648345881927,305.09526107954474,observed_2022_city_table,urban_population_weighted_county_centroids,city_337_urban_population_weighted_centroid,2022_city_electricity; 296_observed_41_imputed_by_province_power_per_urban_population,production_default_city_337,0.1203648345881927,0.1201724644302552,1592.9881093358586,6,4617251.0,5163970.0,2022,county urban population field; source year follows local population shapefile metadata,11.0,17.0,500.0,69.0526183813517,106.71768295299808,0.2444444444444444,0.2231503579952267,validation_and_sensitivity_only_not_primary_load_weight
LC_156350300,35,Fujian,福建,莆田,156350300,118.96814493549714,25.43731544264866,0.0812027323822207,205.8289609360401,observed_2022_city_table,urban_population_weighted_county_centroids,city_337_urban_population_weighted_centroid,2022_city_electricity; 296_observed_41_imputed_by_province_power_per_urban_population,production_default_city_337,0.0812027323822207,0.0813235838211633,3934.682265520967,5,2013249.0,3210714.0,2022,county urban population field; source year follows local population shapefile metadata,2.0,4.545454545454546,500.0,5.083002552774595,11.552278529033172,0.0444444444444444,0.0596658711217183,validation_and_sensitivity_only_not_primary_load_weight
LC_156350400,35,Fujian,福建,三明,156350400,117.48855882076478,26.23600317619812,0.058264734416752,147.68677595435395,observed_2022_city_table,urban_population_weighted_county_centroids,city_337_urban_population_weighted_centroid,2022_city_electricity; 296_observed_41_imputed_by_province_power_per_urban_population,production_default_city_337,0.058264734416752,0.0577555861851539,22968.98140632487,12,1571500.0,2486450.0,2022,county urban population field; source year follows local population shapefile metadata,4.0,5.272727272727273,500.0,1.7414790535284848,2.29558602510573,0.0888888888888888,0.0692124105011933,validation_and_sensitivity_only_not_primary_load_weight
LC_156350500,35,Fujian,福建,泉州,156350500,118.4944240655524,24.96207007598155,0.1764854986549723,447.3473458681957,observed_2022_city_table,urban_population_weighted_county_centroids,city_337_urban_population_weighted_centroid,2022_city_electricity; 296_observed_41_imputed_by_province_power_per_urban_population,production_default_city_337,0.1764854986549723,0.1770420186548376,11196.535905789236,11,6012651.0,8782285.0,2022,county urban population field; source year follows local population shapefile metadata,0.0,0.0,0.0,0.0,0.0,0.0,0.0,validation_and_sensitivity_only_not_primary_load_weight
LC_156350600,35,Fujian,福建,漳州,156350600,117.5566152510941,24.336839470901072,0.1222208924297743,309.7999113513079,observed_2022_city_table,urban_population_weighted_county_centroids,city_337_urban_population_weighted_centroid,2022_city_electricity; 296_observed_41_imputed_by_province_power_per_urban_population,production_default_city_337,0.1222208924297743,0.1223227846774943,12640.220824545224,11,3101501.0,5054328.0,2022,county urban population field; source year follows local population shapefile metadata,2.0,4.545454545454546,500.0,1.5822508386216876,3.5960246332311083,0.0444444444444444,0.0596658711217183,validation_and_sensitivity_only_not_primary_load_weight
LC_156350700,35,Fujian,福建,南平,156350700,118.14858364174276,27.2302065532872,0.068919665306222,174.6944059870733,observed_2022_city_table,urban_population_weighted_county_centroids,city_337_urban_population_weighted_centroid,2022_city_electricity; 296_observed_41_imputed_by_province_power_per_urban_population,production_default_city_337,0.068919665306222,0.068565104504351,26335.48561768914,10,1599098.0,2680645.0,2022,county urban population field; source year follows local population shapefile metadata,5.0,7.545454545454546,500.0,1.8985790019537656,2.865128312039319,0.1111111111111111,0.0990453460620525,validation_and_sensitivity_only_not_primary_load_weight
LC_156350800,35,Fujian,福建,龙岩,156350800,116.83201590552332,25.25631997225996,0.0770318138470773,195.2567079705057,observed_2022_city_table,urban_population_weighted_county_centroids,city_337_urban_population_weighted_centroid,2022_city_electricity; 296_observed_41_imputed_by_province_power_per_urban_population,production_default_city_337,0.0770318138470773,0.0769199226601609,19077.965553049824,7,1712623.0,2723637.0,2022,county urban population field; source year follows local population shapefile metadata,5.0,6.272727272727273,500.0,2.620824524552459,3.28794349443854,0.1111111111111111,0.0823389021479713,validation_and_sensitivity_only_not_primary_load_weight
LC_156350900,35,Fujian,福建,宁德,156350900,119.64766208123866,26.972896803729867,0.1184449704663377,300.2288775756035,observed_2022_city_table,urban_population_weighted_county_centroids,city_337_urban_population_weighted_centroid,2022_city_electricity; 296_observed_41_imputed_by_province_power_per_urban_population,production_default_city_337,0.1184449704663377,0.1186131180421477,13061.200829343305,9,1919132.0,3146789.0,2022,county urban population field; source year follows local population shapefile metadata,6.0,9.818181818181818,500.0,4.593758321608833,7.517059071723546,0.1333333333333333,0.1288782816229116,validation_and_sensitivity_only_not_primary_load_weight
LC_156360100,36,Jiangxi,江西,南昌,156360100,115.94027196205948,28.66262402876349,0.1276667075373287,321.95217014907456,observed_2022_city_table,urban_population_weighted_county_centroids,city_337_urban_population_weighted_centroid,2022_city_electricity; 296_observed_41_imputed_by_province_power_per_urban_population,production_default_city_337,0.1276667075373287,0.1277628014903192,7202.4794786812,9,4883763.0,6255007.0,2022,county urban population field; source year follows local population shapefile metadata,23.0,34.18181818181819,1000.0,31.93344745802925,47.45840412734783,0.1932773109243697,0.2108805384183959,validation_and_sensitivity_only_not_primary_load_weight
LC_156360200,36,Jiangxi,江西,景德镇,156360200,117.23422275701668,29.22464823329441,0.0748691612046901,188.80638023850503,observed_2022_city_table,urban_population_weighted_county_centroids,city_337_urban_population_weighted_centroid,2022_city_electricity; 296_observed_41_imputed_by_province_power_per_urban_population,production_default_city_337,0.0748691612046901,0.074604215622152,5254.510273361142,4,1052588.0,1618979.0,2022,county urban population field; source year follows local population shapefile metadata,6.0,8.545454545454547,500.0,11.418761574067666,16.263084666096375,0.0504201680672268,0.0527201346045989,validation_and_sensitivity_only_not_primary_load_weight
LC_156360300,36,Jiangxi,江西,萍乡,156360300,113.87507933569836,27.61001262731997,0.0726990264171543,183.3336957944507,observed_2022_city_table,urban_population_weighted_county_centroids,city_337_urban_population_weighted_centroid,2022_city_electricity; 296_observed_41_imputed_by_province_power_per_urban_population,production_default_city_337,0.0726990264171543,0.0703902810780632,3823.70262962503,5,1223774.0,1804805.0,2022,county urban population field; source year follows local population shapefile metadata,2.0,3.272727272727273,500.0,5.230532271271652,8.559052807535432,0.0168067226890756,0.0201906898485698,validation_and_sensitivity_only_not_primary_load_weight
LC_156360400,36,Jiangxi,江西,九江,156360400,115.72751429392586,29.460351402182223,0.1145169438046508,288.79086245697044,observed_2022_city_table,urban_population_weighted_county_centroids,city_337_urban_population_weighted_centroid,2022_city_electricity; 296_observed_41_imputed_by_province_power_per_urban_population,production_default_city_337,0.1145169438046508,0.1171389034167103,19142.713826869345,13,2814240.0,4600276.0,2022,county urban population field; source year follows local population shapefile metadata,15.0,20.090909090909093,500.0,7.83587956005773,10.495329592562172,0.1260504201680672,0.1239484015703869,validation_and_sensitivity_only_not_primary_load_weight
LC_156360500,36,Jiangxi,江西,新余,156360500,114.93381104488373,27.846674863885365,0.0731043317957099,184.35580209542908,observed_2022_city_table,urban_population_weighted_county_centroids,city_337_urban_population_weighted_centroid,2022_city_electricity; 296_observed_41_imputed_by_province_power_per_urban_population,production_default_city_337,0.0731043317957099,0.0709724710278969,3163.457749671865,2,884941.0,1202499.0,2022,county urban population field; source year follows local population shapefile metadata,10.0,12.545454545454549,500.0,31.610980108829548,39.65741140925889,0.0840336134453781,0.0773976444195176,validation_and_sensitivity_only_not_primary_load_weight
LC_156360600,36,Jiangxi,江西,鹰潭,156360600,117.069775617684,28.238880027006413,0.0550226729684917,138.75715377424555,observed_2022_city_table,urban_population_weighted_county_centroids,city_337_urban_population_weighted_centroid,2022_city_electricity; 296_observed_41_imputed_by_province_power_per_urban_population,production_default_city_337,0.0550226729684917,0.054125698718564,3551.0076126588,3,743407.0,1154223.0,2022,county urban population field; source year follows local population shapefile metadata,9.0,10.272727272727272,500.0,25.344918912357084,28.929048859559096,0.0756302521008403,0.0633763320246775,validation_and_sensitivity_only_not_primary_load_weight
LC_156360700,36,Jiangxi,江西,赣州,156360700,115.19096673720564,25.750214674183525,0.1098687522526181,277.0689704593409,observed_2022_city_table,urban_population_weighted_county_centroids,city_337_urban_population_weighted_centroid,2022_city_electricity; 296_observed_41_imputed_by_province_power_per_urban_population,production_default_city_337,0.1098687522526181,0.1125515572162383,39429.53269465319,18,4961719.0,8970014.0,2022,county urban population field; source year follows local population shapefile metadata,13.0,16.81818181818182,500.0,3.2970210681099084,4.265376906296035,0.1092436974789916,0.1037577117218171,validation_and_sensitivity_only_not_primary_load_weight
LC_156360800,36,Jiangxi,江西,吉安,156360800,114.86322874526188,27.01510866037377,0.087405406925283,220.42050731299565,observed_2022_city_table,urban_population_weighted_county_centroids,city_337_urban_population_weighted_centroid,2022_city_electricity; 296_observed_41_imputed_by_province_power_per_urban_population,production_default_city_337,0.087405406925283,0.0858369070339716,25295.009610828674,13,2339591.0,4469176.0,2022,county urban population field; source year follows local population shapefile metadata,6.0,8.545454545454547,500.0,2.3720093774668616,3.3783163860891667,0.0504201680672268,0.0527201346045989,validation_and_sensitivity_only_not_primary_load_weight
LC_156360900,36,Jiangxi,江西,宜春,156360900,114.95538490881717,28.16414035985325,0.1089262012051264,274.6920284901315,observed_2022_city_table,urban_population_weighted_county_centroids,city_337_urban_population_weighted_centroid,2022_city_electricity; 296_observed_41_imputed_by_province_power_per_urban_population,production_default_city_337,0.1089262012051264,0.1099628571588911,18690.98733994261,10,2821642.0,5007702.0,2022,county urban population field; source year follows local population shapefile metadata,15.0,18.81818181818182,500.0,8.025258231246577,10.068051235563887,0.1260504201680672,0.1160964666292764,validation_and_sensitivity_only_not_primary_load_weight
LC_156361000,36,Jiangxi,江西,抚州,156361000,116.42705045645084,27.66878167410147,0.0777690987342829,196.11949419717868,observed_2022_city_table,urban_population_weighted_county_centroids,city_337_urban_population_weighted_centroid,2022_city_electricity; 296_observed_41_imputed_by_province_power_per_urban_population,production_default_city_337,0.0777690987342829,0.076379887835277,18786.161953661976,11,2058897.0,3614866.0,2022,county urban population field; source year follows local population shapefile metadata,9.0,15.454545454545457,800.0,4.790760359779415,8.226558193560612,0.0756302521008403,0.095344924284913,validation_and_sensitivity_only_not_primary_load_weight
LC_156361100,36,Jiangxi,江西,上饶,156361100,117.5986621577174,28.65636909571019,0.0981516971546634,247.5206928440527,observed_2022_city_table,urban_population_weighted_county_centroids,city_337_urban_population_weighted_centroid,2022_city_electricity; 296_observed_41_imputed_by_province_power_per_urban_population,production_default_city_337,0.0981516971546634,0.1002744194019154,22712.558710104426,12,3526049.0,6491088.0,2022,county urban population field; source year follows local population shapefile metadata,11.0,13.545454545454549,500.0,4.843135527088935,5.963861103605385,0.0924369747899159,0.0835670218732473,validation_and_sensitivity_only_not_primary_load_weight
LC_156370100,37,Shandong,山东,济南,156370100,117.13111373201129,36.61945093122216,0.0639093986050646,497.8363820630799,observed_2022_city_table,urban_population_weighted_county_centroids,city_337_urban_population_weighted_centroid,2022_city_electricity; 296_observed_41_imputed_by_province_power_per_urban_population,production_default_city_337,0.0639093986050646,0.0640137318112561,10235.698856830557,12,6395844.0,8778385.0,2022,county urban population field; source year follows local population shapefile metadata,53.0,65.45454545454545,1000.0,51.77956165116335,63.94731456061339,0.1558823529411764,0.147329650092081,validation_and_sensitivity_only_not_primary_load_weight
LC_156370200,37,Shandong,山东,青岛,156370200,120.23284786883085,36.222969608707935,0.067843229799132,528.4798293814248,observed_2022_city_table,urban_population_weighted_county_centroids,city_337_urban_population_weighted_centroid,2022_city_electricity; 296_observed_41_imputed_by_province_power_per_urban_population,production_default_city_337,0.067843229799132,0.0680024467326331,11039.332767843853,10,7646651.0,10029899.0,2022,county urban population field; source year follows local population shapefile metadata,40.0,49.63636363636364,660.0,36.23407396189272,44.96319177998506,0.1176470588235294,0.1117249846531614,validation_and_sensitivity_only_not_primary_load_weight
LC_156370300,37,Shandong,山东,淄博,156370300,118.05381085331616,36.72228993561073,0.0580474271018064,452.1732597581291,observed_2022_city_table,urban_population_weighted_county_centroids,city_337_urban_population_weighted_centroid,2022_city_electricity; 296_observed_41_imputed_by_province_power_per_urban_population,production_default_city_337,0.0580474271018064,0.0580539961516818,5963.154914300949,8,3493664.0,4704138.0,2022,county urban population field; source year follows local population shapefile metadata,9.0,15.363636363636363,500.0,15.09268185942316,25.76427509335873,0.0264705882352941,0.0345815428688356,validation_and_sensitivity_only_not_primary_load_weight
LC_156370400,37,Shandong,山东,枣庄,156370400,117.3551009116416,34.91842254279741,0.0394441159114892,307.25865659290434,observed_2022_city_table,urban_population_weighted_county_centroids,city_337_urban_population_weighted_centroid,2022_city_electricity; 296_observed_41_imputed_by_province_power_per_urban_population,production_default_city_337,0.0394441159114892,0.0394042691671655,4556.661129252635,6,2287321.0,3855601.0,2022,county urban population field; source year follows local population shapefile metadata,15.0,21.090909090909093,1000.0,32.918840296689424,46.28588453837544,0.0441176470588235,0.0474728872518927,validation_and_sensitivity_only_not_primary_load_weight
LC_156370500,37,Shandong,山东,东营,156370500,118.58855261105084,37.4667218402763,0.053865991175513,419.6010406665614,observed_2022_city_table,urban_population_weighted_county_centroids,city_337_urban_population_weighted_centroid,2022_city_electricity; 296_observed_41_imputed_by_province_power_per_urban_population,production_default_city_337,0.053865991175513,0.053877778567819,7249.910219971143,5,1485158.0,2108090.0,2022,county urban population field; source year follows local population shapefile metadata,20.0,22.545454545454547,500.0,27.586548513258148,31.097563778581915,0.0588235294117647,0.0507468794761612,validation_and_sensitivity_only_not_primary_load_weight
LC_156370600,37,Shandong,山东,烟台,156370600,120.9107306149932,37.342519741698176,0.0723963641000618,563.9474750939063,observed_2022_city_table,urban_population_weighted_county_centroids,city_337_urban_population_weighted_centroid,2022_city_electricity; 296_observed_41_imputed_by_province_power_per_urban_population,production_default_city_337,0.0723963641000618,0.0724962266113578,13700.921138975256,11,4298839.0,6601817.0,2022,county urban population field; source year follows local population shapefile metadata,21.0,27.363636363636363,500.0,15.327436591296715,19.97211434623512,0.0617647058823529,0.0615919787190505,validation_and_sensitivity_only_not_primary_load_weight
LC_156370700,37,Shandong,山东,潍坊,156370700,119.08664824278358,36.56840807379664,0.0806220936475476,628.0236129880468,observed_2022_city_table,urban_population_weighted_county_centroids,city_337_urban_population_weighted_centroid,2022_city_electricity; 296_observed_41_imputed_by_province_power_per_urban_population,production_default_city_337,0.0806220936475476,0.0808151458317101,15908.85443995031,12,5931966.0,9249991.0,2022,county urban population field; source year follows local population shapefile metadata,63.0,79.0,1000.0,39.60058861422129,49.657880960690186,0.1852941176470588,0.1778187026805811,validation_and_sensitivity_only_not_primary_load_weight
LC_156370800,37,Shandong,山东,济宁,156370800,116.6900614529516,35.40561562103976,0.0564662330318184,439.8561991641644,observed_2022_city_table,urban_population_weighted_county_centroids,city_337_urban_population_weighted_centroid,2022_city_electricity; 296_observed_41_imputed_by_province_power_per_urban_population,production_default_city_337,0.0564662330318184,0.0564276330962679,11088.22411752538,11,4737233.0,8023296.0,2022,county urban population field; source year follows local population shapefile metadata,22.0,28.363636363636363,500.0,19.84086880533748,25.57996308787311,0.0647058823529411,0.0638428483732351,validation_and_sensitivity_only_not_primary_load_weight
LC_156370900,37,Shandong,山东,泰安,156370900,117.07991707786849,36.04515905348367,0.0388452247924985,302.5934618885932,observed_2022_city_table,urban_population_weighted_county_centroids,city_337_urban_population_weighted_centroid,2022_city_electricity; 296_observed_41_imputed_by_province_power_per_urban_population,production_default_city_337,0.0388452247924985,0.0388519217684208,7765.896440914794,6,3498112.0,5472217.0,2022,county urban population field; source year follows local population shapefile metadata,9.0,12.90909090909091,800.0,11.589132134937191,16.62279558748567,0.0264705882352941,0.0290566809903826,validation_and_sensitivity_only_not_primary_load_weight
LC_156371000,37,Shandong,山东,威海,156371000,122.06930421941009,37.16626106729771,0.0283524318347873,220.85753262278496,observed_2022_city_table,urban_population_weighted_county_centroids,city_337_urban_population_weighted_centroid,2022_city_electricity; 296_observed_41_imputed_by_province_power_per_urban_population,production_default_city_337,0.0283524318347873,0.0282851826031498,5661.184324730254,4,1446425.0,2188011.0,2022,county urban population field; source year follows local population shapefile metadata,4.0,6.545454545454546,500.0,7.065659357753897,11.561988039960925,0.0117647058823529,0.0147329650092081,validation_and_sensitivity_only_not_primary_load_weight
LC_156371100,37,Shandong,山东,日照,156371100,119.1926711028666,35.53004341654328,0.0424747385854037,330.86636156762063,observed_2022_city_table,urban_population_weighted_county_centroids,city_337_urban_population_weighted_centroid,2022_city_electricity; 296_observed_41_imputed_by_province_power_per_urban_population,production_default_city_337,0.0424747385854037,0.042311177476884,5323.664824916236,4,1665038.0,2799872.0,2022,county urban population field; source year follows local population shapefile metadata,14.0,16.545454545454547,500.0,26.297673614755187,31.079068817437957,0.0411764705882352,0.0372416615510538,validation_and_sensitivity_only_not_primary_load_weight
LC_156371300,37,Shandong,山东,临沂,156371300,118.29383749637272,35.2072875686119,0.0713628232370938,555.8964801672607,observed_2022_city_table,urban_population_weighted_county_centroids,city_337_urban_population_weighted_centroid,2022_city_electricity; 296_observed_41_imputed_by_province_power_per_urban_population,production_default_city_337,0.0713628232370938,0.0712518404318311,17142.91254051688,12,5978555.0,10871836.0,2022,county urban population field; source year follows local population shapefile metadata,32.0,49.0,1000.0,18.66660634496544,28.58324096572833,0.0941176470588235,0.110292613055044,validation_and_sensitivity_only_not_primary_load_weight
LC_156371400,37,Shandong,山东,德州,156371400,116.60953384984673,37.285205707967975,0.052364023635446,407.9011326335686,observed_2022_city_table,urban_population_weighted_county_centroids,city_337_urban_population_weighted_centroid,2022_city_electricity; 296_observed_41_imputed_by_province_power_per_urban_population,production_default_city_337,0.052364023635446,0.0520439447375662,10288.305408087068,11,2663815.0,5207676.0,2022,county urban population field; source year follows local population shapefile metadata,7.0,9.545454545454549,500.0,6.803841568017302,9.277965774569047,0.0205882352941176,0.0214855739717618,validation_and_sensitivity_only_not_primary_load_weight
LC_156371500,37,Shandong,山东,聊城,156371500,115.88572175127013,36.468087962444045,0.0861063302098529,670.7442855049027,observed_2022_city_table,urban_population_weighted_county_centroids,city_337_urban_population_weighted_centroid,2022_city_electricity; 296_observed_41_imputed_by_province_power_per_urban_population,production_default_city_337,0.0861063302098529,0.0860564289519005,8621.726704236497,8,3152954.0,5952128.0,2022,county urban population field; source year follows local population shapefile metadata,10.0,13.818181818181818,500.0,11.59860471462898,16.027162878396407,0.0294117647058823,0.0311029261305504,validation_and_sensitivity_only_not_primary_load_weight
LC_156371600,37,Shandong,山东,滨州,156371600,117.8558823744728,37.38440415921561,0.1386243254806863,1079.8448142143948,observed_2022_city_table,urban_population_weighted_county_centroids,city_337_urban_population_weighted_centroid,2022_city_electricity; 296_observed_41_imputed_by_province_power_per_urban_population,production_default_city_337,0.1386243254806863,0.1389229477861452,9044.199069328795,7,2343282.0,3928568.0,2022,county urban population field; source year follows local population shapefile metadata,11.0,12.272727272727272,500.0,12.162492129683242,13.56972262402676,0.0323529411764705,0.0276243093922651,validation_and_sensitivity_only_not_primary_load_weight
LC_156371700,37,Shandong,山东,菏泽,156371700,115.68132623065924,35.16678016875438,0.049275248851798,383.8404389506029,observed_2022_city_table,urban_population_weighted_county_centroids,city_337_urban_population_weighted_centroid,2022_city_electricity; 296_observed_41_imputed_by_province_power_per_urban_population,production_default_city_337,0.049275248851798,0.0491853282742095,12143.43252842321,9,4038006.0,8198424.0,2022,county urban population field; source year follows local population shapefile metadata,10.0,14.818181818181818,1000.0,8.234903909247867,12.20263033824911,0.0294117647058823,0.033353795784735,validation_and_sensitivity_only_not_primary_load_weight
LC_156410100,41,Henan,河南,郑州,156410100,113.58536480099949,34.70250849463759,0.1353377302535078,589.0800977424326,observed_2022_city_table,urban_population_weighted_county_centroids,city_337_urban_population_weighted_centroid,2022_city_electricity; 296_observed_41_imputed_by_province_power_per_urban_population,production_default_city_337,0.1353377302535078,0.1369368866704279,7564.667733062369,12,8698620.0,11104154.0,2022,county urban population field; source year follows local population shapefile metadata,61.0,75.0909090909091,800.0,80.63804274362445,99.26531044148108,0.1295116772823779,0.13143448166123,validation_and_sensitivity_only_not_primary_load_weight
LC_156410200,41,Henan,河南,开封,156410200,114.48374156679174,34.665708636360044,0.0658756387309975,286.7347311781552,observed_2022_city_table,urban_population_weighted_county_centroids,city_337_urban_population_weighted_centroid,2022_city_electricity; 296_observed_41_imputed_by_province_power_per_urban_population,production_default_city_337,0.0658756387309975,0.0662889670899842,6237.594679507064,9,2500493.0,4824016.0,2022,county urban population field; source year follows local population shapefile metadata,22.0,27.090909090909093,500.0,35.27000571595105,43.43165993121245,0.0467091295116772,0.0474182512530829,validation_and_sensitivity_only_not_primary_load_weight
LC_156410300,41,Henan,河南,洛阳,156410300,112.33528795095536,34.5393949633449,0.1051593744637835,457.72375871549,observed_2022_city_table,urban_population_weighted_county_centroids,city_337_urban_population_weighted_centroid,2022_city_electricity; 296_observed_41_imputed_by_province_power_per_urban_population,production_default_city_337,0.1051593744637835,0.1064337286730082,15227.320211849294,15,4419901.0,6847854.0,2022,county urban population field; source year follows local population shapefile metadata,46.0,53.63636363636364,500.0,30.20886102086737,35.223770755556814,0.0976645435244161,0.0938817726151643,validation_and_sensitivity_only_not_primary_load_weight
LC_156410400,41,Henan,河南,平顶山,156410400,113.11691346127564,33.807239076603786,0.0603884546926697,262.8508452612412,observed_2022_city_table,urban_population_weighted_county_centroids,city_337_urban_population_weighted_centroid,2022_city_electricity; 296_observed_41_imputed_by_province_power_per_urban_population,production_default_city_337,0.0603884546926697,0.0603456188485865,7909.071430958364,10,2517661.0,4805387.0,2022,county urban population field; source year follows local population shapefile metadata,30.0,36.36363636363637,500.0,37.93112789773453,45.97712472452672,0.0636942675159235,0.0636486594001113,validation_and_sensitivity_only_not_primary_load_weight
LC_156410500,41,Henan,河南,安阳,156410500,114.32833701195769,35.95492671132825,0.0570164846724394,248.17378199602237,observed_2022_city_table,urban_population_weighted_county_centroids,city_337_urban_population_weighted_centroid,2022_city_electricity; 296_observed_41_imputed_by_province_power_per_urban_population,production_default_city_337,0.0570164846724394,0.0573556369675758,7341.032524269574,9,2712263.0,5284597.0,2022,county urban population field; source year follows local population shapefile metadata,28.0,30.545454545454547,500.0,38.14177352767685,41.60920748473838,0.0594479830148619,0.0534648738960935,validation_and_sensitivity_only_not_primary_load_weight
LC_156410600,41,Henan,河南,鹤壁,156410600,114.36871600000006,35.640444500187755,0.0285721534735969,124.36507490860664,observed_2022_city_table,urban_population_weighted_county_centroids_snapped_to_inside_label_point,city_337_urban_population_weighted_centroid,2022_city_electricity; 296_observed_41_imputed_by_province_power_per_urban_population,production_default_city_337,0.0285721534735969,0.0284772339657421,2138.2524342259226,5,913380.0,1523351.0,2022,county urban population field; source year follows local population shapefile metadata,14.0,17.81818181818182,500.0,65.4740281171161,83.33058123996595,0.0297239915074309,0.0311878431060545,validation_and_sensitivity_only_not_primary_load_weight
LC_156410700,41,Henan,河南,新乡,156410700,114.06642277340492,35.277821113426405,0.062246528945914,270.9384240957877,observed_2022_city_table,urban_population_weighted_county_centroids,city_337_urban_population_weighted_centroid,2022_city_electricity; 296_observed_41_imputed_by_province_power_per_urban_population,production_default_city_337,0.062246528945914,0.0624472189278696,8297.939322397786,12,3348535.0,5867392.0,2022,county urban population field; source year follows local population shapefile metadata,32.0,38.36363636363637,500.0,38.56379126999115,46.232727033909846,0.0679405520169851,0.0671493356671175,validation_and_sensitivity_only_not_primary_load_weight
LC_156410800,41,Henan,河南,焦作,156410800,113.13588287022212,35.13526877407565,0.0621066374219702,270.3295228496697,observed_2022_city_table,urban_population_weighted_county_centroids,city_337_urban_population_weighted_centroid,2022_city_electricity; 296_observed_41_imputed_by_province_power_per_urban_population,production_default_city_337,0.0621066374219702,0.062508925009041,3974.4299759804335,10,2116959.0,3314049.0,2022,county urban population field; source year follows local population shapefile metadata,25.0,28.81818181818182,500.0,62.90210206517192,72.50896856239818,0.0530785562632696,0.0504415625745882,validation_and_sensitivity_only_not_primary_load_weight
LC_156410900,41,Henan,河南,濮阳,156410900,115.2022776895333,35.791982655599874,0.0395209878997346,172.0217072596409,observed_2022_city_table,urban_population_weighted_county_centroids,city_337_urban_population_weighted_centroid,2022_city_electricity; 296_observed_41_imputed_by_province_power_per_urban_population,production_default_city_337,0.0395209878997346,0.0392913325748746,4235.518380099642,6,1642711.0,3415604.0,2022,county urban population field; source year follows local population shapefile metadata,18.0,20.545454545454547,500.0,42.49774970773836,48.50753249469126,0.0382165605095541,0.0359614925610629,validation_and_sensitivity_only_not_primary_load_weight
LC_156411000,41,Henan,河南,许昌,156411000,113.72057349028668,34.085303447565096,0.0439249459616097,191.19067101190333,observed_2022_city_table,urban_population_weighted_county_centroids,city_337_urban_population_weighted_centroid,2022_city_electricity; 296_observed_41_imputed_by_province_power_per_urban_population,production_default_city_337,0.0439249459616097,0.0432872887898078,4981.265840584329,6,2299452.0,4310500.0,2022,county urban population field; source year follows local population shapefile metadata,14.0,17.81818181818182,500.0,28.105305856066742,35.77038927135768,0.0297239915074309,0.0311878431060545,validation_and_sensitivity_only_not_primary_load_weight
LC_156411100,41,Henan,河南,漯河,156411100,113.93000363241394,33.64915152908815,0.0367856649258331,160.11575670317188,observed_2022_city_table,urban_population_weighted_county_centroids,city_337_urban_population_weighted_centroid,2022_city_electricity; 296_observed_41_imputed_by_province_power_per_urban_population,production_default_city_337,0.0367856649258331,0.0359229257793399,2690.521575893565,5,1210990.0,2269314.0,2022,county urban population field; source year follows local population shapefile metadata,14.0,17.81818181818182,500.0,52.03452046412368,66.22575331797559,0.0297239915074309,0.0311878431060545,validation_and_sensitivity_only_not_primary_load_weight
LC_156411200,41,Henan,河南,三门峡,156411200,111.27202341070254,34.5760291838153,0.0386755211408669,168.34167183996308,observed_2022_city_table,urban_population_weighted_county_centroids,city_337_urban_population_weighted_centroid,2022_city_electricity; 296_observed_41_imputed_by_province_power_per_urban_population,production_default_city_337,0.0386755211408669,0.0390655948043291,9945.204698068392,6,1124191.0,1992831.0,2022,county urban population field; source year follows local population shapefile metadata,32.0,38.86363636363637,500.0,32.17631106800165,39.0777641521895,0.0679405520169851,0.068024504733869,validation_and_sensitivity_only_not_primary_load_weight
LC_156411300,41,Henan,河南,南阳,156411300,112.39936412564168,32.95655078119953,0.0673273078022331,293.05336351203056,observed_2022_city_table,urban_population_weighted_county_centroids,city_337_urban_population_weighted_centroid,2022_city_electricity; 296_observed_41_imputed_by_province_power_per_urban_population,production_default_city_337,0.0673273078022331,0.0674252147024266,26509.82369503729,13,4531509.0,9261085.0,2022,county urban population field; source year follows local population shapefile metadata,43.0,57.72727272727273,1000.0,16.220402102504256,21.77580409109979,0.0912951167728237,0.1010422467976768,validation_and_sensitivity_only_not_primary_load_weight
LC_156411400,41,Henan,河南,商丘,156411400,115.6916367685468,34.28230865003694,0.0521140222424312,226.8349946376244,observed_2022_city_table,urban_population_weighted_county_centroids,city_337_urban_population_weighted_centroid,2022_city_electricity; 296_observed_41_imputed_by_province_power_per_urban_population,production_default_city_337,0.0521140222424312,0.0516016818492204,10719.213747819816,9,3415484.0,7501404.0,2022,county urban population field; source year follows local population shapefile metadata,31.0,33.54545454545455,500.0,28.92003157069715,31.294696919610697,0.0658174097664543,0.0587158882966027,validation_and_sensitivity_only_not_primary_load_weight
LC_156411500,41,Henan,河南,信阳,156411500,114.77899883753136,32.1349839641952,0.0496392718807641,216.06322994046084,observed_2022_city_table,urban_population_weighted_county_centroids,city_337_urban_population_weighted_centroid,2022_city_electricity; 296_observed_41_imputed_by_province_power_per_urban_population,production_default_city_337,0.0496392718807641,0.04870684384107,18907.39036855821,10,3101160.0,6210878.0,2022,county urban population field; source year follows local population shapefile metadata,25.0,30.090909090909093,500.0,13.222342963613537,15.914892803476656,0.0530785562632696,0.0526692656535921,validation_and_sensitivity_only_not_primary_load_weight
LC_156411600,41,Henan,河南,周口,156411600,114.885204379792,33.66632243939365,0.0476463471956556,207.38869205588185,observed_2022_city_table,urban_population_weighted_county_centroids,city_337_urban_population_weighted_centroid,2022_city_electricity; 296_observed_41_imputed_by_province_power_per_urban_population,production_default_city_337,0.0476463471956556,0.0469217765493209,11950.433724489372,10,3752719.0,8935395.0,2022,county urban population field; source year follows local population shapefile metadata,11.0,13.545454545454549,500.0,9.204686836979231,11.33469701413145,0.0233545647558386,0.0237091256265414,validation_and_sensitivity_only_not_primary_load_weight
LC_156411700,41,Henan,河南,驻马店,156411700,114.16382755924651,32.97699986531894,0.047662928295992,207.46086406725308,observed_2022_city_table,urban_population_weighted_county_centroids,city_337_urban_population_weighted_centroid,2022_city_electricity; 296_observed_41_imputed_by_province_power_per_urban_population,production_default_city_337,0.047662928295992,0.0469831249573739,15070.589479547229,10,2845657.0,6739743.0,2022,county urban population field; source year follows local population shapefile metadata,25.0,33.63636363636364,1000.0,16.588601284593608,22.31920900108958,0.0530785562632696,0.058875009945103,validation_and_sensitivity_only_not_primary_load_weight
LC_156420100,42,Hubei,湖北,武汉,156420100,114.31440620829392,30.57920855580496,0.1804894654735028,564.8574382006622,observed_2022_city_table,urban_population_weighted_county_centroids,city_337_urban_population_weighted_centroid,2022_city_electricity; 296_observed_41_imputed_by_province_power_per_urban_population,production_default_city_337,0.1804894654735028,0.196261680617225,8580.863890947108,13,10494879.0,12447718.0,2022,county urban population field; source year follows local population shapefile metadata,53.0,69.27272727272728,1000.0,61.76534282977673,80.72931601421934,0.2409090909090909,0.2505754685958566,validation_and_sensitivity_only_not_primary_load_weight
LC_156420200,42,Hubei,湖北,黄石,156420200,114.9998351540349,30.066797246659817,0.0743463376253461,232.67331254199811,observed_2022_city_table,urban_population_weighted_county_centroids,city_337_urban_population_weighted_centroid,2022_city_electricity; 296_observed_41_imputed_by_province_power_per_urban_population,production_default_city_337,0.0743463376253461,0.0778579399572713,4564.823965876668,6,1628537.0,2469079.0,2022,county urban population field; source year follows local population shapefile metadata,15.0,19.81818181818182,1000.0,32.85997469372134,43.4149968680682,0.0681818181818181,0.071686945083854,validation_and_sensitivity_only_not_primary_load_weight
LC_156420300,42,Hubei,湖北,十堰,156420300,110.62123203065856,32.538610641689544,0.056063635251701,175.4560095871152,observed_2022_city_table,urban_population_weighted_county_centroids,city_337_urban_population_weighted_centroid,2022_city_electricity; 296_observed_41_imputed_by_province_power_per_urban_population,production_default_city_337,0.056063635251701,0.0587998845391696,23697.015726022237,8,1987585.0,3209004.0,2022,county urban population field; source year follows local population shapefile metadata,5.0,6.272727272727273,500.0,2.109970326140851,2.6470536818857946,0.0227272727272727,0.0226899046366326,validation_and_sensitivity_only_not_primary_load_weight
LC_156420500,42,Hubei,湖北,宜昌,156420500,111.3310113788688,30.704974841439025,0.0924014357768024,289.1783083407162,observed_2022_city_table,urban_population_weighted_county_centroids,city_337_urban_population_weighted_centroid,2022_city_electricity; 296_observed_41_imputed_by_province_power_per_urban_population,production_default_city_337,0.0924014357768024,0.0988432862574863,21209.91793690787,13,2399242.0,3762407.0,2022,county urban population field; source year follows local population shapefile metadata,27.0,34.63636363636364,500.0,12.729893665932895,16.33026763205533,0.1227272727272727,0.1252877342979283,validation_and_sensitivity_only_not_primary_load_weight
LC_156420600,42,Hubei,湖北,襄阳,156420600,112.07464434538302,32.05405568642085,0.0774124068592236,242.26884216612547,observed_2022_city_table,urban_population_weighted_county_centroids,city_337_urban_population_weighted_centroid,2022_city_electricity; 296_observed_41_imputed_by_province_power_per_urban_population,production_default_city_337,0.0774124068592236,0.0813923229926456,19738.636759696023,9,3221846.0,5260951.0,2022,county urban population field; source year follows local population shapefile metadata,17.0,20.81818181818182,500.0,8.612550201395873,10.54691976534575,0.0772727272727272,0.0753041762578099,validation_and_sensitivity_only_not_primary_load_weight
LC_156420700,42,Hubei,湖北,鄂州,156420700,114.84036421006772,30.346478067511395,0.0623409662248123,195.10146137515784,observed_2022_city_table,urban_population_weighted_county_centroids,city_337_urban_population_weighted_centroid,2022_city_electricity; 296_observed_41_imputed_by_province_power_per_urban_population,production_default_city_337,0.0623409662248123,0.0637790413176923,1583.3012024674874,3,715268.0,1079353.0,2022,county urban population field; source year follows local population shapefile metadata,12.0,14.545454545454549,500.0,75.79101172473477,91.86789299967852,0.0545454545454545,0.0526142716211772,validation_and_sensitivity_only_not_primary_load_weight
LC_156420800,42,Hubei,湖北,荆门,156420800,112.47374175555122,31.04833365354147,0.0691206148906186,216.31895995448667,observed_2022_city_table,urban_population_weighted_county_centroids,city_337_urban_population_weighted_centroid,2022_city_electricity; 296_observed_41_imputed_by_province_power_per_urban_population,production_default_city_337,0.0691206148906186,0.0712491478354282,12346.705231175129,5,1525278.0,2596927.0,2022,county urban population field; source year follows local population shapefile metadata,15.0,22.363636363636363,1000.0,12.1489901306831,18.11303983120025,0.0681818181818181,0.08089444261756,validation_and_sensitivity_only_not_primary_load_weight
LC_156420900,42,Hubei,湖北,孝感,156420900,113.84306560666634,30.99868416653289,0.0648166006638306,202.8491740933304,observed_2022_city_table,urban_population_weighted_county_centroids,city_337_urban_population_weighted_centroid,2022_city_electricity; 296_observed_41_imputed_by_province_power_per_urban_population,production_default_city_337,0.0648166006638306,0.0661629688501513,8901.962245429104,7,2582246.0,4270371.0,2022,county urban population field; source year follows local population shapefile metadata,23.0,25.545454545454547,500.0,25.83700016455341,28.696431012804386,0.1045454545454545,0.0924038145346925,validation_and_sensitivity_only_not_primary_load_weight
LC_156421000,42,Hubei,湖北,荆州,156421000,112.47897159093732,30.084410160458138,0.0807086459700635,252.58470838558188,observed_2022_city_table,urban_population_weighted_county_centroids,city_337_urban_population_weighted_centroid,2022_city_electricity; 296_observed_41_imputed_by_province_power_per_urban_population,production_default_city_337,0.0807086459700635,0.0838793147043155,14096.211213532466,8,2751026.0,5041096.0,2022,county urban population field; source year follows local population shapefile metadata,15.0,17.545454545454547,500.0,10.641157239187711,12.44692937674684,0.0681818181818181,0.063465965143045,validation_and_sensitivity_only_not_primary_load_weight
LC_156421100,42,Hubei,湖北,黄冈,156421100,115.33170112384413,30.58806076430588,0.076305473634283,238.80459862116945,observed_2022_city_table,urban_population_weighted_county_centroids,city_337_urban_population_weighted_centroid,2022_city_electricity; 296_observed_41_imputed_by_province_power_per_urban_population,production_default_city_337,0.076305473634283,0.0799294556100763,17408.03154257305,10,2787483.0,5854864.0,2022,county urban population field; source year follows local population shapefile metadata,14.0,16.545454545454547,500.0,8.042264839514809,9.504494810335684,0.0636363636363636,0.0598487339690891,validation_and_sensitivity_only_not_primary_load_weight
LC_156421200,42,Hubei,湖北,咸宁,156421200,114.14928645880838,29.67343061344581,0.0657184035750396,205.67144452806775,observed_2022_city_table,urban_population_weighted_county_centroids,city_337_urban_population_weighted_centroid,2022_city_electricity; 296_observed_41_imputed_by_province_power_per_urban_population,production_default_city_337,0.0657184035750396,0.0676269467208087,9715.046228396011,6,1508314.0,2658316.0,2022,county urban population field; source year follows local population shapefile metadata,12.0,14.545454545454549,500.0,12.351974162434058,14.972089893859463,0.0545454545454545,0.0526142716211772,validation_and_sensitivity_only_not_primary_load_weight
LC_156421300,42,Hubei,湖北,随州,156421300,113.51166056508916,31.72046560486337,0.0534612447598813,167.31160280663812,observed_2022_city_table,urban_population_weighted_county_centroids,city_337_urban_population_weighted_centroid,2022_city_electricity; 296_observed_41_imputed_by_province_power_per_urban_population,production_default_city_337,0.0534612447598813,0.0542180105977289,9599.013359883373,3,1163902.0,2047923.0,2022,county urban population field; source year follows local population shapefile metadata,9.0,10.272727272727272,500.0,9.375963614774411,10.701857459287968,0.0409090909090909,0.0371588293324564,validation_and_sensitivity_only_not_primary_load_weight
LC_156422800,42,Hubei,湖北,恩施土家族苗族,156422800,109.45117470536216,30.2044207831269,0.0468147692948948,146.51088131097285,imputed_province_power_per_urban_population,urban_population_weighted_county_centroids,city_337_urban_population_weighted_centroid,2022_city_electricity; 296_observed_41_imputed_by_province_power_per_urban_population,production_default_city_337,0.0468147692948948,,24156.12228973291,8,1609251.0,3456136.0,2022,county urban population field; source year follows local population shapefile metadata,3.0,4.272727272727273,500.0,1.2419211842105518,1.7687968381180588,0.0136363636363636,0.0154554422887208,validation_and_sensitivity_only_not_primary_load_weight
LC_156430100,43,Hunan,湖南,长沙,156430100,113.0119557935809,28.196568413031816,0.1821991718862582,440.873190976724,observed_2022_city_table,urban_population_weighted_county_centroids,city_337_urban_population_weighted_centroid,2022_city_electricity; 296_observed_41_imputed_by_province_power_per_urban_population,production_default_city_337,0.1821991718862582,0.1921126628618713,11786.400527814005,9,8300000.0,10047914.0,2022,county urban population field; source year follows local population shapefile metadata,10.0,21.181818181818183,1000.0,8.484354469714154,17.971405376758163,0.0671140939597315,0.1060537096040054,validation_and_sensitivity_only_not_primary_load_weight
LC_156430200,43,Hunan,湖南,株洲,156430200,113.3318344442936,27.53702927219435,0.0734014314868105,177.61180244030646,observed_2022_city_table,urban_population_weighted_county_centroids,city_337_urban_population_weighted_centroid,2022_city_electricity; 296_observed_41_imputed_by_province_power_per_urban_population,production_default_city_337,0.0734014314868105,0.0765363630572799,11257.363839762158,9,2679098.0,3786920.0,2022,county urban population field; source year follows local population shapefile metadata,7.0,10.818181818181818,500.0,6.218152046641048,9.609871344808894,0.046979865771812,0.0541647701411015,validation_and_sensitivity_only_not_primary_load_weight
LC_156430300,43,Hunan,湖南,湘潭,156430300,112.73209257911206,27.80766261102656,0.0648128463866494,156.82972708901488,observed_2022_city_table,urban_population_weighted_county_centroids,city_337_urban_population_weighted_centroid,2022_city_electricity; 296_observed_41_imputed_by_province_power_per_urban_population,production_default_city_337,0.0648128463866494,0.068971391469859,5004.066087759286,5,1514682.0,2446234.0,2022,county urban population field; source year follows local population shapefile metadata,13.0,19.454545454545453,800.0,25.978873524072743,38.87747506399697,0.087248322147651,0.0974055530268547,validation_and_sensitivity_only_not_primary_load_weight
LC_156430400,43,Hunan,湖南,衡阳,156430400,112.57373596043034,26.79179344369126,0.0787287041882795,190.5023753819115,observed_2022_city_table,urban_population_weighted_county_centroids,city_337_urban_population_weighted_centroid,2022_city_electricity; 296_observed_41_imputed_by_province_power_per_urban_population,production_default_city_337,0.0787287041882795,0.0837236668689888,15297.43137177844,12,3388776.0,6414700.0,2022,county urban population field; source year follows local population shapefile metadata,16.0,19.81818181818182,500.0,10.45927228640339,12.955234991113288,0.1073825503355704,0.0992262175694128,validation_and_sensitivity_only_not_primary_load_weight
LC_156430500,43,Hunan,湖南,邵阳,156430500,111.19397187927676,27.08063213891574,0.0727758795102163,176.09813422113882,observed_2022_city_table,urban_population_weighted_county_centroids,city_337_urban_population_weighted_centroid,2022_city_electricity; 296_observed_41_imputed_by_province_power_per_urban_population,production_default_city_337,0.0727758795102163,0.0758271562278613,20841.86982409278,12,3423660.0,6563520.0,2022,county urban population field; source year follows local population shapefile metadata,7.0,8.272727272727273,500.0,3.3586237986709526,3.969282671156581,0.046979865771812,0.0414201183431952,validation_and_sensitivity_only_not_primary_load_weight
LC_156430600,43,Hunan,湖南,岳阳,156430600,113.20248067139488,29.155796687011534,0.1013908273005324,245.3386428982286,observed_2022_city_table,urban_population_weighted_county_centroids,city_337_urban_population_weighted_centroid,2022_city_electricity; 296_observed_41_imputed_by_province_power_per_urban_population,production_default_city_337,0.1013908273005324,0.1024743971159885,14839.920810109552,9,3024861.0,4980401.0,2022,county urban population field; source year follows local population shapefile metadata,15.0,20.090909090909093,500.0,10.107870649674489,13.538420688351891,0.1006711409395973,0.1005917159763313,validation_and_sensitivity_only_not_primary_load_weight
LC_156430700,43,Hunan,湖南,常德,156430700,111.669113644337,29.246424865434456,0.0863532828086922,208.95181327690204,observed_2022_city_table,urban_population_weighted_county_centroids,city_337_urban_population_weighted_centroid,2022_city_electricity; 296_observed_41_imputed_by_province_power_per_urban_population,production_default_city_337,0.0863532828086922,0.0882010036667613,18201.52650392856,9,2922802.0,5229210.0,2022,county urban population field; source year follows local population shapefile metadata,12.0,15.818181818181818,500.0,6.592853625441776,8.690579778991431,0.0805369127516778,0.0791989076012744,validation_and_sensitivity_only_not_primary_load_weight
LC_156430800,43,Hunan,湖南,张家界,156430800,110.55959818510092,29.314279061872487,0.0322147454711087,77.95105480071551,observed_2022_city_table,urban_population_weighted_county_centroids,city_337_urban_population_weighted_centroid,2022_city_electricity; 296_observed_41_imputed_by_province_power_per_urban_population,production_default_city_337,0.0322147454711087,0.0309587723373761,9506.285938685956,4,783520.0,1517027.0,2022,county urban population field; source year follows local population shapefile metadata,0.0,0.0,0.0,0.0,0.0,0.0,0.0,validation_and_sensitivity_only_not_primary_load_weight
LC_156430900,43,Hunan,湖南,益阳,156430900,112.18664827548832,28.64514808452993,0.067062391697862,162.2730241651407,observed_2022_city_table,urban_population_weighted_county_centroids,city_337_urban_population_weighted_centroid,2022_city_electricity; 296_observed_41_imputed_by_province_power_per_urban_population,production_default_city_337,0.067062391697862,0.0665765766763719,12313.925330450154,6,1756043.0,3609276.0,2022,county urban population field; source year follows local population shapefile metadata,6.0,8.545454545454547,500.0,4.872532388322239,6.939667340943795,0.0402684563758389,0.0427856167501137,validation_and_sensitivity_only_not_primary_load_weight
LC_156431000,43,Hunan,湖南,郴州,156431000,112.99533764471794,25.7822058055701,0.0658278168226586,159.285683667949,observed_2022_city_table,urban_population_weighted_county_centroids,city_337_urban_population_weighted_centroid,2022_city_electricity; 296_observed_41_imputed_by_province_power_per_urban_population,production_default_city_337,0.0658278168226586,0.0688323915200447,19405.804674768413,11,2715350.0,4667134.0,2022,county urban population field; source year follows local population shapefile metadata,14.0,17.81818181818182,500.0,7.214336243527646,9.18188249176246,0.0939597315436241,0.0892125625853436,validation_and_sensitivity_only_not_primary_load_weight
LC_156431100,43,Hunan,湖南,永州,156431100,111.75389374320272,25.9275967656045,0.053457523528394,129.35288747848546,observed_2022_city_table,urban_population_weighted_county_centroids,city_337_urban_population_weighted_centroid,2022_city_electricity; 296_observed_41_imputed_by_province_power_per_urban_population,production_default_city_337,0.053457523528394,0.0546928615507289,22366.56954770647,11,2441382.0,5191762.0,2022,county urban population field; source year follows local population shapefile metadata,33.0,36.81818181818182,500.0,14.754162425137704,16.461255598294134,0.2214765100671141,0.1843422849340009,validation_and_sensitivity_only_not_primary_load_weight
LC_156431200,43,Hunan,湖南,怀化,156431200,110.00885074371156,27.549241527197527,0.0568118887456133,137.4695527833091,observed_2022_city_table,urban_population_weighted_county_centroids,city_337_urban_population_weighted_centroid,2022_city_electricity; 296_observed_41_imputed_by_province_power_per_urban_population,production_default_city_337,0.0568118887456133,0.0591706405895509,27610.250543591017,12,2116262.0,4530590.0,2022,county urban population field; source year follows local population shapefile metadata,6.0,8.545454545454547,500.0,2.173105959515728,3.09502969991634,0.0402684563758389,0.0427856167501137,validation_and_sensitivity_only_not_primary_load_weight
LC_156431300,43,Hunan,湖南,娄底,156431300,111.7617498673525,27.708823382941716,0.0318618573605658,77.09716009997592,observed_2022_city_table,urban_population_weighted_county_centroids,city_337_urban_population_weighted_centroid,2022_city_electricity; 296_observed_41_imputed_by_province_power_per_urban_population,production_default_city_337,0.0318618573605658,0.0319221160573165,8113.767658844869,5,1796776.0,3826996.0,2022,county urban population field; source year follows local population shapefile metadata,6.0,8.545454545454547,500.0,7.394838319605273,10.53204245519539,0.0402684563758389,0.0427856167501137,validation_and_sensitivity_only_not_primary_load_weight
LC_156433100,43,Hunan,湖南,湘西土家族苗族,156433100,109.70173937569608,28.599835826665544,0.0331016328063584,80.09708458493674,imputed_province_power_per_urban_population,urban_population_weighted_county_centroids,city_337_urban_population_weighted_centroid,2022_city_electricity; 296_observed_41_imputed_by_province_power_per_urban_population,production_default_city_337,0.0331016328063584,,15479.248857747636,8,1262007.0,2488105.0,2022,county urban population field; source year follows local population shapefile metadata,4.0,4.0,220.0,2.584104717715633,2.584104717715633,0.0268456375838926,0.0200273099681383,validation_and_sensitivity_only_not_primary_load_weight
LC_156440100,44,Guangdong,广东,广州,156440100,113.37749802570328,23.17509702968502,0.0629788239819861,435.6296888820882,observed_2022_city_table,urban_population_weighted_county_centroids,city_337_urban_population_weighted_centroid,2022_city_electricity; 296_observed_41_imputed_by_province_power_per_urban_population,production_default_city_337,0.0629788239819861,0.062946577879993,7278.182044880809,11,16096724.0,18676605.0,2022,county urban population field; source year follows local population shapefile metadata,77.0,93.63636363636364,800.0,105.79564996475844,128.65350586033202,0.12241653418124,0.1194951041811685,validation_and_sensitivity_only_not_primary_load_weight
LC_156440200,44,Guangdong,广东,韶关,156440200,113.66380489878856,24.82884326278727,0.0619448652383496,428.4777114819368,observed_2022_city_table,urban_population_weighted_county_centroids,city_337_urban_population_weighted_centroid,2022_city_electricity; 296_observed_41_imputed_by_province_power_per_urban_population,production_default_city_337,0.0619448652383496,0.0619626428592702,18329.219773854093,10,1636895.0,2855131.0,2022,county urban population field; source year follows local population shapefile metadata,24.0,27.81818181818182,500.0,13.09384703555961,15.176959063944096,0.0381558028616852,0.0355004872615898,validation_and_sensitivity_only_not_primary_load_weight
LC_156440300,44,Guangdong,广东,深圳,156440300,114.06178938885184,22.64778440005679,0.1138400116421832,787.4406938465924,observed_2022_city_table,urban_population_weighted_county_centroids,city_337_urban_population_weighted_centroid,2022_city_electricity; 296_observed_41_imputed_by_province_power_per_urban_population,production_default_city_337,0.1138400116421832,0.1144854283554241,1942.179351664562,9,17444609.0,17494398.0,2022,county urban population field; source year follows local population shapefile metadata,72.0,92.6818181818182,800.0,370.7175649781868,477.2052493627039,0.1144674085850556,0.1182769502065061,validation_and_sensitivity_only_not_primary_load_weight
LC_156440400,44,Guangdong,广东,珠海,156440400,113.46865312325012,22.187752249642884,0.046715000927326,323.13149140286214,observed_2022_city_table,urban_population_weighted_county_centroids,city_337_urban_population_weighted_centroid,2022_city_electricity; 296_observed_41_imputed_by_province_power_per_urban_population,production_default_city_337,0.046715000927326,0.0465750275060706,1650.787055104651,3,2207090.0,2439585.0,2022,county urban population field; source year follows local population shapefile metadata,23.0,26.81818181818182,500.0,139.32747975505492,162.45694279739607,0.0365659777424483,0.0342243259548006,validation_and_sensitivity_only_not_primary_load_weight
LC_156440500,44,Guangdong,广东,汕头,156440500,116.47017506924068,23.26556746904424,0.0432683070302263,299.29042713505675,observed_2022_city_table,urban_population_weighted_county_centroids_snapped_to_inside_label_point,city_337_urban_population_weighted_centroid,2022_city_electricity; 296_observed_41_imputed_by_province_power_per_urban_population,production_default_city_337,0.0432683070302263,0.0431895764565292,2131.4095326554475,7,3890169.0,5502031.0,2022,county urban population field; source year follows local population shapefile metadata,17.0,20.81818181818182,500.0,79.75942557984294,97.6733072608772,0.027027027027027,0.0265673581140656,validation_and_sensitivity_only_not_primary_load_weight
LC_156440600,44,Guangdong,广东,佛山,156440600,113.0610800045255,22.98372627215594,0.0719140979927881,497.43571178456784,observed_2022_city_table,urban_population_weighted_county_centroids,city_337_urban_population_weighted_centroid,2022_city_electricity; 296_observed_41_imputed_by_province_power_per_urban_population,production_default_city_337,0.0719140979927881,0.072087373686241,3794.6409928961302,5,9042509.0,9498863.0,2022,county urban population field; source year follows local population shapefile metadata,39.0,46.63636363636364,500.0,102.77652108067956,122.900595138435,0.0620031796502384,0.0595155227620771,validation_and_sensitivity_only_not_primary_load_weight
LC_156440700,44,Guangdong,广东,江门,156440700,112.85192958878056,22.44277125839826,0.0518544606930929,358.68155596779326,observed_2022_city_table,urban_population_weighted_county_centroids,city_337_urban_population_weighted_centroid,2022_city_electricity; 296_observed_41_imputed_by_province_power_per_urban_population,production_default_city_337,0.0518544606930929,0.0517880263819393,9378.224344280525,7,3244934.0,4798090.0,2022,county urban population field; source year follows local population shapefile metadata,38.0,50.81818181818182,800.0,40.51939749466003,54.18742392228459,0.0604133545310015,0.0648521973177409,validation_and_sensitivity_only_not_primary_load_weight
LC_156440800,44,Guangdong,广东,湛江,156440800,110.29267856259972,21.189563069274424,0.0462698577294042,320.0523994072075,observed_2022_city_table,urban_population_weighted_county_centroids,city_337_urban_population_weighted_centroid,2022_city_electricity; 296_observed_41_imputed_by_province_power_per_urban_population,production_default_city_337,0.0462698577294042,0.0462960463686086,12671.744419599638,9,3173464.0,6981236.0,2022,county urban population field; source year follows local population shapefile metadata,29.0,37.91818181818182,500.0,22.88556258690408,29.92341114419339,0.0461049284578696,0.0483897164601605,validation_and_sensitivity_only_not_primary_load_weight
LC_156440900,44,Guangdong,广东,茂名,156440900,110.9395107164813,21.88412567230377,0.0304275634142921,210.46995077900303,observed_2022_city_table,urban_population_weighted_county_centroids,city_337_urban_population_weighted_centroid,2022_city_electricity; 296_observed_41_imputed_by_province_power_per_urban_population,production_default_city_337,0.0304275634142921,0.0303896688543465,11383.514590436129,5,2689580.0,6174050.0,2022,county urban population field; source year follows local population shapefile metadata,15.0,18.81818181818182,500.0,13.176949773141471,16.531082442668396,0.0238473767885532,0.0240150355004872,validation_and_sensitivity_only_not_primary_load_weight
LC_156441200,44,Guangdong,广东,肇庆,156441200,112.41707053867404,23.34688571916796,0.035424951253036,245.03729217676891,observed_2022_city_table,urban_population_weighted_county_centroids,city_337_urban_population_weighted_centroid,2022_city_electricity; 296_observed_41_imputed_by_province_power_per_urban_population,production_default_city_337,0.035424951253036,0.0353726100421297,14916.77540660863,8,2098614.0,4113594.0,2022,county urban population field; source year follows local population shapefile metadata,22.0,25.81818181818182,500.0,14.748495837949845,17.30815214040395,0.0349761526232114,0.0329481646480115,validation_and_sensitivity_only_not_primary_load_weight
LC_156441300,44,Guangdong,广东,惠州,156441300,114.49668630068965,23.11519287964786,0.0662218638078951,458.0620612426302,observed_2022_city_table,urban_population_weighted_county_centroids,city_337_urban_population_weighted_centroid,2022_city_electricity; 296_observed_41_imputed_by_province_power_per_urban_population,production_default_city_337,0.0662218638078951,0.0663718453034928,11286.27856057012,5,4399276.0,6042852.0,2022,county urban population field; source year follows local population shapefile metadata,46.0,61.36363636363637,800.0,40.75745583730863,54.37012389364295,0.0731319554848966,0.0783098983711541,validation_and_sensitivity_only_not_primary_load_weight
LC_156441400,44,Guangdong,广东,梅州,156441400,116.0439544060435,24.20712098628861,0.0293830940923611,203.245270847065,observed_2022_city_table,urban_population_weighted_county_centroids,city_337_urban_population_weighted_centroid,2022_city_electricity; 296_observed_41_imputed_by_province_power_per_urban_population,production_default_city_337,0.0293830940923611,0.0294331012083552,15834.967756359394,8,1997795.0,3873239.0,2022,county urban population field; source year follows local population shapefile metadata,19.0,24.090909090909093,500.0,11.99876140724664,15.213740540288802,0.0302066772655007,0.0307438860271938,validation_and_sensitivity_only_not_primary_load_weight
LC_156441500,44,Guangdong,广东,汕尾,156441500,115.5115726417528,22.94895792175508,0.0232563060048113,160.86577533299808,observed_2022_city_table,urban_population_weighted_county_centroids,city_337_urban_population_weighted_centroid,2022_city_electricity; 296_observed_41_imputed_by_province_power_per_urban_population,production_default_city_337,0.0232563060048113,0.0228541590790695,5253.68419130728,4,1561303.0,2738482.0,2022,county urban population field; source year follows local population shapefile metadata,14.0,22.90909090909091,500.0,26.647966436894567,43.60576326037293,0.0222575516693163,0.0292356953918975,validation_and_sensitivity_only_not_primary_load_weight
LC_156441600,44,Guangdong,广东,河源,156441600,114.83732089813216,23.884225198381543,0.0238906203956608,165.25337997957342,observed_2022_city_table,urban_population_weighted_county_centroids,city_337_urban_population_weighted_centroid,2022_city_electricity; 296_observed_41_imputed_by_province_power_per_urban_population,production_default_city_337,0.0238906203956608,0.0238894281641347,15611.00298634581,6,1376168.0,2837686.0,2022,county urban population field; source year follows local population shapefile metadata,16.0,19.81818181818182,500.0,10.2491813075652,12.695008665052352,0.0254372019077901,0.0252911968072764,validation_and_sensitivity_only_not_primary_load_weight
LC_156441700,44,Guangdong,广东,阳江,156441700,111.82976678279796,21.925708403016976,0.0274941166203274,190.1790588027963,observed_2022_city_table,urban_population_weighted_county_centroids,city_337_urban_population_weighted_centroid,2022_city_electricity; 296_observed_41_imputed_by_province_power_per_urban_population,production_default_city_337,0.0274941166203274,0.0272175705494081,7889.848327052277,4,1409820.0,2602959.0,2022,county urban population field; source year follows local population shapefile metadata,21.0,29.90909090909091,500.0,26.616481242099876,37.90832176905133,0.0333863275039745,0.0381688245394217,validation_and_sensitivity_only_not_primary_load_weight
LC_156441800,44,Guangdong,广东,清远,156441800,113.02023904697752,24.02059203088552,0.0370833737634994,256.5087366495151,observed_2022_city_table,urban_population_weighted_county_centroids,city_337_urban_population_weighted_centroid,2022_city_electricity; 296_observed_41_imputed_by_province_power_per_urban_population,production_default_city_337,0.0370833737634994,0.0370859311012415,19004.50786593912,8,2163209.0,3969473.0,2022,county urban population field; source year follows local population shapefile metadata,30.0,35.09090909090909,500.0,15.785728423816533,18.46451870179752,0.0476947535771065,0.0447816604018748,validation_and_sensitivity_only_not_primary_load_weight
LC_156441900,44,Guangdong,广东,东莞,156441900,113.87572311129094,22.93531375760856,0.0994549793958766,687.9382464237927,observed_2022_city_table,urban_population_weighted_county_centroids,city_337_urban_population_weighted_centroid,2022_city_electricity; 296_observed_41_imputed_by_province_power_per_urban_population,production_default_city_337,0.0994549793958766,0.0998785747459936,2455.392260477618,1,9644871.0,10466625.0,2022,county urban population field; source year follows local population shapefile metadata,52.0,63.45454545454545,500.0,211.778789226472,258.42936167845704,0.0826709062003179,0.080978235648986,validation_and_sensitivity_only_not_primary_load_weight
LC_156442000,44,Guangdong,广东,中山,156442000,113.384370842811,22.52046658574625,0.0507999483978333,351.3874079659554,observed_2022_city_table,urban_population_weighted_county_centroids,city_337_urban_population_weighted_centroid,2022_city_electricity; 296_observed_41_imputed_by_province_power_per_urban_population,production_default_city_337,0.0507999483978333,0.0506178921687811,1757.104245812026,1,3841873.0,4418060.0,2022,county urban population field; source year follows local population shapefile metadata,30.0,32.54545454545455,500.0,170.73545904577696,185.2221040557217,0.0476947535771065,0.041533249802775,validation_and_sensitivity_only_not_primary_load_weight
LC_156445100,44,Guangdong,广东,潮州,156445100,116.70440027109244,23.74462733369886,0.0251006806680057,173.62346609170734,observed_2022_city_table,urban_population_weighted_county_centroids,city_337_urban_population_weighted_centroid,2022_city_electricity; 296_observed_41_imputed_by_province_power_per_urban_population,production_default_city_337,0.0251006806680057,0.0250618347607774,3092.359190816114,3,1648643.0,2568387.0,2022,county urban population field; source year follows local population shapefile metadata,11.0,12.272727272727272,500.0,35.571546903957675,39.68726307466353,0.0174880763116057,0.0156619796742308,validation_and_sensitivity_only_not_primary_load_weight
LC_156445200,44,Guangdong,广东,揭阳,156445200,116.2191994112166,23.3797553466102,0.0300678744147148,207.98195247936815,observed_2022_city_table,urban_population_weighted_county_centroids,city_337_urban_population_weighted_centroid,2022_city_electricity; 296_observed_41_imputed_by_province_power_per_urban_population,production_default_city_337,0.0300678744147148,0.0300062239127967,5264.112403194594,5,2825237.0,5577814.0,2022,county urban population field; source year follows local population shapefile metadata,19.0,24.090909090909093,500.0,36.09345421360989,45.76442759141925,0.0302066772655007,0.0307438860271938,validation_and_sensitivity_only_not_primary_load_weight
LC_156445300,44,Guangdong,广东,云浮,156445300,111.8530148966964,22.80276456891656,0.0226092025363289,156.38970758790714,observed_2022_city_table,urban_population_weighted_county_centroids,city_337_urban_population_weighted_centroid,2022_city_electricity; 296_observed_41_imputed_by_province_power_per_urban_population,production_default_city_337,0.0226092025363289,0.0224904606153952,7779.487753482428,5,1043289.0,2383350.0,2022,county urban population field; source year follows local population shapefile metadata,15.0,16.272727272727273,500.0,19.281475175901356,20.91747913022025,0.0238473767885532,0.0207666249013875,validation_and_sensitivity_only_not_primary_load_weight
LC_156450100,45,Guangxi,广西,南宁,156450100,108.40232287168864,22.872588572596676,0.0984284712415369,268.4452340583895,observed_2022_city_table,urban_population_weighted_county_centroids,city_337_urban_population_weighted_centroid,2022_city_electricity; 296_observed_41_imputed_by_province_power_per_urban_population,production_default_city_337,0.0984284712415369,0.0985850923429705,22095.58309476537,12,6023504.0,8741584.0,2022,county urban population field; source year follows local population shapefile metadata,22.0,25.81818181818182,500.0,9.956741085150172,11.68477052968037,0.1164021164021164,0.1129673826571201,validation_and_sensitivity_only_not_primary_load_weight
LC_156450200,45,Guangxi,广西,柳州,156450200,109.38503725709194,24.49914364617686,0.074895213320461,204.2626774150255,observed_2022_city_table,urban_population_weighted_county_centroids,city_337_urban_population_weighted_centroid,2022_city_electricity; 296_observed_41_imputed_by_province_power_per_urban_population,production_default_city_337,0.074895213320461,0.0750783060572193,18558.015711439657,10,2907694.0,4157934.0,2022,county urban population field; source year follows local population shapefile metadata,18.0,24.454545454545453,800.0,9.699312835964632,13.17734925694185,0.0952380952380952,0.1070007955449482,validation_and_sensitivity_only_not_primary_load_weight
LC_156450300,45,Guangxi,广西,桂林,156450300,110.41433023649508,25.275468365762723,0.0770914282110808,210.2524424994409,observed_2022_city_table,urban_population_weighted_county_centroids,city_337_urban_population_weighted_centroid,2022_city_electricity; 296_observed_41_imputed_by_province_power_per_urban_population,production_default_city_337,0.0770914282110808,0.0771869207664221,27607.78922188722,17,2592914.0,4931137.0,2022,county urban population field; source year follows local population shapefile metadata,27.0,29.545454545454547,500.0,9.779848644524796,10.70185457734195,0.1428571428571428,0.1292760540970564,validation_and_sensitivity_only_not_primary_load_weight
LC_156450400,45,Guangxi,广西,梧州,156450400,111.0465508826504,23.38984403184593,0.0582308015694166,158.81361317042433,observed_2022_city_table,urban_population_weighted_county_centroids,city_337_urban_population_weighted_centroid,2022_city_electricity; 296_observed_41_imputed_by_province_power_per_urban_population,production_default_city_337,0.0582308015694166,0.058267772427326,12568.239514904755,7,1595326.0,2820977.0,2022,county urban population field; source year follows local population shapefile metadata,5.0,6.272727272727273,500.0,3.978281917742312,4.990935496803992,0.0264550264550264,0.0274463007159904,validation_and_sensitivity_only_not_primary_load_weight
LC_156450500,45,Guangxi,广西,北海,156450500,109.23573210385372,21.534618777440425,0.0592357455223969,161.55440972319553,observed_2022_city_table,urban_population_weighted_county_centroids,city_337_urban_population_weighted_centroid,2022_city_electricity; 296_observed_41_imputed_by_province_power_per_urban_population,production_default_city_337,0.0592357455223969,0.0585929036704148,3404.97230409819,4,979305.0,1853227.0,2022,county urban population field; source year follows local population shapefile metadata,6.0,6.0,220.0,17.62128870410623,17.62128870410623,0.0317460317460317,0.026252983293556,validation_and_sensitivity_only_not_primary_load_weight
LC_156450600,45,Guangxi,广西,防城港,156450600,108.16129296075432,21.726787975037045,0.0728833796337116,198.77577755654127,observed_2022_city_table,urban_population_weighted_county_centroids,city_337_urban_population_weighted_centroid,2022_city_electricity; 296_observed_41_imputed_by_province_power_per_urban_population,production_default_city_337,0.0728833796337116,0.0724297289842822,6005.589101207688,4,643635.0,1046068.0,2022,county urban population field; source year follows local population shapefile metadata,10.0,11.272727272727272,500.0,16.65115583413634,18.770393849390054,0.0529100529100529,0.0493237867939538,validation_and_sensitivity_only_not_primary_load_weight
LC_156450700,45,Guangxi,广西,钦州,156450700,108.9377032844117,22.14821454359344,0.0571009071037768,155.7320374793252,observed_2022_city_table,urban_population_weighted_county_centroids,city_337_urban_population_weighted_centroid,2022_city_electricity; 296_observed_41_imputed_by_province_power_per_urban_population,production_default_city_337,0.0571009071037768,0.0568404637074876,10687.70351378666,4,1387474.0,3302238.0,2022,county urban population field; source year follows local population shapefile metadata,7.0,8.272727272727273,500.0,6.549582883703982,7.740416135286524,0.037037037037037,0.0361972951471758,validation_and_sensitivity_only_not_primary_load_weight
LC_156450800,45,Guangxi,广西,贵港,156450800,109.96410674653656,23.300795947921504,0.0527792028347627,143.94539790854776,observed_2022_city_table,urban_population_weighted_county_centroids,city_337_urban_population_weighted_centroid,2022_city_electricity; 296_observed_41_imputed_by_province_power_per_urban_population,production_default_city_337,0.0527792028347627,0.0526863224058084,10606.697899269182,5,2158124.0,4316262.0,2022,county urban population field; source year follows local population shapefile metadata,13.0,15.545454545454549,500.0,12.256406398541548,14.656262196857377,0.0687830687830687,0.0680190930787589,validation_and_sensitivity_only_not_primary_load_weight
LC_156450900,45,Guangxi,广西,玉林,156450900,110.18727243116685,22.47570488525635,0.0558353473104918,152.28045999734246,observed_2022_city_table,urban_population_weighted_county_centroids,city_337_urban_population_weighted_centroid,2022_city_electricity; 296_observed_41_imputed_by_province_power_per_urban_population,production_default_city_337,0.0558353473104918,0.0556474147075185,12832.480274727252,7,2883897.0,5796766.0,2022,county urban population field; source year follows local population shapefile metadata,9.0,11.545454545454549,500.0,7.013453211944477,8.99705614057524,0.0476190476190476,0.0505171042163882,validation_and_sensitivity_only_not_primary_load_weight
LC_156451000,45,Guangxi,广西,百色,156451000,106.62947058511308,23.809717466434208,0.1386287691489992,378.0840229663657,observed_2022_city_table,urban_population_weighted_county_centroids,city_337_urban_population_weighted_centroid,2022_city_electricity; 296_observed_41_imputed_by_province_power_per_urban_population,production_default_city_337,0.1386287691489992,0.139059911867185,36189.31375107212,12,1551425.0,3571505.0,2022,county urban population field; source year follows local population shapefile metadata,33.0,41.909090909090914,500.0,9.118713946053305,11.580515507246762,0.1746031746031746,0.1833731105807478,validation_and_sensitivity_only_not_primary_load_weight
LC_156451100,45,Guangxi,广西,贺州,156451100,111.41977853144816,24.37940586970665,0.0586250395433862,159.88882346132962,observed_2022_city_table,urban_population_weighted_county_centroids,city_337_urban_population_weighted_centroid,2022_city_electricity; 296_observed_41_imputed_by_province_power_per_urban_population,production_default_city_337,0.0586250395433862,0.0586536647833802,11673.784419352878,5,989187.0,2007858.0,2022,county urban population field; source year follows local population shapefile metadata,15.0,16.272727272727273,500.0,12.849303585847364,13.939547526464716,0.0793650793650793,0.0712012728719172,validation_and_sensitivity_only_not_primary_load_weight
LC_156451200,45,Guangxi,广西,河池,156451200,107.93343691963244,24.55824782798017,0.0805853609055466,219.78149002115367,observed_2022_city_table,urban_population_weighted_county_centroids,city_337_urban_population_weighted_centroid,2022_city_electricity; 296_observed_41_imputed_by_province_power_per_urban_population,production_default_city_337,0.0805853609055466,0.0810271692642349,33539.13975903182,11,1533999.0,3417945.0,2022,county urban population field; source year follows local population shapefile metadata,5.0,7.545454545454546,500.0,1.4907955409481068,2.249745998158052,0.0264550264550264,0.0330151153540175,validation_and_sensitivity_only_not_primary_load_weight
LC_156451300,45,Guangxi,广西,来宾,156451300,109.30827756406516,23.75913204923754,0.0623800846238314,170.13000614765087,observed_2022_city_table,urban_population_weighted_county_centroids,city_337_urban_population_weighted_centroid,2022_city_electricity; 296_observed_41_imputed_by_province_power_per_urban_population,production_default_city_337,0.0623800846238314,0.0624370061829481,13387.588995750411,6,1006712.0,2074611.0,2022,county urban population field; source year follows local population shapefile metadata,16.0,19.81818181818182,500.0,11.95136779675477,14.803398748253068,0.0846560846560846,0.086714399363564,validation_and_sensitivity_only_not_primary_load_weight
LC_156451400,45,Guangxi,广西,崇左,156451400,107.32713150278668,22.503481226151123,0.0533002490306009,145.3664538919714,observed_2022_city_table,urban_population_weighted_county_centroids,city_337_urban_population_weighted_centroid,2022_city_electricity; 296_observed_41_imputed_by_province_power_per_urban_population,production_default_city_337,0.0533002490306009,0.0535073228328012,17333.901478915894,7,917760.0,2088692.0,2022,county urban population field; source year follows local population shapefile metadata,3.0,4.272727272727273,500.0,1.73071250211561,2.4649541696798085,0.0158730158730158,0.018695306284805,validation_and_sensitivity_only_not_primary_load_weight
LC_156460100,46,Hainan,海南,海口,156460100,110.40370704731724,19.863765975260748,0.0826725625280352,128.6705271028293,observed_2022_city_table,urban_population_weighted_county_centroids,city_337_urban_population_weighted_centroid,2022_city_electricity; 296_observed_41_imputed_by_province_power_per_urban_population,production_default_city_337,0.0826725625280352,0.0822342418962721,2237.6649170058604,4,2349239.0,2873358.0,2022,county urban population field; source year follows local population shapefile metadata,6.0,7.272727272727273,500.0,26.81366613205156,32.50141349339583,0.3,0.3418803418803419,validation_and_sensitivity_only_not_primary_load_weight
LC_156460200,46,Hainan,海南,三亚,156460200,109.4930453045601,18.35564839578832,0.0509421519168126,79.28571872519242,observed_2022_city_table,urban_population_weighted_county_centroids,city_337_urban_population_weighted_centroid,2022_city_electricity; 296_observed_41_imputed_by_province_power_per_urban_population,production_default_city_337,0.0509421519168126,0.0503817341926138,1898.2964959793696,4,724854.0,1031396.0,2022,county urban population field; source year follows local population shapefile metadata,3.0,3.0,220.0,15.80364293119679,15.80364293119679,0.15,0.141025641025641,validation_and_sensitivity_only_not_primary_load_weight
LC_156460300,46,Hainan,海南,三沙,156460300,114.2732119697714,7.750866690792407,0.0006090764641496,0.9479588788782168,imputed_province_power_per_urban_population,urban_population_weighted_county_centroids_snapped_to_inside_label_point,city_337_urban_population_weighted_centroid,2022_city_electricity; 296_observed_41_imputed_by_province_power_per_urban_population,production_default_city_337,0.0006090764641496,,6065.32797639798,2,2188.0,2188.0,2022,county urban population field; source year follows local population shapefile metadata,0.0,0.0,0.0,0.0,0.0,0.0,0.0,validation_and_sensitivity_only_not_primary_load_weight
LC_156460400,46,Hainan,海南,儋州,156460400,109.4015060848739,19.568158513843787,0.8657762090910024,1347.4831040715785,observed_2022_city_table,urban_population_weighted_county_centroids,city_337_urban_population_weighted_centroid,2022_city_electricity; 296_observed_41_imputed_by_province_power_per_urban_population,production_default_city_337,0.8657762090910024,0.8673840239111139,3298.309882087543,1,516043.0,954259.0,2022,county urban population field; source year follows local population shapefile metadata,11.0,11.0,220.0,33.35041397941044,33.35041397941044,0.55,0.517094017094017,validation_and_sensitivity_only_not_primary_load_weight
LC_156500000,50,Chongqing,重庆,重庆,156500000,106.98904594478245,29.787793594799087,1.0,865.9498630888022,observed_2022_city_table,urban_population_weighted_county_centroids,city_337_urban_population_weighted_centroid,2022_city_electricity; 296_observed_41_imputed_by_province_power_per_urban_population,production_default_city_337,1.0,1.0,82424.49567574335,38,22264028.0,32054159.0,2022,county urban population field; source year follows local population shapefile metadata,58.0,79.36363636363637,1000.0,7.036743085231734,9.628646886218348,1.0,1.0,validation_and_sensitivity_only_not_primary_load_weight
LC_156510100,51,Sichuan,四川,成都,156510100,104.02967468052346,30.664370070341008,0.0299850312800572,75.18143349913225,observed_2022_city_table,urban_population_weighted_county_centroids,city_337_urban_population_weighted_centroid,2022_city_electricity; 296_observed_41_imputed_by_province_power_per_urban_population,production_default_city_337,0.0299850312800572,0.0309983262880405,14333.417028107157,20,16492980.0,20937757.0,2022,county urban population field; source year follows local population shapefile metadata,48.0,54.36363636363637,500.0,33.488176549858466,37.92789692578667,0.2285714285714285,0.1771589394163827,validation_and_sensitivity_only_not_primary_load_weight
LC_156510300,51,Sichuan,四川,自贡,156510300,104.74368219902364,29.27202698561255,0.0597709002228023,149.86350750524582,observed_2022_city_table,urban_population_weighted_county_centroids,city_337_urban_population_weighted_centroid,2022_city_electricity; 296_observed_41_imputed_by_province_power_per_urban_population,production_default_city_337,0.0597709002228023,0.0643893252020209,4378.833338809866,6,1379139.0,2489256.0,2022,county urban population field; source year follows local population shapefile metadata,4.0,5.272727272727273,500.0,9.13485325999452,12.041397479083688,0.019047619047619,0.0171826396089468,validation_and_sensitivity_only_not_primary_load_weight
LC_156510400,51,Sichuan,四川,攀枝花,156510400,101.72600829137023,26.634952925116384,0.0465718268715372,116.7694864872222,observed_2022_city_table,urban_population_weighted_county_centroids,city_337_urban_population_weighted_centroid,2022_city_electricity; 296_observed_41_imputed_by_province_power_per_urban_population,production_default_city_337,0.0465718268715372,0.0488412750844063,7395.5575325997315,5,843378.0,1212203.0,2022,county urban population field; source year follows local population shapefile metadata,8.0,11.818181818181818,500.0,10.817304800531774,15.98010936442194,0.0380952380952381,0.0385128129166049,validation_and_sensitivity_only_not_primary_load_weight
LC_156510500,51,Sichuan,四川,泸州,156510500,105.55010934510524,28.728667426809118,0.0639794538359181,160.41560900671837,observed_2022_city_table,urban_population_weighted_county_centroids,city_337_urban_population_weighted_centroid,2022_city_electricity; 296_observed_41_imputed_by_province_power_per_urban_population,production_default_city_337,0.0639794538359181,0.0680997418537176,12227.363954774708,7,2137464.0,4254149.0,2022,county urban population field; source year follows local population shapefile metadata,3.0,4.272727272727273,500.0,2.453513292886419,3.494397720171567,0.0142857142857142,0.0139238631313879,validation_and_sensitivity_only_not_primary_load_weight
LC_156510600,51,Sichuan,四川,德阳,156510600,104.39062371423518,31.1337135314188,0.0690361268503107,173.09419928090176,observed_2022_city_table,urban_population_weighted_county_centroids,city_337_urban_population_weighted_centroid,2022_city_electricity; 296_observed_41_imputed_by_province_power_per_urban_population,production_default_city_337,0.0690361268503107,0.0741619621464253,5913.186996782087,6,1934382.0,3456161.0,2022,county urban population field; source year follows local population shapefile metadata,17.0,20.81818181818182,500.0,28.749302210891145,35.20636473954049,0.0809523809523809,0.0678418012146348,validation_and_sensitivity_only_not_primary_load_weight
LC_156510700,51,Sichuan,四川,绵阳,156510700,104.81213958818869,31.522507427125984,0.0549842399983341,137.8619199802014,observed_2022_city_table,urban_population_weighted_county_centroids,city_337_urban_population_weighted_centroid,2022_city_electricity; 296_observed_41_imputed_by_province_power_per_urban_population,production_default_city_337,0.0549842399983341,0.0578129496755992,20241.090925087967,9,2515103.0,4868243.0,2022,county urban population field; source year follows local population shapefile metadata,25.0,31.363636363636363,500.0,12.351112937798016,15.495032594692058,0.119047619047619,0.1022070804325285,validation_and_sensitivity_only_not_primary_load_weight
LC_156510800,51,Sichuan,四川,广元,156510800,105.83683874284044,32.275084797714605,0.0436828639484201,109.525993163597,observed_2022_city_table,urban_population_weighted_county_centroids,city_337_urban_population_weighted_centroid,2022_city_electricity; 296_observed_41_imputed_by_province_power_per_urban_population,production_default_city_337,0.0436828639484201,0.0451429993094634,16256.017429636346,7,1084525.0,2305657.0,2022,county urban population field; source year follows local population shapefile metadata,9.0,9.5,330.0,5.536411386710315,5.843989797083109,0.0428571428571428,0.0309583765368093,validation_and_sensitivity_only_not_primary_load_weight
LC_156510900,51,Sichuan,四川,遂宁,156510900,105.49386092322884,30.63385672064539,0.0481779603909621,120.79654316272018,observed_2022_city_table,urban_population_weighted_county_centroids,city_337_urban_population_weighted_centroid,2022_city_electricity; 296_observed_41_imputed_by_province_power_per_urban_population,production_default_city_337,0.0481779603909621,0.0500239784602457,5322.211525305598,5,1612641.0,2814196.0,2022,county urban population field; source year follows local population shapefile metadata,5.0,6.272727272727273,500.0,9.394590906855967,11.785941319510217,0.0238095238095238,0.0204414160865057,validation_and_sensitivity_only_not_primary_load_weight
LC_156511000,51,Sichuan,四川,内江,156511000,104.97110653760602,29.61127254486427,0.0969875116644247,243.17667339886628,observed_2022_city_table,urban_population_weighted_county_centroids,city_337_urban_population_weighted_centroid,2022_city_electricity; 296_observed_41_imputed_by_province_power_per_urban_population,production_default_city_337,0.0969875116644247,0.1041629158757592,5375.899109353988,5,1504708.0,3052764.0,2022,county urban population field; source year follows local population shapefile metadata,5.0,7.545454545454546,500.0,9.300769784351182,14.035707129111785,0.0238095238095238,0.024588949785217,validation_and_sensitivity_only_not_primary_load_weight
LC_156511100,51,Sichuan,四川,乐山,156511100,103.70299933774344,29.46996363896784,0.0697727232835219,174.94106664755324,observed_2022_city_table,urban_population_weighted_county_centroids,city_337_urban_population_weighted_centroid,2022_city_electricity; 296_observed_41_imputed_by_province_power_per_urban_population,production_default_city_337,0.0697727232835219,0.0730032585798433,12724.926611183011,11,1678367.0,3160168.0,2022,county urban population field; source year follows local population shapefile metadata,4.0,10.090909090909092,1000.0,3.1434365967067275,7.930033232601064,0.019047619047619,0.0328840171826396,validation_and_sensitivity_only_not_primary_load_weight
LC_156511300,51,Sichuan,四川,南充,156511300,106.17100971739904,31.10527330918077,0.0381637649848851,95.68796285351684,observed_2022_city_table,urban_population_weighted_county_centroids,city_337_urban_population_weighted_centroid,2022_city_electricity; 296_observed_41_imputed_by_province_power_per_urban_population,production_default_city_337,0.0381637649848851,0.0410893858607378,12480.43605702305,9,2815934.0,5607565.0,2022,county urban population field; source year follows local population shapefile metadata,4.0,6.545454545454546,500.0,3.2050162203660357,5.244571996962604,0.019047619047619,0.0213301733076581,validation_and_sensitivity_only_not_primary_load_weight
LC_156511400,51,Sichuan,四川,眉山,156511400,103.84734835725538,30.008882516159733,0.0209838896908168,52.61288182789127,observed_2022_city_table,urban_population_weighted_county_centroids,city_337_urban_population_weighted_centroid,2022_city_electricity; 296_observed_41_imputed_by_province_power_per_urban_population,production_default_city_337,0.0209838896908168,0.0216777197289258,7138.749926408233,6,1481605.0,2955219.0,2022,county urban population field; source year follows local population shapefile metadata,6.0,8.545454545454547,500.0,8.404832865491368,11.970519535699829,0.0285714285714285,0.0278477262627758,validation_and_sensitivity_only_not_primary_load_weight
LC_156511500,51,Sichuan,四川,宜宾,156511500,104.6897037098171,28.6660926578899,0.0423193502378946,106.10725684828084,observed_2022_city_table,urban_population_weighted_county_centroids,city_337_urban_population_weighted_centroid,2022_city_electricity; 296_observed_41_imputed_by_province_power_per_urban_population,production_default_city_337,0.0423193502378946,0.0429124091347703,13266.808632438911,10,2358244.0,4588804.0,2022,county urban population field; source year follows local population shapefile metadata,5.0,12.818181818181818,800.0,3.768803891370236,9.661842703330969,0.0238095238095238,0.0417715893941638,validation_and_sensitivity_only_not_primary_load_weight
LC_156511600,51,Sichuan,四川,广安,156511600,106.64488854715444,30.455996194131043,0.0548473604291716,137.5187219981728,observed_2022_city_table,urban_population_weighted_county_centroids,city_337_urban_population_weighted_centroid,2022_city_electricity; 296_observed_41_imputed_by_province_power_per_urban_population,production_default_city_337,0.0548473604291716,0.0573351641115027,6363.889351306188,6,1434388.0,3254883.0,2022,county urban population field; source year follows local population shapefile metadata,2.0,4.545454545454546,500.0,3.1427322028933458,7.1425731883939685,0.0095238095238095,0.0148126203525403,validation_and_sensitivity_only_not_primary_load_weight
LC_156511700,51,Sichuan,四川,达州,156511700,107.4847189491654,31.205953398801835,0.0371433139481454,93.12938717483172,observed_2022_city_table,urban_population_weighted_county_centroids,city_337_urban_population_weighted_centroid,2022_city_electricity; 296_observed_41_imputed_by_province_power_per_urban_population,production_default_city_337,0.0371433139481454,0.0399942437039526,16589.038453561392,7,2659345.0,5339959.0,2022,county urban population field; source year follows local population shapefile metadata,9.0,12.818181818181818,500.0,5.42526923739082,7.72689861082935,0.0428571428571428,0.0417715893941638,validation_and_sensitivity_only_not_primary_load_weight
LC_156511800,51,Sichuan,四川,雅安,156511800,102.82654351909702,29.842182122890826,0.0252557915152321,63.323816224704935,observed_2022_city_table,urban_population_weighted_county_centroids,city_337_urban_population_weighted_centroid,2022_city_electricity; 296_observed_41_imputed_by_province_power_per_urban_population,production_default_city_337,0.0252557915152321,0.0253518214114841,15049.087075196308,8,757151.0,1434603.0,2022,county urban population field; source year follows local population shapefile metadata,3.0,5.545454545454546,500.0,1.99347640492064,3.6849109303078498,0.0142857142857142,0.0180713968300992,validation_and_sensitivity_only_not_primary_load_weight
LC_156511900,51,Sichuan,四川,巴中,156511900,106.97037440314266,31.890270769698542,0.0230073324554485,57.68625748081692,observed_2022_city_table,urban_population_weighted_county_centroids,city_337_urban_population_weighted_centroid,2022_city_electricity; 296_observed_41_imputed_by_province_power_per_urban_population,production_default_city_337,0.0230073324554485,0.0229043119848065,12265.2912295529,5,1193269.0,2645390.0,2022,county urban population field; source year follows local population shapefile metadata,0.0,0.0,0.0,0.0,0.0,0.0,0.0,validation_and_sensitivity_only_not_primary_load_weight
LC_156512000,51,Sichuan,四川,资阳,156512000,105.0006606772453,30.10643001424585,0.1229101812610805,308.17255224916295,observed_2022_city_table,urban_population_weighted_county_centroids,city_337_urban_population_weighted_centroid,2022_city_electricity; 296_observed_41_imputed_by_province_power_per_urban_population,production_default_city_337,0.1229101812610805,0.132098211588297,5735.44537444215,3,953225.0,2308631.0,2022,county urban population field; source year follows local population shapefile metadata,3.0,7.818181818181818,1000.0,5.2306312834368,13.631342132592872,0.0142857142857142,0.0254777070063694,validation_and_sensitivity_only_not_primary_load_weight
LC_156513200,51,Sichuan,四川,阿坝藏族羌族,156513200,102.87726533264409,32.18929409129904,0.0072137902932992,18.08712787880501,imputed_province_power_per_urban_population,urban_population_weighted_county_centroids,city_337_urban_population_weighted_centroid,2022_city_electricity; 296_observed_41_imputed_by_province_power_per_urban_population,production_default_city_337,0.0072137902932992,,82994.07397978756,13,341329.0,822587.0,2022,county urban population field; source year follows local population shapefile metadata,17.0,22.090909090909093,500.0,2.048339018053288,2.661745355010423,0.0809523809523809,0.0719893349133461,validation_and_sensitivity_only_not_primary_load_weight
LC_156513300,51,Sichuan,四川,甘孜,156513300,100.64484201743468,30.55524767504908,0.0072581514399514,18.198354529390254,imputed_province_power_per_urban_population,urban_population_weighted_county_centroids,city_337_urban_population_weighted_centroid,2022_city_electricity; 296_observed_41_imputed_by_province_power_per_urban_population,production_default_city_337,0.0072581514399514,,149652.61916503866,18,343428.0,1107431.0,2022,county urban population field; source year follows local population shapefile metadata,18.0,33.0,1000.0,1.20278549753609,2.2051067454828317,0.0857142857142857,0.107539623759443,validation_and_sensitivity_only_not_primary_load_weight
LC_156513400,51,Sichuan,四川,凉山彝族,156513400,102.29861779059046,27.70095401295103,0.0379484353977857,95.14806723420897,imputed_province_power_per_urban_population,urban_population_weighted_county_centroids,city_337_urban_population_weighted_centroid,2022_city_electricity; 296_observed_41_imputed_by_province_power_per_urban_population,production_default_city_337,0.0379484353977857,,60127.05184630688,17,1795575.0,4858359.0,2022,county urban population field; source year follows local population shapefile metadata,15.0,31.81818181818182,800.0,2.494717359224944,5.291824701386245,0.0714285714285714,0.1036883424677825,validation_and_sensitivity_only_not_primary_load_weight
LC_156520100,52,Guizhou,贵州,贵阳,156520100,106.67785756957218,26.62538390775982,0.1259795736327314,178.3768961786471,observed_2022_city_table,urban_population_weighted_county_centroids,city_337_urban_population_weighted_centroid,2022_city_electricity; 296_observed_41_imputed_by_province_power_per_urban_population,production_default_city_337,0.1259795736327314,0.1655846856081984,8040.140438597103,10,4794071.0,5987018.0,2022,county urban population field; source year follows local population shapefile metadata,5.0,8.818181818181818,500.0,6.2187968458825,10.9676962554655,0.0961538461538461,0.1138497652582159,validation_and_sensitivity_only_not_primary_load_weight
LC_156520200,52,Guizhou,贵州,六盘水,156520200,104.861865220223,26.31222875358989,0.2163325890019008,306.30946474662494,observed_2022_city_table,urban_population_weighted_county_centroids,city_337_urban_population_weighted_centroid,2022_city_electricity; 296_observed_41_imputed_by_province_power_per_urban_population,production_default_city_337,0.2163325890019008,0.284439051772709,9922.005586060626,4,1481555.0,3031602.0,2022,county urban population field; source year follows local population shapefile metadata,6.0,6.0,220.0,6.047164505157474,6.047164505157474,0.1153846153846153,0.0774647887323943,validation_and_sensitivity_only_not_primary_load_weight
LC_156520300,52,Guizhou,贵州,遵义,156520300,106.9839117243633,27.98228159622708,0.0587931797141635,83.24639154963066,observed_2022_city_table,urban_population_weighted_county_centroids,city_337_urban_population_weighted_centroid,2022_city_electricity; 296_observed_41_imputed_by_province_power_per_urban_population,production_default_city_337,0.0587931797141635,0.0771223325537093,30757.14014250933,14,3745222.0,6606675.0,2022,county urban population field; source year follows local population shapefile metadata,3.0,5.545454545454546,500.0,0.9753832723393262,1.802981200384815,0.0576923076923076,0.0715962441314554,validation_and_sensitivity_only_not_primary_load_weight
LC_156520400,52,Guizhou,贵州,安顺,156520400,105.98766008816352,26.1376434847168,0.0941635961045497,133.32804296604886,observed_2022_city_table,urban_population_weighted_county_centroids,city_337_urban_population_weighted_centroid,2022_city_electricity; 296_observed_41_imputed_by_province_power_per_urban_population,production_default_city_337,0.0941635961045497,0.1236939824327149,9221.585206096795,6,1146615.0,2470630.0,2022,county urban population field; source year follows local population shapefile metadata,3.0,6.818181818181818,500.0,3.2532367623915337,7.393719914526212,0.0576923076923076,0.0880281690140845,validation_and_sensitivity_only_not_primary_load_weight
LC_156520500,52,Guizhou,贵州,毕节,156520500,105.36376320851168,27.10119097943566,0.1244991211388474,176.28069507886542,observed_2022_city_table,urban_population_weighted_county_centroids,city_337_urban_population_weighted_centroid,2022_city_electricity; 296_observed_41_imputed_by_province_power_per_urban_population,production_default_city_337,0.1244991211388474,0.1636278026078464,26863.26113474964,8,2906332.0,6899636.0,2022,county urban population field; source year follows local population shapefile metadata,6.0,7.272727272727273,500.0,2.2335337358719083,2.707313619238677,0.1153846153846153,0.0938967136150234,validation_and_sensitivity_only_not_primary_load_weight
LC_156520600,52,Guizhou,贵州,铜仁,156520600,108.65511180030354,27.926690843748712,0.1409906289796836,199.63133754516016,observed_2022_city_table,urban_population_weighted_county_centroids,city_337_urban_population_weighted_centroid,2022_city_electricity; 296_observed_41_imputed_by_province_power_per_urban_population,production_default_city_337,0.1409906289796836,0.1855321450248215,17993.409496369848,10,1518674.0,3298468.0,2022,county urban population field; source year follows local population shapefile metadata,8.0,10.545454545454549,500.0,4.44607232532222,5.860731701561109,0.1538461538461538,0.136150234741784,validation_and_sensitivity_only_not_primary_load_weight
LC_156522300,52,Guizhou,贵州,黔西南布依族苗族,156522300,105.18182185894264,25.206704707566928,0.067864054676959,96.09001750287548,imputed_province_power_per_urban_population,urban_population_weighted_county_centroids,city_337_urban_population_weighted_centroid,2022_city_electricity; 296_observed_41_imputed_by_province_power_per_urban_population,production_default_city_337,0.067864054676959,,16768.771299562795,8,1390938.0,3015112.0,2022,county urban population field; source year follows local population shapefile metadata,11.0,14.818181818181818,500.0,6.559812763554595,8.836772565780157,0.2115384615384615,0.1913145539906103,validation_and_sensitivity_only_not_primary_load_weight
LC_156522600,52,Guizhou,贵州,黔东南苗族侗族,156522600,108.36951458806216,26.599783922480416,0.0835288598047633,118.270115731237,imputed_province_power_per_urban_population,urban_population_weighted_county_centroids,city_337_urban_population_weighted_centroid,2022_city_electricity; 296_observed_41_imputed_by_province_power_per_urban_population,production_default_city_337,0.0835288598047633,,30296.002415515883,16,1712003.0,3758622.0,2022,county urban population field; source year follows local population shapefile metadata,6.0,9.818181818181818,500.0,1.9804593086931963,3.2407515960434123,0.1153846153846153,0.1267605633802817,validation_and_sensitivity_only_not_primary_load_weight
LC_156522700,52,Guizhou,贵州,黔南布依族苗族,156522700,107.24663403938054,26.204890997025966,0.087848396946401,124.38623127311024,imputed_province_power_per_urban_population,urban_population_weighted_county_centroids,city_337_urban_population_weighted_centroid,2022_city_electricity; 296_observed_41_imputed_by_province_power_per_urban_population,production_default_city_337,0.087848396946401,,26121.308123275376,12,1800536.0,3494385.0,2022,county urban population field; source year follows local population shapefile metadata,4.0,7.818181818181818,500.0,1.5313168778235124,2.9930284430186838,0.0769230769230769,0.1009389671361502,validation_and_sensitivity_only_not_primary_load_weight
LC_156530100,53,Yunnan,云南,昆明,156530100,102.7783268170394,25.119690915369965,0.235745523276319,311.3323171614596,observed_2022_city_table,urban_population_weighted_county_centroids,city_337_urban_population_weighted_centroid,2022_city_electricity; 296_observed_41_imputed_by_province_power_per_urban_population,production_default_city_337,0.235745523276319,0.3479170265815605,21029.31035853735,14,6740458.0,8460088.0,2022,county urban population field; source year follows local population shapefile metadata,33.0,45.81818181818182,800.0,15.692383362730135,21.78777194164184,0.1907514450867052,0.1852941176470588,validation_and_sensitivity_only_not_primary_load_weight
LC_156530300,53,Yunnan,云南,曲靖,156530300,103.955879082453,25.642519087790863,0.0643368124672893,84.96504462036386,observed_2022_city_table,urban_population_weighted_county_centroids,city_337_urban_population_weighted_centroid,2022_city_electricity; 296_observed_41_imputed_by_province_power_per_urban_population,production_default_city_337,0.0643368124672893,0.0950018937076213,28924.315628126176,9,2827160.0,5765775.0,2022,county urban population field; source year follows local population shapefile metadata,12.0,22.181818181818183,500.0,4.148758488975666,7.668917206894414,0.0693641618497109,0.0897058823529411,validation_and_sensitivity_only_not_primary_load_weight
LC_156530400,53,Yunnan,云南,玉溪,156530400,102.46650439350378,24.27191064634432,0.0693532102111608,91.58984373297508,observed_2022_city_table,urban_population_weighted_county_centroids,city_337_urban_population_weighted_centroid,2022_city_electricity; 296_observed_41_imputed_by_province_power_per_urban_population,production_default_city_337,0.0693532102111608,0.1023678598597033,14938.07882472447,9,1210702.0,2249502.0,2022,county urban population field; source year follows local population shapefile metadata,15.0,17.545454545454547,500.0,10.041451900208909,11.74545585903224,0.0867052023121387,0.0709558823529411,validation_and_sensitivity_only_not_primary_load_weight
LC_156530500,53,Yunnan,云南,保山,156530500,98.95626818343804,25.0714540702838,0.1500435133829064,198.15177844032107,observed_2022_city_table,urban_population_weighted_county_centroids,city_337_urban_population_weighted_centroid,2022_city_electricity; 296_observed_41_imputed_by_province_power_per_urban_population,production_default_city_337,0.1500435133829064,0.2214009961754934,19054.389335647385,5,853166.0,2431211.0,2022,county urban population field; source year follows local population shapefile metadata,12.0,13.272727272727272,500.0,6.297761522879207,6.965705926820942,0.0693641618497109,0.0536764705882353,validation_and_sensitivity_only_not_primary_load_weight
LC_156530600,53,Yunnan,云南,昭通,156530600,104.0144389607211,27.613987588336894,0.0451409514910818,59.614438617012304,observed_2022_city_table,urban_population_weighted_county_centroids,city_337_urban_population_weighted_centroid,2022_city_electricity; 296_observed_41_imputed_by_province_power_per_urban_population,production_default_city_337,0.0451409514910818,0.0666516043160933,22514.855334628763,11,2012717.0,5092611.0,2022,county urban population field; source year follows local population shapefile metadata,9.0,19.181818181818183,500.0,3.9973607941231735,8.519627551111007,0.0520231213872832,0.0775735294117647,validation_and_sensitivity_only_not_primary_load_weight
LC_156530700,53,Yunnan,云南,丽江,156530700,100.52809458804614,26.86732232089814,0.038525587816285,50.87799911599063,observed_2022_city_table,urban_population_weighted_county_centroids,city_337_urban_population_weighted_centroid,2022_city_electricity; 296_observed_41_imputed_by_province_power_per_urban_population,production_default_city_337,0.038525587816285,0.056854438764289,20586.558001528123,5,597447.0,1253878.0,2022,county urban population field; source year follows local population shapefile metadata,5.0,7.545454545454546,500.0,2.4287692967560943,3.665233666013742,0.0289017341040462,0.0305147058823529,validation_and_sensitivity_only_not_primary_load_weight
LC_156530800,53,Yunnan,云南,普洱,156530800,100.7321189029114,23.069813885316854,0.0319375573758525,42.17765667026786,observed_2022_city_table,urban_population_weighted_county_centroids,city_337_urban_population_weighted_centroid,2022_city_electricity; 296_observed_41_imputed_by_province_power_per_urban_population,production_default_city_337,0.0319375573758525,0.0471674060796003,44247.58318352864,10,974845.0,2404954.0,2022,county urban population field; source year follows local population shapefile metadata,7.0,12.181818181818182,800.0,1.5820073089564315,2.753103628573531,0.0404624277456647,0.0492647058823529,validation_and_sensitivity_only_not_primary_load_weight
LC_156530900,53,Yunnan,云南,临沧,156530900,99.80247780546853,23.96291756495357,0.0424261924100973,56.02924970877001,observed_2022_city_table,urban_population_weighted_county_centroids,city_337_urban_population_weighted_centroid,2022_city_electricity; 296_observed_41_imputed_by_province_power_per_urban_population,production_default_city_337,0.0424261924100973,0.0626387745156384,23678.471232806784,8,792078.0,2257991.0,2022,county urban population field; source year follows local population shapefile metadata,4.0,5.272727272727273,500.0,1.6892982493134758,2.2268022377314,0.0231213872832369,0.0213235294117647,validation_and_sensitivity_only_not_primary_load_weight
LC_156532300,53,Yunnan,云南,楚雄彝族,156532300,101.52895487417334,25.238928862877938,0.0458452743890826,60.54458768969452,imputed_province_power_per_urban_population,urban_population_weighted_county_centroids,city_337_urban_population_weighted_centroid,2022_city_electricity; 296_observed_41_imputed_by_province_power_per_urban_population,production_default_city_337,0.0458452743890826,,28444.961917386,10,1083258.0,2416747.0,2022,county urban population field; source year follows local population shapefile metadata,20.0,29.0,800.0,7.031122086957582,10.195127026088496,0.1156069364161849,0.1172794117647058,validation_and_sensitivity_only_not_primary_load_weight
LC_156532500,53,Yunnan,云南,红河哈尼族彝族,156532500,103.21785398938528,23.573983089364813,0.0904116306009963,119.40019925791576,imputed_province_power_per_urban_population,urban_population_weighted_county_centroids,city_337_urban_population_weighted_centroid,2022_city_electricity; 296_observed_41_imputed_by_province_power_per_urban_population,production_default_city_337,0.0904116306009963,,32109.897102505285,13,2136297.0,4478422.0,2022,county urban population field; source year follows local population shapefile metadata,12.0,17.090909090909093,500.0,3.7371655105876167,5.3226296665944846,0.0693641618497109,0.0691176470588235,validation_and_sensitivity_only_not_primary_load_weight
LC_156532600,53,Yunnan,云南,文山壮族苗族,156532600,104.4668067092402,23.58801824164432,0.0551500717521386,72.83277065706568,imputed_province_power_per_urban_population,urban_population_weighted_county_centroids,city_337_urban_population_weighted_centroid,2022_city_electricity; 296_observed_41_imputed_by_province_power_per_urban_population,production_default_city_337,0.0551500717521386,,31454.89292932604,8,1303117.0,3503218.0,2022,county urban population field; source year follows local population shapefile metadata,10.0,13.818181818181818,500.0,3.179155631674968,4.393015054678138,0.0578034682080924,0.0558823529411764,validation_and_sensitivity_only_not_primary_load_weight
LC_156532800,53,Yunnan,云南,西双版纳傣族,156532800,100.91524427892826,21.99707310849744,0.025924131487635,34.23615351958848,imputed_province_power_per_urban_population,urban_population_weighted_county_centroids,city_337_urban_population_weighted_centroid,2022_city_electricity; 296_observed_41_imputed_by_province_power_per_urban_population,production_default_city_337,0.025924131487635,,19030.380242918625,3,612550.0,1301407.0,2022,county urban population field; source year follows local population shapefile metadata,4.0,4.045454545454545,230.0,2.101902299870459,2.125787553278077,0.0231213872832369,0.016360294117647,validation_and_sensitivity_only_not_primary_load_weight
LC_156532900,53,Yunnan,云南,大理白族,156532900,100.2600248296893,25.67059990531481,0.0605649162598285,79.98377002375206,imputed_province_power_per_urban_population,urban_population_weighted_county_centroids,city_337_urban_population_weighted_centroid,2022_city_electricity; 296_observed_41_imputed_by_province_power_per_urban_population,production_default_city_337,0.0605649162598285,,28297.950717885244,12,1431062.0,3337559.0,2022,county urban population field; source year follows local population shapefile metadata,10.0,15.181818181818182,800.0,3.5338247987263856,5.364988558066422,0.0578034682080924,0.0613970588235294,validation_and_sensitivity_only_not_primary_load_weight
LC_156533100,53,Yunnan,云南,德宏傣族景颇族,156533100,98.07984700094474,24.35168893772708,0.0272524813611186,35.990410560677894,imputed_province_power_per_urban_population,urban_population_weighted_county_centroids,city_337_urban_population_weighted_centroid,2022_city_electricity; 296_observed_41_imputed_by_province_power_per_urban_population,production_default_city_337,0.0272524813611186,,11162.534056962726,5,643937.0,1315709.0,2022,county urban population field; source year follows local population shapefile metadata,12.0,13.318181818181818,500.0,10.75024715603434,11.931145517871444,0.0693641618497109,0.053860294117647,validation_and_sensitivity_only_not_primary_load_weight
LC_156533300,53,Yunnan,云南,怒江傈僳族,156533300,98.96172959706162,26.451221451298988,0.0122461525804107,16.172621249325935,imputed_province_power_per_urban_population,urban_population_weighted_county_centroids,city_337_urban_population_weighted_centroid,2022_city_electricity; 296_observed_41_imputed_by_province_power_per_urban_population,production_default_city_337,0.0122461525804107,,14570.818841882812,4,289359.0,552694.0,2022,county urban population field; source year follows local population shapefile metadata,4.0,5.272727272727273,500.0,2.7452129104112366,3.618689745542085,0.0231213872832369,0.0213235294117647,validation_and_sensitivity_only_not_primary_load_weight
LC_156533400,53,Yunnan,云南,迪庆,156533400,99.55968827159327,27.796886601973377,0.0050959931377971,6.729915078682831,imputed_province_power_per_urban_population,urban_population_weighted_county_centroids,city_337_urban_population_weighted_centroid,2022_city_electricity; 296_observed_41_imputed_by_province_power_per_urban_population,production_default_city_337,0.0050959931377971,,23225.93306929806,3,120411.0,387511.0,2022,county urban population field; source year follows local population shapefile metadata,4.0,6.545454545454546,500.0,1.7222128334157338,2.818166454680292,0.0231213872832369,0.0264705882352941,validation_and_sensitivity_only_not_primary_load_weight
LC_156540100,54,Tibet,西藏,拉萨,156540100,91.10880038011716,29.69719156328121,0.154586378500661,324.00473692811823,observed_2022_city_table,urban_population_weighted_county_centroids,city_337_urban_population_weighted_centroid,2022_city_electricity; 296_observed_41_imputed_by_province_power_per_urban_population,production_default_city_337,0.154586378500661,0.1612554566616297,29635.86093707236,8,588386.0,850766.0,2022,county urban population field; source year follows local population shapefile metadata,9.0,9.818181818181818,400.0,3.036861327939908,3.3129396304798995,0.2571428571428571,0.191829484902309,validation_and_sensitivity_only_not_primary_load_weight
LC_156540200,54,Tibet,西藏,日喀则,156540200,88.57168273271965,29.12621831662115,0.13935495483061,292.08049193887126,observed_2022_city_table,urban_population_weighted_county_centroids,city_337_urban_population_weighted_centroid,2022_city_electricity; 296_observed_41_imputed_by_province_power_per_urban_population,production_default_city_337,0.13935495483061,0.1455635204668558,179112.96804723586,18,184323.0,798153.0,2022,county urban population field; source year follows local population shapefile metadata,4.0,5.272727272727273,500.0,0.2233227467340676,0.294379984331271,0.1142857142857142,0.1030195381882771,validation_and_sensitivity_only_not_primary_load_weight
LC_156540300,54,Tibet,西藏,昌都,156540300,96.93314556354164,30.991907111958067,0.1574958212049829,330.1027723900023,observed_2022_city_table,urban_population_weighted_county_centroids,city_337_urban_population_weighted_centroid,2022_city_electricity; 296_observed_41_imputed_by_province_power_per_urban_population,production_default_city_337,0.1574958212049829,0.164270903003883,109840.96350670973,11,133017.0,760966.0,2022,county urban population field; source year follows local population shapefile metadata,8.0,15.727272727272728,800.0,0.728325730637943,1.431822175004138,0.2285714285714285,0.3072824156305506,validation_and_sensitivity_only_not_primary_load_weight
LC_156540400,54,Tibet,西藏,林芝,156540400,94.52384022944078,29.64875233802298,0.1409776817763985,295.48164036007006,observed_2022_city_table,urban_population_weighted_county_centroids,city_337_urban_population_weighted_centroid,2022_city_electricity; 296_observed_41_imputed_by_province_power_per_urban_population,production_default_city_337,0.1409776817763985,0.1470013338716315,114732.23939094222,7,97675.0,238936.0,2022,county urban population field; source year follows local population shapefile metadata,7.0,10.818181818181818,500.0,0.6101162181754319,0.9429068826347584,0.2,0.2113676731793961,validation_and_sensitivity_only_not_primary_load_weight
LC_156540500,54,Tibet,西藏,山南,156540500,91.71261253343464,29.053982737356,0.1153695484673493,241.80836994327717,observed_2022_city_table,urban_population_weighted_county_centroids,city_337_urban_population_weighted_centroid,2022_city_electricity; 296_observed_41_imputed_by_province_power_per_urban_population,production_default_city_337,0.1153695484673493,0.1204131083704548,78848.65022071186,12,113048.0,354035.0,2022,county urban population field; source year follows local population shapefile metadata,5.0,7.545454545454546,500.0,0.6341262641787883,0.9569541804879896,0.1428571428571428,0.147424511545293,validation_and_sensitivity_only_not_primary_load_weight
LC_156540600,54,Tibet,西藏,那曲,156540600,92.09035629731076,31.67182270450598,0.2503604907484443,524.7421262397801,observed_2022_city_table,urban_population_weighted_county_centroids,city_337_urban_population_weighted_centroid,2022_city_electricity; 296_observed_41_imputed_by_province_power_per_urban_population,production_default_city_337,0.2503604907484443,0.2614956776255447,353008.9051168621,11,116030.0,504838.0,2022,county urban population field; source year follows local population shapefile metadata,0.0,0.0,0.0,0.0,0.0,0.0,0.0,validation_and_sensitivity_only_not_primary_load_weight
LC_156542500,54,Tibet,西藏,阿里,156542500,81.66137236886036,32.15778171977278,0.0418551244715536,87.72609026118953,imputed_province_power_per_urban_population,urban_population_weighted_county_centroids,city_337_urban_population_weighted_centroid,2022_city_electricity; 296_observed_41_imputed_by_province_power_per_urban_population,production_default_city_337,0.0418551244715536,,337068.55198632827,7,53839.0,123281.0,2022,county urban population field; source year follows local population shapefile metadata,2.0,2.0,220.0,0.0593351111580745,0.0593351111580745,0.0571428571428571,0.039076376554174,validation_and_sensitivity_only_not_primary_load_weight
LC_156610100,61,Shaanxi,陕西,西安,156610100,108.94862004110531,34.25173903483638,0.0830723338545614,173.27319652261,observed_2022_city_table,urban_population_weighted_county_centroids,city_337_urban_population_weighted_centroid,2022_city_electricity; 296_observed_41_imputed_by_province_power_per_urban_population,production_default_city_337,0.0830723338545614,0.0830216034193469,10109.930744041149,13,9723308.0,12183280.0,2022,county urban population field; source year follows local population shapefile metadata,5.0,11.318181818181818,750.0,4.945632296192562,11.19511310683589,0.108695652173913,0.1189111747851002,validation_and_sensitivity_only_not_primary_load_weight
LC_156610200,61,Shaanxi,陕西,铜川,156610200,108.97702971596814,35.09265373137324,0.0678174174660817,141.45432250439936,observed_2022_city_table,urban_population_weighted_county_centroids,city_337_urban_population_weighted_centroid,2022_city_electricity; 296_observed_41_imputed_by_province_power_per_urban_population,production_default_city_337,0.0678174174660817,0.0676419029674329,3888.462489587314,4,444612.0,698322.0,2022,county urban population field; source year follows local population shapefile metadata,1.0,1.5,330.0,2.5717105480066773,3.857565822010016,0.0217391304347826,0.0157593123209169,validation_and_sensitivity_only_not_primary_load_weight
LC_156610300,61,Shaanxi,陕西,宝鸡,156610300,107.24217941477308,34.40837487157223,0.0904848758265949,188.73435888866197,observed_2022_city_table,urban_population_weighted_county_centroids,city_337_urban_population_weighted_centroid,2022_city_electricity; 296_observed_41_imputed_by_province_power_per_urban_population,production_default_city_337,0.0904848758265949,0.0903335001916016,18091.409902767857,12,1894757.0,3321853.0,2022,county urban population field; source year follows local population shapefile metadata,5.0,9.40909090909091,750.0,2.763742586604616,5.200861049337778,0.108695652173913,0.0988538681948424,validation_and_sensitivity_only_not_primary_load_weight
LC_156610400,61,Shaanxi,陕西,咸阳,156610400,108.51857398056256,34.50841253922933,0.1256795525338253,262.1438064228821,observed_2022_city_table,urban_population_weighted_county_centroids,city_337_urban_population_weighted_centroid,2022_city_electricity; 296_observed_41_imputed_by_province_power_per_urban_population,production_default_city_337,0.1256795525338253,0.1259675418484184,10364.099396223117,14,2899569.0,4983340.0,2022,county urban population field; source year follows local population shapefile metadata,2.0,4.909090909090909,750.0,1.9297383434288944,4.736630479325469,0.0434782608695652,0.0515759312320916,validation_and_sensitivity_only_not_primary_load_weight
LC_156610500,61,Shaanxi,陕西,渭南,156610500,109.78940710190152,34.895061335060184,0.0903196026527989,188.38963026729928,observed_2022_city_table,urban_population_weighted_county_centroids,city_337_urban_population_weighted_centroid,2022_city_electricity; 296_observed_41_imputed_by_province_power_per_urban_population,production_default_city_337,0.0903196026527989,0.0902416020274392,13031.641777797113,11,2311932.0,4688744.0,2022,county urban population field; source year follows local population shapefile metadata,5.0,9.40909090909091,750.0,3.8368151037721416,7.220188422553031,0.108695652173913,0.0988538681948424,validation_and_sensitivity_only_not_primary_load_weight
LC_156610600,61,Shaanxi,陕西,延安,156610600,109.41963528537596,36.53755675546563,0.0633552743488936,132.14713483575662,observed_2022_city_table,urban_population_weighted_county_centroids,city_337_urban_population_weighted_centroid,2022_city_electricity; 296_observed_41_imputed_by_province_power_per_urban_population,production_default_city_337,0.0633552743488936,0.0629669445021188,37036.46301837099,13,1400750.0,2282581.0,2022,county urban population field; source year follows local population shapefile metadata,5.0,9.40909090909091,750.0,1.3500209233046574,2.540493919309674,0.108695652173913,0.0988538681948424,validation_and_sensitivity_only_not_primary_load_weight
LC_156610700,61,Shaanxi,陕西,汉中,156610700,107.06695092067646,33.0992702975592,0.1899797437101157,396.2618592710988,observed_2022_city_table,urban_population_weighted_county_centroids,city_337_urban_population_weighted_centroid,2022_city_electricity; 296_observed_41_imputed_by_province_power_per_urban_population,production_default_city_337,0.1899797437101157,0.1906032920755346,27108.316730850955,11,1636715.0,3211462.0,2022,county urban population field; source year follows local population shapefile metadata,4.0,6.0,330.0,1.475561924303382,2.213342886455073,0.0869565217391304,0.0630372492836676,validation_and_sensitivity_only_not_primary_load_weight
LC_156610800,61,Shaanxi,陕西,榆林,156610800,109.7022191504253,38.182149473072734,0.1006989889738367,210.03906952511448,observed_2022_city_table,urban_population_weighted_county_centroids,city_337_urban_population_weighted_centroid,2022_city_electricity; 296_observed_41_imputed_by_province_power_per_urban_population,production_default_city_337,0.1006989889738367,0.1004268878489371,43025.91192813673,12,2232798.0,3624750.0,2022,county urban population field; source year follows local population shapefile metadata,15.0,37.22727272727273,1000.0,3.486271255575822,8.652291388838178,0.3260869565217391,0.3911174785100286,validation_and_sensitivity_only_not_primary_load_weight
LC_156610900,61,Shaanxi,陕西,安康,156610900,108.93076778999044,32.744731193588784,0.0360534828151694,75.20075485172329,observed_2022_city_table,urban_population_weighted_county_centroids,city_337_urban_population_weighted_centroid,2022_city_electricity; 296_observed_41_imputed_by_province_power_per_urban_population,production_default_city_337,0.0360534828151694,0.0358036515210353,23441.88157508774,10,1244784.0,2493436.0,2022,county urban population field; source year follows local population shapefile metadata,1.0,1.5,330.0,0.4265869174352985,0.6398803761529479,0.0217391304347826,0.0157593123209169,validation_and_sensitivity_only_not_primary_load_weight
LC_156611000,61,Shaanxi,陕西,商洛,156611000,109.97128862351036,33.705801091758644,0.1525387278181219,318.1669725183369,observed_2022_city_table,urban_population_weighted_county_centroids,city_337_urban_population_weighted_centroid,2022_city_electricity; 296_observed_41_imputed_by_province_power_per_urban_population,production_default_city_337,0.1525387278181219,0.1529930735981343,19551.146158080886,7,980505.0,2041231.0,2022,county urban population field; source year follows local population shapefile metadata,3.0,4.5,330.0,1.5344368947699971,2.301655342154996,0.0652173913043478,0.0472779369627507,validation_and_sensitivity_only_not_primary_load_weight
LC_156620100,62,Gansu,甘肃,兰州,156620100,103.76787878009824,36.095400803821526,0.1610106608732334,321.6545650304568,observed_2022_city_table,urban_population_weighted_county_centroids,city_337_urban_population_weighted_centroid,2022_city_electricity; 296_observed_41_imputed_by_province_power_per_urban_population,production_default_city_337,0.1610106608732334,0.1757125833486742,13200.814555054169,8,3455506.0,4071246.0,2022,county urban population field; source year follows local population shapefile metadata,21.0,35.22727272727273,750.0,15.908109240092138,26.68568108457014,0.1257485029940119,0.1239405085558931,validation_and_sensitivity_only_not_primary_load_weight
LC_156620200,62,Gansu,甘肃,嘉峪关,156620200,98.2096194910322,39.82902699964615,0.0515839263216177,103.05035265091198,observed_2022_city_table,urban_population_weighted_county_centroids,city_337_urban_population_weighted_centroid,2022_city_electricity; 296_observed_41_imputed_by_province_power_per_urban_population,production_default_city_337,0.0515839263216177,0.0562168761675009,1224.3274349443034,1,295257.0,312663.0,2022,county urban population field; source year follows local population shapefile metadata,14.0,21.0,330.0,114.34849534868816,171.52274302303226,0.0838323353293413,0.0738845354229969,validation_and_sensitivity_only_not_primary_load_weight
LC_156620300,62,Gansu,甘肃,金昌,156620300,102.10045681343956,38.53799572697217,0.0280972977407355,56.13059429923728,observed_2022_city_table,urban_population_weighted_county_centroids,city_337_urban_population_weighted_centroid,2022_city_electricity; 296_observed_41_imputed_by_province_power_per_urban_population,production_default_city_337,0.0280972977407355,0.0305496937964517,7558.246473937348,2,339011.0,438026.0,2022,county urban population field; source year follows local population shapefile metadata,8.0,13.90909090909091,750.0,10.584465626499378,18.40253682789097,0.0479041916167664,0.048936510474972,validation_and_sensitivity_only_not_primary_load_weight
LC_156620400,62,Gansu,甘肃,白银,156620400,104.52588100047946,36.58996497231034,0.2331379494348085,465.74484764451006,observed_2022_city_table,urban_population_weighted_county_centroids,city_337_urban_population_weighted_centroid,2022_city_electricity; 296_observed_41_imputed_by_province_power_per_urban_population,production_default_city_337,0.2331379494348085,0.2548541888668388,20073.5551762208,5,855268.0,1512110.0,2022,county urban population field; source year follows local population shapefile metadata,11.0,19.31818181818182,750.0,5.479846446448429,9.6236972716553,0.0658682634730539,0.0679673756596833,validation_and_sensitivity_only_not_primary_load_weight
LC_156620500,62,Gansu,甘肃,天水,156620500,105.69432892805976,34.591933016245335,0.0421228700689378,84.1497909292232,observed_2022_city_table,urban_population_weighted_county_centroids,city_337_urban_population_weighted_centroid,2022_city_electricity; 296_observed_41_imputed_by_province_power_per_urban_population,production_default_city_337,0.0421228700689378,0.0458289070039524,14286.550830466553,7,1360186.0,2984659.0,2022,county urban population field; source year follows local population shapefile metadata,5.0,9.40909090909091,750.0,3.499795058536684,6.585977973791761,0.029940119760479,0.0331041100271869,validation_and_sensitivity_only_not_primary_load_weight
LC_156620600,62,Gansu,甘肃,武威,156620600,102.87090079998312,37.89523856415129,0.0353269694585052,70.57346969071888,observed_2022_city_table,urban_population_weighted_county_centroids,city_337_urban_population_weighted_centroid,2022_city_electricity; 296_observed_41_imputed_by_province_power_per_urban_population,production_default_city_337,0.0353269694585052,0.0383292984556746,32360.570369767767,4,688697.0,1464955.0,2022,county urban population field; source year follows local population shapefile metadata,14.0,21.0,330.0,4.326252547476489,6.489378821214734,0.0838323353293413,0.0738845354229969,validation_and_sensitivity_only_not_primary_load_weight
LC_156620700,62,Gansu,甘肃,张掖,156620700,100.4866163474231,38.94145442993211,0.0557227881042831,111.31864854637796,observed_2022_city_table,urban_population_weighted_county_centroids,city_337_urban_population_weighted_centroid,2022_city_electricity; 296_observed_41_imputed_by_province_power_per_urban_population,production_default_city_337,0.0557227881042831,0.0606376546568329,36581.32760840264,6,580117.0,1131016.0,2022,county urban population field; source year follows local population shapefile metadata,12.0,19.90909090909091,750.0,3.280362082114163,5.442418908962133,0.0718562874251497,0.0700463777386854,validation_and_sensitivity_only_not_primary_load_weight
LC_156620800,62,Gansu,甘肃,平凉,156620800,106.62049825692364,35.370812778956,0.0422096365465632,84.32312624421698,observed_2022_city_table,urban_population_weighted_county_centroids,city_337_urban_population_weighted_centroid,2022_city_electricity; 296_observed_41_imputed_by_province_power_per_urban_population,production_default_city_337,0.0422096365465632,0.0459113852483702,11093.369793383235,7,827653.0,1848607.0,2022,county urban population field; source year follows local population shapefile metadata,4.0,7.909090909090909,750.0,3.6057573798593134,7.12956572835819,0.0239520958083832,0.0278266432112585,validation_and_sensitivity_only_not_primary_load_weight
LC_156620900,62,Gansu,甘肃,酒泉,156620900,97.42984765520318,39.9924204135978,0.0357651238783233,71.44878048416818,observed_2022_city_table,urban_population_weighted_county_centroids,city_337_urban_population_weighted_centroid,2022_city_electricity; 296_observed_41_imputed_by_province_power_per_urban_population,production_default_city_337,0.0357651238783233,0.0387296506645461,167650.06700777228,7,677750.0,1055706.0,2022,county urban population field; source year follows local population shapefile metadata,63.0,112.13636363636364,800.0,3.757827308060624,6.688715706338786,0.3772455089820359,0.394530625299856,validation_and_sensitivity_only_not_primary_load_weight
LC_156621000,62,Gansu,甘肃,庆阳,156621000,107.69877897628952,35.86326467025169,0.0311467964223684,62.22264538878491,observed_2022_city_table,urban_population_weighted_county_centroids,city_337_urban_population_weighted_centroid,2022_city_electricity; 296_observed_41_imputed_by_province_power_per_urban_population,production_default_city_337,0.0311467964223684,0.0339561989279749,27113.830214952373,8,913075.0,2179716.0,2022,county urban population field; source year follows local population shapefile metadata,2.0,3.0,330.0,0.7376309374752471,1.1064464062128707,0.0119760479041916,0.0105549336318567,validation_and_sensitivity_only_not_primary_load_weight
LC_156621100,62,Gansu,甘肃,定西,156621100,104.43394897410906,35.21788708709927,0.0424202816356931,84.74393660641545,observed_2022_city_table,urban_population_weighted_county_centroids,city_337_urban_population_weighted_centroid,2022_city_electricity; 296_observed_41_imputed_by_province_power_per_urban_population,production_default_city_337,0.0424202816356931,0.0460211737013508,19618.735312306893,7,969084.0,2524097.0,2022,county urban population field; source year follows local population shapefile metadata,7.0,12.40909090909091,750.0,3.568017962711836,6.325122752080073,0.0419161676646706,0.0436590436590436,validation_and_sensitivity_only_not_primary_load_weight
LC_156621200,62,Gansu,甘肃,陇南,156621200,105.26917669462232,33.64155360685646,0.1586818885736552,317.00232500477586,observed_2022_city_table,urban_population_weighted_county_centroids,city_337_urban_population_weighted_centroid,2022_city_electricity; 296_observed_41_imputed_by_province_power_per_urban_population,production_default_city_337,0.1586818885736552,0.1732523891618314,27952.00302584301,9,870878.0,2407272.0,2022,county urban population field; source year follows local population shapefile metadata,4.0,6.0,330.0,1.4310244587129597,2.1465366880694394,0.0239520958083832,0.0211098672637134,validation_and_sensitivity_only_not_primary_load_weight
LC_156622900,62,Gansu,甘肃,临夏,156622900,103.2781175162732,35.58786393749311,0.0601049371920998,120.07296488230092,imputed_province_power_per_urban_population,urban_population_weighted_county_centroids,city_337_urban_population_weighted_centroid,2022_city_electricity; 296_observed_41_imputed_by_province_power_per_urban_population,production_default_city_337,0.0601049371920998,,7354.17482479074,8,775371.0,2109750.0,2022,county urban population field; source year follows local population shapefile metadata,1.0,1.5,330.0,1.3597718626827104,2.0396577940240657,0.0059880239520958,0.0052774668159283,validation_and_sensitivity_only_not_primary_load_weight
LC_156623000,62,Gansu,甘肃,甘南,156623000,103.16168478557633,34.495914803785034,0.0226688737491752,45.286111403903,imputed_province_power_per_urban_population,urban_population_weighted_county_centroids,city_337_urban_population_weighted_centroid,2022_city_electricity; 296_observed_41_imputed_by_province_power_per_urban_population,production_default_city_337,0.0226688737491752,,36580.20435231752,8,292435.0,691808.0,2022,county urban population field; source year follows local population shapefile metadata,1.0,1.5,330.0,0.2733719009245079,0.4100578513867619,0.0059880239520958,0.0052774668159283,validation_and_sensitivity_only_not_primary_load_weight
LC_156630100,63,Qinghai,青海,西宁,156630100,101.6856289523742,36.663873299749184,0.3938602765116492,120.28973433189532,observed_2022_city_table,urban_population_weighted_county_centroids,city_337_urban_population_weighted_centroid,2022_city_electricity; 296_observed_41_imputed_by_province_power_per_urban_population,production_default_city_337,0.3938602765116492,0.5656354487435484,7609.703765257455,7,1940616.0,2467965.0,2022,county urban population field; source year follows local population shapefile metadata,17.0,33.13636363636364,750.0,22.339897221248595,43.54487987778136,0.1868131868131868,0.1980978260869565,validation_and_sensitivity_only_not_primary_load_weight
LC_156630200,63,Qinghai,青海,海东,156630200,102.3746804476092,36.3709437425723,0.3055553211669241,93.32032347207054,observed_2022_city_table,urban_population_weighted_county_centroids,city_337_urban_population_weighted_centroid,2022_city_electricity; 296_observed_41_imputed_by_province_power_per_urban_population,production_default_city_337,0.3055553211669241,0.4343645512564515,12964.399425465645,6,548858.0,1358471.0,2022,county urban population field; source year follows local population shapefile metadata,10.0,18.81818181818182,750.0,7.713430967235745,14.51527463834363,0.1098901098901098,0.1125,validation_and_sensitivity_only_not_primary_load_weight
LC_156632200,63,Qinghai,青海,海北,156632200,100.85138932832665,37.55523486335054,0.0345559022780199,10.55379420701497,imputed_province_power_per_urban_population,urban_population_weighted_county_centroids,city_337_urban_population_weighted_centroid,2022_city_electricity; 296_observed_41_imputed_by_province_power_per_urban_population,production_default_city_337,0.0345559022780199,,34357.99919094369,4,122997.0,265322.0,2022,county urban population field; source year follows local population shapefile metadata,3.0,4.5,330.0,0.8731591101471241,1.3097386652206862,0.0329670329670329,0.0269021739130434,validation_and_sensitivity_only_not_primary_load_weight
LC_156632300,63,Qinghai,青海,黄南,156632300,101.8203013503398,35.323990684291815,0.0322557716085715,9.851306234358471,imputed_province_power_per_urban_population,urban_population_weighted_county_centroids,city_337_urban_population_weighted_centroid,2022_city_electricity; 296_observed_41_imputed_by_province_power_per_urban_population,production_default_city_337,0.0322557716085715,,18070.364014788112,4,114810.0,276215.0,2022,county urban population field; source year follows local population shapefile metadata,1.0,1.5,330.0,0.5533922831779355,0.8300884247669034,0.0109890109890109,0.0089673913043478,validation_and_sensitivity_only_not_primary_load_weight
LC_156632500,63,Qinghai,青海,海南,156632500,100.4931646031097,35.975918047108564,0.0513313758669739,15.677228535501552,imputed_province_power_per_urban_population,urban_population_weighted_county_centroids,city_337_urban_population_weighted_centroid,2022_city_electricity; 296_observed_41_imputed_by_province_power_per_urban_population,production_default_city_337,0.0513313758669739,,43612.57470246699,5,182707.0,446996.0,2022,county urban population field; source year follows local population shapefile metadata,17.0,33.36363636363637,800.0,3.8979583562715865,7.650003832896644,0.1868131868131868,0.1994565217391304,validation_and_sensitivity_only_not_primary_load_weight
LC_156632600,63,Qinghai,青海,果洛,156632600,99.73284817598056,34.054162685749624,0.0212487459132434,6.489626279217837,imputed_province_power_per_urban_population,urban_population_weighted_county_centroids,city_337_urban_population_weighted_centroid,2022_city_electricity; 296_observed_41_imputed_by_province_power_per_urban_population,production_default_city_337,0.0212487459132434,,74274.28620536732,6,75632.0,215573.0,2022,county urban population field; source year follows local population shapefile metadata,2.0,3.0,330.0,0.2692721939420635,0.4039082909130952,0.0219780219780219,0.0179347826086956,validation_and_sensitivity_only_not_primary_load_weight
LC_156632700,63,Qinghai,青海,玉树,156632700,95.63413884680858,33.32028261357349,0.0604728992238217,18.46916131360064,imputed_province_power_per_urban_population,urban_population_weighted_county_centroids,city_337_urban_population_weighted_centroid,2022_city_electricity; 296_observed_41_imputed_by_province_power_per_urban_population,production_default_city_337,0.0604728992238217,,204903.0303402708,6,215245.0,425199.0,2022,county urban population field; source year follows local population shapefile metadata,1.0,1.5,330.0,0.0488035730042331,0.0732053595063496,0.0109890109890109,0.0089673913043478,validation_and_sensitivity_only_not_primary_load_weight
LC_156632800,63,Qinghai,青海,海西蒙古族,156632800,94.41413463262194,36.36452147289352,0.1007197074307958,30.76102763178332,imputed_province_power_per_urban_population,urban_population_weighted_county_centroids,city_337_urban_population_weighted_centroid,2022_city_electricity; 296_observed_41_imputed_by_province_power_per_urban_population,production_default_city_337,0.1007197074307958,,301007.461634615,7,358498.0,468216.0,2022,county urban population field; source year follows local population shapefile metadata,40.0,71.45454545454545,750.0,1.3288707124660897,2.37384631817806,0.4395604395604395,0.4271739130434782,validation_and_sensitivity_only_not_primary_load_weight
LC_156640100,64,Ningxia,宁夏,银川,156640100,106.28216810766922,38.44170098233463,0.2464824115753555,281.3309900411828,observed_2022_city_table,urban_population_weighted_county_centroids,city_337_urban_population_weighted_centroid,2022_city_electricity; 296_observed_41_imputed_by_province_power_per_urban_population,production_default_city_337,0.2464824115753555,0.2467492843697838,6960.554311539044,6,2293656.0,2859074.0,2022,county urban population field; source year follows local population shapefile metadata,44.0,75.81818181818181,800.0,63.21335633723572,108.9254941844103,0.360655737704918,0.3918252290345313,validation_and_sensitivity_only_not_primary_load_weight
LC_156640200,64,Ningxia,宁夏,石嘴山,156640200,106.4651609385884,39.05089277504717,0.117708739906734,134.35082902188134,observed_2022_city_table,urban_population_weighted_county_centroids,city_337_urban_population_weighted_centroid,2022_city_electricity; 296_observed_41_imputed_by_province_power_per_urban_population,production_default_city_337,0.117708739906734,0.1172551644023539,4075.1573916456896,3,585502.0,751389.0,2022,county urban population field; source year follows local population shapefile metadata,24.0,28.81818181818182,750.0,58.89343083828222,70.71673324142222,0.1967213114754098,0.1489311721869861,validation_and_sensitivity_only_not_primary_load_weight
LC_156640300,64,Ningxia,宁夏,吴忠,156640300,106.28561644369572,37.60587637240463,0.0579455450147944,66.13809660209436,observed_2022_city_table,urban_population_weighted_county_centroids,city_337_urban_population_weighted_centroid,2022_city_electricity; 296_observed_41_imputed_by_province_power_per_urban_population,production_default_city_337,0.0579455450147944,0.0571793510255001,16637.32610669125,5,771119.0,1382713.0,2022,county urban population field; source year follows local population shapefile metadata,30.0,45.72727272727273,750.0,18.03174368742734,27.48474871144228,0.2459016393442623,0.236316654921306,validation_and_sensitivity_only_not_primary_load_weight
LC_156640400,64,Ningxia,宁夏,固原,156640400,106.18780838905673,35.98634088545654,0.2004072067908806,228.74150547910224,observed_2022_city_table,urban_population_weighted_county_centroids,city_337_urban_population_weighted_centroid,2022_city_electricity; 296_observed_41_imputed_by_province_power_per_urban_population,production_default_city_337,0.2004072067908806,0.2004288776365514,10550.96876344258,5,497906.0,1142142.0,2022,county urban population field; source year follows local population shapefile metadata,4.0,7.909090909090909,750.0,3.79112107113743,7.496080299749011,0.0327868852459016,0.0408738548273432,validation_and_sensitivity_only_not_primary_load_weight
LC_156640500,64,Ningxia,宁夏,中卫,156640500,105.44362049481128,37.12480440663108,0.3774560967122352,430.8222104223804,observed_2022_city_table,urban_population_weighted_county_centroids,city_337_urban_population_weighted_centroid,2022_city_electricity; 296_observed_41_imputed_by_province_power_per_urban_population,production_default_city_337,0.3774560967122352,0.3783873225658105,13759.15407770486,3,530471.0,1067336.0,2022,county urban population field; source year follows local population shapefile metadata,20.0,35.22727272727273,750.0,14.535777335619578,25.60278962523903,0.1639344262295081,0.1820530890298332,validation_and_sensitivity_only_not_primary_load_weight
LC_156650100,65,Xinjiang,新疆,乌鲁木齐,156650100,87.57214172186931,43.894343963893554,0.085859918662474,125.86243990599208,observed_2022_city_table,urban_population_weighted_county_centroids,city_337_urban_population_weighted_centroid,2022_city_electricity; 296_observed_41_imputed_by_province_power_per_urban_population,production_default_city_337,0.085859918662474,0.2219979927645961,13787.36084397472,8,3882487.0,4054369.0,2022,county urban population field; source year follows local population shapefile metadata,40.0,52.04545454545455,750.0,29.01207885443906,37.74867078219628,0.0954653937947494,0.0973639455782313,validation_and_sensitivity_only_not_primary_load_weight
LC_156650200,65,Xinjiang,新疆,克拉玛依,156650200,84.98754229532302,45.143166265193145,0.1660657762348505,243.4365662977968,observed_2022_city_table,urban_population_weighted_county_centroids,city_337_urban_population_weighted_centroid,2022_city_electricity; 296_observed_41_imputed_by_province_power_per_urban_population,production_default_city_337,0.1660657762348505,0.4315302644517778,7328.213407572553,4,481249.0,490348.0,2022,county urban population field; source year follows local population shapefile metadata,14.0,14.0,220.0,19.104247135506736,19.104247135506736,0.0334128878281622,0.0261904761904761,validation_and_sensitivity_only_not_primary_load_weight
LC_156650400,65,Xinjiang,新疆,吐鲁番,156650400,89.42070937677877,42.48822410019514,0.1061330266614427,155.58087986001337,observed_2022_city_table,urban_population_weighted_county_centroids,city_337_urban_population_weighted_centroid,2022_city_electricity; 296_observed_41_imputed_by_province_power_per_urban_population,production_default_city_337,0.1061330266614427,0.2754446689093122,69739.10888750976,3,333295.0,693988.0,2022,county urban population field; source year follows local population shapefile metadata,29.0,33.81818181818182,750.0,4.158355399518718,4.849242033294555,0.0692124105011933,0.0632653061224489,validation_and_sensitivity_only_not_primary_load_weight
LC_156650500,65,Xinjiang,新疆,哈密,156650500,93.5552841951228,42.51474196808266,0.0274452073837976,40.23205261386384,observed_2022_city_table,urban_population_weighted_county_centroids,city_337_urban_population_weighted_centroid,2022_city_electricity; 296_observed_41_imputed_by_province_power_per_urban_population,production_default_city_337,0.0274452073837976,0.0710270738743137,134816.6402656821,3,481690.0,673383.0,2022,county urban population field; source year follows local population shapefile metadata,65.0,85.0,800.0,4.821363288085581,6.304859684419606,0.1551312649164677,0.1590136054421768,validation_and_sensitivity_only_not_primary_load_weight
LC_156652300,65,Xinjiang,新疆,昌吉,156652300,89.78869388317054,44.3445017434002,0.0794330501636191,116.44126454475352,imputed_province_power_per_urban_population,urban_population_weighted_county_centroids_snapped_to_inside_label_point,city_337_urban_population_weighted_centroid,2022_city_electricity; 296_observed_41_imputed_by_province_power_per_urban_population,production_default_city_337,0.0794330501636191,,73554.78189870976,7,1067075.0,1613585.0,2022,county urban population field; source year follows local population shapefile metadata,87.0,127.13636363636364,1100.0,11.827918967906845,17.284581689255717,0.2076372315035799,0.2378401360544218,validation_and_sensitivity_only_not_primary_load_weight
LC_156652700,65,Xinjiang,新疆,博尔塔拉,156652700,82.0205620193954,44.75747825150092,0.0211929901352127,31.066899303822865,imputed_province_power_per_urban_population,urban_population_weighted_county_centroids,city_337_urban_population_weighted_centroid,2022_city_electricity; 296_observed_41_imputed_by_province_power_per_urban_population,production_default_city_337,0.0211929901352127,,24157.235661664905,4,284699.0,433467.0,2022,county urban population field; source year follows local population shapefile metadata,6.0,8.40909090909091,750.0,2.4837278917311694,3.4809822725020187,0.0143198090692124,0.0157312925170068,validation_and_sensitivity_only_not_primary_load_weight
LC_156652800,65,Xinjiang,新疆,巴音郭楞,156652800,85.90416773274653,41.57938781075088,0.0641269975970772,94.00405342966413,imputed_province_power_per_urban_population,urban_population_weighted_county_centroids,city_337_urban_population_weighted_centroid,2022_city_electricity; 296_observed_41_imputed_by_province_power_per_urban_population,production_default_city_337,0.0641269975970772,,469428.6849170076,9,861459.0,1509233.0,2022,county urban population field; source year follows local population shapefile metadata,39.0,48.63636363636364,750.0,0.8307971211195793,1.0360756638670745,0.0930787589498806,0.0909863945578231,validation_and_sensitivity_only_not_primary_load_weight
LC_156652900,65,Xinjiang,新疆,阿克苏,156652900,81.70357142565436,40.9283238578648,0.0884514547062449,129.66138421731347,imputed_province_power_per_urban_population,urban_population_weighted_county_centroids,city_337_urban_population_weighted_centroid,2022_city_electricity; 296_observed_41_imputed_by_province_power_per_urban_population,production_default_city_337,0.0884514547062449,,127756.28149153,9,1188225.0,2714422.0,2022,county urban population field; source year follows local population shapefile metadata,24.0,28.81818181818182,750.0,1.8785769059497208,2.255715451462354,0.0572792362768496,0.0539115646258503,validation_and_sensitivity_only_not_primary_load_weight
LC_156653000,65,Xinjiang,新疆,克孜勒苏柯尔克孜,156653000,76.26459945542751,39.70662904063905,0.0146139095583922,21.42259557472241,imputed_province_power_per_urban_population,urban_population_weighted_county_centroids,city_337_urban_population_weighted_centroid,2022_city_electricity; 296_observed_41_imputed_by_province_power_per_urban_population,production_default_city_337,0.0146139095583922,,69760.92081907068,4,196318.0,622222.0,2022,county urban population field; source year follows local population shapefile metadata,8.0,8.0,220.0,1.1467738536233631,1.1467738536233631,0.0190930787589498,0.0149659863945578,validation_and_sensitivity_only_not_primary_load_weight
LC_156653100,65,Xinjiang,新疆,喀什,156653100,76.8679921037449,38.86051270397194,0.105588954296825,154.7833217401948,imputed_province_power_per_urban_population,urban_population_weighted_county_centroids,city_337_urban_population_weighted_centroid,2022_city_electricity; 296_observed_41_imputed_by_province_power_per_urban_population,production_default_city_337,0.105588954296825,,110343.7221332209,12,1418444.0,4496377.0,2022,county urban population field; source year follows local population shapefile metadata,21.0,28.227272727272727,750.0,1.9031440660163832,2.558122218606437,0.0501193317422434,0.0528061224489795,validation_and_sensitivity_only_not_primary_load_weight
LC_156653200,65,Xinjiang,新疆,和田,156653200,80.27294795455056,37.36208018342041,0.0491213848219842,72.00725835253137,imputed_province_power_per_urban_population,urban_population_weighted_county_centroids,city_337_urban_population_weighted_centroid,2022_city_electricity; 296_observed_41_imputed_by_province_power_per_urban_population,production_default_city_337,0.0491213848219842,,247387.0242300333,8,659879.0,2441231.0,2022,county urban population field; source year follows local population shapefile metadata,19.0,23.81818181818182,750.0,0.7680273473976879,0.9627902632449484,0.0453460620525059,0.0445578231292517,validation_and_sensitivity_only_not_primary_load_weight
LC_156654000,65,Xinjiang,新疆,伊犁,156654000,82.169835363214,43.90164711590437,0.1180162636485718,173.0005702636438,imputed_province_power_per_urban_population,urban_population_weighted_county_centroids,city_337_urban_population_weighted_centroid,2022_city_electricity; 296_observed_41_imputed_by_province_power_per_urban_population,production_default_city_337,0.1180162636485718,,55234.06578044925,11,1585388.0,2778869.0,2022,county urban population field; source year follows local population shapefile metadata,29.0,31.40909090909091,750.0,5.250383000098627,5.686543343367008,0.0692124105011933,0.0587585034013605,validation_and_sensitivity_only_not_primary_load_weight
LC_156654200,65,Xinjiang,新疆,塔城,156654200,84.37645910745299,45.48529665418997,0.0487675715591604,71.4886019034709,imputed_province_power_per_urban_population,urban_population_weighted_county_centroids,city_337_urban_population_weighted_centroid,2022_city_electricity; 296_observed_41_imputed_by_province_power_per_urban_population,production_default_city_337,0.0487675715591604,,94663.58919632614,7,655126.0,1108747.0,2022,county urban population field; source year follows local population shapefile metadata,23.0,27.81818181818182,750.0,2.429656449249932,2.938635863519681,0.0548926014319809,0.0520408163265306,validation_and_sensitivity_only_not_primary_load_weight
LC_156654300,65,Xinjiang,新疆,阿勒泰,156654300,88.01302807270604,47.4756611458433,0.0251834945703472,36.91659765534512,imputed_province_power_per_urban_population,urban_population_weighted_county_centroids,city_337_urban_population_weighted_centroid,2022_city_electricity; 296_observed_41_imputed_by_province_power_per_urban_population,production_default_city_337,0.0251834945703472,,116871.89710175766,7,338306.0,648173.0,2022,county urban population field; source year follows local population shapefile metadata,15.0,17.40909090909091,750.0,1.283456534203415,1.489587432120933,0.035799522673031,0.0325680272108843,validation_and_sensitivity_only_not_primary_load_weight
