case,iteration,primal,dual,pinf,dinf,compl,seconds,delta_seconds
base2030_t48,0,3289851720000.0,-24281127000000.0,164000000000.0,97.8,8730000000.0,21907,
base2030_t48,1,3165499860000.0,-24502926100000.0,158000000000.0,6610.0,8410000000.0,22531,624
base2030_t48,2,3008434020000.0,-25134305000000.0,149000000000.0,6710.0,8000000000.0,23241,710
base2030_t48,3,2904305160000.0,-26271356900000.0,144000000000.0,6510.0,7690000000.0,24365,1124
base2030_t48,4,2839701570000.0,-27437876500000.0,141000000000.0,5920.0,7500000000.0,25420,1055
base2030_t48,5,2634154010000.0,-30164161400000.0,130000000000.0,5610.0,6890000000.0,26517,1097
base2030_t48,6,2292819250000.0,-32641952000000.0,112000000000.0,4990.0,6010000000.0,27657,1140
base2030_t48,7,2017107480000.0,-35868406500000.0,96500000000.0,4270.0,5200000000.0,28855,1198
base2030_t48,8,1817674980000.0,-39417211300000.0,85400000000.0,3450.0,4510000000.0,30056,1201
base2030_t48,9,1609361670000.0,-41439738800000.0,73300000000.0,3180.0,3940000000.0,31204,1148
base2030_t48,10,1445167530000.0,-45137577300000.0,63600000000.0,2450.0,3300000000.0,32405,1201
base2030_t48,11,1307626780000.0,-49019972200000.0,55400000000.0,1870.0,2790000000.0,33590,1185
base2030_t48,12,1205820290000.0,-52458801700000.0,49300000000.0,1450.0,2400000000.0,34688,1098
base2030_t48,13,1099595530000.0,-54179373800000.0,42900000000.0,1280.0,2100000000.0,35833,1145
base2030_t48,14,1033312750000.0,-56091412400000.0,38900000000.0,1110.0,1880000000.0,37020,1187
base2030_t48,15,988274148000.0,-57506632100000.0,36200000000.0,990.0,1740000000.0,38076,1056
base2030_t48,16,924207725000.0,-59277448500000.0,32400000000.0,853.0,1550000000.0,39264,1188
base2030_t48,17,867574744000.0,-60247162800000.0,29100000000.0,785.0,1400000000.0,40361,1097
base2030_t48,18,829333454000.0,-61458072500000.0,27000000000.0,704.0,1290000000.0,41548,1187
base2030_t48,19,778874567000.0,-63163659000000.0,24200000000.0,592.0,1150000000.0,42733,1185
base2030_t48,20,714297104000.0,-64346730900000.0,20700000000.0,520.0,989000000.0,43920,1187
base2030_t48,21,668820976000.0,-65168555100000.0,18300000000.0,471.0,879000000.0,45062,1142
base2030_t48,22,634172459000.0,-65827299300000.0,16500000000.0,435.0,798000000.0,46205,1143
base2030_t48,23,611830721000.0,-66428201200000.0,15400000000.0,403.0,744000000.0,47392,1187
base2030_t48,24,578068012000.0,-67087387800000.0,13800000000.0,370.0,669000000.0,48538,1146
base2030_t48,25,544166889000.0,-67793855600000.0,12200000000.0,336.0,595000000.0,49724,1186
base2030_t48,26,514037222000.0,-68567109700000.0,10800000000.0,293.0,528000000.0,50910,1186
base2030_t48,27,480719680000.0,-68829518000000.0,9310000000.0,278.0,464000000.0,52008,1098
base2030_t48,28,459836897000.0,-69095593900000.0,8410000000.0,263.0,422000000.0,53193,1185
base2030_t48,29,449852179000.0,-69316248000000.0,7970000000.0,244.0,399000000.0,54298,1105
base2030_t48,30,434483992000.0,-69507584300000.0,7310000000.0,231.0,369000000.0,55395,1097
base2030_t48,31,421280221000.0,-69663780800000.0,6760000000.0,214.0,341000000.0,56545,1150
base2030_t48,32,413483268000.0,-69886946000000.0,6450000000.0,189.0,320000000.0,57688,1143
base2030_t48,33,405701162000.0,-69959804100000.0,6150000000.0,181.0,306000000.0,58872,1184
base2030_t48,34,391084244000.0,-70029972700000.0,5580000000.0,174.0,280000000.0,60054,1182
base2030_t48,35,371717931000.0,-70261473700000.0,4890000000.0,163.0,249000000.0,61239,1185
base2030_t48,36,349512488000.0,-70738269600000.0,4110000000.0,134.0,209000000.0,62424,1185
base2030_t48,37,317232183000.0,-71065086500000.0,3030000000.0,96.7,154000000.0,63624,1200
base2030_t48,38,280820130000.0,-70782977300000.0,1840000000.0,70.8,97900000.0,64849,1225
base2030_t48,39,264286993000.0,-67595999000000.0,1240000000.0,32.8,62900000.0,66034,1185
base2030_t48,40,246465497000.0,-60550924800000.0,518000000.0,18.4,28500000.0,67210,1176
base2030_t48,41,243113800000.0,-52608393000000.0,223000000.0,10.9,13500000.0,68372,1162
base2030_t48,42,242847325000.0,-33242429700000.0,112000000.0,4.43,6630000.0,69515,1143
base2030_t48,43,244710155000.0,-15781848900000.0,61300000.0,1.54,3400000.0,70613,1098
base2030_t48,44,246341775000.0,-8765522030000.0,47000000.0,0.91,2520000.0,71649,1036
base2030_t48,45,242864883000.0,-8000890020000.0,22400000.0,0.808,1380000.0,72684,1035
base2030_t48,46,236384813000.0,-6778359350000.0,12600000.0,0.513,813000.0,73717,1033
base2030_t48,47,231197576000.0,-5699804070000.0,9510000.0,0.34,595000.0,74746,1029
base2030_t48,48,229232681000.0,-4883712950000.0,8840000.0,0.244,517000.0,75771,1025
base2030_t48,49,224348861000.0,-4381339580000.0,7710000.0,0.194,441000.0,76794,1023
base2030_t48,50,218526758000.0,-3948743650000.0,6700000.0,0.153,375000.0,77819,1025
base2030_t48,51,212333442000.0,-3589920070000.0,5840000.0,0.123,322000.0,78844,1025
base2030_t48,52,208111201000.0,-3286317840000.0,5380000.0,0.102,289000.0,79867,1023
base2030_t48,53,202306820000.0,-3043191280000.0,4840000.0,0.0864,257000.0,80894,1027
base2030_t48,54,194178945000.0,-2687278230000.0,4250000.0,0.0679,220000.0,81918,1024
base2030_t48,55,177570726000.0,-2414972200000.0,3220000.0,0.0543,171000.0,82930,1012
base2030_t48,56,164290905000.0,-2050199200000.0,2660000.0,0.0392,137000.0,83985,1055
base2030_t48,57,155006604000.0,-1661158510000.0,2350000.0,0.0257,113000.0,85084,1099
base2030_t48,58,134141620000.0,-1323683370000.0,1760000.0,0.0164,82300.0,86224,1140
base2030_t48,59,113217791000.0,-996991108000.0,1300000.0,0.00903,58200.0,87411,1187
base2030_t48,60,92600333900.0,-782745395000.0,935000.0,0.00575,41200.0,88599,1188
base2030_t48,61,72873330000.0,-564152660000.0,634000.0,0.00312,27000.0,89742,1143
base2030_t48,62,61641298200.0,-505307097000.0,498000.0,0.00258,21800.0,90844,1102
base2030_t48,63,55214838800.0,-401959369000.0,422000.0,0.00172,17500.0,91897,1053
base2030_t48,64,46089632400.0,-350073645000.0,322000.0,0.00136,13700.0,92909,1012
base2030_t48,65,37827744200.0,-294985198000.0,244000.0,0.001,10500.0,93921,1012
base2030_t48,66,31106558300.0,-236423493000.0,186000.0,0.000664,7960.0,94967,1046
base2030_t48,67,26302093000.0,-209614680000.0,148000.0,0.000531,6530.0,96051,1084
base2030_t48,68,22195958600.0,-184118228000.0,118000.0,0.000409,5360.0,97121,1070
base2030_t48,69,16427009700.0,-155478296000.0,78300.0,0.000283,3940.0,98264,1143
base2030_t48,70,13405003600.0,-135599303000.0,59500.0,0.000204,3180.0,99401,1137
base2030_t48,71,10242119800.0,-109700484000.0,40800.0,0.000107,2360.0,100541,1140
base2030_t48,72,8066616320.0,-94916237300.0,29500.0,5.62e-05,1890.0,101686,1145
base2030_t48,73,6330711400.0,-76131502800.0,21000.0,5.13e-06,1440.0,102827,1141
base2030_t48,74,4736940110.0,-62490382000.0,14100.0,6.93e-07,1100.0,103935,1108
base2030_t48,75,3898287210.0,-52123120000.0,10900.0,5.68e-07,892.0,105039,1104
base2030_t48,76,3021473620.0,-41073584900.0,7590.0,4.37e-07,677.0,106105,1066
base2030_t48,77,2668149670.0,-34463736000.0,6480.0,6.55e-07,565.0,107211,1106
base2030_t48,78,2027267350.0,-28289547700.0,4560.0,2.93e-07,447.0,108354,1143
base2030_t48,79,1823091180.0,-24984681100.0,3990.0,3.83e-07,392.0,109422,1068
base2030_t48,80,1446115870.0,-21101800900.0,2960.0,8.41e-07,323.0,110563,1141
base2030_t48,81,1239982200.0,-18264090500.0,2420.0,2.3e-07,276.0,111641,1078
base2030_t48,82,1199541110.0,-15506560400.0,2320.0,6.48e-07,237.0,112673,1032
base2030_t48,83,1010328460.0,-14089186500.0,1840.0,1.56e-07,212.0,113829,1156
base2030_t48,84,908338112.0,-11636034200.0,1600.0,1.19e-07,175.0,114969,1140
base2030_t48,85,781061079.0,-10694331100.0,1300.0,1.93e-07,158.0,116112,1143
base2030_t48,86,750924063.0,-9761224550.0,1230.0,1.58e-07,145.0,117146,1034
base2030_t48,87,680009553.0,-8947667990.0,1070.0,2.68e-07,132.0,118261,1115
base2030_t48,88,653533335.0,-8239935060.0,1010.0,1.87e-07,122.0,119292,1031
base2030_t48,89,620439900.0,-7478695220.0,934.0,9.62e-08,111.0,120326,1034
base2030_t48,90,593531767.0,-7050367700.0,875.0,7.76e-08,104.0,121360,1034
base2030_t48,91,572778137.0,-6544699360.0,830.0,8.32e-08,97.1,122465,1105
base2030_t48,92,552785662.0,-6075154840.0,788.0,1.07e-07,90.3,123498,1033
base2030_t48,93,516597080.0,-5618057920.0,711.0,1.37e-07,83.3,124640,1142
base2030_t48,94,479439754.0,-5280042480.0,633.0,1.37e-07,78.0,125780,1140
base2030_t48,95,468760099.0,-4927124890.0,612.0,2.19e-07,73.0,126819,1039
base2030_t48,96,428664107.0,-4652236000.0,530.0,7.2e-08,68.5,127960,1141
base2030_t48,97,421213054.0,-4429599000.0,516.0,2.06e-07,65.3,128993,1033
base2030_t48,98,397983246.0,-4171622350.0,470.0,4.12e-08,61.4,130133,1140
base2030_t48,99,379256770.0,-3872643490.0,434.0,7.94e-08,57.1,131202,1069
base2030_t48,100,352054587.0,-3707624580.0,382.0,1.04e-07,54.3,132308,1106
base2030_t48,101,336981804.0,-3481157520.0,354.0,1.6e-07,51.0,133457,1149
base2030_t48,102,325796272.0,-3241306700.0,334.0,1.11e-07,47.6,134608,1151
base2030_t48,103,313316174.0,-3036460770.0,313.0,3.01e-08,44.7,135764,1156
base2030_t48,104,306643515.0,-2901893200.0,302.0,2.71e-08,42.8,136917,1153
base2030_t48,105,297339564.0,-2781468590.0,287.0,8.13e-08,41.0,138074,1157
base2030_t48,106,292312546.0,-2723139460.0,279.0,5.15e-08,40.1,139159,1085
base2030_t48,107,288852720.0,-2652127050.0,273.0,1.19e-07,39.1,140261,1102
base2030_t48,108,284598260.0,-2534611640.0,267.0,6.08e-08,37.5,141417,1156
base2030_t48,109,277826614.0,-2419129550.0,257.0,9.81e-08,35.9,142539,1122
base2030_t48,110,273837634.0,-2303617420.0,251.0,3.84e-08,34.3,143678,1139
base2030_t48,111,266076502.0,-2163121380.0,240.0,5.89e-08,32.3,144837,1159
base2030_t48,112,259339174.0,-1975877900.0,230.0,2.22e-08,29.7,145994,1157
base2030_t48,113,249839306.0,-1782619130.0,216.0,3.94e-08,27.0,147152,1158
base2030_t48,114,239044878.0,-1655457400.0,201.0,4.59e-08,25.1,148301,1149
base2030_t48,115,229743021.0,-1534819470.0,189.0,2.91e-08,23.4,149420,1119
base2030_t48,116,218156264.0,-1387819800.0,173.0,2.35e-08,21.3,150578,1158
base2030_t48,117,209125683.0,-1274541570.0,161.0,1.04e-07,19.6,151728,1150
base2030_t48,118,198228092.0,-1145922080.0,147.0,2.66e-08,17.8,152878,1150
base2030_t48,119,186984660.0,-1052527480.0,134.0,1.19e-08,16.4,154033,1155
base2030_t48,120,177603044.0,-970175535.0,123.0,5.52e-08,15.2,155193,1160
base2030_t48,121,169727320.0,-871326809.0,114.0,2.63e-08,13.7,156383,1190
base2030_t48,122,160732286.0,-807276396.0,105.0,9.99e-08,12.8,157502,1119
base2030_t48,123,153623334.0,-734695393.0,98.4,9.34e-09,11.7,158623,1121
base2030_t48,124,145664962.0,-669687853.0,91.3,1.1e-08,10.7,159782,1159
base2030_t48,125,138864521.0,-638979421.0,85.3,2.91e-08,10.2,160901,1119
base2030_t48,126,133096881.0,-574431397.0,80.5,3.29e-08,9.31,162081,1180
base2030_t48,127,128176416.0,-541980424.0,76.5,2.26e-08,8.81,163204,1123
base2030_t48,128,125017034.0,-522278320.0,74.0,1.8e-08,8.51,164327,1123
base2030_t48,129,121214048.0,-495035386.0,71.0,1.52e-08,8.1,165484,1157
base2030_t48,130,116414350.0,-465717265.0,67.2,1.05e-08,7.65,166606,1122
base2030_t48,131,110679578.0,-436707546.0,62.9,1.98e-08,7.19,167747,1141
base2030_t48,132,107578684.0,-421926819.0,60.5,1.31e-08,6.95,168816,1069
base2030_t48,133,105857614.0,-416703208.0,59.2,4.2e-09,6.86,169864,1048
base2030_t48,134,104754041.0,-398199577.0,58.4,5.15e-09,6.6,170904,1040
base2030_t48,135,100856650.0,-375414996.0,55.6,2.68e-08,6.25,172068,1164
base2030_t48,136,96276421.8,-351208615.0,52.2,7.19e-09,5.87,173173,1105
base2030_t48,137,91318231.6,-330604995.0,48.7,1.14e-08,5.53,174323,1150
base2030_t48,138,86341019.8,-313875881.0,45.2,7.48e-09,5.24,175563,1240
base2030_t48,139,81816524.4,-294334806.0,42.0,9.58e-09,4.93,176759,1196
base2030_t48,140,77547503.3,-276621098.0,39.1,1e-08,4.64,177980,1221
base2030_t48,141,73526054.2,-256073984.0,36.4,1.1e-08,4.31,179304,1324
base2030_t48,142,69677640.5,-245752513.0,33.8,3.52e-09,4.13,180630,1326
base2030_t48,143,66645365.2,-230534656.0,31.8,1.75e-08,3.89,181952,1322
base2030_t48,144,64059658.2,-218709260.0,30.2,2.88e-09,3.7,183275,1323
base2030_t48,145,61385766.5,-208534783.0,28.5,3.76e-09,3.53,184487,1212
base2030_t48,146,58797984.9,-197583094.0,26.8,6.08e-09,3.35,185866,1379
base2030_t48,147,56297333.9,-188319684.0,25.3,4.92e-09,3.19,187143,1277
base2030_t48,148,54039193.4,-177769812.0,23.9,1.17e-08,3.03,188435,1292
base2030_t48,149,51673154.1,-167204816.0,22.4,9.34e-09,2.86,189732,1297
base2030_t48,150,49274034.6,-159419048.0,21.0,1.66e-08,2.72,191147,1415
base2030_t48,151,48119126.0,-154470097.0,20.3,1.55e-08,2.64,192248,1101
base2030_t48,152,46801222.0,-150963667.0,19.5,1.69e-08,2.58,193466,1218
base2030_t48,153,45579626.0,-144837676.0,18.8,1.64e-08,2.48,194894,1428
base2030_t48,154,44282468.5,-133563953.0,18.1,1.71e-08,2.32,196304,1410
base2030_t48,155,42179761.9,-127118584.0,16.9,5.91e-08,2.21,197555,1251
base2030_t48,156,40466560.3,-123411254.0,15.9,1.38e-07,2.14,198780,1225
base2030_t48,157,39376981.4,-120472105.0,15.3,1.55e-07,2.08,200040,1260
base2030_t48,158,38346898.3,-117108274.0,14.7,1.9e-07,2.03,201289,1249
base2030_t48,159,36926853.2,-111389427.0,14.0,1.88e-07,1.93,202530,1241
base2030_t48,160,35970587.9,-106481710.0,13.5,1.8e-07,1.86,203772,1242
base2030_t48,161,34734874.0,-103127010.0,12.8,4.5e-07,1.8,204999,1227
base2030_t48,162,34043072.9,-99761742.4,12.4,4.57e-07,1.74,206209,1210
base2030_t48,163,32994048.1,-92869658.5,11.9,1.52e-06,1.64,207537,1328
base2030_t48,164,31698848.1,-88793153.2,11.3,3.37e-06,1.57,208883,1346
base2030_t48,165,30766009.6,-86170381.9,10.8,3.11e-06,1.52,210171,1288
base2030_t48,166,30036736.9,-84454072.0,10.4,3.69e-06,1.49,211380,1209
base2030_t48,167,29390458.1,-81297332.8,10.1,2.73e-06,1.44,212833,1453
base2030_t48,168,28475415.2,-73042372.9,9.69,2.47e-06,1.32,214302,1469
base2030_t48,169,26964122.6,-67532211.5,8.98,3.36e-06,1.23,215604,1302
base2030_t48,170,25749315.8,-62797278.0,8.42,3.21e-06,1.15,217059,1455
base2030_t48,171,24349738.2,-59914862.5,7.79,3.09e-06,1.1,218363,1304
base2030_t48,172,23499707.2,-55605481.1,7.41,2.9e-06,1.03,219684,1321
base2030_t48,173,22428749.6,-51302763.5,6.94,2.7e-06,0.959,220943,1259
base2030_t48,174,21344271.5,-48249841.0,6.47,2.57e-06,0.905,222368,1425
base2030_t48,175,20824016.2,-46086580.1,6.25,2.46e-06,0.87,223485,1117
base2030_t48,176,20114112.3,-44101656.3,5.94,2.37e-06,0.835,224857,1372
base2030_t48,177,19192655.0,-41933439.0,5.55,2.28e-06,0.795,226254,1397
base2030_t48,178,18742088.0,-39730567.9,5.36,2.17e-06,0.76,227445,1191
base2030_t48,179,18228748.4,-37452625.5,5.14,2.05e-06,0.724,228706,1261
base2030_t48,180,17754042.5,-36236828.5,4.94,1.99e-06,0.702,229849,1143
base2030_t48,181,17172908.3,-34504267.0,4.69,1.89e-06,0.672,231203,1354
base2030_t48,182,16745533.2,-32990657.1,4.51,1.82e-06,0.647,232438,1235
base2030_t48,183,16423080.0,-30289141.5,4.37,1.7e-06,0.607,233795,1357
base2030_t48,184,16004948.9,-28555463.3,4.2,1.62e-06,0.579,235144,1349
base2030_t48,185,15606681.7,-26077196.2,4.02,1.5e-06,0.542,236458,1314
base2030_t48,186,15302402.5,-24867588.5,3.9,1.44e-06,0.522,237620,1162
base2030_t48,187,15069537.4,-22126777.4,3.8,1.31e-06,0.483,238996,1376
base2030_t48,188,14682438.6,-21152564.6,3.64,1.26e-06,0.466,240268,1272
base2030_t48,189,14260459.6,-19823914.7,3.46,1.2e-06,0.443,241737,1469
base2030_t48,190,13819589.5,-19167757.8,3.28,1.17e-06,0.429,242929,1192
base2030_t48,191,13552218.3,-17685411.9,3.17,1.08e-06,0.406,244176,1247
base2030_t48,192,13232652.3,-16176337.2,3.04,1.01e-06,0.382,245543,1367
base2030_t48,193,12750221.7,-15232692.2,2.85,9.57e-07,0.364,246873,1330
base2030_t48,194,12428659.5,-14423382.2,2.72,9.59e-07,0.349,248262,1389
base2030_t48,195,12111609.4,-13209243.8,2.59,9.34e-07,0.329,249547,1285
base2030_t48,196,11770693.0,-12396125.5,2.46,9.01e-07,0.314,250928,1381
base2030_t48,197,11521692.9,-11661394.8,2.36,8.69e-07,0.301,252344,1416
base2030_t48,198,11076900.6,-10966240.1,2.19,8.36e-07,0.286,253857,1513
base2030_t48,199,10841018.9,-10403205.9,2.1,7.31e-07,0.276,255021,1164
base2030_t48,200,10712612.8,-9500462.7,2.05,6.9e-07,0.263,256271,1250
base2030_t48,201,10344539.9,-8882160.69,1.91,1.12e-06,0.25,257725,1454
base2030_t48,202,10130820.9,-7962736.61,1.83,1.05e-06,0.235,259105,1380
base2030_t48,203,9878751.35,-7201108.65,1.74,9.78e-07,0.222,260511,1406
base2030_t48,204,9683568.32,-6755697.6,1.66,9.41e-07,0.214,261793,1282
base2030_t48,205,9436647.27,-6439357.26,1.57,9.01e-07,0.206,263247,1454
base2030_t48,206,9305038.82,-5828300.07,1.53,8.53e-07,0.197,264611,1364
base2030_t48,207,9111256.79,-5315034.17,1.46,8.11e-07,0.187,266015,1404
base2030_t48,208,8846751.12,-4859941.76,1.36,1.16e-06,0.178,267545,1530
base2030_t48,209,8585513.31,-4400473.87,1.27,1.07e-06,0.169,268963,1418
base2030_t48,210,8422730.39,-3984845.85,1.22,1.02e-06,0.161,270382,1419
base2030_t48,211,8245148.96,-3675342.69,1.15,9.83e-07,0.155,271810,1428
base2030_t48,212,8060022.48,-3492309.1,1.09,1.23e-06,0.15,273046,1236
base2030_t48,213,7970542.44,-3107694.19,1.06,1.54e-06,0.144,274541,1495
base2030_t48,214,7890926.94,-2767688.15,1.03,1.49e-06,0.138,275835,1294
base2030_t48,215,7789671.25,-2539407.57,1.0,1.44e-06,0.134,277226,1391
base2030_t48,216,7674430.67,-2303465.26,0.962,1.41e-06,0.13,278555,1329
base2030_t48,217,7568756.54,-1919601.72,0.928,1.33e-06,0.123,279900,1345
base2030_t48,218,7498948.83,-1738273.71,0.905,1.29e-06,0.12,281144,1244
base2030_t48,219,7445077.38,-1499812.98,0.888,1.25e-06,0.116,282554,1410
base2030_t48,220,7324693.79,-1172771.5,0.85,1.18e-06,0.11,283969,1415
base2030_t48,221,7275938.48,-1013782.16,0.835,1.15e-06,0.108,285206,1237
base2030_t48,222,7152881.76,-907801.519,0.797,1.13e-06,0.105,286499,1293
base2030_t48,223,7099891.01,-835567.959,0.78,1.11e-06,0.103,287684,1185
base2030_t48,224,7016310.58,-813281.103,0.755,1.11e-06,0.102,288889,1205
base2030_t48,225,6959257.42,-594831.164,0.737,1.07e-06,0.0981,290224,1335
base2030_t48,226,6892810.03,-401897.035,0.717,1.03e-06,0.0947,291655,1431
base2030_t48,227,6813360.4,-141731.862,0.694,9.71e-07,0.0903,293066,1411
base2030_t48,228,6734072.76,28676.9543,0.671,9.37e-07,0.0871,294459,1393
base2030_t48,229,6702927.19,82742.0943,0.662,9.26e-07,0.086,295728,1269
base2030_t48,230,6647333.19,269987.26,0.646,8.87e-07,0.0828,297093,1365
base2030_t48,231,6600330.91,425951.83,0.633,8.54e-07,0.0802,298443,1350
base2030_t48,232,6551667.76,549319.965,0.619,7.94e-07,0.0779,299922,1479
base2030_t48,233,6447794.85,661961.737,0.589,7.7e-07,0.0751,301202,1280
base2030_t48,234,6360961.83,850505.008,0.565,7.31e-07,0.0715,302715,1513
base2030_t48,235,6299441.47,976852.116,0.548,7.05e-07,0.0691,304132,1417
base2030_t48,236,6208530.93,1119609.57,0.522,6.78e-07,0.0661,305547,1415
base2030_t48,237,6144531.02,1211780.79,0.505,6.6e-07,0.064,306821,1274
base2030_t48,238,6109926.31,1249241.39,0.495,6.52e-07,0.0631,307969,1148
base2030_t48,239,6050198.5,1424648.64,0.479,6.15e-07,0.0601,309400,1431
base2030_t48,240,5933526.04,1540650.05,0.446,5.9e-07,0.057,310743,1343
base2030_t48,241,5862681.63,1616033.95,0.427,5.73e-07,0.0551,312116,1373
base2030_t48,242,5800039.03,1737953.76,0.41,5.47e-07,0.0527,313605,1489
base2030_t48,243,5730729.23,1915644.41,0.391,5.1e-07,0.0495,315052,1447
base2030_t48,244,5661683.85,2064215.58,0.373,4.77e-07,0.0467,316462,1410
base2030_t48,245,5604259.07,2193298.22,0.357,4.5e-07,0.0443,318070,1608
base2030_t48,246,5519458.13,2263658.21,0.335,4.35e-07,0.0423,319287,1217
base2030_t48,247,5487837.97,2318904.06,0.326,4.22e-07,0.0411,320577,1290
base2030_t48,248,5408045.42,2428537.22,0.305,3.98e-07,0.0387,321948,1371
base2030_t48,249,5374748.76,2524561.92,0.296,3.77e-07,0.037,323456,1508
base2030_t48,250,5323989.67,2622726.76,0.283,3.56e-07,0.0351,324960,1504
base2030_t48,251,5273719.14,2697675.0,0.269,3.4e-07,0.0334,326562,1602
base2030_t48,252,5231202.57,2820784.42,0.258,3.13e-07,0.0313,327903,1341
base2030_t48,253,5195683.95,2904947.28,0.249,2.95e-07,0.0297,329306,1403
base2030_t48,254,5144980.25,2973648.02,0.236,2.8e-07,0.0282,330878,1572
base2030_t48,255,5099983.47,3054754.59,0.224,8.3e-07,0.0266,332139,1261
base2030_t48,256,5042156.39,3095759.42,0.209,7.72e-07,0.0253,333394,1255
base2030_t48,257,5004596.76,3151836.55,0.199,7.19e-07,0.0241,334619,1225
base2030_t48,258,4982234.12,3180335.77,0.193,6.68e-07,0.0234,335788,1169
base2030_t48,259,4946227.5,3261075.75,0.184,6.06e-07,0.0219,337087,1299
base2030_t48,260,4888656.46,3350141.59,0.17,6.37e-07,0.02,338308,1221
base2030_t48,261,4853208.32,3404244.67,0.161,5.88e-07,0.0188,339642,1334
base2030_t48,262,4805227.4,3487656.92,0.148,6.37e-07,0.0171,341042,1400
base2030_t48,263,4756793.12,3539357.54,0.136,6.73e-07,0.0158,342524,1482
base2030_t48,264,4719793.62,3577288.31,0.127,5.59e-07,0.0148,343860,1336
base2030_t48,265,4683958.39,3620839.88,0.118,5.5e-07,0.0138,345217,1357
base2030_t48,266,4660460.03,3666470.35,0.112,5.13e-07,0.0129,346591,1374
base2030_t48,267,4636925.85,3687655.52,0.107,5e-07,0.0123,347829,1238
base2030_t48,268,4608143.74,3728494.62,0.0995,9.5e-07,0.0114,349036,1207
base2030_t48,269,4591540.46,3760215.44,0.0954,6.7e-07,0.0108,350290,1254
base2030_t48,270,4575045.73,3784366.29,0.0912,6.27e-07,0.0103,351604,1314
base2030_t48,271,4558539.57,3811349.13,0.0871,6e-07,0.0097,352757,1153
base2030_t48,272,4541082.53,3850487.0,0.0829,4.9e-07,0.00896,354189,1432
base2030_t48,273,4503634.91,3870999.77,0.0739,8.64e-07,0.00821,355420,1231
base2030_t48,274,4483026.16,3896395.11,0.0689,7.98e-07,0.00761,356918,1498
base2030_t48,275,4472871.4,3906415.3,0.0665,7.76e-07,0.00735,358065,1147
base2030_t48,276,4458879.32,3921668.57,0.0631,8.46e-07,0.00697,359370,1305
base2030_t48,277,4446350.2,3948133.85,0.0601,7.7e-07,0.00647,360685,1315
base2030_t48,278,4432912.35,3973611.59,0.0569,6.85e-07,0.00596,362168,1483
base2030_t48,279,4417504.22,3989386.83,0.0532,6.9e-07,0.00556,363465,1297
base2030_t48,280,4407345.99,4004348.73,0.0507,6.72e-07,0.00523,364676,1211
base2030_t48,281,4390796.35,4018954.39,0.0469,6.37e-07,0.00483,365950,1274
base2030_t48,282,4376064.37,4034763.47,0.0434,5.56e-07,0.00443,367107,1157
base2030_t48,283,4368763.99,4042786.77,0.0417,5.3e-07,0.00423,368276,1169
base2030_t48,284,4360476.07,4053615.19,0.0397,4.73e-07,0.00398,369478,1202
base2030_t48,285,4351757.79,4059909.27,0.0376,4.51e-07,0.00379,370648,1170
base2030_t48,286,4341194.39,4073077.91,0.0351,4.21e-07,0.00348,372071,1423
base2030_t48,287,4336862.47,4081634.99,0.034,3.99e-07,0.00331,373290,1219
base2030_t48,288,4326868.7,4090543.9,0.0318,3.63e-07,0.00307,374575,1285
base2030_t48,289,4319222.24,4096883.78,0.03,4.34e-07,0.00289,375771,1196
base2030_t48,290,4312859.72,4104899.47,0.0285,4.18e-07,0.0027,377075,1304
base2030_t48,291,4302964.01,4111935.18,0.0261,4.21e-07,0.00248,378287,1212
base2030_t48,292,4297440.49,4118052.54,0.0248,4.08e-07,0.00233,379874,1587
base2030_t48,293,4284032.06,4126453.06,0.0218,4.65e-07,0.00205,381233,1359
base2030_t48,294,4277869.21,4132766.62,0.0203,6.53e-07,0.00188,382597,1364
base2030_t48,295,4272626.1,4139082.73,0.0191,6.22e-07,0.00173,384037,1440
base2030_t48,296,4265642.9,4142314.75,0.0174,6.68e-07,0.0016,385233,1196
base2030_t48,297,4263485.46,4146854.39,0.0169,7.25e-07,0.00151,386525,1292
base2030_t48,298,4260380.47,4150255.08,0.0162,5.43e-07,0.00143,388002,1477
base2030_t48,299,4256148.24,4152009.11,0.0152,4.03e-07,0.00135,389319,1317
base2030_t48,300,4250678.26,4155086.49,0.0139,7.73e-07,0.00124,390587,1268
base2030_t48,301,4247523.02,4160332.62,0.0132,8.17e-07,0.00113,391997,1410
base2030_t48,302,4243212.92,4163906.84,0.0122,3.61e-06,0.00103,393305,1308
base2030_t48,303,4240685.78,4166478.89,0.0116,3.91e-06,0.000963,394617,1312
base2030_t48,304,4236170.29,4169245.74,0.0106,3.77e-06,0.000869,395930,1313
base2030_t48,305,4230898.53,4171871.99,0.00928,4.11e-06,0.000766,397406,1476
base2030_t48,306,4228356.1,4173390.47,0.00866,3.82e-06,0.000713,398677,1271
base2030_t48,307,4226131.17,4174628.28,0.00812,3.55e-06,0.000668,399865,1188
base2030_t48,308,4224186.39,4176638.33,0.00764,3.73e-06,0.000617,401128,1263
base2030_t48,309,4221811.85,4178404.22,0.00707,4.25e-06,0.000563,402347,1219
base2030_t48,310,4218434.37,4179702.81,0.0063,7.03e-06,0.000503,403576,1229
base2030_t48,311,4214881.06,4181389.68,0.00545,8.56e-06,0.000435,404936,1360
base2030_t48,312,4213710.35,4182492.88,0.00516,8.37e-06,0.000405,406069,1133
base2030_t48,313,4211616.22,4183601.8,0.00466,8.01e-06,0.000364,407293,1224
base2030_t48,314,4209771.71,4185013.46,0.00421,7.14e-06,0.000321,408471,1178
base2030_t48,315,4207769.1,4185876.33,0.00372,6.26e-06,0.000284,409625,1154
base2030_t48,316,4205855.13,4186778.97,0.00328,5.54e-06,0.000248,410854,1229
base2030_t48,317,4204619.89,4187204.55,0.00297,5.64e-06,0.000226,411989,1135
base2030_t48,318,4203917.17,4187842.06,0.00281,6.72e-06,0.000209,413124,1135
base2030_t48,319,4201973.81,4188347.69,0.00234,6.01e-06,0.000177,414488,1364
base2030_t48,320,4200807.79,4189022.93,0.00206,5.26e-06,0.000153,415712,1224
base2030_t48,321,4199888.86,4189397.27,0.00183,4.78e-06,0.000136,416844,1132
base2030_t48,322,4198928.15,4189699.18,0.0016,3.67e-06,0.00012,418209,1365
base2030_t48,323,4198046.83,4190068.66,0.00138,2.7e-06,0.000104,419433,1224
base2030_t48,324,4197325.48,4190430.33,0.00121,2.1e-06,8.95e-05,420688,1255
base2030_t48,325,4196763.43,4190648.93,0.00107,2.17e-06,7.94e-05,421922,1234
base2030_t48,326,4196188.1,4190889.72,0.000934,1.81e-06,6.88e-05,423308,1386
base2030_t48,327,4195828.9,4191094.32,0.000845,1.76e-06,6.15e-05,424606,1298
base2030_t48,328,4195343.87,4191344.95,0.000719,1.61e-06,5.19e-05,425979,1373
base2030_t48,329,4195064.13,4191523.91,0.000647,1.57e-06,4.59e-05,427278,1299
base2030_t48,330,4194821.35,4191683.01,0.000587,1.57e-06,4.07e-05,428552,1274
base2030_t48,331,4194646.28,4191747.52,0.000544,1.51e-06,3.76e-05,430014,1462
base2030_t48,332,4194420.76,4191866.5,0.000488,1.51e-06,3.32e-05,431340,1326
base2030_t48,333,4194145.66,4191956.97,0.000417,1.36e-06,2.84e-05,432758,1418
base2030_t48,334,4193936.98,4192042.06,0.000363,1.22e-06,2.46e-05,433983,1225
base2030_t48,335,4193684.77,4192112.83,0.000297,1.02e-06,2.04e-05,435421,1438
base2030_t48,336,4193584.93,4192158.05,0.000271,8.06e-07,1.85e-05,436484,1063
base2030_t48,337,4193508.13,4192225.14,0.000251,6.4e-07,1.67e-05,437648,1164
base2030_t48,338,4193350.01,4192251.66,0.00021,6.37e-07,1.43e-05,438896,1248
base2030_t48,339,4193263.55,4192280.14,0.000188,6.64e-07,1.28e-05,440295,1399
base2030_t48,340,4193193.77,4192323.26,0.00017,9.42e-07,1.13e-05,441562,1267
base2030_t48,341,4193125.21,4192348.65,0.000152,7.21e-07,1.01e-05,442763,1201
base2030_t48,342,4193033.25,4192367.03,0.000127,5.83e-07,8.65e-06,443957,1194
base2030_t48,343,4192966.5,4192389.08,0.000109,4.47e-07,7.49e-06,445180,1223
base2030_t48,344,4192909.16,4192408.43,9.37e-05,3.99e-07,6.5e-06,446381,1201
base2030_t48,345,4192864.72,4192426.57,8.16e-05,3.54e-07,5.69e-06,447664,1283
base2030_t48,346,4192833.84,4192450.05,7.31e-05,2.59e-07,4.98e-06,448888,1224
base2030_t48,347,4192796.13,4192457.62,6.3e-05,2.46e-07,4.39e-06,450195,1307
base2030_t48,348,4192778.84,4192472.47,5.83e-05,1.93e-07,3.98e-06,451382,1187
base2040_t44,0,54590175800000.0,-91241013800000.0,374000000000.0,141.0,55300000000.0,36205,
base2040_t44,1,53360983300000.0,-90460132400000.0,366000000000.0,2810.0,54300000000.0,36236,31
base2040_t44,2,52356272500000.0,-92113580700000.0,360000000000.0,3620.0,53300000000.0,37324,1088
base2040_t44,3,51394148700000.0,-100434419000000.0,353000000000.0,3940.0,52400000000.0,38187,863
base2040_t44,4,49093310400000.0,-121905880000000.0,338000000000.0,5010.0,50500000000.0,39378,1191
base2040_t44,5,48446823000000.0,-197170555000000.0,333000000000.0,4610.0,49600000000.0,40626,1248
base2040_t44,6,46950168400000.0,-238604791000000.0,323000000000.0,5290.0,48200000000.0,41824,1198
base2040_t44,7,45711349100000.0,-343158518000000.0,314000000000.0,4670.0,47000000000.0,43042,1218
base2040_t44,8,44275772800000.0,-415981962000000.0,304000000000.0,5030.0,45500000000.0,44318,1276
base2040_t44,9,42313847100000.0,-601496263000000.0,290000000000.0,4680.0,43000000000.0,45573,1255
base2040_t44,10,40666772700000.0,-903798340000000.0,278000000000.0,4140.0,40000000000.0,46873,1300
base2040_t44,11,36558217600000.0,-1098261240000000.0,248000000000.0,3820.0,36100000000.0,48045,1172
base2040_t44,12,32481791600000.0,-1367247630000000.0,218000000000.0,3360.0,31800000000.0,49298,1253
base2040_t44,13,29450279300000.0,-1701966290000000.0,195000000000.0,2800.0,27900000000.0,50507,1209
base2040_t44,14,26636674400000.0,-1833226540000000.0,174000000000.0,2580.0,25200000000.0,51749,1242
base2040_t44,15,24587974200000.0,-2033780400000000.0,159000000000.0,2200.0,22500000000.0,53011,1262
base2040_t44,16,21728388700000.0,-2115098380000000.0,137000000000.0,1960.0,19600000000.0,54221,1210
base2040_t44,17,19427336200000.0,-2122157520000000.0,120000000000.0,1600.0,16900000000.0,55429,1208
base2040_t44,18,17718036100000.0,-2074281170000000.0,107000000000.0,1280.0,14700000000.0,56639,1210
base2040_t44,19,15797244100000.0,-2025405070000000.0,92000000000.0,1120.0,12700000000.0,57892,1253
base2040_t44,20,14174728900000.0,-1939570110000000.0,79800000000.0,957.0,11000000000.0,59192,1300
base2040_t44,21,13028787100000.0,-1831818740000000.0,71000000000.0,812.0,9720000000.0,60445,1253
base2040_t44,22,11529335000000.0,-1646884800000000.0,59700000000.0,639.0,8080000000.0,61699,1254
base2040_t44,23,10718545400000.0,-1456996270000000.0,53600000000.0,521.0,7130000000.0,62910,1211
base2040_t44,24,9565817440000.0,-1289428260000000.0,45100000000.0,460.0,6090000000.0,64162,1252
base2040_t44,25,8930969940000.0,-1019758320000000.0,40400000000.0,360.0,5340000000.0,65415,1253
base2040_t44,26,8159494090000.0,-855379188000000.0,34800000000.0,314.0,4630000000.0,66581,1166
base2040_t44,27,7829007410000.0,-610449293000000.0,32500000000.0,259.0,4230000000.0,67834,1253
base2040_t44,28,7049721510000.0,-483998369000000.0,27000000000.0,234.0,3580000000.0,69000,1166
base2040_t44,29,6457851120000.0,-331667295000000.0,23000000000.0,196.0,3050000000.0,70253,1253
base2040_t44,30,6021072750000.0,-250411749000000.0,20100000000.0,161.0,2640000000.0,71464,1211
base2040_t44,31,5725302790000.0,-218382402000000.0,18200000000.0,150.0,2400000000.0,72629,1165
base2040_t44,32,5539121190000.0,-200497456000000.0,17000000000.0,137.0,2240000000.0,73881,1252
base2040_t44,33,5394685030000.0,-182081961000000.0,16000000000.0,105.0,2060000000.0,75136,1255
base2040_t44,34,5049164510000.0,-159605304000000.0,13900000000.0,93.4,1790000000.0,76384,1248
base2040_t44,35,4759778860000.0,-146965208000000.0,12100000000.0,86.0,1570000000.0,77594,1210
base2040_t44,36,4636711310000.0,-141591099000000.0,11400000000.0,73.6,1460000000.0,78849,1255
base2040_t44,37,4361137460000.0,-130730836000000.0,9690000000.0,68.4,1260000000.0,80013,1164
base2040_t44,38,4282305120000.0,-123801464000000.0,9200000000.0,61.3,1190000000.0,81267,1254
base2040_t44,39,4169449420000.0,-116530165000000.0,8530000000.0,57.3,1110000000.0,82432,1165
base2040_t44,40,4061244230000.0,-105634143000000.0,7900000000.0,51.6,1020000000.0,83642,1210
base2040_t44,41,4036951850000.0,-101074323000000.0,7760000000.0,48.6,999000000.0,84763,1121
base2040_t44,42,3997790950000.0,-98788324600000.0,7540000000.0,46.2,967000000.0,85975,1212
base2040_t44,43,3990437120000.0,-97865986700000.0,7500000000.0,45.2,960000000.0,87140,1165
base2040_t44,44,3936871690000.0,-93866343800000.0,7200000000.0,41.9,919000000.0,88394,1254
base2040_t44,45,3890782080000.0,-91465372100000.0,6920000000.0,39.5,880000000.0,89531,1137
base2040_t44,46,3775208250000.0,-87211120500000.0,6240000000.0,36.2,796000000.0,90822,1291
base2040_t44,47,3671194490000.0,-77744336000000.0,5630000000.0,28.6,711000000.0,92091,1269
base2040_t44,48,3578330180000.0,-75133552100000.0,5150000000.0,26.3,651000000.0,93325,1234
base2040_t44,49,3526765240000.0,-71019549100000.0,4870000000.0,22.6,611000000.0,94498,1173
base2040_t44,50,3384663060000.0,-66587762300000.0,4090000000.0,17.3,514000000.0,95767,1269
base2040_t44,51,3159616500000.0,-60884511100000.0,3070000000.0,11.9,385000000.0,97021,1254
base2040_t44,52,3011742510000.0,-57736495000000.0,2370000000.0,7.46,301000000.0,98274,1253
base2040_t44,53,2914545420000.0,-54630365500000.0,1820000000.0,3.89,230000000.0,99529,1255
base2040_t44,54,2784650910000.0,-52764333100000.0,1390000000.0,2.22,176000000.0,100737,1208
base2040_t44,55,2774897080000.0,-51833205900000.0,1230000000.0,1.6,156000000.0,101909,1172
base2040_t44,56,2778455290000.0,-50489688800000.0,1000000000.0,1.22,129000000.0,103037,1128
base2040_t44,57,2789265390000.0,-49265294000000.0,812000000.0,1.02,105000000.0,104115,1078
base2040_t44,58,2817092210000.0,-48450590200000.0,597000000.0,0.939,77700000.0,105192,1077
base2040_t44,59,2764250790000.0,-46977700900000.0,519000000.0,0.575,67300000.0,106272,1080
base2040_t44,60,2742424550000.0,-46208220700000.0,494000000.0,0.404,64700000.0,107349,1077
base2040_t44,61,3478525790000.0,-44819117700000.0,263000000.0,0.295,35200000.0,108425,1076
base2040_t44,62,2923917380000.0,-39208492300000.0,95100000.0,0.103,12900000.0,109503,1078
base2040_t44,63,2711755780000.0,-32862132700000.0,73400000.0,0.0516,9780000.0,110594,1091
base2040_t44,64,2635095300000.0,-27355129800000.0,68400000.0,0.024,8970000.0,111687,1093
base2040_t44,65,2102360470000.0,-22293108300000.0,27700000.0,0.00965,3770000.0,112778,1091
base2040_t44,66,1513158300000.0,-17725019200000.0,15600000.0,0.00531,2130000.0,113872,1094
base2040_t44,67,1323419290000.0,-13769782400000.0,12500000.0,0.00299,1660000.0,114965,1093
base2040_t44,68,1282328570000.0,-11096550300000.0,12000000.0,0.00178,1530000.0,116057,1092
base2040_t44,69,1005975940000.0,-9191556300000.0,6110000.0,0.00108,821000.0,117149,1092
base2040_t44,70,796827621000.0,-7097218150000.0,4040000.0,0.000591,545000.0,118227,1078
base2040_t44,71,655958341000.0,-5597560180000.0,2280000.0,0.000328,325000.0,119305,1078
base2040_t44,72,554648956000.0,-4646359020000.0,1650000.0,0.000225,240000.0,120383,1078
base2040_t44,73,433332231000.0,-3467429030000.0,1160000.0,0.000149,168000.0,121461,1078
base2040_t44,74,344621517000.0,-2920495950000.0,852000.0,0.000207,127000.0,122538,1077
base2040_t44,75,323011806000.0,-2751817670000.0,792000.0,0.000216,118000.0,123616,1078
base2040_t44,76,298988789000.0,-2543585870000.0,711000.0,0.000255,106000.0,124693,1077
base2040_t44,77,241902974000.0,-2066363450000.0,524000.0,0.000408,79900.0,125806,1113
base2040_t44,78,169550202000.0,-1529344790000.0,334000.0,0.000255,52800.0,126971,1165
base2040_t44,79,151830907000.0,-1237099180000.0,296000.0,0.000262,44500.0,128178,1207
base2040_t44,80,117833876000.0,-978120334000.0,219000.0,0.00017,33200.0,129424,1246
base2040_t44,81,102199833000.0,-835487859000.0,173000.0,0.000136,26800.0,130679,1255
base2040_t44,82,79242514800.0,-434909120000.0,114000.0,6.11e-05,15500.0,131935,1256
base2040_t44,83,70522482200.0,-361306315000.0,96500.0,3.49e-05,12900.0,133189,1254
base2040_t44,84,59649618200.0,-284716217000.0,75800.0,5.55e-05,9970.0,134389,1200
base2040_t44,85,44823455300.0,-240307089000.0,54600.0,4.89e-05,7530.0,135553,1164
base2040_t44,86,35963817200.0,-209727296000.0,41900.0,2.66e-05,6050.0,136673,1120
base2040_t44,87,30876927000.0,-179953728000.0,35100.0,2.25e-05,5050.0,137837,1164
base2040_t44,88,25541641300.0,-146835410000.0,27300.0,2.76e-05,3950.0,139038,1201
base2040_t44,89,19656364200.0,-111638926000.0,18600.0,3.22e-05,2800.0,140285,1247
base2040_t44,90,16710841100.0,-86444691000.0,14800.0,3.21e-05,2160.0,141537,1252
base2040_t44,91,12533715500.0,-69438710900.0,10500.0,1.72e-05,1610.0,142747,1210
base2040_t44,92,10997147200.0,-59004083400.0,9070.0,1.61e-05,1360.0,143957,1210
base2040_t44,93,10563949100.0,-54917150100.0,8660.0,1.46e-05,1270.0,145248,1291
base2040_t44,94,10176216100.0,-50703411600.0,8300.0,1.29e-05,1190.0,146540,1292
base2040_t44,95,9903599620.0,-44295988800.0,8040.0,1.09e-05,1070.0,147679,1139
base2040_t44,96,8452741750.0,-40900785800.0,6680.0,1.04e-05,940.0,148940,1261
base2040_t44,97,8222205560.0,-37993919900.0,6460.0,1.21e-05,883.0,150077,1137
base2040_t44,98,7876786000.0,-36860366800.0,6140.0,1.17e-05,848.0,151375,1298
base2040_t44,99,7234020670.0,-34193797700.0,5540.0,1.07e-05,773.0,152623,1248
base2040_t44,100,6830850600.0,-31910824200.0,5170.0,9.95e-06,718.0,153871,1248
base2040_t44,101,6509501530.0,-28782923200.0,4870.0,8.97e-06,655.0,155170,1299
base2040_t44,102,6277598950.0,-27282262200.0,4660.0,8.46e-06,621.0,156417,1247
base2040_t44,103,6098482380.0,-25872210800.0,4500.0,7.97e-06,591.0,157717,1300
base2040_t44,104,5867461610.0,-23977546400.0,4290.0,7.33e-06,550.0,159017,1300
base2040_t44,105,5648552870.0,-22617922200.0,4090.0,6.86e-06,519.0,160214,1197
base2040_t44,106,4889181080.0,-21459900900.0,3390.0,6.48e-06,466.0,161514,1300
base2040_t44,107,4588207690.0,-20351972000.0,3110.0,6.12e-06,435.0,162762,1248
base2040_t44,108,4570066550.0,-19467243500.0,3100.0,5.83e-06,422.0,163906,1144
base2040_t44,109,4368872260.0,-18784266500.0,2920.0,5.61e-06,403.0,165101,1195
base2040_t44,110,4326432360.0,-18435421100.0,2880.0,5.5e-06,396.0,166349,1248
base2040_t44,111,4300320030.0,-18245311000.0,2860.0,5.44e-06,392.0,167493,1144
base2040_t44,112,4287496390.0,-18020468700.0,2850.0,5.37e-06,388.0,168639,1146
base2040_t44,113,4279937170.0,-17889410700.0,2840.0,5.32e-06,386.0,169836,1197
base2040_t44,114,4247384980.0,-17371754100.0,2810.0,5.15e-06,377.0,171088,1252
base2040_t44,115,4210623920.0,-17250008400.0,2780.0,5.12e-06,374.0,172287,1199
base2040_t44,116,4197258260.0,-17032005600.0,2770.0,5.05e-06,370.0,173433,1146
base2040_t44,117,4182899420.0,-16739431000.0,2760.0,4.95e-06,365.0,174579,1146
base2040_t44,118,4137634580.0,-16370355800.0,2720.0,4.84e-06,358.0,175724,1145
base2040_t44,119,4084785120.0,-14789543300.0,2670.0,4.34e-06,332.0,176919,1195
base2040_t44,120,3877173720.0,-13435625400.0,2490.0,3.92e-06,303.0,178168,1249
base2040_t44,121,3432700550.0,-12623609900.0,2090.0,3.67e-06,273.0,179467,1299
base2040_t44,122,3395605900.0,-12422641400.0,2050.0,3.61e-06,268.0,180612,1145
base2040_t44,123,3225240920.0,-11812961300.0,1900.0,3.42e-06,253.0,181853,1241
base2040_t44,124,3207968950.0,-11501633000.0,1890.0,3.61e-06,247.0,183019,1166
base2040_t44,125,3147060260.0,-11226303700.0,1840.0,3.57e-06,241.0,184208,1189
base2040_t44,126,3131356160.0,-10939373100.0,1820.0,3.43e-06,236.0,185352,1144
base2040_t44,127,2946042450.0,-9520555630.0,1660.0,2.85e-06,208.0,186629,1277
base2040_t44,128,2798011930.0,-8144789820.0,1540.0,2.4e-06,183.0,187922,1293
base2040_t44,129,2637721850.0,-7394996510.0,1400.0,2.17e-06,166.0,189171,1249
base2040_t44,130,2354787060.0,-6790202180.0,1170.0,2.02e-06,148.0,190419,1248
base2040_t44,131,2109081110.0,-5877353040.0,968.0,2.17e-06,126.0,191617,1198
base2040_t44,132,1966201750.0,-5427779540.0,857.0,2.11e-06,116.0,192915,1298
base2040_t44,133,1946586070.0,-5123846020.0,842.0,2.24e-06,111.0,194061,1146
base2040_t44,134,1885548020.0,-4892798620.0,797.0,2.71e-06,106.0,195256,1195
base2040_t44,135,1796847290.0,-4602158180.0,732.0,2.36e-06,98.9,196505,1249
base2040_t44,136,1733230120.0,-4329390210.0,686.0,2.38e-06,93.3,197805,1300
base2040_t44,137,1596256650.0,-4096157870.0,594.0,1.9e-06,86.2,199104,1299
base2040_t44,138,1548375910.0,-3927423210.0,566.0,1.94e-06,82.7,200352,1248
base2040_t44,139,1527600110.0,-3837958210.0,556.0,3.25e-06,80.9,201524,1172
base2040_t44,140,1504385930.0,-3731096810.0,547.0,4.74e-06,78.9,202765,1241
base2040_t44,141,1486933840.0,-3614053130.0,540.0,1.05e-05,76.9,204006,1241
base2040_t44,142,1469668800.0,-3512021420.0,533.0,1.05e-05,75.1,205254,1248
base2040_t44,143,1435109590.0,-3434452710.0,520.0,4.72e-06,73.3,206442,1188
base2040_t44,144,1427544810.0,-3365681780.0,517.0,4.47e-06,72.2,207639,1197
base2040_t44,145,1405914530.0,-3312374790.0,509.0,4.74e-06,71.0,208836,1197
base2040_t44,146,1372518230.0,-3222062120.0,495.0,4.4e-06,69.0,210083,1247
base2040_t44,147,1337034710.0,-3124391710.0,481.0,4.19e-06,66.9,211340,1257
base2040_t44,148,1293767580.0,-3038164170.0,465.0,4.12e-06,64.8,212590,1250
base2040_t44,149,1259689450.0,-2939633500.0,451.0,4.1e-06,62.7,213831,1241
base2040_t44,150,1233530070.0,-2854070070.0,441.0,3.84e-06,61.0,214977,1146
base2040_t44,151,1162660720.0,-2714392850.0,414.0,2.65e-05,57.6,216270,1293
base2040_t44,152,1135589720.0,-2532879550.0,404.0,2.44e-05,54.5,217518,1248
base2040_t44,153,1122486730.0,-2352685630.0,399.0,2.28e-05,51.7,218707,1189
base2040_t44,154,1061985920.0,-2303242730.0,376.0,2.21e-05,49.9,219851,1144
base2040_t44,155,1055596920.0,-2284668070.0,374.0,2.18e-05,49.5,221047,1196
base2040_t44,156,1040705140.0,-2186979330.0,368.0,2.08e-05,47.8,222242,1195
base2040_t44,157,1025058560.0,-2131181900.0,362.0,1.6e-06,46.7,223439,1197
base2040_t44,158,984358348.0,-2084860280.0,347.0,1.56e-06,45.3,224740,1301
base2040_t44,159,946969618.0,-2032296710.0,333.0,3.58e-06,43.8,226033,1293
base2040_t44,160,929116426.0,-1977109280.0,327.0,3.2e-06,42.7,227275,1242
base2040_t44,161,922677261.0,-1946614450.0,325.0,3.35e-06,42.2,228472,1197
base2040_t44,162,890926641.0,-1870256360.0,313.0,5.25e-06,40.5,229661,1189
base2040_t44,163,872348848.0,-1824615880.0,306.0,5.1e-06,39.5,230961,1300
base2040_t44,164,844116202.0,-1773448740.0,296.0,4.99e-06,38.3,232211,1250
base2040_t44,165,827688587.0,-1705225230.0,290.0,4.65e-06,37.0,233512,1301
base2040_t44,166,807221230.0,-1659657180.0,283.0,4.59e-06,36.0,234812,1300
base2040_t44,167,779382981.0,-1621361580.0,273.0,5.37e-06,35.0,236103,1291
base2040_t44,168,763751241.0,-1589171440.0,267.0,5.19e-06,34.3,237354,1251
base2040_t44,169,748460773.0,-1557461630.0,261.0,4.78e-06,33.5,238594,1240
base2040_t44,170,708119532.0,-1430390620.0,247.0,4.49e-06,31.0,239895,1301
base2040_t44,171,682986933.0,-1361707090.0,238.0,4.34e-06,29.6,241039,1144
base2040_t44,172,669469912.0,-1260665970.0,233.0,3.74e-06,28.0,242236,1197
base2040_t44,173,610697014.0,-1206082770.0,211.0,3.44e-06,26.2,243536,1300
base2040_t44,174,605176072.0,-1165193710.0,209.0,3.2e-06,25.5,244682,1146
base2040_t44,175,567403211.0,-1081683760.0,196.0,3.22e-06,23.7,245876,1194
base2040_t44,176,564770794.0,-1013690220.0,195.0,2.89e-06,22.7,247022,1146
base2040_t44,177,517616364.0,-964600410.0,178.0,2.55e-06,21.2,248322,1300
base2040_t44,178,514796175.0,-941033292.0,177.0,4.68e-06,20.8,249459,1137
base2040_t44,179,499128454.0,-847539879.0,171.0,4.17e-06,19.3,250760,1301
base2040_t44,180,494655666.0,-809787397.0,169.0,3.36e-06,18.7,251950,1190
base2040_t44,181,476382861.0,-759512975.0,163.0,3.29e-06,17.7,253197,1247
base2040_t44,182,444867702.0,-725992349.0,152.0,2.09e-06,16.7,254437,1240
base2040_t44,183,442467150.0,-697876958.0,151.0,1.05e-05,16.2,255575,1138
base2040_t44,184,424206891.0,-673715918.0,144.0,1.22e-05,15.6,256764,1189
base2040_t44,185,414315776.0,-642322442.0,141.0,1.6e-05,15.0,258056,1292
base2040_t44,186,404280777.0,-602764979.0,137.0,2.23e-05,14.3,259296,1240
base2040_t44,187,388385538.0,-591843920.0,132.0,2.38e-05,13.9,260580,1284
base2040_t44,188,382384558.0,-578639021.0,130.0,2.63e-05,13.6,261841,1261
base2040_t44,189,373899895.0,-562734178.0,127.0,2.62e-05,13.2,263066,1225
base2040_t44,190,368495020.0,-538723308.0,125.0,2.44e-05,12.8,264257,1191
base2040_t44,191,365315895.0,-525758214.0,124.0,2.73e-05,12.6,265379,1122
base2040_t44,192,361556246.0,-497849986.0,122.0,2.64e-05,12.2,266553,1174
base2040_t44,193,358453436.0,-474941018.0,121.0,3.27e-05,11.8,267718,1165
base2040_t44,194,348518765.0,-451391815.0,118.0,3.45e-05,11.3,268893,1175
base2040_t44,195,344781633.0,-434982937.0,116.0,4.29e-05,11.0,270014,1121
base2040_t44,196,341781943.0,-422222646.0,115.0,4.33e-05,10.8,271180,1166
base2040_t44,197,333271917.0,-406702956.0,112.0,4.96e-05,10.4,272389,1209
base2040_t44,198,325146653.0,-391880859.0,109.0,5.43e-05,10.1,273642,1253
base2040_t44,199,320966281.0,-380053956.0,108.0,5.49e-05,9.87,274897,1255
base2040_t44,200,316101893.0,-370256748.0,106.0,5.51e-05,9.66,276149,1252
base2040_t44,201,312025354.0,-354255681.0,105.0,5.37e-05,9.37,277402,1253
base2040_t44,202,306088920.0,-338304189.0,103.0,5.28e-05,9.06,278656,1254
base2040_t44,203,298279188.0,-330118686.0,100.0,4.91e-05,8.82,279910,1254
base2040_t44,204,291973337.0,-313067278.0,98.1,4.33e-05,8.49,281164,1254
base2040_t44,205,289651249.0,-300389022.0,97.3,4.31e-05,8.28,282286,1122
base2040_t44,206,280938923.0,-291027110.0,94.2,4.15e-05,8.01,283450,1164
base2040_t44,207,272393470.0,-281618966.0,91.3,4.33e-05,7.75,284704,1254
base2040_t44,208,265050351.0,-271052645.0,88.8,4.53e-05,7.49,285958,1254
base2040_t44,209,260847720.0,-264210438.0,87.4,4.34e-05,7.33,287123,1165
base2040_t44,210,256743521.0,-259165351.0,86.0,4.56e-05,7.2,288288,1165
base2040_t44,211,251694367.0,-248506282.0,84.3,4.26e-05,6.97,289541,1253
base2040_t44,212,244320000.0,-241264389.0,81.8,4.27e-05,6.76,290794,1253
base2040_t44,213,240159454.0,-227210933.0,80.5,3.48e-05,6.5,292050,1256
base2040_t44,214,234565306.0,-219969687.0,78.6,3.11e-05,6.32,293305,1255
base2040_t44,215,226970334.0,-213208354.0,76.1,2.8e-05,6.11,294559,1254
base2040_t44,216,218541372.0,-203094804.0,73.3,2.59e-05,5.85,295812,1253
base2040_t44,217,213571647.0,-190629232.0,71.7,2.36e-05,5.6,297066,1254
base2040_t44,218,209750575.0,-182881345.0,70.3,2.32e-05,5.44,298276,1210
base2040_t44,219,202913298.0,-176250802.0,68.1,2.71e-05,5.24,299528,1252
base2040_t44,220,198035250.0,-169960310.0,66.4,2.59e-05,5.09,300695,1167
base2040_t44,221,193324038.0,-163436323.0,64.7,2.74e-05,4.93,301862,1167
base2040_t44,222,188002139.0,-154481806.0,62.9,2.97e-05,4.73,303071,1209
base2040_t44,223,184688817.0,-145010072.0,61.8,3.11e-05,4.55,304281,1210
base2040_t44,224,181070844.0,-138239233.0,60.5,2.88e-05,4.4,305490,1209
base2040_t44,225,175823950.0,-134976708.0,58.7,2.82e-05,4.28,306656,1166
base2040_t44,226,170877040.0,-129650079.0,57.0,2.88e-05,4.13,307866,1210
base2040_t44,227,167247123.0,-124527171.0,55.7,2.85e-05,4.01,309032,1166
base2040_t44,228,162640176.0,-118325473.0,54.2,2.9e-05,3.86,310286,1254
base2040_t44,229,161018819.0,-113227972.0,53.6,2.85e-05,3.76,311451,1165
base2040_t44,230,155120176.0,-108692111.0,51.6,2.85e-05,3.62,312704,1253
base2040_t44,231,150970582.0,-103258933.0,50.2,2.75e-05,3.48,313957,1253
base2040_t44,232,146988313.0,-98493001.0,48.9,2.46e-05,3.36,315173,1216
base2040_t44,233,144178754.0,-92547117.9,47.9,2.31e-05,3.24,316337,1164
base2040_t44,234,140965707.0,-88105442.9,46.8,2.15e-05,3.13,317547,1210
base2040_t44,235,138408488.0,-84557650.8,45.9,2.08e-05,3.04,318712,1165
base2040_t44,236,133954837.0,-81410774.3,44.3,2.02e-05,2.94,319919,1207
base2040_t44,237,131129763.0,-78655859.1,43.4,1.94e-05,2.86,321127,1208
base2040_t44,238,129702677.0,-75396114.8,42.9,1.9e-05,2.79,322335,1208
base2040_t44,239,125219206.0,-71916713.8,41.3,1.72e-05,2.68,323544,1209
base2040_t44,240,120179854.0,-66635661.7,39.6,1.53e-05,2.54,324833,1289
base2040_t44,241,115440579.0,-62769340.4,38.0,1.44e-05,2.42,326130,1297
base2040_t44,242,112454167.0,-59410436.5,37.1,1.36e-05,2.33,327375,1245
base2040_t44,243,109942330.0,-56952085.6,36.3,1.3e-05,2.26,328672,1297
base2040_t44,244,105363829.0,-55375473.1,34.7,1.27e-05,2.18,329865,1193
base2040_t44,245,102209971.0,-52018382.8,33.7,1.19e-05,2.09,331109,1244
base2040_t44,246,99095352.1,-48096060.1,32.7,1.1e-05,1.99,332404,1295
base2040_t44,247,95712842.0,-45662778.0,31.7,1.04e-05,1.91,333597,1193
base2040_t44,248,92582982.9,-43633478.6,30.6,9.97e-06,1.84,334790,1193
base2040_t44,249,89680759.9,-41135322.3,29.6,9.43e-06,1.77,336032,1242
base2040_t44,250,88065504.0,-39641658.2,29.1,9.11e-06,1.72,337232,1200
base2040_t44,251,87019153.4,-38041550.4,28.7,8.73e-06,1.69,338447,1215
base2040_t44,252,85650203.3,-35288139.6,28.2,8.13e-06,1.63,339722,1275
base2040_t44,253,82648548.8,-33671503.9,27.2,7.72e-06,1.57,341063,1341
base2040_t44,254,79806050.0,-31480888.6,26.3,7.27e-06,1.5,342403,1340
base2040_t44,255,76730393.8,-29932310.4,25.2,6.9e-06,1.43,343677,1274
base2040_t44,256,73322913.5,-28198637.3,24.1,6.51e-06,1.36,345050,1373
base2040_t44,257,70712043.6,-26689555.5,23.2,6.18e-06,1.31,346296,1246
base2040_t44,258,67943406.8,-24862338.6,22.3,5.74e-06,1.24,347669,1373
base2040_t44,259,65385022.4,-23219628.6,21.4,5.37e-06,1.19,348982,1313
base2040_t44,260,63931900.9,-22180395.6,20.9,5.11e-06,1.15,350153,1171
base2040_t44,261,61420735.3,-21055740.5,20.1,4.85e-06,1.1,351328,1175
base2040_t44,262,59581988.8,-19938488.5,19.5,4.6e-06,1.06,352680,1352
base2040_t44,263,58224661.2,-19369060.6,19.0,4.47e-06,1.04,353941,1261
base2040_t44,264,55395615.5,-17740871.4,18.0,4.15e-06,0.976,355391,1450
base2040_t44,265,53091494.8,-16599908.8,17.2,3.9e-06,0.929,356610,1219
base2040_t44,266,50690655.4,-15441267.8,16.5,3.68e-06,0.881,358043,1433
base2040_t44,267,49165403.1,-14419606.9,15.9,3.47e-06,0.847,359326,1283
base2040_t44,268,48242703.4,-13535452.0,15.6,3.31e-06,0.822,360533,1207
base2040_t44,269,46503222.2,-12665230.7,15.0,3.14e-06,0.787,361746,1213
base2040_t44,270,44922611.7,-11892105.7,14.5,2.96e-06,0.756,362959,1213
base2040_t44,271,43676396.0,-11249921.7,14.0,3.01e-06,0.73,364236,1277
base2040_t44,272,41444109.8,-10683061.0,13.3,2.92e-06,0.692,365452,1216
base2040_t44,273,40411710.7,-10181561.8,12.9,2.81e-06,0.672,366805,1353
base2040_t44,274,38917623.7,-9662023.81,12.5,2.78e-06,0.645,368207,1402
base2040_t44,275,37934271.0,-8969282.49,12.1,2.63e-06,0.622,369584,1377
base2040_t44,276,37021966.7,-8378885.16,11.8,2.52e-06,0.602,370807,1223
base2040_t44,277,35357652.9,-7668616.8,11.3,2.37e-06,0.57,372462,1655
base2040_t44,278,34210073.6,-7238912.97,10.8,2.28e-06,0.549,373755,1293
base2040_t44,279,33540004.2,-6880280.59,10.6,2.2e-06,0.535,375336,1581
base2040_t44,280,32479016.0,-6334431.11,10.3,2.13e-06,0.514,376688,1352
base2040_t44,281,31732483.0,-5987908.67,10.0,2.06e-06,0.499,377960,1272
base2040_t44,282,30877219.3,-5583276.73,9.7,1.98e-06,0.482,379646,1686
base2040_t44,283,29779433.4,-5323411.03,9.31,1.91e-06,0.464,381301,1655
base2040_t44,284,29217612.2,-5108107.54,9.1,1.86e-06,0.454,382557,1256
base2040_t44,285,28510568.9,-4704151.1,8.86,1.77e-06,0.439,384162,1605
base2040_t44,286,27416548.5,-4451565.13,8.48,1.72e-06,0.421,385629,1467
base2040_t44,287,26745540.9,-4144462.0,8.23,1.66e-06,0.408,387060,1431
base2040_t44,288,26444928.9,-3919786.16,8.12,1.61e-06,0.401,388415,1355
base2040_t44,289,26201022.9,-3710088.35,8.03,1.57e-06,0.395,389768,1353
base2040_t44,290,25781250.1,-3550300.21,7.88,1.54e-06,0.387,391699,1931
base2040_t44,291,25042865.9,-3415828.6,7.63,1.5e-06,0.376,393148,1449
base2040_t44,292,24206140.0,-3208378.81,7.33,1.46e-06,0.362,394917,1769
base2040_t44,293,23606095.3,-2958069.75,7.13,1.41e-06,0.35,396932,2015
base2040_t44,294,22525317.6,-2797471.34,6.75,1.38e-06,0.334,398505,1573
base2040_t44,295,21803310.7,-2514832.47,6.49,1.32e-06,0.321,400300,1795
base2040_t44,296,21038667.4,-2304119.61,6.21,1.28e-06,0.308,402262,1962
base2040_t44,297,20663452.1,-2157425.73,6.07,1.25e-06,0.301,403810,1548
base2040_t44,298,20245507.8,-1881522.88,5.92,1.19e-06,0.291,405447,1637
base2040_t44,299,19528565.8,-1635941.8,5.66,1.14e-06,0.279,407502,2055
base2040_t44,300,19191449.8,-1453881.49,5.55,1.11e-06,0.272,409824,2322
base2040_t44,301,18598689.3,-1256292.19,5.33,1.07e-06,0.261,412063,2239
base2040_t44,302,17887787.4,-1003296.33,5.09,1.02e-06,0.249,414164,2101
base2040_t44,303,17236604.9,-772469.446,4.86,9.77e-07,0.237,416243,2079
base2040_t44,304,16821199.5,-598840.697,4.7,9.44e-07,0.229,418246,2003
base2040_t44,305,16421211.9,-438164.637,4.56,9.13e-07,0.222,420369,2123
base2040_t44,306,15954365.2,-257285.226,4.38,8.79e-07,0.213,422460,2091
base2040_t44,307,15529595.5,-147819.641,4.22,8.58e-07,0.206,423881,1421
base2040_t44,308,15280599.5,-30139.459,4.13,8.35e-07,0.201,425249,1368
base2040_t44,309,14956213.1,94147.0094,4.01,8.11e-07,0.195,427149,1900
base2040_t44,310,14750604.0,220981.045,3.93,7.88e-07,0.191,428501,1352
base2040_t44,311,14622976.4,289989.755,3.88,7.76e-07,0.188,429757,1256
base2040_t44,312,14538063.9,380189.99,3.85,7.59e-07,0.186,431346,1589
base2040_t44,313,14403969.2,467049.526,3.8,7.42e-07,0.183,432624,1278
base2040_t44,314,14091922.6,578401.673,3.68,7.21e-07,0.177,434480,1856
base2040_t44,315,13953695.0,645231.655,3.63,7.09e-07,0.175,435727,1247
base2040_t44,316,13599629.7,763283.477,3.5,6.87e-07,0.168,437274,1547
base2040_t44,317,13401790.2,861047.081,3.42,6.69e-07,0.164,438750,1476
base2040_t44,318,13166617.3,953838.135,3.33,6.53e-07,0.16,440460,1710
base2040_t44,319,12975484.6,1067839.83,3.26,6.32e-07,0.156,441972,1512
base2040_t44,320,12773678.6,1165982.01,3.18,8.57e-07,0.152,443244,1272
base2040_t44,321,12653091.3,1250205.02,3.14,8.37e-07,0.149,445477,2233
base2040_t44,322,12508632.8,1340341.49,3.08,7.95e-07,0.146,446904,1427
base2040_t44,323,12395834.1,1433422.79,3.04,7.81e-07,0.144,448544,1640
base2040_t44,324,12237442.5,1495153.77,2.98,7.83e-07,0.141,450209,1665
base2040_t44,325,12062635.3,1599748.45,2.91,7.57e-07,0.137,452808,2599
base2040_t44,326,11909350.0,1682524.99,2.85,7.36e-07,0.134,454320,1512
base2040_t44,327,11753719.9,1759539.06,2.79,7.2e-07,0.131,456243,1923
base2040_t44,328,11629589.3,1822829.19,2.74,7.01e-07,0.128,457758,1515
base2040_t44,329,11509065.0,1881721.7,2.7,6.81e-07,0.126,459597,1839
base2040_t44,330,11351983.4,1975841.04,2.64,6.55e-07,0.123,461489,1892
base2040_t44,331,11230894.9,2041798.5,2.59,2.18e-06,0.12,462815,1326
base2040_t44,332,11120048.9,2081802.65,2.54,2.15e-06,0.118,464445,1630
base2040_t44,333,11068512.5,2112482.14,2.52,2.12e-06,0.117,465707,1262
base2040_t44,334,10953907.5,2151021.48,2.48,2e-06,0.115,467013,1306
base2040_t44,335,10914384.3,2189305.35,2.46,2.01e-06,0.114,468306,1293
base2040_t44,336,10745334.7,2222328.57,2.39,1.98e-06,0.112,469787,1481
base2040_t44,337,10634416.0,2276248.7,2.35,1.93e-06,0.109,471365,1578
base2040_t44,338,10535779.3,2336296.13,2.31,1.88e-06,0.107,473121,1756
base2040_t44,339,10437777.4,2376973.12,2.27,1.85e-06,0.105,474340,1219
base2040_t44,340,10366129.8,2423237.45,2.24,1.82e-06,0.104,475935,1595
base2040_t44,341,10296592.7,2480657.99,2.22,1.74e-06,0.102,477518,1583
base2040_t44,342,10216775.1,2521747.64,2.19,1.71e-06,0.101,478849,1331
base2040_t44,343,10114695.8,2570413.07,2.15,3.48e-06,0.0986,480136,1287
base2040_t44,344,10039935.5,2614473.31,2.12,3.47e-06,0.0971,481752,1616
base2040_t44,345,9998167.89,2653499.82,2.1,3.41e-06,0.096,483107,1355
base2040_t44,346,9953564.71,2677515.33,2.08,3.37e-06,0.0951,484455,1348
base2040_t44,347,9821436.7,2708228.47,2.03,3.36e-06,0.093,486044,1589
base2040_t44,348,9726558.34,2756686.24,1.99,3.28e-06,0.0911,487237,1193
base2040_t44,349,9683672.59,2791436.92,1.97,3.22e-06,0.0901,488719,1482
base2040_t44,350,9629424.16,2822829.02,1.95,3.08e-06,0.089,490057,1338
base2040_t44,351,9540003.75,2856037.01,1.92,3.03e-06,0.0873,491882,1825
base2040_t44,352,9450571.33,2902228.5,1.88,2.97e-06,0.0856,493530,1648
base2040_t44,353,9342445.74,2938130.69,1.84,2.94e-06,0.0837,495050,1520
base2040_t44,354,9308721.94,2958973.87,1.82,2.91e-06,0.083,496335,1285
base2040_t44,355,9283034.89,2984669.4,1.81,2.87e-06,0.0823,497779,1444
base2040_t44,356,9231248.64,3022204.16,1.79,2.81e-06,0.0811,499550,1771
base2040_t44,357,9187273.64,3046556.5,1.77,2.78e-06,0.0802,501147,1597
base2040_t44,358,9162566.02,3072962.81,1.76,2.74e-06,0.0795,502744,1597
base2040_t44,359,9095095.19,3093572.32,1.73,2.71e-06,0.0784,504067,1323
base2040_t44,360,9032390.4,3126605.53,1.71,2.66e-06,0.0771,505706,1639
base2040_t44,361,8997156.4,3155392.9,1.7,2.62e-06,0.0763,507098,1392
base2040_t44,362,8944873.06,3189953.72,1.67,2.67e-06,0.0752,508485,1387
base2040_t44,363,8927121.61,3229751.6,1.67,2.6e-06,0.0744,509831,1346
base2040_t44,364,8807337.35,3260226.89,1.62,2.56e-06,0.0724,511418,1587
base2040_t44,365,8716649.51,3304089.54,1.58,2.5e-06,0.0707,513080,1662
base2040_t44,366,8620134.39,3351542.93,1.54,2.43e-06,0.0688,515066,1986
base2040_t44,367,8534429.44,3384427.52,1.51,2.38e-06,0.0672,516540,1474
base2040_t44,368,8473349.25,3414964.64,1.48,2.33e-06,0.066,518069,1529
base2040_t44,369,8446141.21,3433434.66,1.47,2.3e-06,0.0654,519318,1249
base2040_t44,370,8336792.88,3476744.73,1.43,2.24e-06,0.0634,520864,1546
base2040_t44,371,8270783.32,3509059.98,1.4,2.19e-06,0.0621,522454,1590
base2040_t44,372,8238960.1,3540699.22,1.39,2.16e-06,0.0613,523802,1348
base2040_t44,373,8199665.71,3580723.65,1.37,2.13e-06,0.0603,525534,1732
base2040_t44,374,8124761.9,3624034.62,1.34,2.07e-06,0.0587,526967,1433
base2040_t44,375,8077880.26,3658084.84,1.32,2.03e-06,0.0577,528700,1733
base2040_t44,376,7986057.89,3690871.23,1.29,1.99e-06,0.056,530141,1441
base2040_t44,377,7939325.43,3722060.75,1.27,1.94e-06,0.055,531901,1760
base2040_t44,378,7882948.74,3739223.75,1.24,1.91e-06,0.054,533476,1575
base2040_t44,379,7823898.87,3765064.18,1.22,1.87e-06,0.0529,535384,1908
base2040_t44,380,7754951.87,3796260.59,1.19,1.82e-06,0.0516,537085,1701
base2040_t44,381,7709494.71,3822365.97,1.17,1.78e-06,0.0507,538789,1704
base2040_t44,382,7674803.23,3849115.17,1.16,1.75e-06,0.0499,540681,1892
base2040_t44,383,7644379.23,3872523.2,1.14,1.71e-06,0.0492,542250,1569
base2040_t44,384,7603092.87,3899528.39,1.13,1.67e-06,0.0483,543862,1612
base2040_t44,385,7549061.48,3923423.09,1.1,1.64e-06,0.0473,545456,1594
base2040_t44,386,7516493.39,3943532.77,1.09,1.6e-06,0.0466,546712,1256
base2040_t44,387,7482665.3,3970838.84,1.08,1.56e-06,0.0458,548044,1332
base2040_t44,388,7404014.29,3998347.09,1.04,1.52e-06,0.0444,549535,1491
base2040_t44,389,7351714.13,4026634.36,1.02,1.49e-06,0.0433,551100,1565
base2040_t44,390,7308975.78,4045157.19,1.0,1.46e-06,0.0425,552546,1446
base2040_t44,391,7284495.47,4057887.17,0.991,1.44e-06,0.042,553808,1262
base2040_t44,392,7267288.64,4069150.42,0.983,1.42e-06,0.0417,555037,1229
base2040_t44,393,7224307.96,4087954.49,0.965,1.76e-06,0.0409,556304,1267
base2040_t44,394,7192803.2,4103637.56,0.952,1.65e-06,0.0402,557657,1353
base2040_t44,395,7169935.17,4114576.68,0.942,1.62e-06,0.0398,559079,1422
base2040_t44,396,7149084.66,4128787.45,0.933,1.51e-06,0.0393,560433,1354
base2040_t44,397,7120929.93,4147567.65,0.921,1.44e-06,0.0387,561778,1345
base2040_t44,398,7097235.95,4165839.17,0.911,1.43e-06,0.0382,563100,1322
base2040_t44,399,7052241.06,4189035.47,0.891,1.4e-06,0.0373,564667,1567
base2040_t44,400,7003446.23,4208567.44,0.871,1.35e-06,0.0364,566099,1432
base2040_t44,401,6954299.11,4226776.0,0.85,1.32e-06,0.0355,567399,1300
base2040_t44,402,6929663.51,4240146.61,0.84,1.3e-06,0.035,568684,1285
base2040_t44,403,6901286.67,4259450.89,0.828,1.36e-06,0.0344,570096,1412
base2040_t44,404,6872295.98,4273310.08,0.816,1.4e-06,0.0338,571311,1215
base2040_t44,405,6822585.15,4286030.85,0.796,1.39e-06,0.033,572721,1410
base2040_t44,406,6781253.53,4310655.06,0.778,1.48e-06,0.0322,574188,1467
base2040_t44,407,6754367.15,4322708.49,0.766,1.45e-06,0.0317,575540,1352
base2040_t44,408,6723936.73,4331282.85,0.753,1.44e-06,0.0311,577086,1546
base2040_t44,409,6677491.7,4346667.48,0.734,1.41e-06,0.0303,578848,1762
base2040_t44,410,6650635.79,4365469.35,0.722,1.44e-06,0.0297,580169,1321
base2040_t44,411,6615866.62,4380982.04,0.707,1.41e-06,0.0291,581759,1590
base2040_t44,412,6576026.72,4395631.49,0.69,1.38e-06,0.0284,582982,1223
base2040_t44,413,6557494.13,4404691.59,0.681,1.36e-06,0.028,584209,1227
base2040_t44,414,6548984.9,4417120.64,0.678,1.34e-06,0.0277,585638,1429
base2040_t44,415,6524029.22,4433192.68,0.666,1.31e-06,0.0272,586838,1200
base2040_t44,416,6502360.3,4445801.58,0.657,1.28e-06,0.0268,588274,1436
base2040_t44,417,6457996.2,4460495.99,0.638,1.24e-06,0.026,590065,1791
base2040_t44,418,6434354.34,4477321.39,0.627,1.2e-06,0.0255,591335,1270
base2040_t44,419,6410933.68,4486406.36,0.617,1.18e-06,0.025,592861,1526
base2040_t44,420,6384209.39,4496469.68,0.605,1.12e-06,0.0246,594109,1248
base2040_t44,421,6350392.44,4507191.17,0.59,1.1e-06,0.024,595735,1626
base2040_t44,422,6321300.8,4522144.26,0.578,1.06e-06,0.0234,597161,1426
base2040_t44,423,6284311.98,4535812.57,0.562,1.04e-06,0.0227,598856,1695
base2040_t44,424,6259517.67,4550067.75,0.551,1.01e-06,0.0222,600306,1450
base2040_t44,425,6236786.22,4563852.64,0.541,9.75e-07,0.0218,601814,1508
base2040_t44,426,6216433.48,4576661.0,0.532,9.49e-07,0.0213,603143,1329
base2040_t44,427,6177942.77,4589345.21,0.515,9.13e-07,0.0207,604553,1410
base2040_t44,428,6131543.07,4605438.33,0.495,8.82e-07,0.0198,606071,1518
base2040_t44,429,6097838.8,4620168.56,0.48,8.53e-07,0.0192,607613,1542
base2040_t44,430,6076605.9,4630021.69,0.47,8.34e-07,0.0188,609012,1399
base2040_t44,431,6065194.01,4638034.08,0.465,8.18e-07,0.0186,610261,1249
base2040_t44,432,6022593.94,4649555.58,0.446,7.98e-07,0.0178,611709,1448
base2040_t44,433,5989674.46,4662864.36,0.432,7.73e-07,0.0172,613204,1495
base2040_t44,434,5965128.78,4675065.65,0.421,7.5e-07,0.0168,614441,1237
base2040_t44,435,5953302.23,4680119.25,0.415,7.4e-07,0.0165,615643,1202
base2040_t44,436,5941653.67,4684298.22,0.41,7.32e-07,0.0163,617214,1571
base2040_t44,437,5927884.8,4691955.63,0.403,7.18e-07,0.0161,618467,1253
base2040_t44,438,5912739.4,4703272.74,0.396,6.97e-07,0.0157,619763,1296
base2040_t44,439,5878132.81,4714133.63,0.381,6.74e-07,0.0151,621202,1439
base2040_t44,440,5850035.15,4724371.55,0.368,6.55e-07,0.0146,622456,1254
base2040_t44,441,5824900.44,4735556.79,0.357,6.33e-07,0.0142,623846,1390
base2040_t44,442,5805895.35,4742655.29,0.348,6.2e-07,0.0138,625190,1344
base2040_t44,443,5784539.49,4750704.98,0.338,5.96e-07,0.0134,626471,1281
base2040_t44,444,5766851.34,4761210.65,0.329,5.76e-07,0.0131,627739,1268
base2040_t44,445,5747021.37,4768510.1,0.32,5.61e-07,0.0127,628998,1259
base2040_t44,446,5727741.21,4778500.23,0.311,5.43e-07,0.0123,630380,1382
base2040_t44,447,5712964.44,4790556.42,0.305,5.22e-07,0.012,631903,1523
base2040_t44,448,5698266.93,4797494.4,0.298,5.1e-07,0.0117,633140,1237
base2040_t44,449,5686850.08,4800111.22,0.293,5.05e-07,0.0115,634479,1339
base2040_t44,450,5683362.76,4804878.77,0.291,4.97e-07,0.0114,635809,1330
base2040_t44,451,5664569.58,4814442.36,0.283,4.78e-07,0.011,637304,1495
base2040_t44,452,5650309.12,4823003.45,0.276,4.64e-07,0.0107,638617,1313
base2040_t44,453,5640617.45,4828569.31,0.272,4.55e-07,0.0105,639941,1324
base2040_t44,454,5631139.64,4832811.57,0.267,4.52e-07,0.0104,641307,1366
base2040_t44,455,5626279.41,4835882.49,0.265,4.46e-07,0.0103,642576,1269
base2040_t44,456,5617675.52,4840947.92,0.26,4.36e-07,0.0101,643769,1193
base2040_t44,457,5596092.89,4846860.41,0.251,4.37e-07,0.00973,645132,1363
base2040_t44,458,5582999.7,4852716.34,0.245,4.3e-07,0.00948,646528,1396
base2040_t44,459,5568733.17,4858154.26,0.238,1.02e-06,0.00923,647765,1237
base2040_t44,460,5551247.34,4867448.62,0.23,2.06e-06,0.00888,649159,1394
base2040_t44,461,5540377.75,4873400.66,0.225,2.01e-06,0.00866,650549,1390
base2040_t44,462,5532369.33,4878239.18,0.221,1.97e-06,0.00849,651908,1359
base2040_t44,463,5524062.34,4884356.64,0.217,1.8e-06,0.0083,653370,1462
base2040_t44,464,5507197.45,4888898.52,0.209,1.68e-06,0.00803,654764,1394
base2040_t44,465,5491518.79,4894758.1,0.201,1.54e-06,0.00775,656167,1403
base2040_t44,466,5477593.56,4899943.17,0.195,1.5e-06,0.0075,657571,1404
base2040_t44,467,5468421.7,4906306.22,0.19,1.44e-06,0.0073,658945,1374
base2040_t44,468,5460264.27,4912984.28,0.186,1.45e-06,0.0071,660463,1518
base2040_t44,469,5452620.27,4916986.8,0.183,1.54e-06,0.00695,661842,1379
base2040_t44,470,5445446.31,4919412.26,0.179,1.54e-06,0.00683,663050,1208
base2040_t44,471,5438778.48,4921432.37,0.176,1.5e-06,0.00671,664417,1367
base2040_t44,472,5430608.06,4925184.2,0.172,1.51e-06,0.00656,665610,1193
base2040_t44,473,5425304.1,4927858.36,0.169,1.48e-06,0.00646,666923,1313
base2040_t44,474,5420901.86,4930506.0,0.167,1.43e-06,0.00636,668358,1435
base2040_t44,475,5415416.91,4933582.58,0.164,1.48e-06,0.00625,669838,1480
base2040_t44,476,5410180.56,4936555.72,0.162,1.44e-06,0.00615,671168,1330
base2040_t44,477,5406679.07,4939688.69,0.16,1.39e-06,0.00606,672384,1216
base2040_t44,478,5399114.78,4942141.41,0.156,1.39e-06,0.00593,673743,1359
base2040_t44,479,5388967.61,4947399.43,0.152,1.3e-06,0.00573,675216,1473
base2040_t44,480,5382669.56,4951277.99,0.149,1.27e-06,0.0056,676449,1233
base2040_t44,481,5374978.8,4955324.18,0.145,1.23e-06,0.00545,677875,1426
base2040_t44,482,5365987.76,4959632.2,0.141,1.2e-06,0.00527,679167,1292
base2040_t44,483,5356324.62,4964153.02,0.136,9.04e-07,0.00509,680560,1393
base2040_t44,484,5343587.93,4968244.5,0.13,8.7e-07,0.00487,682077,1517
base2040_t44,485,5337339.45,4972955.37,0.127,8.43e-07,0.00473,683461,1384
base2040_t44,486,5333563.24,4975364.8,0.125,8.25e-07,0.00465,684677,1216
base2040_t44,487,5329011.97,4980568.04,0.123,7.52e-07,0.00452,686094,1417
base2040_t44,488,5324489.39,4983927.08,0.121,7.61e-07,0.00442,687356,1262
base2040_t44,489,5319308.0,4986434.91,0.118,8.08e-07,0.00432,688664,1308
base2040_t44,490,5313823.34,4989005.26,0.115,9.16e-07,0.00421,690135,1471
base2040_t44,491,5308812.25,4991573.88,0.113,9.01e-07,0.00412,691574,1439
base2040_t44,492,5301985.08,4994287.69,0.11,8.96e-07,0.00399,693077,1503
base2040_t44,493,5292492.39,4997072.07,0.105,9.45e-07,0.00383,694594,1517
base2040_t44,494,5283465.74,5000151.87,0.101,8.43e-07,0.00368,695981,1387
base2040_t44,495,5276002.53,5002843.53,0.0976,8.21e-07,0.00354,697292,1311
base2040_t44,496,5269736.06,5004754.1,0.0945,8.01e-07,0.00344,698638,1346
base2040_t44,497,5263418.75,5007286.43,0.0915,7.58e-07,0.00332,699926,1288
base2040_t44,498,5259830.24,5010642.33,0.0897,6.26e-07,0.00323,701306,1380
base2040_t44,499,5255905.4,5012828.0,0.0878,5.97e-07,0.00315,702726,1420
base2040_t44,500,5249081.23,5014434.58,0.0844,4.89e-07,0.00304,704000,1274
base2040_t44,501,5243471.87,5017121.93,0.0818,4.1e-07,0.00294,705326,1326
base2040_t44,502,5238372.68,5018928.5,0.0793,3.99e-07,0.00285,706581,1255
base2040_t44,503,5234621.17,5020950.24,0.0774,3.89e-07,0.00277,707819,1238
base2040_t44,504,5231771.42,5022637.96,0.0761,6.63e-07,0.00271,709137,1318
base2040_t44,505,5224071.18,5024783.2,0.0721,4.22e-07,0.00258,710455,1318
base2040_t44,506,5219721.0,5026663.39,0.07,1.12e-07,0.0025,711735,1280
base2040_t44,507,5215178.46,5028982.16,0.0679,5.07e-07,0.00241,713092,1357
base2040_t44,508,5211230.17,5030830.03,0.0659,2.5e-07,0.00234,714418,1326
base2040_t44,509,5208910.41,5031992.54,0.0647,2.45e-07,0.00229,715605,1187
base2040_t44,510,5206265.35,5033921.37,0.0634,1.22e-07,0.00223,717021,1416
base2040_t44,511,5203822.6,5035407.89,0.0621,1.18e-07,0.00218,718244,1223
base2040_t44,512,5201715.57,5036696.44,0.061,1.15e-07,0.00214,719587,1343
base2040_t44,513,5198777.52,5038581.88,0.0596,3.33e-07,0.00208,720966,1379
base2040_t44,514,5195738.82,5040329.11,0.0582,4.99e-07,0.00202,722336,1370
base2040_t44,515,5192720.56,5041651.15,0.0567,1.79e-07,0.00196,723670,1334
base2040_t44,516,5190538.22,5042611.3,0.0556,1.75e-07,0.00192,724856,1186
base2040_t44,517,5186568.76,5043478.23,0.0536,7.7e-07,0.00186,726211,1355
base2040_t44,518,5184168.17,5044905.85,0.0523,7.44e-07,0.00181,727405,1194
base2040_t44,519,5181109.65,5045917.13,0.0508,9.87e-07,0.00175,728860,1455
base2040_t44,520,5177982.91,5047058.76,0.0492,9.57e-07,0.0017,730182,1322
base2040_t44,521,5175276.68,5047643.39,0.0477,9.43e-07,0.00165,731460,1278
base2040_t44,522,5172348.84,5048618.39,0.0462,9.21e-07,0.0016,732742,1282
base2040_t44,523,5170473.96,5049721.9,0.0453,9.28e-07,0.00157,734144,1402
base2040_t44,524,5168044.35,5050546.57,0.0442,8.42e-07,0.00152,735624,1480
base2040_t44,525,5164985.15,5051526.99,0.0426,8.13e-07,0.00147,737079,1455
base2040_t44,526,5163515.39,5052556.79,0.0418,8.2e-07,0.00144,738278,1199
base2040_t44,527,5162139.23,5053897.63,0.0411,7.48e-07,0.0014,739681,1403
base2040_t44,528,5158544.41,5055011.76,0.0392,7.24e-07,0.00134,741001,1320
base2040_t44,529,5156806.54,5056116.34,0.0383,7.27e-07,0.00131,742277,1276
base2040_t44,530,5155422.71,5056741.97,0.0375,7.06e-07,0.00128,743589,1312
base2040_t44,531,5152190.63,5057643.15,0.036,6.67e-07,0.00123,744976,1387
base2040_t44,532,5150396.48,5058627.58,0.035,6.42e-07,0.00119,746427,1451
base2040_t44,533,5148762.88,5059461.77,0.0342,6.15e-07,0.00116,747718,1291
base2040_t44,534,5147473.77,5060408.62,0.0336,6.84e-07,0.00113,749171,1453
base2040_t44,535,5145540.74,5061057.49,0.0325,6.66e-07,0.0011,750349,1178
base2040_t44,536,5143744.11,5061576.36,0.0316,6.55e-07,0.00107,751797,1448
base2040_t44,537,5141778.24,5062283.51,0.0305,6.43e-07,0.00103,753252,1455
base2040_t44,538,5139822.08,5062997.16,0.0295,6.23e-07,0.000996,754557,1305
base2040_t44,539,5138304.14,5063888.56,0.0287,6.17e-07,0.000965,755891,1334
base2040_t44,540,5136108.79,5064683.98,0.0276,6.01e-07,0.000926,757415,1524
base2040_t44,541,5133833.43,5065292.55,0.0264,5.86e-07,0.000889,758758,1343
base2040_t44,542,5131761.45,5066269.26,0.0253,5.47e-07,0.000849,760136,1378
base2040_t44,543,5129639.87,5066898.22,0.0242,5.17e-07,0.000813,761514,1378
base2040_t44,544,5128515.94,5067378.9,0.0236,5.03e-07,0.000793,762829,1315
base2040_t44,545,5127610.59,5067867.73,0.0231,4.96e-07,0.000774,764051,1222
base2040_t44,546,5125884.42,5068426.16,0.0223,4.69e-07,0.000745,765446,1395
base2040_t44,547,5124045.65,5069163.16,0.0213,4.43e-07,0.000711,766779,1333
base2040_t44,548,5122143.24,5069925.54,0.0204,4.23e-07,0.000677,768136,1357
base2040_t44,549,5120568.93,5070655.73,0.0195,4.29e-07,0.000647,769545,1409
base2040_t44,550,5119549.49,5071458.05,0.019,4e-07,0.000623,771070,1525
base2040_t44,551,5117886.92,5072012.43,0.0181,3.74e-07,0.000595,772502,1432
base2040_t44,552,5116424.04,5072648.38,0.0174,3.59e-07,0.000567,773783,1281
base2040_t44,553,5115201.15,5073324.98,0.0167,3.64e-07,0.000543,775202,1419
base2040_t44,554,5114423.64,5073819.88,0.0163,3.49e-07,0.000526,776419,1217
base2040_t44,555,5113280.36,5074373.93,0.0157,3.51e-07,0.000504,777829,1410
base2040_t44,556,5112004.42,5074862.82,0.015,3.5e-07,0.000481,779264,1435
base2040_t44,557,5110981.85,5075242.7,0.0145,3.37e-07,0.000463,780516,1252
base2040_t44,558,5109924.4,5075633.69,0.0139,3.29e-07,0.000444,781904,1388
base2040_t44,559,5109023.53,5075958.04,0.0134,3.11e-07,0.000429,783245,1341
base2040_t44,560,5108532.31,5076262.34,0.0132,2.98e-07,0.000418,784499,1254
base2040_t44,561,5107549.05,5076700.98,0.0126,2.77e-07,0.0004,785839,1340
base2040_t44,562,5106534.73,5077056.06,0.0121,2.58e-07,0.000382,787157,1318
base2040_t44,563,5105249.48,5077326.44,0.0114,2.44e-07,0.000362,788505,1348
base2040_t44,564,5104455.73,5077558.93,0.011,2.37e-07,0.000349,789788,1283
base2040_t44,565,5103549.41,5077860.94,0.0104,2.27e-07,0.000333,791144,1356
base2040_t44,566,5102738.89,5078175.72,0.01,2.19e-07,0.000318,792461,1317
base2040_t44,567,5101773.42,5078521.47,0.00946,2.09e-07,0.000301,793779,1318
base2040_t44,568,5101126.33,5078983.17,0.00912,1.84e-07,0.000287,795204,1425
base2040_t44,569,5100372.61,5079201.02,0.0087,1.78e-07,0.000274,796500,1296
base2040_t44,570,5099874.04,5079292.9,0.00841,1.75e-07,0.000267,797748,1248
base2040_t44,571,5099154.07,5079534.88,0.00802,1.71e-07,0.000254,799027,1279
base2040_t44,572,5098720.1,5079904.43,0.00778,1.58e-07,0.000244,800299,1272
base2040_t44,573,5098282.55,5080229.75,0.00756,1.53e-07,0.000234,801540,1241
base2040_t44,574,5097797.04,5080427.13,0.00728,1.48e-07,0.000225,802776,1236
base2040_t44,575,5097269.34,5080624.49,0.00699,1.42e-07,0.000216,804079,1303
base2040_t44,576,5096728.37,5080831.33,0.0067,1.36e-07,0.000206,805421,1342
base2040_t44,577,5096098.48,5080990.16,0.00633,1.31e-07,0.000196,806732,1311
base2040_t44,578,5095355.74,5081172.18,0.00592,1.25e-07,0.000184,808149,1417
base2040_t44,579,5094994.45,5081375.07,0.00572,1.17e-07,0.000177,809481,1332
base2040_t44,580,5094586.74,5081531.74,0.00549,1.11e-07,0.000169,810823,1342
base2040_t44,581,5094256.09,5081720.54,0.00531,1.06e-07,0.000162,812195,1372
base2040_t44,582,5093874.43,5081935.02,0.0051,9.98e-08,0.000155,813536,1341
base2040_t44,583,5093528.5,5082158.58,0.00489,9.3e-08,0.000147,814827,1291
base2040_t44,584,5093183.0,5082306.07,0.0047,8.91e-08,0.000141,816100,1273
base2040_t44,585,5092869.57,5082433.75,0.00452,8.55e-08,0.000135,817331,1231
base2040_t44,586,5092441.1,5082593.06,0.00427,8.04e-08,0.000128,818640,1309
base2040_t44,587,5091974.62,5082679.06,0.00401,7.77e-08,0.00012,819949,1309
base2040_t44,588,5091783.71,5082747.9,0.00389,7.56e-08,0.000117,821148,1199
base2040_t44,589,5091444.34,5082819.82,0.0037,7.34e-08,0.000112,822594,1446
base2040_t44,590,5091158.11,5082990.97,0.00354,6.81e-08,0.000106,824027,1433
base2040_t44,591,5091018.77,5083082.88,0.00346,6.53e-08,0.000103,825352,1325
base2040_t44,592,5090622.94,5083213.6,0.00323,6.16e-08,9.6e-05,826724,1372
base2040_t44,593,5090160.82,5083311.0,0.00297,5.86e-08,8.88e-05,828005,1281
base2040_t44,594,5089874.99,5083397.85,0.0028,5.59e-08,8.39e-05,829198,1193
base2040_t44,595,5089760.85,5083461.85,0.00273,5.38e-08,8.16e-05,830421,1223
base2040_t44,596,5089555.04,5083549.48,0.00261,5.11e-08,7.78e-05,831754,1333
base2040_t44,597,5089353.01,5083620.37,0.00249,4.89e-08,7.43e-05,832962,1208
base2040_t44,598,5089230.22,5083729.42,0.00242,4.57e-08,7.13e-05,834295,1333
base2040_t44,599,5089072.99,5083787.05,0.00233,4.39e-08,6.85e-05,835602,1307
base2040_t44,600,5088878.96,5083837.98,0.00222,4.19e-08,6.53e-05,836911,1309
base2040_t44,601,5088724.6,5083912.03,0.00213,3.96e-08,6.24e-05,838200,1289
base2040_t44,602,5088575.07,5083973.66,0.00205,3.77e-08,5.96e-05,839640,1440
base2040_t44,603,5088453.76,5084030.8,0.00198,3.57e-08,5.73e-05,840943,1303
base2040_t44,604,5088286.71,5084121.98,0.00189,3.27e-08,5.4e-05,842300,1357
base2040_t44,605,5088076.37,5084224.88,0.00176,2.95e-08,4.99e-05,843701,1401
oldbase2030_t44,0,79367408800000.0,-283830978000000.0,562000000000.0,30.7,154000000000.0,21851,
oldbase2030_t44,1,75848555600000.0,-280521615000000.0,540000000000.0,2290.0,149000000000.0,21901,50
oldbase2030_t44,2,74064559900000.0,-287188888000000.0,528000000000.0,4490.0,146000000000.0,22130,229
oldbase2030_t44,3,71617344000000.0,-333280390000000.0,512000000000.0,4320.0,142000000000.0,22658,528
oldbase2030_t44,4,67704274100000.0,-492989507000000.0,485000000000.0,4050.0,135000000000.0,23672,1014
oldbase2030_t44,5,62526674900000.0,-745917087000000.0,448000000000.0,4440.0,126000000000.0,24692,1020
oldbase2030_t44,6,59732086300000.0,-1121604000000000.0,428000000000.0,4090.0,120000000000.0,25721,1029
oldbase2030_t44,7,55299466800000.0,-1716360590000000.0,395000000000.0,3670.0,109000000000.0,26757,1036
oldbase2030_t44,8,47713319100000.0,-2452010540000000.0,340000000000.0,3080.0,92600000000.0,27785,1028
oldbase2030_t44,9,41127602700000.0,-2812431460000000.0,292000000000.0,2650.0,79700000000.0,28823,1038
oldbase2030_t44,10,34899294100000.0,-3032226170000000.0,245000000000.0,2220.0,67200000000.0,29860,1037
oldbase2030_t44,11,30429377700000.0,-3193812500000000.0,211000000000.0,1930.0,58100000000.0,30890,1030
oldbase2030_t44,12,28268958700000.0,-3298577760000000.0,194000000000.0,1730.0,53000000000.0,31905,1015
oldbase2030_t44,13,26839180800000.0,-3378384690000000.0,182000000000.0,1540.0,49200000000.0,32951,1046
oldbase2030_t44,14,22579063500000.0,-3510377000000000.0,148000000000.0,1140.0,39000000000.0,34012,1061
oldbase2030_t44,15,20831644600000.0,-3538062880000000.0,133000000000.0,954.0,34500000000.0,35035,1023
oldbase2030_t44,16,18866010600000.0,-3527803270000000.0,117000000000.0,825.0,30200000000.0,36066,1031
oldbase2030_t44,17,16726083400000.0,-3480892750000000.0,98900000000.0,707.0,25700000000.0,37119,1053
oldbase2030_t44,18,14327246400000.0,-3289077320000000.0,78500000000.0,500.0,19900000000.0,38180,1061
oldbase2030_t44,19,12704558300000.0,-3057466630000000.0,64800000000.0,400.0,16400000000.0,39210,1030
oldbase2030_t44,20,11540376000000.0,-2651694110000000.0,54800000000.0,297.0,13600000000.0,40241,1031
oldbase2030_t44,21,10678602200000.0,-2409403580000000.0,47600000000.0,256.0,11800000000.0,41257,1016
oldbase2030_t44,22,10127402800000.0,-2045207370000000.0,42900000000.0,217.0,10500000000.0,42273,1016
oldbase2030_t44,23,8916378470000.0,-1436578580000000.0,33000000000.0,169.0,8180000000.0,43349,1076
oldbase2030_t44,24,8324018020000.0,-1020818210000000.0,28300000000.0,145.0,7010000000.0,44379,1030
oldbase2030_t44,25,7831446360000.0,-600551770000000.0,24400000000.0,119.0,6010000000.0,45418,1039
oldbase2030_t44,26,7570974690000.0,-823441061000000.0,22400000000.0,98.3,5440000000.0,46441,1023
oldbase2030_t44,27,7146294570000.0,-613716184000000.0,19200000000.0,83.6,4670000000.0,47479,1038
oldbase2030_t44,28,6740577170000.0,-485358838000000.0,16200000000.0,64.6,3900000000.0,48562,1083
oldbase2030_t44,29,6424673620000.0,-380752886000000.0,13900000000.0,53.9,3340000000.0,49592,1030
oldbase2030_t44,30,6127040740000.0,-315090593000000.0,11900000000.0,44.5,2840000000.0,50615,1023
oldbase2030_t44,31,6012682190000.0,-264517643000000.0,11100000000.0,38.8,2640000000.0,51637,1022
oldbase2030_t44,32,5941096960000.0,-234966073000000.0,10600000000.0,34.3,2500000000.0,52646,1009
oldbase2030_t44,33,5887478270000.0,-219078067000000.0,10300000000.0,31.7,2400000000.0,53668,1022
oldbase2030_t44,34,5825758840000.0,-214793377000000.0,9850000000.0,31.0,2310000000.0,54683,1015
oldbase2030_t44,35,5666126020000.0,-193784587000000.0,8710000000.0,26.9,2040000000.0,55712,1029
oldbase2030_t44,36,5523380680000.0,-178108733000000.0,7680000000.0,23.8,1800000000.0,56744,1032
oldbase2030_t44,37,5481758140000.0,-176603842000000.0,7410000000.0,22.8,1740000000.0,57789,1045
oldbase2030_t44,38,5430181530000.0,-174363749000000.0,7070000000.0,22.2,1670000000.0,58804,1015
oldbase2030_t44,39,5348123100000.0,-168156314000000.0,6550000000.0,20.3,1540000000.0,59834,1030
oldbase2030_t44,40,5264431450000.0,-167212890000000.0,6010000000.0,18.7,1420000000.0,60882,1048
thermal2030_t44,0,35807006500000.0,-266372777000000.0,573000000000.0,80.5,57300000000.0,22391,
thermal2030_t44,1,34665215000000.0,-276783426000000.0,555000000000.0,3620.0,55500000000.0,22409,18
thermal2030_t44,2,32846797200000.0,-273628058000000.0,526000000000.0,3810.0,53300000000.0,23136,727
thermal2030_t44,3,31960859400000.0,-292836058000000.0,512000000000.0,4320.0,51600000000.0,23662,526
thermal2030_t44,4,30898178300000.0,-333874715000000.0,495000000000.0,4020.0,50200000000.0,24670,1008
thermal2030_t44,5,29747113000000.0,-343377129000000.0,476000000000.0,4580.0,48700000000.0,25676,1006
thermal2030_t44,6,29309776700000.0,-486973506000000.0,469000000000.0,4280.0,47500000000.0,26703,1027
thermal2030_t44,7,27436977200000.0,-568338924000000.0,439000000000.0,4040.0,44600000000.0,27737,1034
thermal2030_t44,8,25478705300000.0,-752019478000000.0,407000000000.0,3700.0,41200000000.0,28780,1043
thermal2030_t44,9,21330103800000.0,-1002754020000000.0,339000000000.0,2930.0,34000000000.0,29831,1051
thermal2030_t44,10,18105799900000.0,-1105678710000000.0,286000000000.0,2440.0,28600000000.0,30862,1031
thermal2030_t44,11,15160864900000.0,-1132243720000000.0,236000000000.0,2170.0,24200000000.0,31906,1044
thermal2030_t44,12,12749074300000.0,-1152851570000000.0,194000000000.0,1700.0,19700000000.0,32980,1074
thermal2030_t44,13,10723447300000.0,-1123836860000000.0,158000000000.0,1400.0,16100000000.0,34039,1059
thermal2030_t44,14,9397441160000.0,-1098735400000000.0,134000000000.0,1310.0,14100000000.0,35075,1036
thermal2030_t44,15,8531237530000.0,-1045975340000000.0,118000000000.0,1150.0,12400000000.0,36113,1038
thermal2030_t44,16,7789999580000.0,-979808786000000.0,105000000000.0,1010.0,11000000000.0,37142,1029
thermal2030_t44,17,7095736040000.0,-843541694000000.0,92300000000.0,780.0,9330000000.0,38178,1036
thermal2030_t44,18,6803923300000.0,-794620190000000.0,87000000000.0,704.0,8720000000.0,39187,1009
thermal2030_t44,19,6315545790000.0,-669339678000000.0,78300000000.0,578.0,7720000000.0,40208,1021
thermal2030_t44,20,5331031340000.0,-594814839000000.0,61100000000.0,476.0,6120000000.0,41245,1037
thermal2030_t44,21,4901976670000.0,-537240871000000.0,53800000000.0,411.0,5370000000.0,42262,1017
thermal2030_t44,22,4481431840000.0,-495388980000000.0,46700000000.0,369.0,4700000000.0,43277,1015
thermal2030_t44,23,4063661120000.0,-451088331000000.0,39700000000.0,320.0,4030000000.0,44306,1029
thermal2030_t44,24,3698073790000.0,-391341691000000.0,33800000000.0,255.0,3380000000.0,45378,1072
thermal2030_t44,25,3468491370000.0,-362131519000000.0,30100000000.0,229.0,3030000000.0,46400,1022
thermal2030_t44,26,3269656450000.0,-316546064000000.0,27000000000.0,191.0,2670000000.0,47424,1024
thermal2030_t44,27,3009010450000.0,-284589384000000.0,23000000000.0,165.0,2290000000.0,48446,1022
thermal2030_t44,28,2903943280000.0,-253201948000000.0,21400000000.0,143.0,2100000000.0,49469,1023
thermal2030_t44,29,2674771720000.0,-230702430000000.0,18100000000.0,125.0,1790000000.0,50506,1037
thermal2030_t44,30,2529577720000.0,-213680144000000.0,16000000000.0,113.0,1590000000.0,51519,1013
thermal2030_t44,31,2419982930000.0,-198666266000000.0,14500000000.0,104.0,1440000000.0,52542,1023
thermal2030_t44,32,2299942920000.0,-188680937000000.0,12800000000.0,96.4,1290000000.0,53564,1022
thermal2030_t44,33,2200461160000.0,-173725852000000.0,11400000000.0,86.0,1160000000.0,54594,1030
thermal2030_t44,34,2084795850000.0,-161344574000000.0,9890000000.0,79.4,1010000000.0,55618,1024
thermal2030_t44,35,2008823230000.0,-157050027000000.0,8890000000.0,75.7,925000000.0,56633,1015
thermal2030_t44,36,1958356600000.0,-137966488000000.0,8220000000.0,59.4,825000000.0,57662,1029
thermal2030_t44,37,1865478240000.0,-132223157000000.0,7020000000.0,53.9,715000000.0,58713,1051
thermal2030_t44,38,1831695020000.0,-128018590000000.0,6590000000.0,49.3,667000000.0,59737,1024
thermal2030_t44,39,1789322790000.0,-124079891000000.0,6060000000.0,45.5,614000000.0,60781,1044
thermal2030_t44,40,1767413430000.0,-120862642000000.0,5780000000.0,42.5,583000000.0,61798,1017
thermal2030_t44,41,1679408350000.0,-113189028000000.0,4710000000.0,35.4,478000000.0,62857,1059
thermal2030_t44,42,1625615000000.0,-105862881000000.0,4080000000.0,28.9,409000000.0,63888,1031
thermal2030_t44,43,1562271120000.0,-100842392000000.0,3380000000.0,24.9,342000000.0,64926,1038
thermal2030_t44,44,1467339300000.0,-90613191200000.0,2350000000.0,17.8,240000000.0,65947,1021
thermal2030_t44,45,1404021220000.0,-83622630800000.0,1640000000.0,11.8,168000000.0,67000,1053
thermal2030_t44,46,1323150380000.0,-78303161000000.0,805000000.0,5.64,85100000.0,68046,1046
thermal2030_t44,47,1291400610000.0,-73483499500000.0,493000000.0,3.42,52300000.0,69092,1046
thermal2030_t44,48,1261148730000.0,-68408474700000.0,252000000.0,1.52,26800000.0,70150,1058
thermal2030_t44,49,1237004140000.0,-56463094800000.0,74700000.0,0.475,8540000.0,71193,1043
thermal2030_t44,50,1154573370000.0,-43963503000000.0,34600000.0,0.232,4110000.0,72209,1016
thermal2030_t44,51,1110293020000.0,-22732875600000.0,26200000.0,0.0481,2550000.0,73239,1030
thermal2030_t44,52,782674271000.0,-15659738400000.0,6950000.0,0.0191,803000.0,74284,1045
thermal2030_t44,53,570200894000.0,-8199404030000.0,2780000.0,0.0173,331000.0,75417,1133
thermal2030_t44,54,423491545000.0,-4469449370000.0,1500000.0,0.0105,172000.0,76513,1096
thermal2030_t44,55,265083911000.0,-2902369670000.0,655000.0,0.00681,86400.0,77558,1045
thermal2030_t44,56,211093777000.0,-1876410890000.0,452000.0,0.00406,56000.0,78595,1037
thermal2030_t44,57,167943320000.0,-1432887970000.0,328000.0,0.00301,40700.0,79631,1036
thermal2030_t44,58,141749439000.0,-1208665800000.0,262000.0,0.00253,32900.0,80639,1008
thermal2030_t44,59,99903914000.0,-864688048000.0,162000.0,0.00178,21400.0,81720,1081
thermal2030_t44,60,77223549900.0,-588944811000.0,116000.0,0.00113,14500.0,82809,1089
thermal2030_t44,61,52228855900.0,-522392439000.0,70700.0,0.000994,10900.0,83840,1031
thermal2030_t44,62,40640053700.0,-443843929000.0,51000.0,0.000835,8660.0,84870,1030
thermal2030_t44,63,30648970300.0,-372610673000.0,35500.0,0.000701,6800.0,85915,1045
thermal2030_t44,64,24575561100.0,-322996881000.0,27000.0,0.00061,5640.0,86960,1045
thermal2030_t44,65,21013389800.0,-289893949000.0,22100.0,0.000552,4920.0,87982,1022
thermal2030_t44,66,14606045100.0,-236666459000.0,13500.0,0.000468,3760.0,89024,1042
thermal2030_t44,67,10717486500.0,-186150141000.0,8570.0,0.000371,2840.0,90058,1034
thermal2030_t44,68,8302450880.0,-139687817000.0,5900.0,0.000285,2090.0,91076,1018
thermal2030_t44,69,5939817930.0,-86907483700.0,3300.0,0.000188,1280.0,92102,1026
thermal2030_t44,70,4513301970.0,-72704262800.0,2090.0,0.000158,1040.0,93116,1014
thermal2030_t44,71,3591687240.0,-55922472900.0,1340.0,0.000143,793.0,94134,1018
thermal2030_t44,72,3545179740.0,-46805071900.0,1310.0,0.000177,673.0,95146,1012
thermal2030_t44,73,3490832390.0,-45313698600.0,1280.0,0.000179,652.0,96152,1006
thermal2030_t44,74,3281955330.0,-41321994100.0,1140.0,0.000188,594.0,97164,1012
thermal2030_t44,75,3094211210.0,-33074978800.0,1030.0,0.000224,482.0,98184,1020
thermal2030_t44,76,3025330410.0,-31358981800.0,983.0,0.000239,458.0,99197,1013
thermal2030_t44,77,2988595230.0,-29645114300.0,960.0,0.000252,435.0,100223,1026
thermal2030_t44,78,2836648100.0,-27162236700.0,875.0,0.000256,399.0,101250,1027
thermal2030_t44,79,2702624600.0,-25440556700.0,800.0,0.000242,374.0,102277,1027
thermal2030_t44,80,2679458300.0,-24505434200.0,787.0,0.000241,361.0,103283,1006
thermal2030_t44,81,2532504620.0,-22936015300.0,704.0,0.000239,337.0,104304,1021
thermal2030_t44,82,2503417850.0,-21433189800.0,689.0,0.000262,317.0,105324,1020
thermal2030_t44,83,2446763470.0,-19565207000.0,658.0,0.000268,292.0,106350,1026
thermal2030_t44,84,2392491080.0,-18625882700.0,631.0,0.000257,278.0,107376,1026
thermal2030_t44,85,2363496600.0,-16661269900.0,617.0,0.000239,252.0,108403,1027
thermal2030_t44,86,2336597720.0,-15230736000.0,603.0,0.000223,233.0,109410,1007
thermal2030_t44,87,2287503640.0,-14702877300.0,578.0,0.000216,225.0,110417,1007
thermal2030_t44,88,2270068760.0,-14058001300.0,569.0,0.000207,216.0,111425,1008
thermal2030_t44,89,2265844430.0,-13802145600.0,567.0,0.000204,213.0,112433,1008
thermal2030_t44,90,2225581030.0,-13533324300.0,546.0,0.000201,209.0,113440,1007
thermal2030_t44,91,2191616690.0,-13332894500.0,529.0,0.000198,205.0,114448,1008
thermal2030_t44,92,2157537700.0,-13035707800.0,511.0,0.000194,201.0,115456,1008
thermal2030_t44,93,2127873340.0,-12748846300.0,496.0,0.00019,197.0,116463,1007
thermal2030_t44,94,2083223960.0,-12204124200.0,474.0,0.000192,189.0,117499,1036
thermal2030_t44,95,2021925730.0,-11656464900.0,445.0,0.0002,180.0,118558,1059
thermal2030_t44,96,2004781710.0,-11147456200.0,437.0,0.000203,173.0,119580,1022
thermal2030_t44,97,1997139800.0,-10649687700.0,433.0,0.000203,167.0,120588,1008
thermal2030_t44,98,1927532480.0,-10293667200.0,402.0,0.000192,161.0,121626,1038
thermal2030_t44,99,1901480600.0,-9957498890.0,391.0,0.00019,156.0,122656,1030
thermal2030_t44,100,1888137020.0,-9727192300.0,385.0,0.000188,153.0,123666,1010
thermal2030_t44,101,1867423080.0,-9493868620.0,376.0,0.000185,150.0,124687,1021
thermal2030_t44,102,1846171680.0,-8905387190.0,367.0,0.000181,142.0,125777,1090
thermal2030_t44,103,1825141520.0,-8698887310.0,358.0,0.000178,138.0,126791,1014
thermal2030_t44,104,1793810810.0,-8480956460.0,343.0,0.000175,135.0,127836,1045
thermal2030_t44,105,1743936290.0,-8046780920.0,320.0,0.000164,129.0,128895,1059
thermal2030_t44,106,1688537820.0,-7252599300.0,295.0,0.000144,117.0,129924,1029
thermal2030_t44,107,1671180160.0,-6792365200.0,288.0,0.000133,111.0,130939,1015
thermal2030_t44,108,1612058120.0,-6379835380.0,262.0,0.000129,105.0,131962,1023
thermal2030_t44,109,1595702110.0,-6142806570.0,255.0,0.000131,101.0,133001,1039
thermal2030_t44,110,1571804470.0,-5894962450.0,245.0,0.00013,97.7,134038,1037
thermal2030_t44,111,1550967130.0,-5798431940.0,236.0,0.00013,96.1,135060,1022
thermal2030_t44,112,1517809940.0,-5523688950.0,223.0,0.000131,92.0,136105,1045
thermal2030_t44,113,1512936180.0,-5287176430.0,221.0,0.000129,88.9,137136,1031
thermal2030_t44,114,1501630310.0,-5209286490.0,217.0,0.000129,87.7,138145,1009
thermal2030_t44,115,1495237050.0,-5144108630.0,214.0,0.000128,86.8,139154,1009
thermal2030_t44,116,1492677100.0,-4936546590.0,213.0,0.000124,84.0,140161,1007
thermal2030_t44,117,1469285020.0,-4642010580.0,204.0,0.000122,79.9,141176,1015
thermal2030_t44,118,1439889810.0,-4282650240.0,193.0,0.000118,74.7,142201,1025
thermal2030_t44,119,1418605860.0,-4100019110.0,186.0,0.000116,72.0,143223,1022
thermal2030_t44,120,1313736930.0,-3335950750.0,149.0,0.000106,60.5,144261,1038
thermal2030_t44,121,1272279260.0,-3024856610.0,136.0,0.000101,55.9,145285,1024
thermal2030_t44,122,1230457140.0,-2682923190.0,124.0,9.25e-05,50.9,146321,1036
thermal2030_t44,123,1224743030.0,-2595074840.0,122.0,9e-05,49.6,147335,1014
thermal2030_t44,124,1224441850.0,-2588525090.0,122.0,8.97e-05,49.6,148344,1009
thermal2030_t44,125,1172647670.0,-2437663290.0,109.0,8.36e-05,46.9,149397,1053
thermal2030_t44,126,1159594250.0,-2382212230.0,108.0,8.27e-05,46.0,150428,1031
thermal2030_t44,127,1150681420.0,-2321407780.0,107.0,8.16e-05,45.1,151443,1015
thermal2030_t44,128,1128917860.0,-2259458080.0,104.0,8.07e-05,44.0,152512,1069
thermal2030_t44,129,1107145740.0,-2186100660.0,102.0,7.8e-05,42.7,153542,1030
thermal2030_t44,130,1098016930.0,-2131243890.0,101.0,7.6e-05,41.9,154572,1030
thermal2030_t44,131,1077937830.0,-2064718990.0,99.3,7.34e-05,40.8,155595,1023
thermal2030_t44,132,1074932230.0,-2042975470.0,99.0,7.25e-05,40.5,156603,1008
thermal2030_t44,133,1072653380.0,-2026957180.0,98.7,7.19e-05,40.2,157618,1015
thermal2030_t44,134,1046953770.0,-1988075260.0,96.2,7.03e-05,39.4,158647,1029
thermal2030_t44,135,1026005540.0,-1925931010.0,94.2,6.79e-05,38.3,159676,1029
thermal2030_t44,136,1018356850.0,-1879567730.0,93.4,6.61e-05,37.6,160699,1023
thermal2030_t44,137,1008196370.0,-1853333500.0,92.4,6.51e-05,37.1,161723,1024
thermal2030_t44,138,982499592.0,-1794764970.0,89.9,6.28e-05,36.0,162760,1037
thermal2030_t44,139,966640573.0,-1736710090.0,88.4,6.07e-05,35.0,163799,1039
thermal2030_t44,140,951703975.0,-1703543170.0,87.0,5.95e-05,34.4,164822,1023
thermal2030_t44,141,941149500.0,-1676391740.0,85.9,5.88e-05,33.9,165839,1017
thermal2030_t44,142,933154648.0,-1653186430.0,85.1,5.86e-05,33.5,166854,1015
thermal2030_t44,143,906382462.0,-1617356330.0,82.5,5.71e-05,32.7,167883,1029
thermal2030_t44,144,897106037.0,-1589748990.0,81.6,5.63e-05,32.2,168899,1016
thermal2030_t44,145,890412942.0,-1553381930.0,80.9,5.48e-05,31.7,169915,1016
thermal2030_t44,146,889277278.0,-1518675320.0,80.8,5.33e-05,31.2,170923,1008
thermal2030_t44,147,872280402.0,-1425262140.0,79.2,4.91e-05,29.8,171969,1046
thermal2030_t44,148,864514261.0,-1379634330.0,78.5,4.69e-05,29.1,172986,1017
thermal2030_t44,149,852259151.0,-1316767090.0,77.4,4.43e-05,28.1,174023,1037
thermal2030_t44,150,849932117.0,-1304917850.0,77.2,4.38e-05,27.9,175045,1022
thermal2030_t44,151,831361346.0,-1277520740.0,75.4,4.26e-05,27.3,176068,1023
thermal2030_t44,152,811407592.0,-1239324910.0,73.6,4.1e-05,26.6,177105,1037
thermal2030_t44,153,790206186.0,-1172787550.0,71.7,3.89e-05,25.4,178149,1044
thermal2030_t44,154,767003778.0,-1112010400.0,69.7,3.71e-05,24.3,179187,1038
thermal2030_t44,155,756087226.0,-1076376090.0,68.7,3.75e-05,23.7,180217,1030
thermal2030_t44,156,740908078.0,-1062427290.0,67.3,3.76e-05,23.3,181226,1009
thermal2030_t44,157,735773890.0,-1042565770.0,66.8,3.77e-05,23.0,182241,1015
thermal2030_t44,158,731907803.0,-1015444040.0,66.5,3.79e-05,22.6,183256,1015
thermal2030_t44,159,726832501.0,-996889884.0,66.0,3.81e-05,22.3,184272,1016
thermal2030_t44,160,726413135.0,-994795329.0,65.9,3.81e-05,22.3,185287,1015
thermal2030_t44,161,693726820.0,-945644845.0,62.8,3.83e-05,21.2,186339,1052
thermal2030_t44,162,685179256.0,-925219380.0,62.0,3.84e-05,20.8,187348,1009
thermal2030_t44,163,653352521.0,-892655019.0,59.1,3.86e-05,20.0,188369,1021
thermal2030_t44,164,643897009.0,-854343820.0,58.3,3.86e-05,19.4,189384,1015
thermal2030_t44,165,627539892.0,-819561155.0,56.8,3.88e-05,18.7,190414,1030
thermal2030_t44,166,608736048.0,-786388681.0,55.1,3.89e-05,18.0,191451,1037
thermal2030_t44,167,600683501.0,-769463039.0,54.4,3.89e-05,17.7,192466,1015
thermal2030_t44,168,589153209.0,-734400153.0,53.4,3.89e-05,17.1,193496,1030
thermal2030_t44,169,583388186.0,-714895967.0,52.8,3.87e-05,16.8,194502,1006
thermal2030_t44,170,578206051.0,-694582558.0,52.3,3.86e-05,16.4,195511,1009
thermal2030_t44,171,567216474.0,-682899863.0,51.3,3.85e-05,16.2,196526,1015
thermal2030_t44,172,561097826.0,-669073149.0,50.7,3.85e-05,15.9,197532,1006
thermal2030_t44,173,539916309.0,-639794619.0,48.8,3.82e-05,15.2,198547,1015
thermal2030_t44,174,528502855.0,-615028140.0,47.7,3.83e-05,14.8,199587,1040
thermal2030_t44,175,522122269.0,-599940983.0,47.2,0.00593,14.5,200604,1017
thermal2030_t44,176,511613939.0,-565310976.0,46.3,0.00357,13.9,201656,1052
thermal2030_t44,177,502299317.0,-552783464.0,45.4,0.00347,13.6,202664,1008
thermal2030_t44,178,495283171.0,-537858334.0,44.7,0.00338,13.3,203688,1024
thermal2030_t44,179,467936012.0,-508124412.0,42.4,0.00318,12.6,204724,1036
thermal2030_t44,180,466329869.0,-493627697.0,42.3,0.00308,12.4,205731,1007
thermal2030_t44,181,446017133.0,-472913344.0,40.4,0.00295,11.9,206761,1030
thermal2030_t44,182,441214306.0,-455199947.0,40.0,0.00284,11.6,207776,1015
thermal2030_t44,183,429987731.0,-430949765.0,39.1,0.00269,11.1,208821,1045
thermal2030_t44,184,415066807.0,-406698659.0,37.9,0.00253,10.6,209880,1059
thermal2030_t44,185,406707000.0,-384206053.0,37.1,0.0024,10.2,210895,1015
thermal2030_t44,186,399611171.0,-367000164.0,36.5,0.00229,9.89,211925,1030
thermal2030_t44,187,395967864.0,-358684084.0,36.2,0.00224,9.73,212941,1016
thermal2030_t44,188,382566774.0,-341748939.0,35.1,0.00213,9.34,214001,1060
thermal2030_t44,189,373533223.0,-328408735.0,34.3,0.00205,9.05,215030,1029
thermal2030_t44,190,364902054.0,-319970134.0,33.5,0.002,8.83,216053,1023
thermal2030_t44,191,350313567.0,-306190175.0,32.3,0.00191,8.46,217099,1046
thermal2030_t44,192,346393409.0,-297107907.0,31.9,0.00186,8.3,218128,1029
thermal2030_t44,193,340176582.0,-290621147.0,31.4,0.00182,8.13,219143,1015
thermal2030_t44,194,335155505.0,-276083725.0,31.0,0.00173,7.88,220175,1032
thermal2030_t44,195,328722997.0,-265027929.0,30.5,0.00166,7.65,221197,1022
thermal2030_t44,196,323523813.0,-259571558.0,30.0,0.00163,7.51,222213,1016
thermal2030_t44,197,312021245.0,-255785652.0,28.9,0.0016,7.32,223229,1016
thermal2030_t44,198,309588592.0,-248044742.0,28.7,0.00155,7.18,224259,1030
thermal2030_t44,199,304322487.0,-240410189.0,28.2,0.00151,7.02,225282,1023
thermal2030_t44,200,299700550.0,-232890396.0,27.8,0.00146,6.86,226297,1015
thermal2030_t44,201,296057654.0,-226287042.0,27.4,0.00142,6.73,227320,1023
thermal2030_t44,202,292797931.0,-215636563.0,27.1,0.00135,6.55,228329,1009
thermal2030_t44,203,289165824.0,-206350745.0,26.8,0.00129,6.38,229345,1016
thermal2030_t44,204,282497885.0,-202117173.0,26.1,0.00127,6.24,230368,1023
thermal2030_t44,205,279804388.0,-196723012.0,25.9,0.00123,6.14,231384,1016
thermal2030_t44,206,276711795.0,-190306883.0,25.6,0.00119,6.01,232407,1023
thermal2030_t44,207,270456187.0,-184860079.0,25.0,0.00116,5.86,233437,1030
thermal2030_t44,208,267610492.0,-177235716.0,24.8,0.00111,5.73,234474,1037
thermal2030_t44,209,265888815.0,-169348960.0,24.6,0.00107,5.6,235497,1023
thermal2030_t44,210,263328329.0,-163801148.0,24.4,0.00103,5.5,236506,1009
thermal2030_t44,211,253908640.0,-157720732.0,23.5,0.000989,5.3,237522,1016
thermal2030_t44,212,243965680.0,-149995389.0,22.6,0.000941,5.07,238566,1044
thermal2030_t44,213,239759769.0,-144153974.0,22.2,0.000905,4.94,239595,1029
thermal2030_t44,214,233856024.0,-138400726.0,21.6,0.00087,4.79,240618,1023
thermal2030_t44,215,229561824.0,-133647086.0,21.3,0.000841,4.67,241641,1023
thermal2030_t44,216,228252598.0,-130685379.0,21.2,0.000823,4.62,242655,1014
thermal2030_t44,217,226731988.0,-125018790.0,21.1,0.000787,4.53,243662,1007
thermal2030_t44,218,219740466.0,-120873495.0,20.4,0.000759,4.38,244676,1014
thermal2030_t44,219,218552852.0,-116743251.0,20.3,0.000733,4.31,245691,1015
thermal2030_t44,220,214462209.0,-111701253.0,19.9,0.000702,4.2,246728,1037
thermal2030_t44,221,206646587.0,-108792466.0,19.2,0.000684,4.06,247742,1014
thermal2030_t44,222,203136973.0,-104682868.0,18.9,0.00066,3.96,248766,1024
thermal2030_t44,223,198921820.0,-99052404.2,18.6,0.000625,3.83,249804,1038
thermal2030_t44,224,195130715.0,-92904796.0,18.3,0.000587,3.7,250834,1030
thermal2030_t44,225,193015653.0,-90441867.1,18.1,0.000572,3.64,251841,1007
thermal2030_t44,226,191175902.0,-86959962.3,17.9,0.00055,3.58,252865,1024
thermal2030_t44,227,190273026.0,-85362298.6,17.8,0.00054,3.54,253873,1008
thermal2030_t44,228,188755339.0,-83379763.3,17.7,0.000528,3.5,254888,1015
thermal2030_t44,229,185271292.0,-79981767.9,17.4,0.000507,3.41,255924,1036
thermal2030_t44,230,183475866.0,-77143382.9,17.2,0.00049,3.35,256949,1025
thermal2030_t44,231,182161432.0,-76448893.1,17.1,0.000485,3.32,257957,1008
thermal2030_t44,232,179974608.0,-75418197.7,16.9,0.000479,3.28,258981,1024
thermal2030_t44,233,176829461.0,-73103492.0,16.6,0.000465,3.21,260019,1038
thermal2030_t44,234,175816324.0,-71131178.6,16.5,0.000453,3.17,261033,1014
thermal2030_t44,235,175194582.0,-70665262.4,16.5,0.00045,3.16,262043,1010
thermal2030_t44,236,174463694.0,-70083463.5,16.4,0.000446,3.14,263058,1015
thermal2030_t44,237,174035762.0,-67556374.2,16.3,0.00043,3.1,264073,1015
thermal2030_t44,238,172271450.0,-66190619.5,16.2,0.000422,3.06,265095,1022
thermal2030_t44,239,168223395.0,-64012797.5,15.8,0.000408,2.98,266139,1044
thermal2030_t44,240,167384869.0,-62260393.5,15.8,0.000397,2.95,267161,1022
thermal2030_t44,241,165685281.0,-61466690.3,15.6,0.000393,2.92,268176,1015
thermal2030_t44,242,162493442.0,-59874564.8,15.3,0.000383,2.86,269206,1030
thermal2030_t44,243,161837755.0,-58086651.9,15.2,0.000372,2.83,270223,1017
thermal2030_t44,244,160704993.0,-55360249.9,15.1,0.000355,2.78,271245,1022
thermal2030_t44,245,155179260.0,-53729043.0,14.6,0.000344,2.68,272268,1023
thermal2030_t44,246,153504773.0,-51186289.3,14.4,0.000328,2.63,273277,1009
thermal2030_t44,247,151754407.0,-50500524.4,14.3,0.000324,2.6,274292,1015
thermal2030_t44,248,149372372.0,-48533576.1,14.1,0.000312,2.54,275315,1023
thermal2030_t44,249,147897935.0,-47883539.8,13.9,0.000308,2.51,276323,1008
thermal2030_t44,250,147247452.0,-46888397.1,13.8,0.000302,2.49,277338,1015
thermal2030_t44,251,145164141.0,-45439967.2,13.6,0.000293,2.45,278360,1022
thermal2030_t44,252,144641498.0,-44375862.5,13.6,0.000287,2.43,279374,1014
thermal2030_t44,253,142508351.0,-42908994.0,13.4,0.000278,2.38,280397,1023
thermal2030_t44,254,141871338.0,-42341631.5,13.3,0.000274,2.37,281413,1016
thermal2030_t44,255,138439481.0,-40336808.2,13.1,0.000262,2.3,282458,1045
thermal2030_t44,256,136451407.0,-38806200.6,12.9,0.000253,2.25,283496,1038
thermal2030_t44,257,136220997.0,-37166741.3,12.8,0.000243,2.23,284526,1030
thermal2030_t44,258,133916757.0,-36353312.2,12.6,0.000238,2.19,285541,1015
thermal2030_t44,259,133657839.0,-35712717.1,12.6,0.000234,2.17,286550,1009
thermal2030_t44,260,131971640.0,-35366601.7,12.4,0.000232,2.15,287560,1010
thermal2030_t44,261,131484246.0,-34984871.4,12.4,0.00023,2.14,288568,1008
thermal2030_t44,262,130677683.0,-34092124.6,12.3,0.000224,2.11,289598,1030
thermal2030_t44,263,129439938.0,-33437126.8,12.2,0.00022,2.09,290613,1015
thermal2030_t44,264,128929526.0,-32266414.3,12.1,0.000213,2.07,291629,1016
thermal2030_t44,265,124973611.0,-30566566.6,11.8,0.000203,2.0,292695,1066
thermal2030_t44,266,123729326.0,-29022720.8,11.7,0.000193,1.96,293725,1030
thermal2030_t44,267,123176137.0,-28366903.0,11.6,0.000189,1.94,294740,1015
thermal2030_t44,268,122475297.0,-27871202.2,11.6,0.000186,1.93,295757,1017
thermal2030_t44,269,121609082.0,-27300585.3,11.5,0.000183,1.91,296778,1021
thermal2030_t44,270,119308733.0,-26941706.0,11.3,0.00018,1.88,297810,1032
thermal2030_t44,271,116804530.0,-25811866.9,11.0,0.000173,1.83,298849,1039
thermal2030_t44,272,115799462.0,-25210763.1,10.9,0.00017,1.81,299864,1015
thermal2030_t44,273,115095329.0,-24981087.6,10.9,0.000169,1.8,300872,1008
thermal2030_t44,274,113187583.0,-23959222.4,10.7,0.000162,1.76,301911,1039
thermal2030_t44,275,112843219.0,-23488553.0,10.6,0.000159,1.75,302934,1023
thermal2030_t44,276,111340841.0,-22950084.5,10.5,0.000156,1.72,303942,1008
thermal2030_t44,277,110266143.0,-22318053.0,10.4,0.000152,1.7,304959,1017
thermal2030_t44,278,107772109.0,-21194234.0,10.2,0.000145,1.65,306038,1079
thermal2030_t44,279,105152090.0,-20445500.7,9.97,0.000141,1.61,307083,1045
thermal2030_t44,280,104481195.0,-20137896.2,9.9,0.000139,1.6,308098,1015
thermal2030_t44,281,102818274.0,-19113184.7,9.76,0.000133,1.56,309119,1021
thermal2030_t44,282,101650183.0,-18899397.8,9.65,0.000131,1.55,310142,1023
thermal2030_t44,283,99605020.0,-18135173.7,9.49,0.000127,1.51,311165,1023
thermal2030_t44,284,97418605.1,-17531420.6,9.28,0.000123,1.47,312181,1016
thermal2030_t44,285,97331702.9,-17280962.3,9.27,0.000121,1.47,313196,1015
thermal2030_t44,286,95428742.7,-16841553.9,9.07,0.000117,1.44,314226,1030
thermal2030_t44,287,94374883.4,-16461653.2,8.97,0.000115,1.42,315235,1009
thermal2030_t44,288,92933709.7,-16073869.6,8.83,0.000112,1.4,316241,1006
thermal2030_t44,289,89866066.2,-15181951.0,8.56,0.000106,1.35,317278,1037
thermal2030_t44,290,87319804.2,-14551358.9,8.32,0.000102,1.31,318302,1024
thermal2030_t44,291,86023495.9,-14137619.1,8.18,9.96e-05,1.28,319316,1014
thermal2030_t44,292,85656717.1,-13686012.1,8.15,9.7e-05,1.27,320324,1008
thermal2030_t44,293,84541934.9,-13288820.4,8.04,9.42e-05,1.25,321333,1009
thermal2030_t44,294,82201891.0,-12679096.1,7.82,9.01e-05,1.22,322371,1038
thermal2030_t44,295,79609303.3,-12317834.7,7.59,8.77e-05,1.18,323409,1038
thermal2030_t44,296,78655496.8,-11677285.9,7.5,8.35e-05,1.16,324423,1014
thermal2030_t44,297,78237790.3,-11311307.0,7.45,8.18e-05,1.15,325430,1007
thermal2030_t44,298,77180372.4,-11004769.9,7.35,8e-05,1.13,326446,1016
thermal2030_t44,299,76803515.1,-10955286.7,7.31,7.98e-05,1.12,327454,1008
thermal2030_t44,300,75973096.7,-10328121.2,7.22,7.57e-05,1.11,328492,1038
thermal2030_t44,301,73228404.4,-9843853.75,6.97,7.25e-05,1.06,329515,1023
thermal2030_t44,302,72453853.7,-9484750.69,6.89,7.04e-05,1.05,330524,1009
thermal2030_t44,303,71476696.0,-9329888.33,6.8,6.96e-05,1.04,331540,1016
thermal2030_t44,304,69866306.5,-8863337.0,6.66,6.69e-05,1.01,332585,1045
thermal2030_t44,305,68550180.2,-8349358.18,6.55,6.39e-05,0.985,333615,1030
thermal2030_t44,306,68212541.9,-8100460.65,6.51,6.23e-05,0.978,334630,1015
thermal2030_t44,307,65452898.4,-7727644.66,6.25,5.99e-05,0.937,335652,1022
thermal2030_t44,308,62785842.6,-7409513.13,6.01,5.81e-05,0.899,336704,1052
thermal2030_t44,309,61711545.2,-7089991.29,5.9,5.61e-05,0.881,337721,1017
thermal2030_t44,310,60775051.5,-6864114.89,5.81,5.41e-05,0.866,338729,1008
thermal2030_t44,311,59950998.3,-6640463.83,5.74,5.28e-05,0.853,339758,1029
thermal2030_t44,312,58870729.5,-6451017.13,5.63,5.17e-05,0.837,340773,1015
thermal2030_t44,313,57877009.0,-6264003.94,5.55,5.05e-05,0.821,341788,1015
thermal2030_t44,314,54811064.9,-5866889.38,5.27,4.77e-05,0.777,342832,1044
thermal2030_t44,315,53423474.7,-5514709.12,5.14,4.61e-05,0.755,343862,1030
thermal2030_t44,316,51571037.6,-5218267.48,4.95,4.43e-05,0.727,344885,1023
thermal2030_t44,317,50949609.2,-4960505.81,4.9,4.28e-05,0.716,345915,1030
thermal2030_t44,318,49284644.5,-4783362.63,4.73,4.16e-05,0.692,346931,1016
thermal2030_t44,319,48733876.0,-4526610.31,4.68,4.01e-05,0.682,347945,1014
thermal2030_t44,320,47258277.7,-4305326.81,4.54,3.86e-05,0.66,348959,1014
thermal2030_t44,321,44819138.5,-4170663.87,4.31,3.77e-05,0.627,350005,1046
thermal2030_t44,322,42928479.5,-3758504.27,4.13,3.51e-05,0.598,351034,1029
thermal2030_t44,323,42396048.5,-3521043.33,4.09,3.36e-05,0.588,352064,1030
thermal2030_t44,324,39871808.9,-3322180.72,3.84,3.23e-05,0.553,353101,1037
thermal2030_t44,325,39246442.8,-3137000.54,3.78,3.14e-05,0.543,354117,1016
thermal2030_t44,326,38340958.1,-2940590.41,3.7,3.03e-05,0.528,355156,1039
thermal2030_t44,327,37618248.7,-2843687.95,3.62,2.98e-05,0.518,356180,1024
thermal2030_t44,328,37429757.8,-2738287.72,3.6,4.07e-05,0.514,357189,1009
thermal2030_t44,329,36357203.0,-2675846.9,3.49,5.93e-05,0.5,358196,1007
thermal2030_t44,330,36310709.5,-2602469.59,3.49,0.000111,0.498,359213,1017
thermal2030_t44,331,35727196.4,-2493024.2,3.43,0.000172,0.489,360236,1023
thermal2030_t44,332,35472201.5,-2399024.44,3.4,0.000179,0.485,361252,1016
thermal2030_t44,333,34356070.9,-2278142.46,3.3,0.000186,0.469,362282,1030
thermal2030_t44,334,34070404.3,-2232975.28,3.27,0.000185,0.465,363304,1022
thermal2030_t44,335,33520219.0,-2064141.26,3.22,0.00021,0.455,364335,1031
thermal2030_t44,336,32541994.3,-1870729.63,3.13,0.00141,0.44,365379,1044
thermal2030_t44,337,31773185.8,-1655279.78,3.06,0.00138,0.428,366423,1044
thermal2030_t44,338,31420435.2,-1559569.84,3.02,0.00135,0.422,367439,1016
thermal2030_t44,339,31076390.1,-1491688.68,2.99,0.00132,0.417,368454,1015
thermal2030_t44,340,30418850.4,-1379313.71,2.92,0.00128,0.407,369477,1023
thermal2030_t44,341,30312570.6,-1348103.4,2.91,0.00127,0.405,370485,1008
thermal2030_t44,342,29448459.7,-1267018.05,2.82,0.00125,0.393,371501,1016
thermal2030_t44,343,28904931.1,-1154130.67,2.77,0.0012,0.385,372531,1030
thermal2030_t44,344,28272797.2,-1031313.32,2.7,0.00116,0.375,373554,1023
thermal2030_t44,345,28163712.9,-930869.773,2.69,0.00112,0.372,374563,1009
thermal2030_t44,346,27551265.5,-911295.157,2.63,0.00112,0.364,375592,1029
thermal2030_t44,347,26534394.8,-811042.778,2.53,0.00108,0.35,376617,1025
thermal2030_t44,348,26437111.6,-748977.719,2.52,0.00106,0.348,377625,1008
thermal2030_t44,349,26087928.0,-658937.479,2.49,0.00103,0.342,378655,1030
thermal2030_t44,350,25015571.6,-487153.005,2.38,0.000975,0.326,379693,1038
thermal2030_t44,351,24586600.8,-399376.818,2.34,0.000948,0.32,380717,1024
thermal2030_t44,352,24014513.1,-353626.304,2.28,0.000933,0.312,381733,1016
thermal2030_t44,353,23544626.3,-252798.02,2.23,0.000905,0.304,382785,1052
thermal2030_t44,354,23075590.2,-179900.79,2.18,0.000884,0.297,383801,1016
thermal2030_t44,355,22898652.7,-132081.291,2.16,0.00087,0.295,384824,1023
thermal2030_t44,356,22783107.5,-78973.9418,2.15,0.000855,0.292,385833,1009
thermal2030_t44,357,22380984.2,57742.4376,2.11,0.000817,0.286,386856,1023
thermal2030_t44,358,22053064.7,140641.483,2.07,0.000794,0.28,387872,1016
thermal2030_t44,359,21940555.6,157429.187,2.06,0.00079,0.279,388887,1015
thermal2030_t44,360,21426975.6,231569.243,2.01,0.00077,0.271,389910,1023
thermal2030_t44,361,21023737.6,272366.142,1.96,0.000759,0.265,390924,1014
thermal2030_t44,362,21004580.5,309837.279,1.96,0.000749,0.265,391932,1008
thermal2030_t44,363,20823017.6,368564.622,1.94,0.000733,0.262,392963,1031
thermal2030_t44,364,20654106.5,473714.2,1.92,0.000706,0.258,393987,1024
thermal2030_t44,365,20615602.9,487964.905,1.92,0.000702,0.257,395001,1014
thermal2030_t44,366,20593256.8,501151.763,1.92,0.000699,0.257,396009,1008
thermal2030_t44,367,51462816200000.0,-2664115710000000.0,823000000000.0,7.28e-12,824000000000.0,398013,2004
thermal2030_t44,368,43419911400000.0,-4750450080000000.0,698000000000.0,45900.0,708000000000.0,399139,1126
thermal2030_t44,369,42414854500000.0,-5380106450000000.0,682000000000.0,43900.0,682000000000.0,400213,1074
thermal2030_t44,370,39426206700000.0,-6693376450000000.0,633000000000.0,40100.0,631000000000.0,401256,1043
thermal2030_t44,371,35921279700000.0,-8396387000000000.0,576000000000.0,35700.0,570000000000.0,402317,1061
thermal2030_t44,372,29952670800000.0,-1.01451444e+16,478000000000.0,29300.0,473000000000.0,403361,1044
thermal2030_t44,373,25631108700000.0,-1.11840466e+16,406000000000.0,24300.0,399000000000.0,404397,1036
thermal2030_t44,374,22113350600000.0,-1.17146874e+16,346000000000.0,20600.0,340000000000.0,405442,1045
thermal2030_t44,375,19875814300000.0,-1.19602179e+16,307000000000.0,17800.0,300000000000.0,406464,1022
thermal2030_t44,376,17249989600000.0,-1.20858607e+16,261000000000.0,15400.0,256000000000.0,407493,1029
thermal2030_t44,377,15263127400000.0,-1.18831238e+16,225000000000.0,13400.0,222000000000.0,408544,1051
thermal2030_t44,378,13473817500000.0,-1.15365537e+16,192000000000.0,12400.0,195000000000.0,409573,1029
thermal2030_t44,379,12153807400000.0,-1.06780585e+16,168000000000.0,9800.0,166000000000.0,410625,1052
thermal2030_t44,380,11042310100000.0,-1.00048064e+16,148000000000.0,8560.0,146000000000.0,411655,1030
thermal2030_t44,381,10063443300000.0,-8939949530000000.0,130000000000.0,7150.0,127000000000.0,412672,1017
thermal2030_t44,382,8215253090000.0,-8070755710000000.0,97200000000.0,6140.0,98500000000.0,413730,1058
thermal2030_t44,383,7377269800000.0,-6999911340000000.0,82700000000.0,5010.0,83000000000.0,414759,1029
thermal2030_t44,384,6944192140000.0,-6146859810000000.0,75300000000.0,4240.0,74100000000.0,415790,1031
thermal2030_t44,385,6247418770000.0,-5356141670000000.0,63600000000.0,3490.0,62300000000.0,416827,1037
thermal2030_t44,386,5875840050000.0,-4608167750000000.0,57400000000.0,2830.0,55000000000.0,417872,1045
thermal2030_t44,387,5582662180000.0,-4002839160000000.0,52600000000.0,2380.0,49600000000.0,418894,1022
thermal2030_t44,388,5101727250000.0,-3657357560000000.0,44900000000.0,2120.0,42700000000.0,419946,1052
thermal2030_t44,389,4847257320000.0,-3392571650000000.0,40900000000.0,1920.0,38900000000.0,420962,1016
thermal2030_t44,390,4459511180000.0,-3004524860000000.0,34900000000.0,1630.0,33200000000.0,422028,1066
thermal2030_t44,391,4163907280000.0,-2720733380000000.0,30400000000.0,1440.0,29100000000.0,423050,1022
thermal2030_t44,392,3882961120000.0,-2427707740000000.0,26300000000.0,1250.0,25200000000.0,424088,1038
thermal2030_t44,393,3635770320000.0,-2214685430000000.0,22800000000.0,1110.0,21900000000.0,425133,1045
thermal2030_t44,394,3432182080000.0,-2056100560000000.0,19900000000.0,1020.0,19400000000.0,426171,1038
thermal2030_t44,395,3339456790000.0,-1809373540000000.0,18600000000.0,858.0,17800000000.0,427209,1038
thermal2030_t44,396,3251077300000.0,-1685198820000000.0,17400000000.0,760.0,16500000000.0,428248,1039
thermal2030_t44,397,3070257330000.0,-1605676160000000.0,14900000000.0,709.0,14400000000.0,429263,1015
thermal2030_t44,398,3002095740000.0,-1496376570000000.0,14000000000.0,637.0,13400000000.0,430271,1008
thermal2030_t44,399,2905280340000.0,-1386761380000000.0,12700000000.0,563.0,12100000000.0,431293,1022
thermal2030_t44,400,2805678470000.0,-1333176730000000.0,11400000000.0,510.0,10900000000.0,432325,1032
thermal2030_t44,401,2741135830000.0,-1296306590000000.0,10600000000.0,471.0,10100000000.0,433355,1030
thermal2030_t44,402,2720776610000.0,-1274617640000000.0,10300000000.0,452.0,9850000000.0,434362,1007
thermal2030_t44,403,2637875990000.0,-1243287390000000.0,9290000000.0,423.0,8920000000.0,435415,1053
thermal2030_t44,404,2581739630000.0,-1190076720000000.0,8590000000.0,376.0,8180000000.0,436438,1023
thermal2030_t44,405,2478253190000.0,-1131348510000000.0,7290000000.0,324.0,6970000000.0,437460,1022
thermal2030_t44,406,2353934980000.0,-1058447800000000.0,5800000000.0,261.0,5580000000.0,438504,1044
thermal2030_t44,407,2219019150000.0,-1007360530000000.0,4280000000.0,219.0,4230000000.0,439527,1023
thermal2030_t44,408,2130717310000.0,-950902364000000.0,3300000000.0,179.0,3300000000.0,440550,1023
thermal2030_t44,409,2056210330000.0,-848349439000000.0,2500000000.0,136.0,2510000000.0,441588,1038
thermal2030_t44,410,1998219530000.0,-754917846000000.0,1790000000.0,42.3,1610000000.0,442692,1104
thermal2030_t44,411,1947363690000.0,-741677062000000.0,1220000000.0,32.3,1110000000.0,443722,1030
thermal2030_t44,412,1944558350000.0,-721521631000000.0,1190000000.0,26.0,1070000000.0,444738,1016
thermal2030_t44,413,1886103210000.0,-709745497000000.0,381000000.0,21.3,393000000.0,445768,1030
thermal2030_t44,414,1880314800000.0,-643087932000000.0,255000000.0,10.1,249000000.0,446814,1046
thermal2030_t44,415,1924131540000.0,-521420979000000.0,94500000.0,2.05,90500000.0,447874,1060
thermal2030_t44,416,1908410590000.0,-384627603000000.0,22900000.0,0.435,24300000.0,448911,1037
thermal2030_t44,417,1816423200000.0,-221758094000000.0,11900000.0,0.146,11900000.0,449941,1030
thermal2030_t44,418,1668667970000.0,-157987198000000.0,7080000.0,0.0854,7190000.0,450956,1015
thermal2030_t44,419,1479495870000.0,-87254461400000.0,3850000.0,0.0364,3700000.0,452022,1066
thermal2030_t44,420,1338863970000.0,-53808084100000.0,2160000.0,0.0251,2080000.0,453081,1059
thermal2030_t44,421,1189647170000.0,-42366959200000.0,1500000.0,0.02,1490000.0,454126,1045
thermal2030_t44,422,998096825000.0,-29398474100000.0,782000.0,0.0149,865000.0,455164,1038
thermal2030_t44,423,849921889000.0,-23765678400000.0,547000.0,0.0118,640000.0,456180,1016
thermal2030_t44,424,680066421000.0,-15541138600000.0,330000.0,0.00814,391000.0,457298,1118
thermal2030_t44,425,583220613000.0,-9473552180000.0,244000.0,0.00519,252000.0,458379,1081
thermal2030_t44,426,468449655000.0,-6071952040000.0,156000.0,0.00308,156000.0,459475,1096
thermal2030_t44,427,350637851000.0,-5054319830000.0,101000.0,0.00251,115000.0,460499,1024
thermal2030_t44,428,285843315000.0,-4389864290000.0,75000.0,0.0022,92700.0,461544,1045
thermal2030_t44,429,233842464000.0,-3716087360000.0,55100.0,0.00188,73800.0,462567,1023
thermal2030_t44,430,199048913000.0,-3411454300000.0,43500.0,0.00174,64200.0,463604,1037
thermal2030_t44,431,161622963000.0,-2856743610000.0,32200.0,0.00149,51300.0,464628,1024
thermal2030_t44,432,129049956000.0,-2306569340000.0,23200.0,0.00123,39800.0,465703,1075
thermal2030_t44,433,104797542000.0,-1996879300000.0,17200.0,0.00109,33000.0,466733,1030
thermal2030_t44,434,75095003000.0,-1566706190000.0,9750.0,0.000938,24300.0,467762,1029
thermal2030_t44,435,54735357900.0,-999944926000.0,5970.0,0.000663,15200.0,468808,1046
thermal2030_t44,436,39337182100.0,-702549233000.0,3740.0,0.000511,10400.0,469823,1015
thermal2030_t44,437,26777262000.0,-493692232000.0,2180.0,0.000378,7140.0,470868,1045
thermal2030_t44,438,18628926300.0,-351987165000.0,1330.0,0.000329,5000.0,471905,1037
thermal2030_t44,439,13403028700.0,-233555031000.0,833.0,0.00032,3290.0,472927,1022
thermal2030_t44,440,8585616570.0,-158345206000.0,421.0,0.000217,2190.0,473957,1030
thermal2030_t44,441,6317279670.0,-86851820700.0,269.0,0.000145,1220.0,475024,1067
thermal2030_t44,442,4125484580.0,-70185270500.0,135.0,0.000151,962.0,476055,1031
thermal2030_t44,443,3804650890.0,-43402431800.0,118.0,0.000177,612.0,477121,1066
thermal2030_t44,444,3597442420.0,-33421319900.0,108.0,0.000168,480.0,478156,1035
thermal2030_t44,445,3427986930.0,-30958751400.0,99.6,0.000164,445.0,479187,1031
thermal2030_t44,446,3349350610.0,-29088109400.0,95.7,0.000156,420.0,480202,1015
thermal2030_t44,447,3307979840.0,-27219993400.0,93.7,0.000146,395.0,481210,1008
thermal2030_t44,448,3219369470.0,-26594730200.0,90.5,0.000143,386.0,482234,1024
thermal2030_t44,449,2989163310.0,-24341920600.0,79.6,0.000131,353.0,483301,1067
thermal2030_t44,450,2884869070.0,-20956515100.0,74.7,0.000237,308.0,484323,1022
thermal2030_t44,451,2774744870.0,-18873297600.0,69.7,0.000228,280.0,485382,1059
thermal2030_t44,452,2682609750.0,-17430072800.0,65.6,0.000218,260.0,486411,1029
thermal2030_t44,453,2579007990.0,-16374805800.0,61.1,0.000208,245.0,487456,1045
thermal2030_t44,454,2565081450.0,-15649111200.0,60.5,0.0002,235.0,488472,1016
thermal2030_t44,455,2536997280.0,-15227327700.0,59.3,0.000195,229.0,489502,1030
thermal2030_t44,456,2475626590.0,-14675050100.0,56.7,0.000189,221.0,490524,1022
thermal2030_t44,457,2444423920.0,-14302594800.0,55.4,0.000185,216.0,491553,1029
thermal2030_t44,458,2340898390.0,-13748749600.0,51.0,0.000179,208.0,492590,1037
thermal2030_t44,459,2280289810.0,-13359453700.0,48.5,0.000174,202.0,493612,1022
thermal2030_t44,460,2227688950.0,-12771920100.0,46.3,0.000225,193.0,494645,1033
thermal2030_t44,461,2187779210.0,-12399324100.0,44.6,0.000256,188.0,495659,1014
thermal2030_t44,462,2136792300.0,-11998086500.0,42.6,0.000257,182.0,496697,1038
thermal2030_t44,463,2113715440.0,-11745378800.0,41.7,0.000254,179.0,497704,1007
thermal2030_t44,464,2089973480.0,-11322764800.0,40.7,0.000248,173.0,498719,1015
thermal2030_t44,465,2073828960.0,-10894696700.0,40.1,0.000241,167.0,499743,1024
thermal2030_t44,466,2054882020.0,-10659642700.0,39.3,0.000237,164.0,500751,1008
thermal2030_t44,467,2054781660.0,-10496857300.0,39.3,0.000234,162.0,501765,1014
thermal2030_t44,468,2005714310.0,-10187505200.0,37.3,0.000228,157.0,502789,1024
thermal2030_t44,469,2001810800.0,-9959711710.0,37.1,0.000224,154.0,503804,1015
thermal2030_t44,470,1981092790.0,-9838479240.0,36.3,0.000222,152.0,504811,1007
thermal2030_t44,471,1913654110.0,-9428765900.0,33.7,0.000221,146.0,505848,1037
thermal2030_t44,472,1880123590.0,-8943535860.0,32.3,0.000211,139.0,506865,1017
thermal2030_t44,473,1841077470.0,-8211735810.0,30.8,0.000197,129.0,507889,1024
thermal2030_t44,474,1826931430.0,-7441208320.0,30.2,0.000182,119.0,508897,1008
thermal2030_t44,475,1715371840.0,-6852837690.0,25.9,0.000171,110.0,509950,1053
thermal2030_t44,476,1706039700.0,-6567390790.0,25.6,0.000165,106.0,510972,1022
thermal2030_t44,477,1694309060.0,-6415151900.0,25.2,0.000162,104.0,511987,1015
thermal2030_t44,478,1683666710.0,-6256539890.0,24.8,0.000159,102.0,513003,1016
thermal2030_t44,479,1682927430.0,-6176576030.0,24.8,0.000157,101.0,514011,1008
thermal2030_t44,480,1645259370.0,-5925143980.0,23.4,0.000152,97.3,515027,1016
thermal2030_t44,481,1641335930.0,-5729553620.0,23.2,0.000148,94.7,516035,1008
thermal2030_t44,482,1635796000.0,-5582565640.0,23.1,0.000145,92.8,517043,1008
thermal2030_t44,483,1591657410.0,-5380919800.0,21.5,0.000141,89.6,518073,1030
thermal2030_t44,484,1560844280.0,-4721321370.0,20.5,0.000128,80.7,519111,1038
thermal2030_t44,485,1403722390.0,-3425115920.0,15.4,9.96e-05,62.0,520249,1138
thermal2030_t44,486,1313333980.0,-2846144080.0,13.0,8.66e-05,53.4,521316,1067
thermal2030_t44,487,1292040520.0,-2733177390.0,12.5,8.25e-05,51.6,522353,1037
thermal2030_t44,488,1290461470.0,-2740722110.0,12.5,8.23e-05,51.7,523372,1019
thermal2030_t44,489,1281889140.0,-2685282580.0,12.3,7.83e-05,50.9,524394,1022
thermal2030_t44,490,1270113990.0,-2562226570.0,12.1,6.55e-05,49.2,525417,1023
thermal2030_t44,491,1266124330.0,-2496840970.0,12.1,5.64e-05,48.3,526425,1008
thermal2030_t44,492,1259327010.0,-2414211690.0,12.0,5.16e-05,47.1,527447,1022
thermal2030_t44,493,1230089350.0,-2334449350.0,11.7,4.25e-05,45.7,528491,1044
thermal2030_t44,494,1225285990.0,-2286039730.0,11.6,4.21e-05,45.0,529499,1008
thermal2030_t44,495,1190586940.0,-2222777220.0,11.3,4.12e-05,43.8,530530,1031
thermal2030_t44,496,1176328030.0,-2166134890.0,11.1,4.03e-05,42.9,531553,1023
thermal2030_t44,497,1153480450.0,-2087374620.0,10.9,3.93e-05,41.6,532582,1029
thermal2030_t44,498,1122980860.0,-2000721810.0,10.6,3.78e-05,40.1,533626,1044
thermal2030_t44,499,1099015130.0,-1924218560.0,10.3,3.67e-05,38.8,534648,1022
thermal2030_t44,500,1090385750.0,-1872691580.0,10.2,3.62e-05,38.0,535665,1017
thermal2030_t44,501,1081249030.0,-1854955030.0,10.1,3.6e-05,37.6,536673,1008
thermal2030_t44,502,1058053470.0,-1789658900.0,9.9,3.62e-05,36.5,537689,1016
thermal2030_t44,503,1042564940.0,-1746383330.0,9.75,3.51e-05,35.8,538704,1015
thermal2030_t44,504,1016141860.0,-1699898110.0,9.48,3.47e-05,34.8,539719,1015
thermal2030_t44,505,1003143320.0,-1656708450.0,9.35,3.49e-05,34.1,540743,1024
thermal2030_t44,506,998783606.0,-1641313410.0,9.31,3.5e-05,33.8,541751,1008
thermal2030_t44,507,991281019.0,-1614530840.0,9.23,3.52e-05,33.4,542768,1017
thermal2030_t44,508,987281367.0,-1602217630.0,9.2,3.54e-05,33.2,543783,1015
thermal2030_t44,509,978524461.0,-1562628580.0,9.11,3.58e-05,32.6,544798,1015
thermal2030_t44,510,943718675.0,-1518212830.0,8.77,3.68e-05,31.6,545829,1031
thermal2030_t44,511,935091793.0,-1498330340.0,8.68,3.7e-05,31.2,546851,1022
thermal2030_t44,512,931791036.0,-1475734650.0,8.65,3.74e-05,30.9,547873,1022
thermal2030_t44,513,918281765.0,-1405520210.0,8.54,3.87e-05,29.8,548911,1038
thermal2030_t44,514,913198328.0,-1350283280.0,8.49,3.95e-05,29.0,549927,1016
thermal2030_t44,515,898469272.0,-1316461730.0,8.35,4e-05,28.4,550944,1017
thermal2030_t44,516,891416536.0,-1292048880.0,8.28,4.03e-05,28.0,551966,1022
thermal2030_t44,517,876881461.0,-1218702540.0,8.15,4.15e-05,26.9,553004,1038
thermal2030_t44,518,845772091.0,-1168424900.0,7.85,4.24e-05,25.8,554033,1029
thermal2030_t44,519,842507462.0,-1124690190.0,7.82,4.3e-05,25.2,555042,1009
thermal2030_t44,520,810247059.0,-1072441680.0,7.51,4.35e-05,24.1,556059,1017
thermal2030_t44,521,795481854.0,-1030089520.0,7.38,4.39e-05,23.4,557089,1030
thermal2030_t44,522,785472295.0,-1007304030.0,7.28,4.41e-05,23.0,558097,1008
thermal2030_t44,523,774148258.0,-985730262.0,7.17,4.43e-05,22.5,559113,1016
thermal2030_t44,524,762334426.0,-949331512.0,7.06,4.46e-05,21.9,560143,1030
thermal2030_t44,525,743586367.0,-920168087.0,6.88,4.48e-05,21.3,561174,1031
thermal2030_t44,526,733864428.0,-899444186.0,6.8,4.5e-05,20.9,562205,1031
thermal2030_t44,527,720021967.0,-856846110.0,6.67,4.52e-05,20.2,563243,1038
thermal2030_t44,528,706476650.0,-813071640.0,6.55,4.55e-05,19.5,564272,1029
thermal2030_t44,529,685710820.0,-786165819.0,6.36,4.58e-05,18.9,565324,1052
thermal2030_t44,530,676913571.0,-777755244.0,6.28,4.57e-05,18.6,566355,1031
thermal2030_t44,531,653687738.0,-751717384.0,6.08,4.59e-05,18.0,567393,1038
thermal2030_t44,532,646182401.0,-722444751.0,6.01,4.59e-05,17.5,568431,1038
thermal2030_t44,533,631618397.0,-695217827.0,5.88,4.58e-05,17.0,569469,1038
thermal2030_t44,534,622612622.0,-677719030.0,5.8,4.58e-05,16.7,570492,1023
thermal2030_t44,535,616139315.0,-660883048.0,5.74,4.57e-05,16.4,571507,1015
thermal2030_t44,536,609608400.0,-632638776.0,5.68,4.56e-05,15.9,572551,1044
thermal2030_t44,537,600448378.0,-604310468.0,5.6,4.56e-05,15.4,573581,1030
thermal2030_t44,538,590669426.0,-592353005.0,5.5,4.54e-05,15.1,574588,1007
thermal2030_t44,539,584572953.0,-581553288.0,5.45,4.52e-05,14.9,575604,1016
thermal2030_t44,540,571702876.0,-569093496.0,5.33,4.5e-05,14.6,576628,1024
thermal2030_t44,541,562794456.0,-561865215.0,5.24,4.49e-05,14.4,577642,1014
thermal2030_t44,542,559971133.0,-554692929.0,5.22,4.48e-05,14.3,578658,1016
thermal2030_t44,543,557675622.0,-549931093.0,5.2,4.47e-05,14.2,579674,1016
thermal2030_t44,544,538977389.0,-539974341.0,5.02,4.47e-05,13.8,580704,1030
thermal2030_t44,545,530136488.0,-525661251.0,4.94,4.47e-05,13.5,581734,1030
thermal2030_t44,546,519744024.0,-502018994.0,4.85,4.56e-05,13.1,582748,1014
thermal2030_t44,547,507680316.0,-492439337.0,4.74,9.87e-05,12.8,583780,1032
thermal2030_t44,548,501727537.0,-480182625.0,4.69,0.000114,12.6,584810,1030
thermal2030_t44,549,494837724.0,-457537051.0,4.63,0.000114,12.2,585832,1022
thermal2030_t44,550,492905654.0,-439301294.0,4.62,0.000108,11.9,586847,1015
thermal2030_t44,551,484606773.0,-418208422.0,4.54,0.000104,11.6,587870,1023
thermal2030_t44,552,478806137.0,-408314964.0,4.48,0.000104,11.4,588879,1009
thermal2030_t44,553,476207256.0,-403383096.0,4.46,0.000106,11.3,589902,1023
thermal2030_t44,554,463302095.0,-398666326.0,4.33,0.000105,11.0,590917,1015
thermal2030_t44,555,451246788.0,-381763042.0,4.22,0.000101,10.7,591932,1015
thermal2030_t44,556,443166809.0,-364748164.0,4.16,9.69e-05,10.3,592962,1030
thermal2030_t44,557,437178337.0,-357467555.0,4.1,9.51e-05,10.2,593979,1017
thermal2030_t44,558,432458746.0,-346904801.0,4.06,9.18e-05,9.97,595018,1039
thermal2030_t44,559,413070698.0,-333164750.0,3.87,8.78e-05,9.55,596034,1016
thermal2030_t44,560,403226889.0,-321599639.0,3.78,8.47e-05,9.28,597064,1030
thermal2030_t44,561,398944859.0,-305426416.0,3.75,8.05e-05,9.01,598095,1031
thermal2030_t44,562,380364802.0,-293078150.0,3.59,7.69e-05,8.62,599118,1023
thermal2030_t44,563,377951783.0,-283532411.0,3.57,7.44e-05,8.46,600134,1016
thermal2030_t44,564,376634930.0,-275623393.0,3.55,7.23e-05,8.35,601150,1016
thermal2030_t44,565,370602942.0,-270581491.0,3.49,7.09e-05,8.2,602164,1014
thermal2030_t44,566,366888511.0,-268592892.0,3.46,7.04e-05,8.13,603179,1015
thermal2030_t44,567,361096130.0,-262181798.0,3.41,6.88e-05,7.97,604195,1016
thermal2030_t44,568,357440265.0,-255555165.0,3.37,6.71e-05,7.84,605211,1016
