hydrochn_row_id,plant_name_model,lon,lat,comid,province_code,existing_capacity_gw,capacity_potential_gw,head_m,q_rated_m3s,active_storage_gl,operation_type_model,installed_operation_type_assigned,potential_operation_type_paper,operation_type_scope,status_model,river_group_stage2,stage2_issue_flags,plant_name_local_ght,hydrochn_capacity_mw_original,hydrochn_status_standard,match_distance_km,match_rule,source_v_max_gl,source_v_min_gl,source_active_storage_m3,selected_active_storage_m3,source_dead_fraction,source_dead_fraction_rounded7,affine_volume_pattern,current_to_source_capacity_ratio,is_cascade,flow_allocation_share,natural_reach_volume_m3,available_station_volume_before_cascade_m3,local_volume_after_cascade_m3,safe_total_incoming_budget_m3,source_storage_to_safe_annual_water,source_effective_cyclic_bound_m3,selected_effective_cyclic_bound_m3,source_storage_exceeds_annual_budget,source_storage_exceeds_10annual_budgets,source_storage_exceeds_100annual_budgets,source_rated_emptying_days,source_storage_energy_gwh,input_water_energy_gwh,positive_local_hours,local_flow_max_m3s,local_flow_min_positive_m3s,longest_cyclic_zero_local_hours,local_hours_below_1m3s,rhs_min_positive_million_m3,storage_to_smallest_positive_hour_inflow,release_bound_original_max_1000m3s,release_bound_selected_max_1000m3s,release_bound_tightened_hours,review_priority,review_status
HydroCHN_00923,Jinping Stage 2 hydroelectric plant,101.77917,28.2,43068075,51,4.8,4.8,458.0,1187.036962847227,4.96,reservoir_storage,reservoir_storage,reservoir_storage,installed,operating,Yangtze-Jinsha system,operation_type_requires_review,雅砻江锦屏二级水电站,37.5,unknown,7.67464851,moderate_coordinate,9617.233588,5094.340023,4522893564.999999,4960000.0,0.5297095028820464,0.5297095,True,128.0,False,1.0,31724982.965668537,16248572.77937089,16248572.77937089,16248572.779387144,278.35635944208707,16248572.779387144,4960000.0,True,True,True,44.09997901404881,4798.077716728511,17.237176568699763,6012,12.95162284374237,0.000126958846522,180,4755,4.570518474793062e-07,9895799765.26576,4.513492438719649,1.390729400623911,8760,0,CORRECTED_FROM_ENGINEERING_SOURCE
HydroCHN_00835,Hunan Taojiang Baizhuzhou hydroelectric plant,111.82417,28.55167,43065028,43,0.045,0.045,12.09366837,421.4469756644468,3.84,reservoir_storage,reservoir_storage,run_of_river,installed,operating,Yangtze-Jinsha system,,白竹洲水电站,45.0,unknown,9.369865503,moderate_coordinate,11604.01686,6146.758004,5457258856.0,3840000.0,0.5297095030246277,0.5297095,True,1.0,True,1.0,43496749.10182357,19720792.1617806,19720792.1617806,19720792.16180032,276.72614828175364,19720792.16180032,3840000.0,True,True,True,149.87109147279884,152.86851330225485,0.5524180286224927,6114,30.681297302246094,0.0001091361045837,216,5166,3.928899765014648e-07,13890043478.825308,5.47799782272331,1.0973479639710102,8760,0,CORRECTED_FROM_ENGINEERING_SOURCE
HydroCHN_01048,Kizil hydroelectric plant,82.42333,41.74167,48004884,65,0.034,0.034,37.0,104.0796147829787,339.9,reservoir_storage,reservoir_storage,run_of_river,installed,operating,Other named GHT rivers,river_group_not_normalized,克孜尔水电站,30.0,unknown,1.884401999,near_coordinate,7630.450311,4041.922041,3588528270.0,339900000.0,0.5297095028812645,0.5297095,True,1.1333333333333333,False,1.0,5753795457.767487,1637062804.6291351,1637062804.6291351,1637062804.6307726,2.1920529009938416,1637062804.6307726,339900000.0,True,False,False,399.0588560545037,307.54135839933747,140.29832868522266,6117,860.7272338867188,0.0138206481933593,225,888,4.975433349609375e-05,72124939.03233048,454.7396679529933,95.27739390064968,8760,0,CORRECTED_FROM_ENGINEERING_SOURCE
HydroCHN_00528,Haibowan hydroelectric plant,106.80083,39.6825,43006067,15,0.09,0.09,10.12,1007.2806243528222,229.0314721,reservoir_storage,reservoir_storage,run_of_river,installed,operating,Yellow River system,,黄河海勃湾水利枢纽工程,90.0,operating,1.608369996,near_coordinate,487.0,257.9685279,229031472.1,229031472.1,0.5297095028747434,0.5297095,False,1.0,True,1.0,237965.06765644156,51526.54395924183,51526.54395924183,51526.54395929336,4444.922063489021,51526.54395929336,51526.54395929336,True,True,True,2.631667044209041,5.368600770186444,0.0012078053773494,5679,0.1733666430227458,0.0001001870259642,351,5679,3.6067329347133645e-07,635010898.3553053,0.0143129288785814,0.0143129288785814,0,1,CHECK_STORAGE_WATER_INCONSISTENCY_NOT_AUTOMATIC_STORAGE_ERROR
HydroCHN_01248,Zangao hydroelectric plant,77.085,38.22833,48020605,65,0.18,0.18,45.38057293,449.2530287872044,2467.289916,reservoir_storage,reservoir_storage,run_of_river,installed,operating,Other named GHT rivers,river_group_not_normalized,錾高水电站,21.0,unknown,25.10131972,broad_coordinate,5246.310379,2779.020463,2467289916.0,2467289916.0,0.5297095029154012,0.5297095,True,8.571428571428571,False,1.0,1323129.7435555945,1277541.587903173,1277541.5879032058,1277541.5879044835,1931.2795288699976,1277541.5879044835,1277541.5879044835,True,True,True,63.564615973966575,259.3436331737836,0.1342859121616991,3099,1.220149900753313,0.0001029108199759,1983,3084,3.7047895191335565e-07,6659730338.950615,0.3548726633078009,0.3548726633078009,0,1,CHECK_ESTIMATED_STORAGE_AND_WATER_MATCH
HydroCHN_00897,Fengkai Jiangkou hydroelectric plant,111.51583,23.39833,43092803,44,0.04,0.04,12.1,374.423504809938,4834.348664,reservoir_storage,reservoir_storage,run_of_river,installed,operating,Other named GHT rivers,river_group_not_normalized,封开县江口水电站,40.0,unknown,8.369970366,moderate_coordinate,10279.49468,5445.146016,4834348664.0,4834348664.0,0.5297095028021358,0.5297095,True,1.0,False,1.0,18432525.232472472,11553614.317768067,11553614.317768067,11553614.317779625,418.4273882641658,11553614.317779625,11553614.317779625,True,True,True,149.43802624100624,135.49047712517898,0.3238088158787164,6081,22.077563881874084,0.0001115156337618,216,5376,4.0145628154277803e-07,12042030194.22643,3.20933731049534,3.20933731049534,0,1,CHECK_ESTIMATED_STORAGE_AND_WATER_MATCH
HydroCHN_00012,Laxiwa hydroelectric plant,101.17,36.06167,43021207,63,4.2,4.2,220.0,2162.295740277392,651.0,reservoir_storage,reservoir_storage,reservoir_storage,installed,operating,Yellow River system,,拉西瓦水电站,4200.0,operating,1.760846328,near_coordinate,1580.0,929.0,651000000.0,651000000.0,0.5879746835443038,0.5879747,False,1.0,True,1.0,4274905.443394916,2438627.919714284,2438627.919714284,2438627.919716723,266.9533940526777,2438627.919716723,2438627.919716723,True,True,True,3.48459375,331.733325,1.242663822188406,5796,4.308032236993313,0.0001026424579322,231,5664,3.695128485560417e-07,1761779062.7414863,0.6773966443667564,0.6773966443667564,0,1,CHECK_STORAGE_WATER_INCONSISTENCY_NOT_AUTOMATIC_STORAGE_ERROR
HydroCHN_01147,Gengda hydroelectric plant,103.315,31.09667,43051222,51,0.16,0.16,52.37786164,345.9877334694681,2965.618074,reservoir_storage,reservoir_storage,run_of_river,installed,operating,Other named GHT rivers,river_group_not_normalized,耿达水电站,25.0,unknown,0.945573029,near_coordinate,6305.928127,3340.310053,2965618074.0,2965618074.0,0.5297095028244683,0.5297095,True,6.4,False,1.0,31552187.244205177,17763769.879567623,17763769.879567623,17763769.879585393,166.94756203795282,17763769.879585393,17763769.879585393,True,True,True,99.20664793429115,359.78944317502925,2.1551045057661704,6117,45.53522390127182,0.0001006126403808,45,4863,3.622055053710937e-07,8187667028.864202,4.934380522108052,4.934380522108052,0,1,CHECK_ESTIMATED_STORAGE_AND_WATER_MATCH
HydroCHN_00027,,101.17422,24.95338,43086101,53,0.0,2.4,106.6338117,2549.205173840888,1967.4761190000004,reservoir_storage,reservoir_storage,reservoir_storage,potential_or_nonoperating,construction,Unspecified GHT river,operation_type_requires_review;river_group_not_normalized,,2400.0,construction,,,4183.533647,2216.057528,1967476119.0000005,1967476119.0000005,0.5297095027762304,0.5297095,False,1.0,False,1.0,14471743.281411886,12122037.765996665,12122037.76599662,12122037.766008746,162.30572425017314,12122037.766008746,12122037.766008746,True,True,True,8.932868399120514,485.948040912156,2.994028973141109,4608,14.095492923632264,0.0001073824241757,498,3636,3.865767270326615e-07,5089484134.500861,3.367232712781206,3.367232712781206,0,1,CHECK_STORAGE_WATER_INCONSISTENCY_NOT_AUTOMATIC_STORAGE_ERROR
HydroCHN_00952,Chunyangtan hydroelectric plant,109.39667,27.366,43073765,43,0.04,0.04,23.644,191.61412655220136,4236.354875,reservoir_storage,reservoir_storage,run_of_river,installed,operating,Other named GHT rivers,river_group_not_normalized,春阳滩水电站,35.2,unknown,3.804338951,close_coordinate,9007.953383,4771.598508,4236354875.0,4236354875.0,0.5297095028272528,0.5297095,True,1.1363636363636362,False,1.0,46240451.07088471,26447940.275470912,26447940.275470912,26447940.27549737,160.17711893144138,26447940.27549737,26447940.27549737,True,True,True,255.88867590071484,232.0057328166481,1.448432425081379,6108,46.33974003791809,0.0001052618026733,168,4677,3.789424896240234e-07,11179413739.54448,7.346650076528045,7.346650076528045,0,1,CHECK_ESTIMATED_STORAGE_AND_WATER_MATCH
HydroCHN_00526,Cuijiaying hydroelectric plant,112.12562,32.01978,43045480,42,0.09,0.09,77.0,132.38545348637092,237.3797201,reservoir_storage,reservoir_storage,run_of_river,installed,operating,Yangtze-Jinsha system,,崔家营水电站,90.0,operating,1.32373971,near_coordinate,504.7512582,267.3715381,237379720.1,237379720.1,0.5297095029608784,0.5297095,False,1.0,False,1.0,1656022.826164862,1546617.2040067613,1546617.2040067613,1546617.2040083082,153.48317572363226,1546617.2040083082,1546617.2040083082,True,True,True,20.75341657082604,42.33696980448512,0.2758411116061108,5646,7.951186501246411,0.0001005800440907,210,5577,3.620881587266922e-07,655585426.8605801,0.4296158900033077,0.4296158900033077,0,1,CHECK_STORAGE_WATER_INCONSISTENCY_NOT_AUTOMATIC_STORAGE_ERROR
HydroCHN_01285,Luding hydroelectric plant,102.19592,30.01508,43056536,51,0.92,0.92,43.63125075,2388.2437380873325,2342.7078770000003,reservoir_storage,reservoir_storage,reservoir_storage,installed,operating,Yangtze-Jinsha system,duplicate_comid,大渡河泸定水电站,20.0,unknown,8.458531407,moderate_coordinate,4981.405942,2638.698065,2342707877.0000005,2342707877.0000005,0.5297095028438058,0.5297095,True,46.0,True,0.9787234042553192,27358920.484706853,16525658.969553985,16525658.969553858,16525658.969570387,141.7618432834514,16525658.969570387,16525658.969570387,True,True,True,11.353394994779755,236.75613029114052,1.67009771322959,6117,14.801798473013209,0.0001140696571228,135,4827,4.106507656422067e-07,5704866696.976193,4.590460824881664,4.590460824881664,0,1,CHECK_ESTIMATED_STORAGE_AND_WATER_MATCH
HydroCHN_00928,Xieka hydroelectric plant,101.9175,28.69917,43065495,51,0.135,0.135,72.66999889,210.4103496798036,4410.769730000001,reservoir_storage,reservoir_storage,run_of_river,installed,operating,Other named GHT rivers,river_group_not_normalized,斜卡水电站,36.6,unknown,15.97561075,broad_coordinate,9378.819595,4968.049865,4410769730.000001,4410769730.000001,0.5297095028513553,0.5297095,True,3.6885245901639343,False,1.0,74821367.90952086,31711637.16940284,31711637.16940284,31711637.169434555,139.0899405928921,31711637.169434555,31711637.169434555,True,True,True,242.62388069974224,742.4290749412112,5.337762542537234,6117,23.69046258926392,0.0001151263713836,126,3747,4.144549369812012e-07,10642338494.329638,8.808788102621708,8.808788102621708,0,1,CHECK_ESTIMATED_STORAGE_AND_WATER_MATCH
HydroCHN_01069,Ludila hydroelectric plant,100.90417,26.31583,43078532,53,2.16,2.16,59.0,4146.581661742601,3588.52827,reservoir_storage,reservoir_storage,reservoir_storage,installed,operating,Yangtze-Jinsha system,,金沙江鲁地拉水电站,30.0,unknown,15.52012435,broad_coordinate,7630.450311,4041.922041,3588528270.0,3588528270.0,0.5297095028812645,0.5297095,True,72.0,True,1.0,46074709.17940302,27121467.73550949,27121467.73550956,27121467.735536683,132.3132031419534,27121467.735536683,27121467.735536683,True,True,True,10.01641723279948,490.4037877178625,3.706385878900066,4677,25.077869653701782,0.0001042030171696,462,2907,3.751308618106464e-07,9566070497.850348,7.533741037650077,7.533741037650077,0,1,CHECK_ESTIMATED_STORAGE_AND_WATER_MATCH
HydroCHN_01540,Guanmaozhou hydroelectric plant,103.54818,28.79152,43065575,51,0.11,0.11,10.89,1144.071820252588,1595.2156409999998,reservoir_storage,reservoir_storage,run_of_river,installed,operating,Other named GHT rivers,river_group_not_normalized,官帽舟水电站,14.0,unknown,2.369530592,close_coordinate,3391.979321,1796.76368,1595215640.9999998,1595215640.9999998,0.5297095029076683,0.5297095,True,7.857142857142857,False,1.0,18958664.984714985,13543989.551500976,13543989.551500976,13543989.551514523,117.78033606217738,13543989.551514523,13543989.551514523,True,True,True,16.138098733154063,40.237659507997456,0.3416330845474524,6081,112.41377899050713,0.0001079477369785,111,5262,3.886118531227112e-07,4104907321.2295504,3.7622193198661447,3.7622193198661447,0,1,CHECK_ESTIMATED_STORAGE_AND_WATER_MATCH
HydroCHN_00901,Zhouning hydroelectric plant,119.33417,27.075,43072994,35,0.25,0.25,160.0,176.97360969532224,4834.348664,reservoir_storage,reservoir_storage,run_of_river,installed,operating,Other named GHT rivers,river_group_not_normalized,周宁抽水蓄能电站,40.0,unknown,0.849037366,near_coordinate,10279.49468,5445.146016,4834348664.0,4834348664.0,0.5297095028021358,0.5297095,True,6.25,False,1.0,126396457.59987833,58084084.89353657,58084084.89353657,58084084.89359467,83.23017695563483,58084084.89359467,58084084.89359467,True,True,False,316.1664026256,1791.6096148784002,21.52596186154465,6117,73.43348169326782,0.0002089738845825,264,4050,7.523059844970703e-07,6426040419.220972,16.134468025999514,16.134468025999514,0,1,CHECK_ESTIMATED_STORAGE_AND_WATER_MATCH
HydroCHN_01441,Gongzui hydroelectric plant,103.415,29.19833,43062520,51,0.77,0.77,36.63396205,2380.648719863343,1844.379719,reservoir_storage,reservoir_storage,reservoir_storage,installed,operating,Yangtze-Jinsha system,,大渡河龚嘴水电站,16.0,unknown,13.08100433,broad_coordinate,3921.788194,2077.408475,1844379719.0,1844379719.0,0.5297095029706748,0.5297095,True,48.125,True,1.0,40755515.387034416,22986634.56323147,22986634.56323147,22986634.56325446,80.23704879131604,22986634.56325446,22986634.56325446,True,True,False,8.966878359799052,156.5019169730261,1.95049443281378,6111,49.03224980831146,0.0001130104064941,114,4593,4.068374633789063e-07,4533455949.906573,6.3851762675716826,6.3851762675716826,0,1,CHECK_ESTIMATED_STORAGE_AND_WATER_MATCH
HydroCHN_01699,Dagangshan hydroelectric plant,102.22,29.48417,43061456,51,2.6,2.6,28.58708003,10301.299965717984,1271.302339,reservoir_storage,reservoir_storage,reservoir_storage,installed,operating,Yangtze-Jinsha system,duplicate_comid,大渡河大岗山水电站,11.4,unknown,3.977459802,close_coordinate,2703.227785,1431.925446,1271302339.0,1271302339.0,0.529709502819423,0.5297095,True,228.0701754385965,True,0.9774436090225564,40733006.19820207,18592818.241718728,18592818.241718568,18592818.241737165,68.37598918415607,18592818.241737165,18592818.241737165,True,True,False,1.428377728160261,84.17906077957808,1.2311201897609936,6096,15.203568648574944,0.0001094417464464,108,4650,3.93990287207123e-07,3226735227.438916,5.164671733816879,5.164671733816879,0,1,CHECK_ESTIMATED_STORAGE_AND_WATER_MATCH
HydroCHN_01460,Geheyan hydroelectric plant,111.11333,30.38333,43057301,42,1.2,1.2,36.5989756,3713.648538458204,1841.8880790000003,reservoir_storage,reservoir_storage,reservoir_storage,installed,operating,Yangtze-Jinsha system,,清江隔河岩水电站,15.98,unknown,9.705890608,moderate_coordinate,3916.490106,2074.602027,1841888079.0,1841888079.0,0.5297095028586292,0.5297095,True,75.09386733416771,True,1.0,56458379.06409502,27228255.0088048,27228255.0088048,27228255.008832037,67.64620348981404,27228255.008832037,27228255.008832037,True,True,False,5.740486435840981,156.14123105487465,2.3082039050163363,6117,24.67111563682556,0.0001155138015747,216,4569,4.158496856689453e-07,4429215994.325202,7.563404169121007,7.563404169121007,0,1,CHECK_ESTIMATED_STORAGE_AND_WATER_MATCH
HydroCHN_01026,Mienhuatan hydroelectric plant,116.68167,24.52667,43085274,44,0.6,0.6,8.0,8494.733265375467,3588.52827,reservoir_storage,reservoir_storage,run_of_river,installed,operating,Other named GHT rivers,river_group_not_normalized,棉花滩水电站,30.0,unknown,17.28539285,broad_coordinate,7630.450311,4041.922041,3588528270.0,3588528270.0,0.5297095028812645,0.5297095,True,20.0,False,1.0,131387289.211303,62435206.799805164,62435206.799805164,62435206.799867615,57.47603722212079,62435206.799867615,62435206.799867615,True,True,False,4.889369767875,66.4954288431,1.1569243820003896,6111,59.41419339179993,0.0002336502075195,225,3852,8.411407470703125e-07,4266263740.638912,17.34311299996422,17.34311299996422,0,1,CHECK_ESTIMATED_STORAGE_AND_WATER_MATCH
HydroCHN_01687,Guwa hydroelectric plant,99.93917,29.15583,43061945,51,0.205,0.205,29.63667334,783.4528972146195,1346.051563,reservoir_storage,reservoir_storage,run_of_river,installed,operating,Other named GHT rivers,river_group_not_normalized,古瓦水电站,12.0,unknown,4.361453915,close_coordinate,2862.170447,1516.118884,1346051563.0,1346051563.0,0.5297095026570233,0.5297095,True,17.083333333333332,False,1.0,41918243.53753467,23470694.534712844,23470694.534712844,23470694.53473632,57.350308104767045,23470694.53473632,23470694.53473632,True,True,False,19.885433512434105,92.4009810544438,1.6111679973114363,6099,20.369561791419983,0.0001370254904031,207,4419,4.932917654514313e-07,2728712817.186749,6.519637370761087,6.519637370761087,0,1,CHECK_ESTIMATED_STORAGE_AND_WATER_MATCH
HydroCHN_00080,,101.3204,28.3525,43068342,51,0.0,1.06,83.62373148,1435.7036536455046,971.491502,reservoir_storage,reservoir_storage,reservoir_storage,potential_or_nonoperating,construction,Unspecified GHT river,operation_type_requires_review;river_group_not_normalized,,1060.0,construction,,,2065.726412,1094.23491,971491502.0,971491502.0,0.5297095024992109,0.5297095,False,1.0,False,1.0,45348853.58177473,17852670.941117406,17852670.941117406,17852670.941135265,54.41715165216741,17852670.941135265,17852670.941135265,True,True,False,7.83177961408031,188.1715581943029,3.45794574837178,6102,26.61370587348938,0.000160276889801,171,4689,5.769968032836914e-07,1683703439.033349,4.959075261427462,4.959075261427462,0,1,CHECK_STORAGE_WATER_INCONSISTENCY_NOT_AUTOMATIC_STORAGE_ERROR
HydroCHN_01491,Jianke hydroelectric plant,103.04833,32.37,43045359,51,0.246,0.246,34.88463987,798.7104127852225,1719.797681,reservoir_storage,reservoir_storage,run_of_river,installed,operating,Other named GHT rivers,duplicate_comid;river_group_not_normalized,剑科水电站,15.0,unknown,19.81810589,broad_coordinate,3656.883758,1937.086077,1719797681.0,1719797681.0,0.5297095027322988,0.5297095,True,16.4,False,0.5774647887323944,130908060.68738848,33581188.91282716,33581188.91282719,33581188.91286078,51.21312665440976,33581188.91286078,33581188.91286078,True,True,False,24.92150525858662,138.962313321879,2.7134120175764447,6117,18.420915754748066,7.007827221507758e-05,129,3708,2.5228177997427924e-07,6816971408.618322,9.32810803135122,9.32810803135122,0,1,CHECK_ESTIMATED_STORAGE_AND_WATER_MATCH
HydroCHN_01701,Xiaoguanzi hydroelectric plant,102.76975,30.31225,43057244,51,0.16,0.16,28.58708003,633.9261517364912,1271.302339,reservoir_storage,reservoir_storage,run_of_river,installed,operating,Other named GHT rivers,river_group_not_normalized,小关子水电站,11.4,unknown,8.136619773,moderate_coordinate,2703.227785,1431.925446,1271302339.0,1271302339.0,0.529709502819423,0.5297095,True,14.035087719298245,False,1.0,53015119.68764663,27573589.271843437,27573589.271843437,27573589.27187101,46.10579806876682,27573589.27187101,27573589.27187101,True,True,False,23.211138082604247,84.17906077957808,1.8257803639781005,6108,30.494337558746334,0.0002633333206176,99,4434,9.479999542236328e-07,1341036287.3288708,7.659330353298502,7.659330353298502,0,1,CHECK_ESTIMATED_STORAGE_AND_WATER_MATCH
HydroCHN_00999,Songshanhekou hydroelectric plant,98.12667,25.155,44006764,53,0.168,0.168,5.98,3181.973664622248,3837.692349,reservoir_storage,reservoir_storage,run_of_river,installed,operating,Other named GHT rivers,river_group_not_normalized,松山河口水电站,32.0,unknown,4.693295965,close_coordinate,8160.259185,4322.566836,3837692349.0,3837692349.0,0.5297095028483461,0.5297095,True,5.25,False,1.0,277394843.06330353,95713566.12488838,95713566.12488838,95713566.12498412,40.0955946410845,95713566.12498412,95713566.12498412,True,True,False,13.959177605609264,53.15654832216008,1.325745354269901,6012,77.30266761779785,0.0001141468819696,315,2277,4.109287750907242e-07,9339069399.928783,26.58710170138547,26.58710170138547,0,1,CHECK_ESTIMATED_STORAGE_AND_WATER_MATCH
HydroCHN_00153,Longkou hydroelectric plant,111.3125,39.4125,43007682,15,0.42,0.42,37.0,1285.6893590838545,92.0358503,reservoir_storage,reservoir_storage,run_of_river,installed,operating,Yellow River system,,龙口水电站,420.0,unknown,1.517822406,near_coordinate,195.7,103.6641497,92035850.3,92035850.3,0.5297095028104242,0.5297095,False,1.0,True,1.0,3243579.7515998245,2750098.1949930545,2750098.1949930545,2750098.194995805,33.466386933918336,2750098.194995805,2750098.194995805,True,True,False,0.8285280898658484,7.887587415522876,0.2356868529336485,5655,6.255622427910566,0.0001000158954411,303,5445,3.600572235882282e-07,255614508.66836336,0.7639161652776124,0.7639161652776124,0,1,CHECK_STORAGE_WATER_INCONSISTENCY_NOT_AUTOMATIC_STORAGE_ERROR
HydroCHN_00224,Tarileiga hydroelectric plant,74.79,39.68417,48014408,65,0.05,0.05,250.0,22.652622041001244,375.17995669999993,reservoir_storage,reservoir_storage,run_of_river,installed,operating,Other named GHT rivers,river_group_not_normalized,塔日勒嘎水电站,248.0,unknown,3.336663676,close_coordinate,797.7621469,422.5821902,375179956.6999999,375179956.6999999,0.529709502816221,0.5297095,False,0.2016129032258064,False,1.0,23589175.945843782,12139746.202398464,12139746.202398464,12139746.202410609,30.90509063735615,12139746.202410609,12139746.202410609,True,True,False,191.6935091264062,217.2526436765937,7.029671785326361,5874,34.13212877418846,0.0001008361577987,279,5145,3.630101680755615e-07,1033524649.4304954,3.3721517228928346,3.3721517228928346,0,1,CHECK_STORAGE_WATER_INCONSISTENCY_NOT_AUTOMATIC_STORAGE_ERROR
HydroCHN_01526,Renzhonghai hydroelectric plant,101.54083,29.21917,43061754,51,0.24,0.24,214.0,127.02404882804436,1595.2156409999998,reservoir_storage,reservoir_storage,run_of_river,installed,operating,Other named GHT rivers,river_group_not_normalized,仁宗海水电站,14.0,unknown,4.330286492,close_coordinate,3391.979321,1796.76368,1595215640.9999998,1595215640.9999998,0.5297095029076683,0.5297095,True,17.142857142857142,False,1.0,193585453.6168948,66353877.841973305,66353877.841973305,66353877.84203968,24.04103110292256,66353877.84203968,66353877.84203968,True,True,False,145.35156266392966,790.7125008917775,32.890124284014725,6117,31.945634841918945,0.0016549229621887,147,2595,5.957722663879394e-06,267755941.48943967,18.43163273390091,18.43163273390091,0,1,CHECK_ESTIMATED_STORAGE_AND_WATER_MATCH
HydroCHN_00035,,102.31917,31.66,43048651,51,0.0,2.0,251.4,901.058951511585,1284.833638,reservoir_storage,reservoir_storage,reservoir_storage,potential_or_nonoperating,construction,Unspecified GHT river,operation_type_requires_review;river_group_not_normalized,,2000.0,construction,,,2732.0,1447.166362,1284833638.0,1284833638.0,0.5297095029282577,0.5297095,False,1.0,False,1.0,122375073.42360368,59135816.73626304,59135816.73626304,59135816.73632219,21.72682663247693,59135816.73632219,59135816.73632219,True,True,False,16.50364792905881,748.1653727839996,34.435096548563834,6111,43.50771641731262,0.000189185142517,168,2982,6.810665130615234e-07,1886502438.9826896,16.426615760090492,16.426615760090492,0,1,CHECK_STORAGE_WATER_INCONSISTENCY_NOT_AUTOMATIC_STORAGE_ERROR
HydroCHN_01448,Dachaoshan hydroelectric plant,100.31667,24.06333,44008715,53,1.35,1.35,500.0,305.8103975535168,1844.379719,reservoir_storage,reservoir_storage,reservoir_storage,installed,operating,Lancang-Mekong system,,澜沧江大朝山水电站,16.0,unknown,6.889997001,moderate_coordinate,3921.788194,2077.408475,1844379719.0,1844379719.0,0.5297095029706748,0.5297095,True,84.375,False,1.0,225566331.29899296,85169962.59097075,85169962.59097075,85169962.59105594,21.65528389223088,85169962.59105594,85169962.59105594,True,True,False,69.80464908715278,2136.022262066875,98.637462925668,6114,76.26882123947144,0.000135563313961,228,1866,4.880279302597046e-07,3779250335.157071,23.658322941960986,23.658322941960986,0,1,CHECK_ESTIMATED_STORAGE_AND_WATER_MATCH
HydroCHN_00861,Ya'an Daxing hydroelectric plant,103.02667,29.99083,43058326,51,0.075,0.075,83.86566082,101.28976725775314,5208.094781000001,reservoir_storage,reservoir_storage,run_of_river,installed,operating,Other named GHT rivers,river_group_not_normalized,雅安大兴水电站,43.0,unknown,3.804584658,close_coordinate,11074.20799,5866.113209,5208094781.000001,5208094781.000001,0.529709502864412,0.5297095,True,1.744186046511628,False,1.0,774113379.7877312,282093214.5152092,282093214.5152092,282093214.51549137,18.46231852809772,282093214.51549137,282093214.51549137,True,True,False,595.1131729496457,1011.6923940143976,54.79768927579142,6117,129.5987091064453,0.0020675659179687,225,1323,7.4432373046875e-06,699708281.1964248,78.35922625430415,78.35922625430415,0,1,CHECK_ESTIMATED_STORAGE_AND_WATER_MATCH
HydroCHN_01085,Shanmei hydroelectric plant,118.3975,25.30167,43082128,35,0.063,0.063,42.872,166.43907312267663,3339.364191,reservoir_storage,reservoir_storage,run_of_river,installed,operating,Other named GHT rivers,river_group_not_normalized,山美水电站,28.0,unknown,15.60136919,broad_coordinate,7100.641437,3761.277246,3339364191.0,3339364191.0,0.5297095029190952,0.5297095,True,2.25,False,1.0,332741870.92022896,181148810.50930023,181148810.50930023,181148810.50948143,18.434369961403725,181148810.50948143,181148810.50948143,True,True,False,232.21739812535964,331.6064445230136,17.98848809137337,6114,218.99192142486567,0.0003584623336791,225,2910,1.290464401245117e-06,2587722828.9118104,50.3191140304125,50.3191140304125,0,1,CHECK_ESTIMATED_STORAGE_AND_WATER_MATCH
HydroCHN_00698,Liushu hydroelectric plant,105.37583,30.57833,43053812,51,0.048,0.048,66.56340414,81.67595032257765,197.9112236,reservoir_storage,reservoir_storage,run_of_river,installed,operating,Yangtze-Jinsha system,,柳树电航工程,60.0,unknown,14.52344776,broad_coordinate,420.827605,222.9163814,197911223.6,197911223.6,0.5297095027784596,0.5297095,False,0.8,True,1.0,16366121.729862068,12860014.585154504,12860014.585154504,12860014.585167369,15.389657786879118,12860014.585167369,12860014.585167369,True,True,False,28.04545466554353,30.51345467611137,1.982724703735514,5982,19.725065410137177,0.0001023239456117,207,5118,3.683662042021751e-07,537267592.2554986,3.572226273658602,3.572226273658602,0,1,CHECK_STORAGE_WATER_INCONSISTENCY_NOT_AUTOMATIC_STORAGE_ERROR
HydroCHN_01178,Yuzixi hydroelectric plant,103.41158,30.92742,43053232,51,0.16,0.16,22.54,803.9972330435224,2841.036035,reservoir_storage,reservoir_storage,run_of_river,installed,operating,Other named GHT rivers,river_group_not_normalized,渔子溪水电站,24.0,unknown,17.855704,broad_coordinate,6041.02369,3199.987655,2841036035.0,2841036035.0,0.5297095027614434,0.5297095,True,6.666666666666667,False,1.0,702766895.3299999,230478649.69654083,230478649.69654083,230478649.69677132,12.326677714997905,230478649.69677132,230478649.69677132,True,True,False,40.89860034931699,148.32559060018963,12.03289272498567,6117,279.77972984313965,0.0008306503295898,147,939,2.990341186523437e-06,950070864.0885828,64.02184713799303,64.02184713799303,0,1,CHECK_ESTIMATED_STORAGE_AND_WATER_MATCH
HydroCHN_00889,Hualiangting hydroelectric plant,116.25583,30.4625,43055280,34,0.04,0.04,52.44,86.39443951564168,4834.348664,reservoir_storage,reservoir_storage,run_of_river,installed,operating,Other named GHT rivers,river_group_not_normalized,花凉亭水电站,40.0,unknown,0.970313716,near_coordinate,10279.49468,5445.146016,4834348664.0,4834348664.0,0.5297095028021358,0.5297095,True,1.0,False,1.0,993745303.81279,392908346.9810486,392908346.9810486,392908346.9814416,12.304011103710003,392908346.9814416,392908346.9814416,True,True,False,647.6471153783774,587.2000512763955,47.72427839395813,6117,326.7296638488769,0.001382827758789,225,1593,4.978179931640625e-06,971107659.9046866,109.14120749484589,109.14120749484589,0,1,CHECK_ESTIMATED_STORAGE_AND_WATER_MATCH
HydroCHN_00807,Yutiao hydroelectric plant,107.25833,29.38583,43061513,50,0.048,0.048,120.0,45.30524408200249,5831.004983000001,reservoir_storage,reservoir_storage,run_of_river,installed,operating,Other named GHT rivers,river_group_not_normalized,鱼跳水电站,48.0,unknown,2.207120605,close_coordinate,12398.73018,6567.725197,5831004983.000001,5831004983.000001,0.5297095026387613,0.5297095,True,1.0,False,1.0,1218873928.5375595,513977726.6750336,513977726.6750336,513977726.67554766,11.344859281579078,513977726.67554766,513977726.67554766,True,True,False,1489.6395542507814,1620.7278350248505,142.8601091293256,6117,272.57845306396484,0.002532958984375,198,936,9.11865234375e-06,639459073.9054352,142.77159074320866,142.77159074320866,0,1,CHECK_ESTIMATED_STORAGE_AND_WATER_MATCH
HydroCHN_00077,Wanjiazhai hydroelectric plant,111.43833,39.63833,43005349,15,1.08,1.08,81.5,1500.9099266430271,423.2614474,reservoir_storage,reservoir_storage,reservoir_storage,installed,operating,Yellow River system,,万家寨水利枢纽,1080.0,unknown,6.777030698,moderate_coordinate,900.0,476.7385526,423261447.4,423261447.4,0.5297095028888889,0.5297095,False,1.0,True,1.0,52727042.43683517,37600523.03055525,37600523.03055525,37600523.03059286,11.256796801885509,37600523.03059286,37600523.03059286,True,True,False,3.2639262742863724,79.90091519453037,7.098015234766173,6096,30.310117423534397,0.0001040697097778,225,4641,3.746509552001953e-07,1129748747.534434,10.444589730721235,10.444589730721235,0,1,CHECK_STORAGE_WATER_INCONSISTENCY_NOT_AUTOMATIC_STORAGE_ERROR
HydroCHN_01185,Wanba hydroelectric plant,102.28922,29.26912,43060609,51,0.069,0.069,50.62853946,154.36263197598137,2841.036035,reservoir_storage,reservoir_storage,run_of_river,installed,operating,Unspecified GHT river,duplicate_comid;river_group_not_normalized,湾坝河水电站,24.0,unknown,5.173282272,moderate_coordinate,6041.02369,3199.987655,2841036035.0,2841036035.0,0.5297095027614434,0.5297095,True,2.875,False,0.0504017531044558,40569492700.03052,270489779.926763,270489779.9267632,270489779.9270337,10.50330269693142,270489779.9270337,270489779.9270337,True,True,False,213.0202180105361,333.1636209684785,31.719891407631263,6117,59.51381418633584,0.0066678344637395,225,954,2.40042040694622e-05,118355769.13022184,75.13604997973258,75.13604997973258,0,1,CHECK_ESTIMATED_STORAGE_AND_WATER_MATCH
HydroCHN_00319,Gudi hydroelectric plant,100.5725,28.11333,43067698,51,0.138,0.138,68.40337277,228.50202519759256,287.54986450000007,reservoir_storage,reservoir_storage,run_of_river,installed,operating,Other named GHT rivers,river_group_not_normalized,固滴水电站,168.0,unknown,19.83824116,broad_coordinate,611.4303101,323.8804456,287549864.50000006,287549864.50000006,0.5297095028655497,0.5297095,False,0.8214285714285714,False,1.0,63467578.20784605,28279765.465345237,28279765.465345237,28279765.46537352,10.168042760187795,28279765.46537352,28279765.46537352,True,True,False,14.56496251547458,45.55920274840448,4.480626588898951,6108,62.82365870475769,0.0002398490905761,174,4425,8.634567260742187e-07,333021743.6690436,7.855490407049199,7.855490407049199,0,1,CHECK_STORAGE_WATER_INCONSISTENCY_NOT_AUTOMATIC_STORAGE_ERROR
HydroCHN_00389,Yamadu hydroelectric plant,81.51417,43.98417,46025079,65,0.132,0.132,230.0,65.00317629156879,423.4983673,reservoir_storage,reservoir_storage,run_of_river,installed,operating,Other named GHT rivers,river_group_not_normalized,雅玛渡水电站,132.0,operating,1.311921405,near_coordinate,900.5037735,477.0054062,423498367.3,423498367.3,0.5297095028775024,0.5297095,False,1.0,False,1.0,117179748.58590402,43595661.78511083,43595661.78511083,43595661.78515444,9.71423187442502,43595661.78515444,43595661.78515444,True,False,False,75.40556866627131,225.6134614494837,23.22504387024548,6105,29.188825607299805,0.0001068571582436,273,3588,3.846857696771622e-07,1100894290.0471995,12.109906051432786,12.109906051432786,0,2,CYCLIC_BOUND_REDUCIBLE_NOT_PHYSICAL_CERTIFICATION
HydroCHN_00523,Baishiyao hydroelectric plant,113.4375,24.2975,43088008,44,0.092,0.092,27.692,376.2894026744393,218.2147907,reservoir_storage,reservoir_storage,run_of_river,installed,operating,Other named GHT rivers,river_group_not_normalized,白石窑水电站,92.0,unknown,1.672020039,near_coordinate,464.0,245.7852093,218214790.7,218214790.7,0.5297095028017241,0.5297095,False,1.0,False,1.0,44265231.31763376,22538495.57082653,22538495.57082653,22538495.57084908,9.681870292276097,22538495.57084908,22538495.57084908,True,False,False,6.711946001321532,13.996644728089167,1.4456550548132492,6117,39.102573692798615,0.0001477599143981,207,4866,5.319356918334961e-07,410227766.3449298,6.260693214125743,6.260693214125743,0,2,CYCLIC_BOUND_REDUCIBLE_NOT_PHYSICAL_CERTIFICATION
HydroCHN_01244,Puding hydroelectric plant,107.01333,26.96167,43074544,52,0.075,0.075,45.38057293,187.1887619946685,2467.289916,reservoir_storage,reservoir_storage,run_of_river,installed,operating,Other named GHT rivers,river_group_not_normalized,普定水电站,21.0,unknown,4.462100587,close_coordinate,5246.310379,2779.020463,2467289916.0,2467289916.0,0.5297095029154012,0.5297095,True,3.571428571428572,False,1.0,530256099.4139269,267869879.8794508,267869879.8794508,267869879.87971872,9.210777699634928,267869879.87971872,267869879.87971872,True,False,False,152.55507833751977,259.3436331737836,28.15654026519426,6108,242.0262517929077,0.0003794431686401,204,1152,1.3659954071044922e-06,1806221238.4959092,74.40829996658951,74.40829996658951,0,2,CHECK_ESTIMATED_STORAGE_SOURCE
HydroCHN_00975,Hunan Zhugaotan hydroelectric plant,109.45708,28.59292,43063849,43,0.033,0.033,29.98620786,124.64672606205316,3962.274389,reservoir_storage,reservoir_storage,run_of_river,installed,operating,Other named GHT rivers,river_group_not_normalized,竹篙滩水电站,33.0,unknown,0.733378521,near_coordinate,8425.163622,4462.889233,3962274389.0,3962274389.0,0.5297095027740935,0.5297095,True,1.0,False,1.0,1383151538.579178,439440582.0705414,439440582.0705414,439440582.0709809,9.016632852447822,439440582.0709809,439440582.0709809,True,False,False,367.9170623162792,275.2019626125768,30.52158905833569,6117,151.0763168334961,0.0038795471191406,348,420,1.396636962890625e-05,283701097.29870427,122.06682835305122,122.06682835305122,0,2,CHECK_ESTIMATED_STORAGE_SOURCE
HydroCHN_00144,Kajiwa hydroelectric plant,100.54417,28.4075,43067499,51,0.452,0.452,157.32,325.4190555089169,280.6,reservoir_storage,reservoir_storage,run_of_river,installed,operating,Other named GHT rivers,river_group_not_normalized,卡基娃水电站,452.0,operating,1.641023933,near_coordinate,358.3,77.7,280600000.0,280600000.0,0.2168573820820541,0.2168574,False,1.0,False,1.0,76745151.32514001,32047002.416125685,32047002.416125685,32047002.416157737,8.755889126732322,32047002.416157737,32047002.416157737,True,False,False,9.980009253318585,102.24852147,11.677685725567956,6117,19.731898307800293,0.0006482601165771,135,3450,2.3337364196777342e-06,120236371.8687426,8.901945115600371,8.901945115600371,0,2,CYCLIC_BOUND_REDUCIBLE_NOT_PHYSICAL_CERTIFICATION
HydroCHN_00842,Tongkou hydroelectric plant,104.6025,31.74917,43047035,51,0.045,0.045,87.36430517,58.34007320618493,5457.258856,reservoir_storage,reservoir_storage,run_of_river,installed,operating,Other named GHT rivers,river_group_not_normalized,通口水电站,45.0,unknown,7.084360968,moderate_coordinate,11604.01686,6146.758004,5457258856.0,5457258856.0,0.5297095030246277,0.5297095,True,1.0,False,1.0,2666775743.117523,675068382.3326111,675068382.3326111,675068382.3332863,8.084008966821543,675068382.3332863,675068382.3332863,True,False,False,1082.6643637815068,1104.317651057137,136.60519868154304,6117,472.5649032592773,0.0032196044921875,231,327,1.1590576171875e-05,470835856.22276986,187.51899509258047,187.51899509258047,0,2,CHECK_ESTIMATED_STORAGE_SOURCE
HydroCHN_00101,,92.35333,29.44167,45023619,54,0.0,0.8,79.15908904,1144.6630988668712,778.2407546000001,reservoir_storage,reservoir_storage,reservoir_storage,potential_or_nonoperating,pre-construction,Unspecified GHT river,operation_type_requires_review;river_group_not_normalized,,800.0,pre-construction,,,1654.80859,876.5678354,778240754.6,778240754.6,0.5297095027769949,0.5297095,False,1.0,False,1.0,184425801.33752,98085091.93623848,98085091.93623848,98085091.9363366,7.934342918342039,98085091.9363366,98085091.9363366,True,False,False,7.869054353303042,142.69218560656182,17.984121316026517,6024,53.25308847427368,0.000104454367829,225,3402,3.760357241844758e-07,2069592606.627476,27.24585887120561,27.24585887120561,0,2,CYCLIC_BOUND_REDUCIBLE_NOT_PHYSICAL_CERTIFICATION
HydroCHN_01444,Jinshuitan hydroelectric plant,119.58917,28.1675,43067246,33,0.3,0.3,160.0,212.3683316343867,1844.379719,reservoir_storage,reservoir_storage,run_of_river,installed,operating,Other named GHT rivers,river_group_not_normalized,紧水滩混合式抽水蓄能电站,16.0,unknown,7.209632537,moderate_coordinate,3921.788194,2077.408475,1844379719.0,1844379719.0,0.5297095029706748,0.5297095,True,18.75,False,1.0,498115293.3049679,246429164.1524792,246429164.1524792,246429164.15272567,7.484421437459962,246429164.15272567,246429164.15272567,True,False,False,100.51869468549998,683.5271238614,91.3266482349088,6108,189.93342399597168,0.0013259649276733,213,2484,4.773473739624023e-06,386381033.9397133,68.45254559798032,68.45254559798032,0,2,CHECK_ESTIMATED_STORAGE_SOURCE
HydroCHN_00990,Baiyangxi hydroelectric plant,108.25833,32.25583,43044293,51,0.035,0.035,64.62311687,61.34351063799466,3837.692349,reservoir_storage,reservoir_storage,run_of_river,installed,operating,Other named GHT rivers,river_group_not_normalized,白杨溪水电站,32.0,unknown,0.04935187,near_coordinate,8160.259185,4322.566836,3837692349.0,3837692349.0,0.5297095028483461,0.5297095,True,1.09375,False,1.0,1906062422.6074216,526107843.9720154,526107843.9720154,526107843.9725416,7.294497493179926,526107843.9725416,526107843.9725416,True,False,False,724.08205951816,574.438433884407,78.74955532179018,6117,278.95011138916016,0.0044212341308593,303,720,1.591644287109375e-05,241114951.37960312,146.1410677701514,146.1410677701514,0,2,CHECK_ESTIMATED_STORAGE_SOURCE
HydroCHN_00582,Jinping hydroelectric plant,102.14,30.35917,43056364,51,0.081,0.081,938.0,9.780716339664718,423.4876742,reservoir_storage,reservoir_storage,run_of_river,installed,operating,Other named GHT rivers,river_group_not_normalized,金平水电站,79.0,unknown,16.48097062,broad_coordinate,900.4810361,476.9933619,423487674.2,423487674.2,0.5297095027851637,0.5297095,False,1.0253164556962024,False,1.0,147622675.80838054,60874950.57681799,60874950.57681799,60874950.57687888,6.9566820208778335,60874950.57687888,60874950.57687888,True,False,False,501.136884092088,920.0873191930737,132.25950480859427,6117,39.16709041595459,0.0001289844512939,183,2766,4.643440246582031e-07,912012757.16151,16.90970849357846,16.90970849357846,0,2,CYCLIC_BOUND_REDUCIBLE_NOT_PHYSICAL_CERTIFICATION
HydroCHN_00891,Wangjianglou hydroelectric plant,126.36167,41.275,42061724,22,0.04,0.04,14.72,307.78019077447345,4834.348664,reservoir_storage,reservoir_storage,run_of_river,installed,operating,Other named GHT rivers,river_group_not_normalized,望江楼水电站,40.0,unknown,7.306289453,moderate_coordinate,10279.49468,5445.146016,4834348664.0,4834348664.0,0.5297095028021358,0.5297095,True,1.0,False,1.0,4434246357.962036,748643197.2473145,748643197.2473145,748643197.2480633,6.457480254640097,748643197.2480633,748643197.2480633,True,False,False,181.79568150972,164.8280845688128,25.52513953878664,6117,262.7265319824219,0.0072059631347656,225,423,2.594146728515625e-05,186356022.612731,207.9564436800185,207.9564436800185,0,2,CHECK_ESTIMATED_STORAGE_SOURCE
HydroCHN_01262,Baishan hydroelectric plant,127.24,42.59917,42057982,22,1.5,1.5,14.28,11897.385525735948,2442.373509,reservoir_storage,reservoir_storage,reservoir_storage,installed,operating,Northeast border/Songhua rivers,,白山抽水蓄能电站,20.8,unknown,14.13556282,broad_coordinate,5193.329492,2750.955983,2442373509.0,2442373509.0,0.5297095027838453,0.5297095,True,72.11538461538461,False,1.0,985609605.3510188,404835988.2698536,404835988.2698536,404835988.27025855,6.032995039387485,404835988.27025855,404835988.27025855,True,False,False,2.376002008892925,80.78406830235944,13.390375389813087,6117,193.75621795654297,0.0006570816040039,348,861,2.3654937744140624e-06,1032500501.7630965,112.4544411861839,112.4544411861839,0,2,CHECK_ESTIMATED_STORAGE_SOURCE
HydroCHN_01067,Tongxinxi hydroelectric plant,109.48367,27.72533,43069130,43,0.03,0.03,17.0,199.876076832364,3588.52827,reservoir_storage,reservoir_storage,run_of_river,installed,operating,Other named GHT rivers,duplicate_comid;river_group_not_normalized,铜信溪水电站,30.0,unknown,6.836443133,moderate_coordinate,7630.450311,4041.922041,3588528270.0,3588528270.0,0.5297095028812645,0.5297095,True,1.0,False,0.6521739130434783,2925185736.53183,612682293.1164465,612682293.1164451,612682293.1170579,5.857078473319585,612682293.1170579,612682293.1170579,True,False,False,207.79821513468744,141.3027862915875,24.12513114432642,6117,205.3675809113876,0.001273777173913,384,324,4.5855978260869565e-06,782564979.7688888,170.1895258658504,170.1895258658504,0,2,CHECK_ESTIMATED_STORAGE_SOURCE
HydroCHN_00421,Duobu hydroelectric plant,94.36333,29.63917,45021068,54,0.12,0.12,16.7,813.8666601557335,39.97469226,reservoir_storage,reservoir_storage,run_of_river,installed,operating,Other named GHT rivers,river_group_not_normalized,多布水电站,120.0,operating,0.287180479,near_coordinate,85.0,45.02530774,39974692.26,39974692.26,0.5297095028235295,0.5297095,False,1.0,False,1.0,17118715.710622072,6918830.076572299,6918830.076572299,6918830.07657922,5.777666428796604,6918830.07657922,6918830.07657922,True,False,False,0.5684838462568593,1.5462760618186573,0.2676298607531718,6105,4.313271462917328,0.0001049488782882,186,5616,3.7781596183776857e-07,105804667.61000648,1.9218972434952275,1.9218972434952275,0,2,CYCLIC_BOUND_REDUCIBLE_NOT_PHYSICAL_CERTIFICATION
HydroCHN_00734,Fushi hydroelectric plant,109.36667,25.13667,43082749,45,0.054,0.054,27.876,219.40766075011967,211.6307237,reservoir_storage,reservoir_storage,run_of_river,installed,operating,Other named GHT rivers,river_group_not_normalized,浮石水电站,54.0,unknown,4.487223056,close_coordinate,450.0,238.3692763,211630723.7,211630723.7,0.5297095028888889,0.5297095,False,1.0,False,1.0,66253222.3847082,39877622.39978007,39877622.39978007,39877622.39981996,5.307004554538224,39877622.39981996,39877622.39981996,True,False,False,11.163829303313731,13.664527067256005,2.574809749420183,6057,61.832051277160645,0.00010865367949,171,4203,3.911532461643219e-07,541042994.7220604,11.077117333284315,11.077117333284315,0,2,CYCLIC_BOUND_REDUCIBLE_NOT_PHYSICAL_CERTIFICATION
HydroCHN_00791,Chahan Wusu hydroelectric plant,85.51917,42.33167,48002252,65,0.309,0.309,95.23625497,367.48926198716657,6017.878037,reservoir_storage,reservoir_storage,run_of_river,installed,operating,Yangtze-Jinsha system,,察汗乌苏水电站,49.5,unknown,0.573260193,near_coordinate,12796.08683,6778.208793,6017878037.0,6017878037.0,0.5297095028386893,0.5297095,True,6.242424242424242,False,1.0,6156919982.16877,1139571499.685669,1139571499.685669,1139571499.6868088,5.280825326584517,1139571499.6868088,1139571499.6868088,True,False,False,189.53306497269529,1327.489587068758,251.37918885228711,6117,272.8471374511719,0.0139846801757812,225,435,5.03448486328125e-05,119533143.91490331,316.5476388018923,316.5476388018923,0,2,CHECK_ESTIMATED_STORAGE_SOURCE
HydroCHN_00778,Meishan hydroelectric plant,115.8725,31.69333,43046957,34,0.05,0.05,65.0,87.12546938846633,1064.737686,reservoir_storage,reservoir_storage,run_of_river,installed,operating,Other named GHT rivers,river_group_not_normalized,梅山水电站,50.0,unknown,2.768284027,close_coordinate,2264.0,1199.262314,1064737686.0,1064737686.0,0.5297095026501767,0.5297095,False,1.0,False,1.0,491137809.58242416,208150958.0394745,208150958.0394745,208150958.0396827,5.115218762514724,208150958.0396827,208150958.0396827,True,False,False,141.4437469745625,160.3029132378375,31.33842767633063,6114,153.0624933242798,0.0002779960632324,207,1959,1.0007858276367186e-06,1063901642.6864264,57.81971056657952,57.81971056657952,0,2,CYCLIC_BOUND_REDUCIBLE_NOT_PHYSICAL_CERTIFICATION
HydroCHN_00803,Guangxi Nabi hydroelectric plant,105.7975,24.12167,43086197,53,0.048,0.048,62.56,86.9026421010278,5831.004983000001,reservoir_storage,reservoir_storage,run_of_river,installed,operating,Other named GHT rivers,river_group_not_normalized,那比水电站,48.0,unknown,0.144362996,near_coordinate,12398.73018,6567.725197,5831004983.000001,5831004983.000001,0.5297095026387613,0.5297095,True,1.0,False,1.0,3752114167.5979614,1163399930.8387756,1163399930.8387756,1163399930.8399394,5.012038275427946,1163399930.8399394,1163399930.8399394,True,False,False,776.5987542827409,844.939444659622,168.58200161822046,6117,307.7986068725586,0.0041389465332031,225,219,1.4900207519531249e-05,391337165.9660912,323.16664745553965,323.16664745553965,0,2,CHECK_ESTIMATED_STORAGE_SOURCE
HydroCHN_01378,Dongsong hydroelectric plant,99.8075,28.94,43063727,51,0.18,0.18,40.1326064,507.9998949906508,2093.543798,reservoir_storage,reservoir_storage,run_of_river,installed,operating,Other named GHT rivers,river_group_not_normalized,洞松水电站,18.0,unknown,1.031085892,near_coordinate,4451.597068,2358.05327,2093543798.0,2093543798.0,0.5297095028996905,0.5297095,True,10.0,False,1.0,1847507569.7284696,418947117.1016693,418947117.1016693,418947117.10208833,4.997155279361546,418947117.10208833,418947117.10208833,True,False,False,47.69849607117796,194.60986397040608,38.94412982801597,6117,149.1267547607422,0.0010223388671875,171,690,3.680419921875e-06,568832862.129884,116.37419919502553,116.37419919502553,0,2,CHECK_ESTIMATED_STORAGE_SOURCE
HydroCHN_00886,Guizhou Tongzihe Yangjiayuan hydroelectric plant,106.37,28.16,43066634,52,0.04,0.04,41.0,110.50059532195728,4834.348664,reservoir_storage,reservoir_storage,run_of_river,installed,operating,Other named GHT rivers,river_group_not_normalized,贵州桐梓河杨家园水电站,40.0,unknown,0.506880599,near_coordinate,10279.49468,5445.146016,4834348664.0,4834348664.0,0.5297095028021358,0.5297095,True,1.0,False,1.0,2279069852.477646,994792319.1307068,994792319.1307068,994792319.1317018,4.859656202632959,994792319.1317018,994792319.1317018,True,False,False,506.3602542050626,459.09996381259,94.47169607664648,6117,924.0954895019532,0.0109825134277343,219,462,3.953704833984375e-05,122273889.09880129,276.33119975880703,276.33119975880703,0,2,CHECK_ESTIMATED_STORAGE_SOURCE
HydroCHN_00437,Wuyiqiao hydroelectric plant,101.7,28.605,43064031,51,0.132,0.132,618.0,24.19212062631201,425.9255572,reservoir_storage,reservoir_storage,run_of_river,installed,operating,Other named GHT rivers,duplicate_comid;river_group_not_normalized,五一桥水电站,120.0,operating,12.17695482,broad_coordinate,905.6648173,479.7392601,425925557.2,425925557.2,0.5297095028271228,0.5297095,False,1.1,False,0.5454545454545455,761389959.1580629,94537676.41598076,94537676.41598096,94537676.41607551,4.505352504386009,94537676.41607551,94537676.41607551,True,False,False,203.7727086939375,609.6879444122609,135.32524787308282,6114,31.077350963245745,0.0007495880126953,222,1476,2.698516845703125e-06,157836908.7738716,26.26046567113308,26.26046567113308,0,2,CYCLIC_BOUND_REDUCIBLE_NOT_PHYSICAL_CERTIFICATION
HydroCHN_00104,Shuifeng hydroelectric plant,124.96621,40.46417,42063828,21,0.63,0.63,109.2375201,653.2165812976372,6019.880647,reservoir_storage,reservoir_storage,run_of_river,installed,operating,Northeast border/Songhua rivers,,水丰水电站,765.0,unknown,0.40811661,near_coordinate,14700.0,8680.119353,6019880647.0,6019880647.0,0.5904843097278911,0.5904843,False,0.8235294117647058,False,1.0,9415832125.06714,1371275905.9020996,1371275905.9020996,1371275905.9034712,4.3899849921404215,1371275905.9034712,1371275905.9034712,True,False,False,106.6637720479356,1523.1586648445204,346.962157631512,6117,423.6707305908203,0.009063720703125,225,171,3.262939453125e-05,184492563.63720164,380.9099738620763,380.9099738620763,0,2,CYCLIC_BOUND_REDUCIBLE_NOT_PHYSICAL_CERTIFICATION
HydroCHN_00030,,99.03833,30.77417,43053195,51,0.0,2.24,199.64,1270.8343361010518,557.2942391,reservoir_storage,reservoir_storage,reservoir_storage,potential_or_nonoperating,construction,Unspecified GHT river,operation_type_requires_review;river_group_not_normalized,,2240.0,construction,,,1185.0,627.7057609,557294239.1,557294239.1,0.5297095028691983,0.5297095,False,1.0,False,1.0,505408770.6323147,134161377.014637,134161377.014637,134161377.01477118,4.153909653436561,134161377.01477118,134161377.01477118,True,False,False,5.075535513297035,257.70185646180147,62.03838743780693,6117,54.94389724731445,0.001596450805664,132,1506,5.747222900390625e-06,96967570.03493322,37.26704917077077,37.26704917077077,0,2,CYCLIC_BOUND_REDUCIBLE_NOT_PHYSICAL_CERTIFICATION
HydroCHN_00262,Guolangqiao hydroelectric plant,102.5975,30.0475,43055339,51,0.22,0.22,69.19950206,360.08762351347724,347.1429347999999,reservoir_storage,reservoir_storage,run_of_river,installed,operating,Other named GHT rivers,duplicate_comid;river_group_not_normalized,锅浪跷水电站,220.0,construction,0.488231677,near_coordinate,738.1457565,391.0028217,347142934.7999999,347142934.7999999,0.5297095028412591,0.5297095,False,1.0,False,0.4347826086956521,662710268.2022095,87026824.15705155,87026824.1570514,87026824.15713845,3.9889187978776217,87026824.15713845,87026824.15713845,True,False,False,11.158000940058098,55.641231354423056,13.948950623906496,6117,45.50298359083093,0.0005354052004606,126,2037,1.927458721658458e-06,180103952.88844633,24.174117821428343,24.174117821428343,0,2,CYCLIC_BOUND_REDUCIBLE_NOT_PHYSICAL_CERTIFICATION
HydroCHN_01080,Gaofengshan hydroelectric plant,103.37917,29.90083,43057891,51,0.075,0.075,57.84449344,146.85465737869666,3354.936947,reservoir_storage,reservoir_storage,run_of_river,installed,operating,Other named GHT rivers,duplicate_comid;river_group_not_normalized,高凤山水电站,28.125,unknown,4.971489215,close_coordinate,7133.754492,3778.817545,3354936947.0,3354936947.0,0.5297095027923481,0.5297095,True,2.6666666666666665,False,0.3846153846153846,8941304096.26007,846090438.6502801,846090438.650278,846090438.6511242,3.965222621293999,846090438.6511242,846090438.6511242,True,False,False,264.41305595295887,449.5021951200301,113.36114968820876,6117,237.5234163724459,0.0020804772010216,225,642,7.489717923677884e-06,447939025.3661959,235.02512184753544,235.02512184753544,0,2,CHECK_ESTIMATED_STORAGE_SOURCE
HydroCHN_00530,Bajiangkou hydroelectric plant,110.75083,24.37333,43088185,45,0.09,0.09,26.0,392.0646122480985,101.5827474,reservoir_storage,reservoir_storage,run_of_river,installed,operating,Other named GHT rivers,river_group_not_normalized,巴江口水电站,90.0,operating,0.292399402,near_coordinate,216.0,114.4172526,101582747.4,101582747.4,0.5297095027777777,0.5297095,False,1.0,False,1.0,44395727.91644186,25618806.18400276,25618806.18400276,25618806.184028383,3.9651631957514897,25618806.184028383,25618806.184028383,True,False,False,2.9988073555375,6.1175670052965,1.542828555416106,6105,37.68951392173767,0.0001299381256103,162,4839,4.677772521972656e-07,217160511.5957236,7.116335051119994,7.116335051119994,0,2,CYCLIC_BOUND_REDUCIBLE_NOT_PHYSICAL_CERTIFICATION
HydroCHN_00752,Guangzhao hydroelectric plant,105.34742,25.77842,43080629,52,1.04,1.04,46.7,2522.3476362570977,373.2183123,reservoir_storage,reservoir_storage,reservoir_storage,installed,operating,Pearl-Xijiang system,,北盘江光照水电站,51.0,unknown,22.4865783,broad_coordinate,793.5910136,420.3727013,373218312.3,373218312.3,0.5297095028748445,0.5297095,False,20.392156862745097,True,1.0,173100797.02128768,94828651.0344386,94828651.0344386,94828651.03453346,3.93571255341475,94828651.03453346,94828651.03453346,True,False,False,1.7125539439008624,40.37060497088966,10.257508500162812,6114,76.04682064056396,0.00042125582695,180,2544,1.5165209770202635e-06,246101648.4145956,26.341291954038063,26.341291954038063,0,2,CYCLIC_BOUND_REDUCIBLE_NOT_PHYSICAL_CERTIFICATION
HydroCHN_01233,Sankeshu hydroelectric plant,102.19167,27.41167,43071634,51,0.052,0.052,46.78003067,125.90162183107272,2566.955547,reservoir_storage,reservoir_storage,run_of_river,installed,operating,Other named GHT rivers,river_group_not_normalized,三棵树水电站,21.8,unknown,1.088752599,near_coordinate,5458.233928,2891.278381,2566955547.0,2566955547.0,0.5297095029526189,0.5297095,True,2.385321100917431,False,1.0,2659751418.574333,657910096.6278076,657910096.6278076,657910096.6284657,3.901681339372435,657910096.6284657,657910096.6284657,True,False,False,235.9789589183896,278.1405329118085,71.28735248180668,6117,207.15675354003903,0.0028610229492187,243,438,1.02996826171875e-05,249226664.78250667,182.75280461901923,182.75280461901923,0,2,CHECK_ESTIMATED_STORAGE_SOURCE
HydroCHN_00000,,95.0066,29.1784,45022575,54,0.0,60.0,1095.723829,6202.098040071348,44779.94924,reservoir_storage,reservoir_storage,reservoir_storage,potential_or_nonoperating,pre-construction,Unspecified GHT river,operation_type_requires_review;river_group_not_normalized,,60000.0,pre-construction,,,95217.63571,50437.68647,44779949240.0,44779949240.0,0.5297095028027765,0.5297095,False,1.0,False,1.0,123098035692.48048,11871054222.36328,11871054222.36328,11871054222.375154,3.772196504300058,11871054222.375154,11871054222.375154,True,False,False,83.56631033376486,113650.18205392016,30128.383270662787,6117,2324.969970703125,0.01611328125,300,24,5.80078125e-05,771964108.1104378,3297.515061770877,3297.515061770877,0,2,CYCLIC_BOUND_REDUCIBLE_NOT_PHYSICAL_CERTIFICATION
HydroCHN_01655,Honglin hydroelectric plant,107.10417,26.99083,43071839,52,0.135,0.135,53.0,288.50037505048755,1346.051563,reservoir_storage,reservoir_storage,run_of_river,installed,operating,Unspecified GHT river,river_group_not_normalized,红林水电站,12.0,unknown,10.37136517,broad_coordinate,2862.170447,1516.118884,1346051563.0,1346051563.0,0.5297095026570233,0.5297095,True,11.25,False,1.0,791760888.1048679,367240930.8943033,367240930.8943033,367240930.89467067,3.665309201021671,367240930.89467067,367240930.89467067,True,False,False,54.00097138507639,165.24297243833374,45.08295572774829,6117,269.5591115951538,0.0005512237548828,216,780,1.984405517578125e-06,678314765.3423145,102.01136969296503,102.01136969296503,0,2,CHECK_ESTIMATED_STORAGE_SOURCE
HydroCHN_01058,Guanting hydroelectric plant,115.6025,40.23,43003276,13,0.03,0.03,42.32,80.29048454986264,1956.408468,reservoir_storage,reservoir_storage,run_of_river,installed,operating,Other named GHT rivers,river_group_not_normalized,永定河官厅水电站,30.0,unknown,0.112578861,near_coordinate,4160.0,2203.591532,1956408468.0,1956408468.0,0.5297095028846154,0.5297095,False,1.0,False,1.0,1356696256.9461825,549441332.5956345,549441332.5956345,549441332.596184,3.560723141733272,549441332.596184,549441332.596184,True,False,False,282.02117168337,191.7743967446916,53.858272353954696,6117,177.80863761901855,0.0012872219085693,225,1734,4.633998870849609e-06,422185788.67312217,152.62259238782988,152.62259238782988,0,2,CYCLIC_BOUND_REDUCIBLE_NOT_PHYSICAL_CERTIFICATION
HydroCHN_00825,Fushui hydroelectric plant,114.87958,29.69042,43057934,42,0.037,0.037,41.4,101.22548496582684,813.6025601,reservoir_storage,reservoir_storage,run_of_river,installed,operating,Unspecified GHT river,duplicate_comid;river_group_not_normalized,富水水电厂,45.5,unknown,0.354579551,near_coordinate,1730.0,916.3974399,813602560.1,813602560.1,0.52970950283237,0.5297095,False,0.8131868131868132,False,0.3606237816764136,1680213364.8908615,232628240.2573637,232628240.2573638,232628240.2575965,3.4974367651970057,232628240.2575965,232628240.2575965,True,False,False,93.02693190981232,78.01858689502926,22.30736168593932,6117,199.1518710324176,0.0014231311879892,225,1827,5.123272276761244e-06,158805254.9520814,64.61895562711112,64.61895562711112,0,2,CYCLIC_BOUND_REDUCIBLE_NOT_PHYSICAL_CERTIFICATION
HydroCHN_00240,Yele hydroelectric plant,102.14583,28.74833,43064570,51,0.24,0.24,644.8,42.15748518796759,263.0,reservoir_storage,reservoir_storage,run_of_river,installed,operating,Other named GHT rivers,river_group_not_normalized,冶勒水电站,240.0,operating,0.577409108,near_coordinate,298.0,35.0,263000000.0,263000000.0,0.1174496644295302,0.1174497,False,1.0,False,1.0,173461394.46625337,77552521.22933865,77552521.22933865,77552521.22941622,3.391250159643324,77552521.22941622,77552521.22941622,True,False,False,72.20500624999998,392.795234,115.82608640139938,6114,45.26622009277344,0.0003901720046997,135,2187,1.4046192169189453e-06,187239357.70784533,21.542367008172167,21.542367008172167,0,2,CYCLIC_BOUND_REDUCIBLE_NOT_PHYSICAL_CERTIFICATION
HydroCHN_01520,Sichuan Muchuan County Huogu hydroelectric plant,103.54667,28.84,43063832,51,0.04,0.04,33.13531769,136.72796049779626,1595.2156409999998,reservoir_storage,reservoir_storage,run_of_river,installed,operating,Other named GHT rivers,river_group_not_normalized,四川沐川县火谷水电站,14.0,unknown,15.49226853,broad_coordinate,3391.979321,1796.76368,1595215640.9999998,1595215640.9999998,0.5297095029076683,0.5297095,True,2.857142857142857,False,1.0,1259194916.8401718,478342865.2896881,478342865.2896881,478342865.29016656,3.3348791353506013,478342865.29016656,478342865.29016656,True,False,False,135.03561324132482,122.43228933880116,36.71266164967241,6117,405.4701232910156,0.0020103454589843,201,513,7.23724365234375e-06,220417567.464845,132.87301813615835,132.87301813615835,0,2,CHECK_ESTIMATED_STORAGE_SOURCE
HydroCHN_00348,Panjiakou hydroelectric plant,118.26917,40.3375,43003322,13,0.15,0.15,99.36,170.9889948747075,1377.951157,reservoir_storage,reservoir_storage,run_of_river,installed,operating,Other named GHT rivers,river_group_not_normalized,潘家口抽水蓄能电站,150.0,operating,5.75447437,moderate_coordinate,2930.0,1552.048843,1377951157.0,1377951157.0,0.5297095027303754,0.5297095,False,1.0,False,1.0,1101619373.332858,417609409.4667792,417609409.4667792,417609409.46719694,3.2996171201172078,417609409.46719694,417609409.46719694,True,False,False,93.272135866173,317.1252619449882,96.1097152791492,6117,122.60566329956056,0.00024875998497,327,1773,8.95535945892334e-07,1538688830.214376,116.002613740889,116.002613740889,0,2,CYCLIC_BOUND_REDUCIBLE_NOT_PHYSICAL_CERTIFICATION
HydroCHN_00953,Fujian Zhangping Huakou Plant hydroelectric plant,117.51917,25.28083,43081390,35,0.036,0.036,69.8710834,58.357073755925526,4211.438467,reservoir_storage,reservoir_storage,run_of_river,installed,operating,Other named GHT rivers,duplicate_comid;river_group_not_normalized,漳平华口水电站,35.0,unknown,0.385937659,near_coordinate,8954.972496,4743.534029,4211438467.0,4211438467.0,0.5297095028621068,0.5297095,True,1.0285714285714285,False,0.45,7612302160.684204,1307270382.3317006,1307270382.3316953,1307270382.333003,3.2215511985241427,1307270382.333003,1307270382.333003,True,False,False,835.2629362351054,681.574555967846,211.56719665961143,6117,706.2801910400391,0.0008445739746093,228,804,3.04046630859375e-06,1385129134.6648197,363.1306617591685,363.1306617591685,0,2,CHECK_ESTIMATED_STORAGE_SOURCE
HydroCHN_00742,Xiaoxiang hydroelectric plant,111.62833,26.38417,43078642,43,0.052,0.052,9.35,629.9124845626015,85.59287048,reservoir_storage,reservoir_storage,run_of_river,installed,operating,Other named GHT rivers,river_group_not_normalized,"潇湘水电站, 宋家洲水电站",52.0,unknown,6.45246945,moderate_coordinate,182.0,96.40712952,85592870.48,85592870.48,0.5297095028571428,0.5297095,False,1.0,False,1.0,53800830.95421195,26590532.08973408,26590532.08973408,26590532.089760672,3.218922817755858,26590532.089760672,26590532.089760672,True,False,False,1.5726918380353123,1.853679446430955,0.5758694915591153,6105,44.24154567718506,0.0001323819160461,216,4794,4.765748977661133e-07,179600039.534617,7.386258913823409,7.386258913823409,0,2,CYCLIC_BOUND_REDUCIBLE_NOT_PHYSICAL_CERTIFICATION
HydroCHN_01569,Jiulongxia hydroelectric plant,103.56967,33.96633,43034853,62,0.081,0.081,23.0,398.8831272437176,1458.175398,reservoir_storage,reservoir_storage,run_of_river,installed,operating,Unspecified GHT river,river_group_not_normalized,九龙峡水电站,12.9,unknown,8.495246314,moderate_coordinate,3100.58444,1642.409042,1458175398.0,1458175398.0,0.5297095027671621,0.5297095,True,6.27906976744186,False,1.0,1788833367.140007,469917565.2534485,469917565.2534485,469917565.2539185,3.103045099435854,469917565.2539185,469917565.2539185,True,False,False,42.31071438409722,77.6824716092025,25.0342708919209,6117,152.56073760986328,0.0181875228881835,225,510,6.547508239746093e-05,22270692.064933494,130.53265701497833,130.53265701497833,0,2,CHECK_ESTIMATED_STORAGE_SOURCE
HydroCHN_00649,Luoyuan Huokou hydroelectric plant,119.07667,26.515,43074907,35,0.06,0.06,102.396,66.36769612387567,82.42,reservoir_storage,reservoir_storage,run_of_river,installed,operating,Other named GHT rivers,duplicate_comid;river_group_not_normalized,罗源霍口水库工程配套水电站,66.0,unknown,17.71256009,broad_coordinate,89.75,7.33,82420000.0,82420000.0,0.0816713091922005,0.0816713,False,0.9090909090909092,False,0.7407407407407407,79015635.05780697,27486033.632278565,27486033.63227844,27486033.63230593,2.9986138088373355,27486033.63230593,27486033.63230593,True,False,False,14.37348651375,19.5479416587,6.518992742936727,6114,32.3256058163113,0.0001300264287877,216,4725,4.680951436360677e-07,176075315.286927,7.635009342308202,7.635009342308202,0,2,CYCLIC_BOUND_REDUCIBLE_NOT_PHYSICAL_CERTIFICATION
HydroCHN_00257,Huanren hydroelectric plant,125.39675,41.28925,42061775,21,0.223,0.223,57.1,442.34104335755495,1622.502215,reservoir_storage,reservoir_storage,run_of_river,installed,operating,Other named GHT rivers,river_group_not_normalized,桓仁水电站,222.5,operating,0.215583159,near_coordinate,3450.0,1827.497785,1622502215.0,1622502215.0,0.5297095028985507,0.5297095,False,1.002247191011236,False,1.0,1452396563.0378723,545555963.3997917,545555963.3997917,545555963.4003375,2.974034423319799,545555963.4003375,545555963.4003375,True,False,False,42.45357988763383,214.5886951386931,72.15407241283422,6117,291.83216667175293,0.0019252300262451,219,1233,6.930828094482422e-06,234099330.2505456,151.54332316676138,151.54332316676138,0,2,CYCLIC_BOUND_REDUCIBLE_NOT_PHYSICAL_CERTIFICATION
HydroCHN_00704,Guxian Dam hydroelectric plant,111.27833,34.24,43031045,41,0.06,0.06,19.0,357.6729795947565,545.5369767,reservoir_storage,reservoir_storage,run_of_river,installed,operating,Other named GHT rivers,river_group_not_normalized,故县水电厂,60.0,unknown,0.074938561,near_coordinate,1160.0,614.4630233,545536976.6999999,545536976.6999999,0.5297095028448277,0.5297095,False,1.0,False,1.0,517800811.5576133,184721830.44154644,184721830.44154644,184721830.4417312,2.953289145064446,184721830.4417312,184721830.4417312,True,False,False,17.653235605401562,24.00840042334612,8.129376855444407,6117,80.06038475036621,0.0023555755615234,219,1011,8.480072021484374e-06,64331644.27352442,51.31161956714854,51.31161956714854,0,2,CYCLIC_BOUND_REDUCIBLE_NOT_PHYSICAL_CERTIFICATION
HydroCHN_01749,Luhun hydroelectric plant,112.18125,34.19875,43031208,41,0.073,0.073,50.6,163.40330128390227,620.7834563,reservoir_storage,reservoir_storage,run_of_river,installed,operating,Other named GHT rivers,river_group_not_normalized,陆浑水电站,10.25,unknown,0.364906728,near_coordinate,1320.0,699.2165437,620783456.3,620783456.3,0.5297095028030303,0.5297095,False,7.121951219512195,False,1.0,341562932.85714984,214568654.5570135,214568654.5570135,214568654.5572281,2.893169356824341,214568654.5572281,214568654.5572281,True,False,False,43.97092133831789,72.75721784113667,25.147929093554737,6117,107.87026858329772,0.0017585754394531,189,1302,6.33087158203125e-06,98056554.8133931,59.60240404367548,59.60240404367548,0,2,CYCLIC_BOUND_REDUCIBLE_NOT_PHYSICAL_CERTIFICATION
HydroCHN_01389,Youchou hydroelectric plant,109.22,29.15,43060777,42,0.12,0.12,33.13903676,410.1378480923821,2093.543798,reservoir_storage,reservoir_storage,run_of_river,installed,operating,Other named GHT rivers,river_group_not_normalized,酉水河酉酬水电站,18.0,unknown,21.54709843,broad_coordinate,4451.597068,2358.05327,2093543798.0,2093543798.0,0.5297095028996905,0.5297095,True,6.666666666666667,False,1.0,2431377315.7985687,738937218.1331635,738937218.1331635,738937218.1339025,2.8331822333797105,738937218.1339025,738937218.1339025,True,False,False,59.07972431237915,160.69685012967128,56.71956015967772,6117,237.40081787109372,0.001683235168457,330,345,6.059646606445313e-06,345489421.07832044,205.26033837052947,205.26033837052947,0,2,CHECK_ESTIMATED_STORAGE_SOURCE
HydroCHN_00376,Xiaoshixia hydroelectric plant,80.20833,41.26583,48007165,65,0.138,0.138,47.0,332.5597703891672,32.4500443,reservoir_storage,reservoir_storage,run_of_river,installed,operating,Other named GHT rivers,river_group_not_normalized,小石峡水电站,137.5,operating,0.880551449,near_coordinate,69.0,36.5499557,32450044.3,32450044.3,0.5297095028985507,0.5297095,False,1.0036363636363637,False,1.0,31196962.64161169,11572317.629939318,11572317.629939318,11572317.629950892,2.804109370107024,11572317.629950892,11572317.629950892,True,False,False,1.1293585390550271,3.532633510164125,1.2598058933863063,6096,8.75351893901825,0.0001019686460494,234,5229,3.670871257781982e-07,88398753.37825659,3.2145326749873586,3.2145326749873586,0,2,CYCLIC_BOUND_REDUCIBLE_NOT_PHYSICAL_CERTIFICATION
HydroCHN_00630,Hubei Fang County Sanliping hydroelectric plant,110.94167,32.02083,43044520,42,0.07,0.07,122.36,64.79582963673126,234.67495810000003,reservoir_storage,reservoir_storage,run_of_river,installed,operating,Other named GHT rivers,duplicate_comid;river_group_not_normalized,三里坪水电站,70.0,unknown,9.397523151,moderate_coordinate,499.0,264.3250419,234674958.1,234674958.1,0.5297095028056111,0.5297095,False,1.0,False,0.853658536585366,188902850.27275085,84456195.98254944,84456195.98254927,84456195.98263374,2.7786588700757364,84456195.98263374,84456195.98263374,True,False,False,41.91852104691488,66.51072006110493,23.93626680025877,6117,42.4921400372575,0.0005413846271794,201,2715,1.9489846578458463e-06,120408827.82493484,23.46005443962148,23.46005443962148,0,2,CYCLIC_BOUND_REDUCIBLE_NOT_PHYSICAL_CERTIFICATION
HydroCHN_01226,Shankou hydroelectric plant,82.50583,43.34,46026702,65,0.141,0.141,47.12989511,338.8528343131693,2591.8719559999995,reservoir_storage,reservoir_storage,run_of_river,installed,operating,Other named GHT rivers,duplicate_comid;river_group_not_normalized,山口水电站,22.0,unknown,6.252444504,moderate_coordinate,5511.214816,2919.34286,2591871955.9999995,2591871955.9999995,0.5297095027986658,0.5297095,True,6.409090909090909,False,0.3058568329718004,13280984962.22763,946517932.8341708,946517932.8341732,946517932.83512,2.7383231379848505,946517932.83512,946517932.83512,True,False,False,88.52963579326148,282.94071599526364,103.32627003371068,6117,359.01222662605073,0.002417508536978,402,603,8.703030733120933e-06,297812570.7560895,262.9216480097566,262.9216480097566,0,2,CHECK_ESTIMATED_STORAGE_SOURCE
HydroCHN_00050,Liujiaxia hydroelectric plant,103.3475,35.9225,43022285,62,1.225,1.225,105.0,1321.4029523917393,2878.177843,reservoir_storage,reservoir_storage,reservoir_storage,installed,operating,Yellow River system,,刘家峡水电站,1660.0,unknown,2.485340976,close_coordinate,6120.0,3241.822157,2878177843.0,2878177843.0,0.5297095027777778,0.5297095,False,0.7379518072289156,True,1.0,8604108876.393127,1064376005.8364868,1064376005.8364868,1064376005.8375514,2.7040987651118447,1064376005.8375514,1064376005.8375514,True,False,False,25.20975414270536,699.9908400291188,258.86289696947006,6117,368.6825256347656,0.0002365112304687,306,201,8.514404296874999e-07,3380363138.3306093,295.6600016215431,295.6600016215431,0,2,CYCLIC_BOUND_REDUCIBLE_NOT_PHYSICAL_CERTIFICATION
HydroCHN_00082,Danjiangkou hydroelectric plant,111.56917,32.47167,43044030,42,1.05,1.05,67.2,1769.7360969532222,15947.550759999998,reservoir_storage,reservoir_storage,reservoir_storage,installed,operating,Yangtze-Jinsha system,,汉水丹江口水电站,1040.0,unknown,11.90247464,broad_coordinate,33910.0,17962.44924,15947550759.999998,15947550759.999998,0.5297095028015335,0.5297095,False,1.0096153846153846,True,1.0,25369909412.31079,2983072891.442871,954121535.91156,5970327038.545095,2.67113520868134,5970327038.545095,5970327038.545095,True,False,False,104.2969819704,2482.26817089552,148.51092530770617,3363,433.05281829833984,0.0171394348144531,588,117,6.170196533203125e-05,258460985.38649252,792.1486164218943,792.1486164218943,0,2,CYCLIC_BOUND_REDUCIBLE_NOT_PHYSICAL_CERTIFICATION
HydroCHN_00152,Zhelin hydroelectric plant,115.50083,29.20833,43060943,36,0.42,0.42,43.8,1086.0846184041695,3724.700738,reservoir_storage,reservoir_storage,run_of_river,installed,operating,Other named GHT rivers,river_group_not_normalized,柘林水电站,420.0,operating,0.257600972,near_coordinate,7920.0,4195.299262,3724700738.0,3724700738.0,0.5297095027777778,0.5297095,False,1.0,False,1.0,6353162864.875031,1471275704.96521,1471275704.96521,1471275704.9666817,2.5316130249594173,1471275704.9666817,1471275704.9666817,True,False,False,39.69300505214196,377.8774080963914,149.26349500120423,6114,521.0346374511719,0.016632080078125,228,222,5.987548828125e-05,62207438.217524976,408.6876958240792,408.6876958240792,0,2,CYCLIC_BOUND_REDUCIBLE_NOT_PHYSICAL_CERTIFICATION
HydroCHN_00138,Dongjiang hydroelectric plant,113.33917,25.8575,43079394,43,0.5,0.5,139.0,407.4212597302383,4326.672574,reservoir_storage,reservoir_storage,run_of_river,installed,operating,Other named GHT rivers,river_group_not_normalized,耒水东江水电站,500.0,operating,3.322178569,close_coordinate,9200.0,4873.327426,4326672574.0,4326672574.0,0.529709502826087,0.5297095,False,1.0,False,1.0,5357833147.258759,1786108833.290863,1786108833.290863,1786108833.2926495,2.422401419976117,1786108833.2926495,1786108833.2926495,True,False,False,122.91265531626374,1393.0100935843227,575.0533673302847,6117,632.3288421630859,0.0044822692871093,216,447,1.6136169433593748e-05,268135048.5197768,496.1413425812924,496.1413425812924,0,2,CYCLIC_BOUND_REDUCIBLE_NOT_PHYSICAL_CERTIFICATION
HydroCHN_01028,Luyutan hydroelectric plant,117.13958,26.71042,43074519,35,0.1,0.1,13.2,858.0538651894412,3588.52827,reservoir_storage,reservoir_storage,run_of_river,installed,operating,Unspecified GHT river,duplicate_comid;river_group_not_normalized,芦庵滩水电站,30.0,unknown,0.538054604,near_coordinate,7630.450311,4041.922041,3588528270.0,3588528270.0,0.5297095028812645,0.5297095,True,3.333333333333333,False,0.4347826086956521,7677981454.353332,1507370038.601761,1507370038.601751,1507370038.6032588,2.380655166348642,1507370038.6032588,1507370038.6032588,True,False,False,48.404760701962495,109.717457591115,46.08708524522923,6117,880.5629298997961,0.0042525581691576,297,432,1.5309209408967392e-05,234403238.8699324,418.7138996120173,418.7138996120173,0,2,CHECK_ESTIMATED_STORAGE_SOURCE
HydroCHN_00113,Xin’anjiang hydroelectric plant,119.21473,29.48307,43060820,33,0.663,0.663,84.3,890.7881621105473,10170.50229,reservoir_storage,reservoir_storage,run_of_river,installed,operating,Other named GHT rivers,river_group_not_normalized,新安江水电站,662.5,operating,0.078134396,near_coordinate,21626.0,11455.49771,10170502290.0,10170502290.0,0.5297095029131601,0.5297095,False,1.0007547169811322,False,1.0,11832245986.92627,4283381006.268311,4283381006.268311,4283381006.272595,2.37440990542431,4283381006.272595,4283381006.272595,True,False,False,132.1460610748345,1985.8910058326137,836.3724398613246,6117,1678.9520874023438,0.0196075439453125,306,102,7.058715820312499e-05,144084314.32715952,1189.8280572979436,1189.8280572979436,0,2,CYCLIC_BOUND_REDUCIBLE_NOT_PHYSICAL_CERTIFICATION
HydroCHN_00086,,97.8414,29.67167,44003640,54,0.0,1.015,82.8510049,1387.575889958594,938.044256,reservoir_storage,reservoir_storage,reservoir_storage,potential_or_nonoperating,construction,Unspecified GHT river,operation_type_requires_review;river_group_not_normalized,,1015.0,construction,,,1994.606019,1056.561763,938044256.0,938044256.0,0.5297095029973435,0.5297095,False,1.0,False,1.0,2553892585.233879,400166971.8715668,400166971.8715668,400166971.871967,2.344132129675425,400166971.871967,400166971.871967,True,False,False,7.824432366021928,180.01410730094452,76.79349854979792,6117,90.01873016357422,0.00042724609375,225,792,1.5380859375e-06,609877662.3136508,111.1574921866585,111.1574921866585,0,2,CYCLIC_BOUND_REDUCIBLE_NOT_PHYSICAL_CERTIFICATION
HydroCHN_00133,,109.815,31.2725,43050035,50,0.513,0.513,104.88,554.0043433940523,1099.539182,reservoir_storage,reservoir_storage,run_of_river,installed,operating,Unspecified GHT river,operation_type_requires_review;river_group_not_normalized,,513.0,operating,,,2338.0,1238.460818,1099539182.0,1099539182.0,0.529709502994012,0.5297095,False,1.0,False,1.0,1606484175.0526428,481142174.0158081,481142174.0158081,481142174.01628935,2.2852687654081523,481142174.01628935,481142174.01628935,True,False,False,22.97120607728333,267.1091842666506,116.88305039196442,6117,169.36687088012695,0.0036468505859375,288,1032,1.3128662109375e-05,83751045.8293259,133.65060389341468,133.65060389341468,0,2,CYCLIC_BOUND_REDUCIBLE_NOT_PHYSICAL_CERTIFICATION
HydroCHN_01384,Yinzidu hydroelectric plant,106.12333,26.6675,43074432,52,0.36,0.36,27.86557693,1463.2648653293911,2093.543798,reservoir_storage,reservoir_storage,run_of_river,installed,operating,Other named GHT rivers,river_group_not_normalized,乌江三岔河引子渡水电站,18.0,unknown,9.360142586,moderate_coordinate,4451.597068,2358.05327,2093543798.0,2093543798.0,0.5297095028996905,0.5297095,True,20.0,False,1.0,3588092536.665344,940605047.1702576,940605047.1702576,940605047.1711984,2.225741616309823,940605047.1711984,940605047.1711984,True,False,False,16.559429239022865,135.12494259042654,60.71007595855728,6117,319.27108001708984,0.0061759948730468,225,369,2.223358154296875e-05,94161338.51192644,261.2791797697783,261.2791797697783,0,2,CHECK_ESTIMATED_STORAGE_SOURCE
HydroCHN_01657,Shuangling hydroelectric plant,125.37417,41.18917,42061771,21,0.05,0.05,29.63667334,191.08607249137063,1346.051563,reservoir_storage,reservoir_storage,run_of_river,installed,operating,Other named GHT rivers,river_group_not_normalized,桓仁县双岭电站,12.0,unknown,2.797502797,close_coordinate,2862.170447,1516.118884,1346051563.0,1346051563.0,0.5297095026570233,0.5297095,True,4.166666666666667,False,1.0,1737855692.0639992,612632868.9920425,612632868.9920425,612632868.9926554,2.197158577556075,612632868.9926554,612632868.9926554,True,False,False,81.53027740097981,92.4009810544438,42.05476199953216,6117,280.2336540222168,0.001497745513916,219,1050,5.391883850097656e-06,249644020.60990623,170.1757969424052,170.1757969424052,0,2,CHECK_ESTIMATED_STORAGE_SOURCE
HydroCHN_00162,Weiyuan hydroelectric plant,126.0625,40.96667,42062911,22,0.39,0.39,104.88,421.1728926387532,1839.306134,reservoir_storage,reservoir_storage,run_of_river,installed,operating,Northeast border/Songhua rivers,,渭源水电站,400.0,unknown,10.31180964,broad_coordinate,3911.0,2071.693866,1839306134.0,1839306134.0,0.5297095029404245,0.5297095,False,0.975,False,1.0,5698036156.970215,857629173.8754272,857629173.8754272,857629173.8762851,2.1446403527608124,857629173.8762851,857629173.8762851,True,False,False,50.54519370047422,446.81951231219216,208.34239723996197,6117,199.12252807617188,0.0020980834960937,225,339,7.5531005859375e-06,243516700.60166463,238.2303260767468,238.2303260767468,0,2,CYCLIC_BOUND_REDUCIBLE_NOT_PHYSICAL_CERTIFICATION
HydroCHN_00181,Xinfengjiang hydroelectric plant,114.56417,23.97,43088725,44,0.336,0.336,81.0,469.8321608503962,6535.156749,reservoir_storage,reservoir_storage,run_of_river,installed,operating,Other named GHT rivers,river_group_not_normalized,新丰江水电站,336.0,operating,18.22368689,broad_coordinate,13896.0,7360.843251,6535156749.0,6535156749.0,0.529709502806563,0.5297095,False,1.0,False,1.0,7355357216.743469,3047255150.592041,3047255150.592041,3047255150.595089,2.144604381987432,3047255150.595089,3047255150.595089,True,False,False,160.99023140881977,1226.1016024095711,571.714584147264,6117,1364.1642761230469,0.0008068084716796,228,507,2.904510498046875e-06,2250002798.5419703,846.4597640541923,846.4597640541923,0,2,CYCLIC_BOUND_REDUCIBLE_NOT_PHYSICAL_CERTIFICATION
HydroCHN_00639,Zhongliang Stage 1 hydroelectric plant,109.32833,31.4625,43050232,50,0.072,0.072,93.7,87.03248596329186,94.0580994,reservoir_storage,reservoir_storage,run_of_river,installed,operating,Other named GHT rivers,river_group_not_normalized,中梁一级水电站,70.0,unknown,14.25735708,broad_coordinate,200.0,105.9419006,94058099.4,94058099.4,0.529709503,0.5297095,False,1.0285714285714285,False,1.0,138845659.19469595,44785082.04431534,44785082.04431534,44785082.04436013,2.1002104965853228,44785082.04436013,44785082.04436013,True,False,False,12.50838003388047,20.413676215292927,9.719823916918124,6117,31.0624258518219,0.000402808189392,165,3714,1.4501094818115235e-06,64862757.31574392,12.440300567878811,12.440300567878811,0,2,CYCLIC_BOUND_REDUCIBLE_NOT_PHYSICAL_CERTIFICATION
HydroCHN_00054,,127.15083,43.28333,42056186,22,1.5,1.5,126.0,1348.3703595834074,2501.945445,reservoir_storage,reservoir_storage,reservoir_storage,installed,operating,Unspecified GHT river,operation_type_requires_review;river_group_not_normalized,,1500.0,operating,,,5320.0,2818.054555,2501945445.0,2501945445.0,0.5297095028195489,0.5297095,False,1.0,False,1.0,4038950972.110748,1194371605.9547424,1194371605.9547424,1194371605.9559371,2.094779742354577,1194371605.9559371,1194371605.9559371,True,False,False,21.476074213518757,730.1865232596374,348.57436726887664,6117,608.2421569824219,0.000314712524414,225,369,1.132965087890625e-06,2208316453.650101,331.7698905433168,331.7698905433168,0,2,CYCLIC_BOUND_REDUCIBLE_NOT_PHYSICAL_CERTIFICATION
HydroCHN_00120,Hongjiadu hydroelectric plant,105.85643,26.87273,43074479,52,0.6,0.6,162.0,419.4930007592823,3811.0,reservoir_storage,reservoir_storage,run_of_river,installed,operating,Other named GHT rivers,river_group_not_normalized,六冲河洪家渡水电站,600.0,operating,0.040231331,near_coordinate,4947.0,1136.0,3811000000.0,3811000000.0,0.229634121689913,0.2296341,False,1.0,False,1.0,6429315453.744507,1855127572.7645876,1855127572.7645876,1855127572.766443,2.0543061598275307,1855127572.766443,1855127572.766443,True,False,False,105.147871875,1430.0110575,696.104156947388,6117,463.2151336669922,0.0079765319824218,225,321,2.871551513671875e-05,132715710.7178915,515.3132146573462,515.3132146573462,0,2,CYCLIC_BOUND_REDUCIBLE_NOT_PHYSICAL_CERTIFICATION
HydroCHN_00311,Longbeiwan hydroelectric plant,110.061,31.88333,43047284,42,0.18,0.18,145.36,140.25426415039294,486.6,reservoir_storage,reservoir_storage,run_of_river,installed,operating,Other named GHT rivers,river_group_not_normalized,龙背湾水电站,180.0,operating,0.003335852,near_coordinate,830.0,343.4,486600000.0,486600000.0,0.4137349397590361,0.4137349,False,1.0,False,1.0,829010499.9492645,241635117.937088,241635117.937088,241635117.9373297,2.013780133259455,241635117.9373297,241635117.9373297,True,False,False,40.155245750000006,163.83340266000002,81.35615202174996,6117,115.35356330871582,0.00189208984375,279,1590,6.8115234375e-06,71437763.44086021,67.12086609370368,67.12086609370368,0,2,CYCLIC_BOUND_REDUCIBLE_NOT_PHYSICAL_CERTIFICATION
HydroCHN_01050,Chengbihe hydroelectric plant,106.65667,24.03833,43089062,45,0.03,0.03,64.4,52.76231841848115,531.4282618,reservoir_storage,reservoir_storage,run_of_river,installed,operating,Other named GHT rivers,river_group_not_normalized,澄碧河水电站,30.0,unknown,9.965512268,moderate_coordinate,1130.0,598.5717382,531428261.8,531428261.8,0.5297095028318585,0.5297095,False,1.0,False,1.0,538787532.3372602,264484731.71176317,264484731.71176317,264484731.71202767,2.0092965607505158,264484731.71202767,264484731.71202767,True,False,False,116.57543207910253,79.2712938137897,39.45226173288272,6111,140.0338077545166,0.000131219625473,264,1890,4.723906517028809e-07,1124976245.580431,73.46798103111978,73.46798103111978,0,2,CYCLIC_BOUND_REDUCIBLE_NOT_PHYSICAL_CERTIFICATION
HydroCHN_00504,Taipingwan hydroelectric plant,124.67,40.32833,42063906,21,0.192,0.192,67.2598249,323.3210492547862,240.2921461,reservoir_storage,reservoir_storage,run_of_river,installed,operating,Other named GHT rivers,river_group_not_normalized,太平湾水电站,100.0,unknown,6.020514592,moderate_coordinate,510.9440815,270.6519354,240292146.1,240292146.1,0.5297095028587782,0.5297095,False,1.92,False,1.0,185232357.21062425,121239624.6530056,121239624.6530056,121239624.65312688,1.9819604917739464,121239624.65312688,121239624.65312688,True,False,False,8.60184978611769,37.43525026918418,18.887990161519543,6117,69.74949365854263,0.0002621412277221,222,2631,9.437084197998046e-07,254625412.9543263,33.67767351475845,33.67767351475845,0,2,CYCLIC_BOUND_REDUCIBLE_NOT_PHYSICAL_CERTIFICATION
HydroCHN_00463,Gaosheng hydroelectric plant,108.1133,28.7233,43065300,52,0.106,0.106,112.7,106.52963337826672,59.72689314,reservoir_storage,reservoir_storage,run_of_river,installed,operating,Yangtze-Jinsha system,,高生水电站,106.0,operating,0.517637744,near_coordinate,127.0,67.27310686,59726893.14,59726893.14,0.5297095028346457,0.5297095,False,1.0,True,1.0,54883691.31013155,32188128.4591198,32188128.4591198,32188128.45915199,1.8555565669434864,32188128.45915199,32188128.45915199,True,False,False,6.489119163322837,15.591190309743668,8.402433311645263,6111,64.17098200321198,0.0001312494277954,180,4194,4.724979400634766e-07,126406674.13698384,8.941146794209885,8.941146794209885,0,2,CYCLIC_BOUND_REDUCIBLE_NOT_PHYSICAL_CERTIFICATION
HydroCHN_00628,Doulingzi hydroelectric plant,110.0189,32.9325,43041359,42,0.071,0.071,81.42,98.76788042932256,227.6206006,reservoir_storage,reservoir_storage,run_of_river,installed,operating,Other named GHT rivers,duplicate_comid;river_group_not_normalized,陡岭子水利水电枢纽工程,70.5,unknown,0.508137427,near_coordinate,484.0,256.3793994,227620600.6,227620600.6,0.529709502892562,0.5297095,False,1.0070921985815602,False,0.2669172932330826,1440318272.4241734,123252973.4346033,123252973.4346031,123252973.43472636,1.8467757349525185,123252973.43472636,123252973.43472636,True,False,False,26.67362791099737,42.92675851809844,23.24416425103137,6117,43.87104169228919,0.0004357933101797,348,1665,1.5688559166470865e-06,145087001.4159517,34.236937065202774,34.236937065202774,0,2,CYCLIC_BOUND_REDUCIBLE_NOT_PHYSICAL_CERTIFICATION
HydroCHN_00840,Bailianhe hydroelectric plant,115.4375,30.59583,43052662,42,0.045,0.045,54.648,93.26672447711316,519.2007089,reservoir_storage,reservoir_storage,run_of_river,installed,operating,Other named GHT rivers,river_group_not_normalized,白莲河水利枢纽工程,45.0,unknown,0.939796739,near_coordinate,1104.0,584.7992911,519200708.9,519200708.9,0.529709502807971,0.5297095,False,1.0,False,1.0,632922148.137188,283904998.2181549,283904998.2181549,283904998.2184389,1.828783262563495,283904998.2184389,283904998.2184389,True,False,False,64.43099077200885,65.71961058744903,35.93624894360685,6117,233.5441780090332,0.0001792907714843,225,1896,6.4544677734375e-07,804405145.5903168,78.8624995051229,78.8624995051229,0,2,CYCLIC_BOUND_REDUCIBLE_NOT_PHYSICAL_CERTIFICATION
HydroCHN_00557,Shuanghe hydroelectric plant,104.25452,33.17382,43037902,51,0.081,0.081,13.34,687.7295297305476,879.4432297,reservoir_storage,reservoir_storage,run_of_river,installed,operating,Other named GHT rivers,river_group_not_normalized,双河水电站,81.0,operating,0.075403179,near_coordinate,1870.0,990.5567703,879443229.6999999,879443229.6999999,0.5297095028342246,0.5297095,False,1.0,False,1.0,2070179576.113129,486859612.3558045,486859612.3558045,486859612.3562914,1.8063589736755767,486859612.3562914,486859612.3562914,True,False,False,14.800500261314603,27.17371847977362,15.043365618769222,6117,238.35933303833008,0.00543212890625,225,531,1.95556640625e-05,44971279.26156304,135.23878121008192,135.23878121008192,0,2,CYCLIC_BOUND_REDUCIBLE_NOT_PHYSICAL_CERTIFICATION
HydroCHN_00276,Shanxi hydroelectric plant,119.8785,27.6715,43069663,33,0.2,0.2,120.52,187.95736841189216,857.8098668,reservoir_storage,reservoir_storage,run_of_river,installed,operating,Other named GHT rivers,river_group_not_normalized,珊溪水电站,200.0,operating,0.059413296,near_coordinate,1824.0,966.1901332,857809866.8,857809866.8,0.5297095028508771,0.5297095,False,1.0,False,1.0,1257676500.956726,521458912.6899719,521458912.6899719,521458912.6904935,1.6450190914833287,521458912.6904935,521458912.6904935,True,False,False,52.82237681716043,239.4614415711272,145.56757596956712,6117,365.14013671875,0.0028791427612304,288,1284,1.0364913940429689e-05,82760925.14902623,144.8496979695825,144.8496979695825,0,2,CYCLIC_BOUND_REDUCIBLE_NOT_PHYSICAL_CERTIFICATION
HydroCHN_00188,,82.67833,43.52083,46026765,65,0.32,0.32,83.6,433.5430055694019,832.41418,reservoir_storage,reservoir_storage,run_of_river,installed,operating,Unspecified GHT river,operation_type_requires_review;river_group_not_normalized,,320.0,operating,,,1770.0,937.58582,832414180.0,832414180.0,0.5297095028248587,0.5297095,False,1.0,False,1.0,3112086957.89938,518751735.7372284,518751735.7372284,518751735.73774725,1.604648471809304,518751735.73774725,518751735.73774725,True,False,False,22.222532149898434,161.18743319393,100.45030798055328,6117,195.8757476806641,0.0076551437377929,429,834,2.755851745605469e-05,30205332.39233144,144.09770437159742,144.09770437159742,0,2,CYCLIC_BOUND_REDUCIBLE_NOT_PHYSICAL_CERTIFICATION
HydroCHN_01724,Shanzai hydroelectric plant,119.36583,26.295,43076939,35,0.033,0.033,27.88735116,134.02788293949985,1221.4695229999998,reservoir_storage,reservoir_storage,run_of_river,installed,operating,Other named GHT rivers,river_group_not_normalized,山仔水力发电厂,11.0,unknown,5.964659062,moderate_coordinate,2597.26601,1375.796487,1221469522.9999998,1221469522.9999998,0.5297095028783748,0.5297095,True,3.0,False,1.0,2059108549.7600555,775622246.333313,775622246.333313,775622246.3340888,1.5748252822468276,775622246.3340888,775622246.3340888,True,False,False,105.48087777233287,78.89969657370499,50.100603199015616,6117,504.0484924316406,0.0014705657958984,255,873,5.294036865234375e-06,230725541.6034817,215.45062398169227,215.45062398169227,0,2,CHECK_ESTIMATED_STORAGE_SOURCE
HydroCHN_00862,Gongchuan hydroelectric plant,117.43833,26.08083,43076774,35,0.043,0.043,9.5,512.6646040858177,5208.094781000001,reservoir_storage,reservoir_storage,run_of_river,installed,operating,Other named GHT rivers,river_group_not_normalized,贡川水电站,43.0,unknown,0.463439508,near_coordinate,11074.20799,5866.113209,5208094781.000001,5208094781.000001,0.529709502864412,0.5297095,True,1.0,False,1.0,10785041287.241364,3312502305.214691,3312502305.214691,3312502305.218004,1.5722539340715245,3312502305.218004,3312502305.218004,True,False,False,117.57955259575948,114.60087059666692,72.88954291230853,6117,1506.383056640625,0.003204345703125,327,216,1.153564453125e-05,451478438.58150274,920.1395292272244,920.1395292272244,0,2,CHECK_ESTIMATED_STORAGE_SOURCE
HydroCHN_00034,,101.1933,28.9583,43064244,51,0.0,2.08,220.8,1066.9713280181743,86.0,reservoir_storage,reservoir_storage,reservoir_storage,potential_or_nonoperating,unknown,Unspecified GHT river,operation_type_requires_review;river_group_not_normalized,,2080.0,unknown,,,885.0,799.0,86000000.0,86000000.0,0.9028248587570622,0.9028249,False,1.0,False,1.0,157664006.1567273,55618672.220277786,55618672.220277786,55618672.22033342,1.5462433130246425,55618672.22033342,55618672.22033342,True,False,False,0.9328932692307694,43.982808000000006,28.444946296272228,6117,28.43423175811768,0.0001076459884643,219,2892,3.875255584716797e-07,221920846.56084657,15.449631172315838,15.449631172315838,0,2,CYCLIC_BOUND_REDUCIBLE_NOT_PHYSICAL_CERTIFICATION
HydroCHN_00007,,100.19667,23.02667,44010597,53,5.85,5.85,187.0,3543.257725664633,11303.0,reservoir_storage,reservoir_storage,reservoir_storage,installed,operating,Unspecified GHT river,operation_type_requires_review;river_group_not_normalized,,5850.0,operating,,,23703.0,12400.0,11303000000.0,11303000000.0,0.5231405307345062,0.5231405,False,1.0,False,1.0,62547771374.01123,7654396884.851074,7654396884.851074,7654396884.85873,1.476667616015394,7654396884.85873,7654396884.85873,True,False,False,36.92132195512821,4895.76729125,3315.4158987082883,6117,2460.8564453125,0.27838134765625,309,15,0.0010021728515625,11278493.50775902,2126.221356905204,2126.221356905204,0,2,CYCLIC_BOUND_REDUCIBLE_NOT_PHYSICAL_CERTIFICATION
HydroCHN_00368,Kalasuke hydroelectric plant,88.88432,47.13902,31079781,65,0.14,0.14,111.78,141.8575364886462,1137.632713,reservoir_storage,reservoir_storage,run_of_river,installed,operating,Other named GHT rivers,river_group_not_normalized,喀腊塑克水电站,140.0,operating,0.172136028,near_coordinate,2419.0,1281.367287,1137632713.0,1137632713.0,0.5297095026870607,0.5297095,False,1.0,False,1.0,3522852134.647751,783578949.8771667,783578949.8771667,783578949.8779505,1.4518418510058195,783578949.8779505,783578949.8779505,True,False,False,92.81879282039908,294.544969216733,202.8767589337509,6117,241.5275421142578,0.0047378540039062,348,468,1.70562744140625e-05,66698781.06921453,217.6608194105428,217.6608194105428,0,2,CYCLIC_BOUND_REDUCIBLE_NOT_PHYSICAL_CERTIFICATION
HydroCHN_00203,Shuanggou hydroelectric plant,127.27,42.275,42059399,22,0.28,0.28,101.2,313.3761942431002,182.4727129,reservoir_storage,reservoir_storage,run_of_river,installed,operating,Unspecified GHT river,river_group_not_normalized,双沟水电站,280.0,operating,11.74659099,broad_coordinate,388.0,205.5272871,182472712.9,182472712.9,0.5297095028350516,0.5297095,False,1.0,False,1.0,352053112.44614124,126129986.1436844,126129986.1436844,126129986.14381054,1.446703662457782,126129986.14381054,126129986.14381054,True,False,False,6.739352683450849,42.77242503096806,29.565436337017267,6117,45.94747018814087,0.001047134399414,282,1833,3.769683837890625e-06,48405309.50258814,35.0361072621706,35.0361072621706,0,2,CYCLIC_BOUND_REDUCIBLE_NOT_PHYSICAL_CERTIFICATION
HydroCHN_00973,Duping hydroelectric plant,111.70089,23.65589,43088748,44,0.03,0.03,11.0,308.8993914681988,3962.274389,reservoir_storage,reservoir_storage,run_of_river,installed,operating,Other named GHT rivers,river_group_not_normalized,都平水电站,33.0,unknown,0.119125471,near_coordinate,8425.163622,4462.889233,3962274389.0,3962274389.0,0.5297095027740935,0.5297095,True,0.9090909090909092,False,1.0,8331992868.294525,2749055535.948944,2749055535.948944,2749055535.951694,1.4413220603156358,2749055535.951694,2749055535.951694,True,False,False,148.46146851284374,100.95379858873372,70.04249873655915,6117,903.3397827148438,0.0015773773193359,225,519,5.678558349609375e-06,697760618.991009,763.6265377643604,763.6265377643604,0,2,CHECK_ESTIMATED_STORAGE_SOURCE
HydroCHN_00146,Jiangpinghe hydroelectric plant,110.3025,29.81417,43058137,42,0.45,0.45,178.89,284.91474980296726,642.4168191,reservoir_storage,reservoir_storage,run_of_river,installed,operating,Other named GHT rivers,river_group_not_normalized,溇水江坪河水电站,450.0,operating,9.570567748,moderate_coordinate,1366.0,723.5831809,642416819.1,642416819.1,0.5297095028550513,0.5297095,False,1.0,False,1.0,1167341327.3237228,450217297.2381592,450217297.2381592,450217297.2386095,1.4269039040486426,450217297.2386095,450217297.2386095,True,False,False,26.0968582912481,266.18795457073065,186.54932109667155,6114,425.7658233642578,0.0004968643188476,225,1014,1.7887115478515624e-06,359150596.3449572,125.06036034405916,125.06036034405916,0,2,CYCLIC_BOUND_REDUCIBLE_NOT_PHYSICAL_CERTIFICATION
HydroCHN_00838,Hubei Shiyan Zhuxi Baishahe hydroelectric plant,109.88,32.04667,43044364,42,0.045,0.045,97.52,52.2645606975521,116.1617528,reservoir_storage,reservoir_storage,run_of_river,installed,operating,Other named GHT rivers,river_group_not_normalized,白沙河水电站,45.0,unknown,6.469571233,moderate_coordinate,247.0,130.8382472,116161752.8,116161752.8,0.5297095028340082,0.5297095,False,1.0,False,1.0,268572316.0471916,82275834.29775238,82275834.29775238,82275834.29783468,1.411857488791908,82275834.29783468,82275834.29783468,True,False,False,25.724213760481334,26.238698035690955,18.584523044260315,6117,48.664430141448975,0.0004572868347167,279,3261,1.6462326049804687e-06,70562174.77929139,22.854398416066186,22.854398416066186,0,2,CYCLIC_BOUND_REDUCIBLE_NOT_PHYSICAL_CERTIFICATION
HydroCHN_00215,Wawushan hydroelectric plant,103.0075,29.72917,43058362,51,0.24,0.24,127.88,212.56761377229824,274.6496503,reservoir_storage,reservoir_storage,run_of_river,installed,operating,Other named GHT rivers,duplicate_comid;river_group_not_normalized,瓦屋山水电站,260.0,unknown,6.925816531,moderate_coordinate,584.0,309.3503497,274649650.3,274649650.3,0.5297095029109589,0.5297095,False,0.9230769230769232,False,0.8108108108108109,581442200.5797386,198029036.6144696,198029036.6144696,198029036.61466765,1.3869160553178048,198029036.61466765,198029036.61466765,True,False,False,14.954373060779982,81.35178945064312,58.65660660473095,6117,116.12280201267552,0.0001840333680848,174,1611,6.625201251055744e-07,414552916.7981634,55.00806572629756,55.00806572629756,0,2,CYCLIC_BOUND_REDUCIBLE_NOT_PHYSICAL_CERTIFICATION
HydroCHN_00195,Jiangya hydroelectric plant,110.5825,29.55667,43058121,43,0.3,0.3,117.76,288.54392885106887,823.00837,reservoir_storage,reservoir_storage,run_of_river,installed,operating,Other named GHT rivers,river_group_not_normalized,溇水江垭水电站,300.0,operating,15.24376997,broad_coordinate,1750.0,926.99163,823008370.0,823008370.0,0.5297095028571428,0.5297095,False,1.0,False,1.0,2008100005.7704928,595545361.4444733,595545361.4444733,595545361.445069,1.3819406938255725,595545361.445069,595545361.445069,True,False,False,33.01251173744,224.48507981459204,162.44190566017284,6117,319.5020065307617,0.0003108978271484,225,573,1.119232177734375e-06,735333013.4467621,165.4292670680757,165.4292670680757,0,2,CYCLIC_BOUND_REDUCIBLE_NOT_PHYSICAL_CERTIFICATION
HydroCHN_00843,Guojundu hydroelectric plant,105.67417,30.44917,43055128,51,0.045,0.045,12.0,424.7366632687734,5457.258856,reservoir_storage,reservoir_storage,run_of_river,installed,operating,Yangtze-Jinsha system,,过军渡水电站,45.0,unknown,18.62558417,broad_coordinate,11604.01686,6146.758004,5457258856.0,5457258856.0,0.5297095030246277,0.5297095,True,1.0,True,1.0,13711123294.73877,3626048738.397217,2049108921.4901412,3994118879.316596,1.3663235924849968,3994118879.316596,3994118879.316596,True,False,False,148.71030382599997,151.68450990252,56.95498247281847,4809,1045.7715094685557,0.0068130493164062,489,117,2.45269775390625e-05,222500259.04368296,710.1962273098833,710.1962273098833,0,2,CHECK_ESTIMATED_STORAGE_SOURCE
HydroCHN_00122,Tankeng hydroelectric plant,119.8675,28.05167,43066744,33,0.6,0.6,127.0,535.1013080551476,1954.057016,reservoir_storage,reservoir_storage,run_of_river,installed,operating,Other named GHT rivers,river_group_not_normalized,滩坑水电站,600.0,operating,14.34322262,broad_coordinate,4155.0,2200.942984,1954057016.0,1954057016.0,0.5297095027677496,0.5297095,False,1.0,False,1.0,3955376507.876587,1477474421.4569092,1477474421.4569092,1477474421.4583871,1.322565715940576,1477474421.4583871,1477474421.4583871,True,False,False,42.2656426132625,574.81273954037,434.61941634484486,6117,765.625,0.0095043182373046,282,450,3.421554565429688e-05,57110210.53830847,410.4095615162196,410.4095615162196,0,2,CYCLIC_BOUND_REDUCIBLE_NOT_PHYSICAL_CERTIFICATION
HydroCHN_00041,Shuibuya hydroelectric plant,110.22,30.39,43055246,42,1.84,1.84,203.0,1026.621294469022,2153.930477,reservoir_storage,reservoir_storage,reservoir_storage,installed,operating,Yangtze-Jinsha system,,清江水布垭水电站,1840.0,operating,12.46351626,broad_coordinate,4580.0,2426.069523,2153930477.0,2153930477.0,0.529709502838428,0.5297095,False,1.0,True,1.0,5972555445.529175,1637920788.5742188,1637920788.5742188,1637920788.5758572,1.315039464681808,1637920788.5758572,1637920788.5758572,True,False,False,24.28329806279501,1012.7754178723036,770.1483073866119,6117,843.5455627441406,0.0025215148925781,363,282,9.07745361328125e-06,237283556.46440077,454.97799682662793,454.97799682662793,0,2,CYCLIC_BOUND_REDUCIBLE_NOT_PHYSICAL_CERTIFICATION
HydroCHN_01031,Fujian Yongan Fenghai hydroelectric plant,117.20167,26.02167,43076792,35,0.03,0.03,61.12447252,55.58973625561173,3588.52827,reservoir_storage,reservoir_storage,run_of_river,installed,operating,Other named GHT rivers,river_group_not_normalized,永安丰海水电站,30.0,unknown,0.290783974,near_coordinate,7630.450311,4041.922041,3588528270.0,3588528270.0,0.5297095028812645,0.5297095,True,1.0,False,1.0,7840234324.858475,2744277483.3343506,2744277483.3343506,2744277483.337096,1.3076404597527356,2744277483.337096,2744277483.337096,True,False,False,747.1503700414855,508.0622516282101,388.53359716612965,6117,1352.873291015625,0.0111885070800781,303,291,4.027862548828125e-05,89092619.88207752,762.2993009269718,762.2993009269718,0,2,CHECK_ESTIMATED_STORAGE_SOURCE
HydroCHN_00693,Dongjin hydroelectric plant,114.32833,28.98167,43061335,36,0.06,0.06,81.88,82.99690537738611,376.2323977,reservoir_storage,reservoir_storage,run_of_river,installed,operating,Other named GHT rivers,river_group_not_normalized,东津水电站,60.0,unknown,0.240199454,near_coordinate,800.0,423.7676023,376232397.7,376232397.7,0.5297095028750001,0.5297095,False,1.0,False,1.0,865374683.7301254,300393129.00180817,300393129.00180817,300393129.00210863,1.252466722357551,300393129.00210863,300393129.00210863,True,False,False,52.46631329501067,71.35418608121452,56.97092370392988,6117,170.45603942871094,0.0026378631591796,225,1530,9.496307373046874e-06,39618810.01955041,83.44253583392003,83.44253583392003,0,2,CYCLIC_BOUND_REDUCIBLE_NOT_PHYSICAL_CERTIFICATION
HydroCHN_01052,Shangshipan hydroelectric plant,105.67333,32.38,43044034,51,0.03,0.03,13.4,253.5741273246408,3588.52827,reservoir_storage,reservoir_storage,run_of_river,installed,operating,Yangtze-Jinsha system,,上石盘水电站,30.0,unknown,9.763217835,moderate_coordinate,7630.450311,4041.922041,3588528270.0,3588528270.0,0.5297095028812645,0.5297095,True,1.0,True,1.0,12968384127.044678,2606927616.183472,142116190.1269978,2929462261.303728,1.2249784943134792,2929462261.303728,2929462261.303728,True,False,False,163.7938872238125,111.3798433121925,4.410966780114225,3957,314.5617370605469,0.0006672719891156,519,942,2.4021791608163312e-06,1493863708.6421616,189.5495321364851,189.5495321364851,0,2,CHECK_ESTIMATED_STORAGE_SOURCE
HydroCHN_00142,,82.175,43.84083,46024553,65,0.46,0.46,138.5,376.1807270346777,1189.834958,reservoir_storage,reservoir_storage,run_of_river,installed,operating,Unspecified GHT river,operation_type_requires_review;river_group_not_normalized,,460.0,operating,,,2530.0,1340.165042,1189834958.0,1189834958.0,0.5297095027667984,0.5297095,False,1.0,False,1.0,6232317694.800568,984783508.0890656,984783508.0890656,984783508.0900506,1.2082198251955285,984783508.0900506,984783508.0900506,True,False,False,36.60803690919905,381.6997981732487,315.9191648846648,6117,284.9848022460937,0.0088748931884765,429,630,3.194961547851562e-05,37240978.965775006,273.5509744694595,273.5509744694595,0,2,CYCLIC_BOUND_REDUCIBLE_NOT_PHYSICAL_CERTIFICATION
HydroCHN_00202,Fujiang Gucheng hydroelectric plant,104.53383,32.47717,43044259,51,0.1,0.1,150.512,75.25188038495683,261.0112259,reservoir_storage,reservoir_storage,run_of_river,installed,operating,Yangtze-Jinsha system,,涪江古城水电站,280.0,unknown,7.615354093,moderate_coordinate,555.0,293.9887741,261011225.9,261011225.9,0.5297095028828829,0.5297095,False,0.3571428571428571,True,1.0,838643657.5212479,222334793.95694733,222334793.95694733,222334793.9571697,1.1739558224534163,222334793.9571697,222334793.9571697,True,False,False,40.14468804337526,90.99462623165056,77.5111162542663,6117,194.9921741485596,0.0015268325805664,228,1167,5.496597290039063e-06,47485964.884675965,61.759664988103694,61.759664988103694,0,2,CYCLIC_BOUND_REDUCIBLE_NOT_PHYSICAL_CERTIFICATION
HydroCHN_00192,Jiemian hydroelectric plant,118.04083,25.94083,43078943,35,0.3,0.3,115.92,293.1239912137842,857.8098668,reservoir_storage,reservoir_storage,run_of_river,installed,operating,Pearl-Xijiang system,duplicate_comid,街面水电站,300.0,unknown,13.24731303,broad_coordinate,1824.0,966.1901332,857809866.8,857809866.8,0.5297095028508771,0.5297095,False,1.0,True,0.9554140127388536,1850153830.8769224,731072663.2180208,731072663.2180184,731072663.2187496,1.173357875294167,731072663.2187496,731072663.2187496,True,False,False,33.8708370430647,230.32169189283997,196.29279075223897,6117,498.4549589217848,0.0039553186696046,264,1041,1.4239147210576732e-05,60243064.70845566,203.07573978298697,203.07573978298697,0,2,CYCLIC_BOUND_REDUCIBLE_NOT_PHYSICAL_CERTIFICATION
HydroCHN_00087,,108.66,26.60833,43074371,52,1.0,1.0,156.5,723.7259438019568,1925.369295,reservoir_storage,reservoir_storage,reservoir_storage,installed,operating,Unspecified GHT river,operation_type_requires_review;river_group_not_normalized,,1000.0,operating,,,4094.0,2168.630705,1925369295.0,1925369295.0,0.5297095029311187,0.5297095,False,1.0,False,1.0,7159811022.640228,1688236050.1327517,1688236050.1327517,1688236050.1344402,1.140462137890419,1688236050.1344402,1688236050.1344402,True,False,False,30.791167611335155,697.9331325235968,611.9739615502777,6117,528.72802734375,0.0021743774414062,330,147,7.8277587890625e-06,245966865.7253801,468.9544583706788,468.9544583706788,0,2,CYCLIC_BOUND_REDUCIBLE_NOT_PHYSICAL_CERTIFICATION
HydroCHN_00441,Hubei Eping hydroelectric plant,109.58333,32.12333,43044681,61,0.114,0.114,114.08,113.18368305899992,142.3569335,reservoir_storage,reservoir_storage,run_of_river,installed,operating,Other named GHT rivers,duplicate_comid;river_group_not_normalized,鄂坪水电枢纽工程,114.0,operating,14.71975535,broad_coordinate,302.7,160.3430665,142356933.5,142356933.5,0.5297095028080607,0.5297095,False,1.0,False,0.8507462686567164,491176716.9347763,126157702.88176508,126157702.88176464,126157702.88189083,1.128404609849903,126157702.88189083,126157702.88189083,True,False,False,14.557307632657237,37.6160829227863,33.335633862531154,6114,55.6979957694438,0.0001415779341512,303,2304,5.096805629445545e-07,279306184.7945853,35.04380635608178,35.04380635608178,0,2,CYCLIC_BOUND_REDUCIBLE_NOT_PHYSICAL_CERTIFICATION
HydroCHN_01049,Ximen hydroelectric plant,117.3475,25.97583,43078939,35,0.03,0.03,95.0,35.76729795947565,3588.52827,reservoir_storage,reservoir_storage,run_of_river,installed,operating,Other named GHT rivers,river_group_not_normalized,西门水电站,30.0,unknown,0.70755271,near_coordinate,7630.450311,4041.922041,3588528270.0,3588528270.0,0.5297095028812645,0.5297095,True,1.0,False,1.0,9649471026.139069,3215387281.7573547,3215387281.7573547,3215387281.760571,1.1160485364721344,3215387281.760571,3215387281.760571,True,False,False,1161.225319870313,789.6332175118124,707.5258751801949,6117,1450.855224609375,0.0171928405761718,309,240,6.189422607421875e-05,57978401.17908439,893.1631338223816,893.1631338223816,0,2,CHECK_ESTIMATED_STORAGE_SOURCE
HydroCHN_00868,Shaigutan hydroelectric plant,111.426,27.32917,43071770,43,0.042,0.042,34.5,137.8855254669641,5083.512738,reservoir_storage,reservoir_storage,run_of_river,installed,operating,Yangtze-Jinsha system,,晒谷滩水电站,42.0,unknown,1.345906449,near_coordinate,10809.30355,5725.790812,5083512738.0,5083512738.0,0.5297095030696959,0.5297095,True,1.0,True,1.0,16807449251.07422,4573616290.164185,4573616290.164185,4573616290.168759,1.1114864945988785,4573616290.168759,4573616290.168759,True,False,False,426.7086975725223,406.2266800890413,365.4805362572014,6117,2135.8648071289062,0.0864715576171875,273,45,0.0003112976074218,16330073.270080583,1270.4489694913227,1270.4489694913227,0,2,CHECK_ESTIMATED_STORAGE_SOURCE
HydroCHN_00011,,99.32333,25.5975,44006447,53,4.2,4.2,251.0,1895.2392942670365,7074.579949,reservoir_storage,reservoir_storage,reservoir_storage,installed,operating,Unspecified GHT river,operation_type_requires_review;river_group_not_normalized,,4200.0,operating,,,15043.0,7968.420051,7074579949.0,7074579949.0,0.5297095028252343,0.5297095,False,1.0,False,1.0,48042352039.30664,6421612023.083496,6421612023.083496,6421612023.089919,1.1016828677226578,6421612023.089919,6421612023.089919,True,False,False,43.20389125551139,4113.010447524684,3733.388770965254,6117,1755.37353515625,0.080718994140625,225,60,0.0002905883789062,24345708.440331023,1783.7811175249783,1783.7811175249783,0,2,CYCLIC_BOUND_REDUCIBLE_NOT_PHYSICAL_CERTIFICATION
HydroCHN_00229,Daguangba hydroelectric plant,109.00667,18.9755,43099235,46,0.24,0.24,87.0,312.4499591862241,804.1967501,reservoir_storage,reservoir_storage,run_of_river,installed,operating,Other named GHT rivers,river_group_not_normalized,大广坝水电站,242.0,operating,0.518401747,near_coordinate,1710.0,905.8032499,804196750.1,804196750.1,0.529709502865497,0.5297095,False,0.9917355371900828,False,1.0,1969704802.829361,740895055.2108765,740895055.2108765,740895055.2116176,1.08543948895745,740895055.2116176,740895055.2116176,True,False,False,29.78983508280586,162.0567028504639,149.30054093200076,6117,615.8277282714844,0.0028057098388671,225,846,1.0100555419921874e-05,79619062.18680203,205.80418200322808,205.80418200322808,0,2,CYCLIC_BOUND_REDUCIBLE_NOT_PHYSICAL_CERTIFICATION
HydroCHN_00219,Nierji hydroelectric plant,124.53048,48.49368,42031828,15,0.25,0.25,33.2,852.8848660015528,4049.201181,reservoir_storage,reservoir_storage,run_of_river,installed,operating,Other named GHT rivers,river_group_not_normalized,尼尔基水电站,250.0,operating,0.117388667,near_coordinate,8610.0,4560.798819,4049201181.0,4049201181.0,0.5297095027874564,0.5297095,False,1.0,False,1.0,12839891886.625671,3753129993.98346,3753129993.98346,3753129993.9872136,1.0788864727539718,3753129993.9872136,3753129993.9872136,True,False,False,54.9496846267605,311.38154621830955,288.61381997233104,6117,870.961181640625,0.0033912658691406,225,366,1.220855712890625e-05,331669102.1097563,1042.5361094408936,1042.5361094408936,0,2,CYCLIC_BOUND_REDUCIBLE_NOT_PHYSICAL_CERTIFICATION
HydroCHN_00130,,106.0975,23.985,43088549,53,0.54,0.54,107.2,570.5417864804418,2661.844214,reservoir_storage,reservoir_storage,run_of_river,installed,operating,Unspecified GHT river,operation_type_requires_review;river_group_not_normalized,,540.0,operating,,,5660.0,2998.155786,2661844214.0,2661844214.0,0.5297095028268551,0.5297095,False,1.0,False,1.0,8284476418.080139,2508152599.964905,2508152599.964905,2508152599.9674134,1.0612768194545197,2508152599.9674134,2508152599.9674134,True,False,False,53.99846748567222,660.941242024628,622.7793068764857,6117,729.2000122070312,0.00384521484375,225,150,1.38427734375e-05,192291250.45051143,696.7090555465046,696.7090555465046,0,2,CYCLIC_BOUND_REDUCIBLE_NOT_PHYSICAL_CERTIFICATION
HydroCHN_00056,,101.09058,29.65858,43057894,51,0.0,1.5,145.36,1168.7855345866078,3085.105661,reservoir_storage,reservoir_storage,reservoir_storage,potential_or_nonoperating,unknown,Unspecified GHT river,duplicate_comid;operation_type_requires_review;river_group_not_normalized,,1500.0,unknown,,,6560.0,3474.894339,3085105661.0,3085105661.0,0.5297095028963414,0.5297095,False,1.0,False,0.5813953488372093,35097418442.72461,2934284506.200745,2934284506.200746,2934284506.203681,1.05139963574679,2934284506.203681,2934284506.203681,True,False,False,30.55072157390165,1038.7245335126563,987.94454382118,6117,961.8087413699128,0.0202977380087209,225,120,7.307185683139535e-05,42220162.38233162,815.0790295010235,815.0790295010235,0,2,CYCLIC_BOUND_REDUCIBLE_NOT_PHYSICAL_CERTIFICATION
HydroCHN_00006,Longtan hydroelectric plant,107.03917,25.02917,43081342,45,4.9,4.9,179.0,3100.4985475113435,14071.09168,reservoir_storage,reservoir_storage,reservoir_storage,installed,operating,Pearl-Xijiang system,duplicate_comid,红水河龙滩水电站,6300.0,unknown,0.760469676,near_coordinate,29920.0,15848.90832,14071091680.0,14071091680.0,0.5297095026737968,0.5297095,False,0.7777777777777778,True,0.7777777777777778,53874051363.39111,8708567895.593191,2996446632.321167,13568430106.935877,1.0370464061871958,13568430106.935877,13568430106.935877,True,False,False,52.52699038937755,5833.997732580199,1242.3529926683889,3273,1222.2114935980903,0.0238308376736111,693,6,8.5791015625e-05,164015912.1265794,2024.0712516137007,2024.0712516137007,0,2,CYCLIC_BOUND_REDUCIBLE_NOT_PHYSICAL_CERTIFICATION
HydroCHN_00317,Pankou hydroelectric plant,110.15333,32.17083,43044132,42,0.513,0.513,98.44,590.2476181955323,564.3485966,reservoir_storage,reservoir_storage,run_of_river,installed,operating,Yangtze-Jinsha system,,潘口抽水蓄能电站,170.0,unknown,4.477933558,close_coordinate,1200.0,635.6514034,564348596.5999999,564348596.5999999,0.5297095028333334,0.5297095,False,3.0176470588235293,True,1.0,2238579938.71994,548703183.8562012,548703183.8562012,548703183.85675,1.028513435320861,548703183.85675,548703183.85675,True,False,False,11.066224173198346,128.67805468595034,125.11071831130576,6117,175.3260955810547,0.0010871887207031,276,735,3.91387939453125e-06,144191616.47866508,152.4175510713204,152.4175510713204,0,2,CYCLIC_BOUND_REDUCIBLE_NOT_PHYSICAL_CERTIFICATION
HydroCHN_00968,Danzhuwo hydroelectric plant,116.37083,24.47917,43083915,44,0.034,0.034,6.2,621.120281769389,4086.856427999999,reservoir_storage,reservoir_storage,run_of_river,installed,operating,Other named GHT rivers,river_group_not_normalized,"丹竹水电站, 单竹窝水电站",34.0,unknown,1.13863773,near_coordinate,8690.068059,4603.211631,4086856427.999999,4086856427.999999,0.5297095028194416,0.5297095,True,1.0,False,1.0,15032162463.162231,4169560508.9538574,4169560508.9538574,4169560508.958028,0.9801647965582118,4086856427.999999,4086856427.999999,False,False,False,76.15526399013969,58.69032344840098,59.87801607895911,6117,1447.8707275390625,0.0054512023925781,225,204,1.962432861328125e-05,208254585.85289475,1136.6857673953432,1136.6857673953432,0,2,CHECK_ESTIMATED_STORAGE_SOURCE
HydroCHN_01380,Xiaodongjiang hydroelectric plant,113.17917,25.9425,43079388,43,0.115,0.115,40.1326064,324.5554884662492,2093.543798,reservoir_storage,reservoir_storage,run_of_river,installed,operating,Other named GHT rivers,river_group_not_normalized,小东江水电站,18.0,unknown,8.369042175,moderate_coordinate,4451.597068,2358.05327,2093543798.0,2093543798.0,0.5297095028996905,0.5297095,True,6.388888888888889,False,1.0,6683136275.994873,2145987918.6286929,2145987918.6286929,2145987918.630839,0.9755617819767136,2093543798.0,2093543798.0,False,False,False,74.65851558966983,194.60986397040608,199.48491993596437,6117,717.9248046875,0.007904052734375,315,285,2.845458984375e-05,73574906.87780352,582.2578686941598,582.2578686941598,0,2,CHECK_ESTIMATED_STORAGE_SOURCE
HydroCHN_00805,Shunchang Dam hydroelectric plant,117.88875,26.79125,43074336,35,0.048,0.048,92.6122717,58.70311990025723,5831.004983000001,reservoir_storage,reservoir_storage,run_of_river,installed,operating,Other named GHT rivers,river_group_not_normalized,洋口水电站,48.0,unknown,0.215694792,near_coordinate,12398.73018,6567.725197,5831004983.000001,5831004983.000001,0.5297095026387613,0.5297095,True,1.0,False,1.0,20616748701.402283,7882107055.361938,7882107055.361938,7882107055.3698225,0.7397774404786253,5831004983.000001,5831004983.000001,False,False,False,1149.6575261111689,1250.8273884089515,1690.815804816153,6117,3236.713256835937,0.034820556640625,333,78,0.0001253540039062,46516304.23676698,1622.960319647349,1622.960319647349,0,2,CHECK_ESTIMATED_STORAGE_SOURCE
HydroCHN_01198,Baise hydroelectric plant,106.50347,23.90986,43088539,45,0.54,0.54,50.62853946,1208.0553806815933,2841.036035,reservoir_storage,reservoir_storage,run_of_river,installed,operating,Other named GHT rivers,river_group_not_normalized,百色水电站,24.0,unknown,12.4711344,broad_coordinate,6041.02369,3199.987655,2841036035.0,2841036035.0,0.5297095027614434,0.5297095,True,22.5,False,1.0,13370520206.77185,3948435152.09198,3948435152.09198,3948435152.095929,0.7195346828709865,2841036035.0,2841036035.0,False,False,False,27.21925007912406,333.1636209684785,463.0264932314345,6117,1295.3169555664062,0.00701904296875,237,117,2.52685546875e-05,112433657.96483092,790.4719933452468,790.4719933452468,0,2,CHECK_ESTIMATED_STORAGE_SOURCE
HydroCHN_01658,Lechangxia hydroelectric plant,113.29333,25.14333,43081588,44,0.132,0.132,29.63667334,504.46723137721847,1346.051563,reservoir_storage,reservoir_storage,run_of_river,installed,operating,Other named GHT rivers,river_group_not_normalized,乐昌峡水电站,12.0,unknown,7.253423848,moderate_coordinate,2862.170447,1516.118884,1346051563.0,1346051563.0,0.5297095026570233,0.5297095,True,11.0,False,1.0,6436446951.063538,1966763996.589661,1966763996.589661,1966763996.591628,0.6843991273648933,1346051563.0,1346051563.0,False,False,False,30.882680833704477,92.4009810544438,135.01037239792825,6117,748.2410583496094,0.0172691345214843,225,561,6.216888427734375e-05,21651531.608562943,374.65145300316976,374.65145300316976,0,2,CHECK_ESTIMATED_STORAGE_SOURCE
HydroCHN_01132,Shawan hydroelectric plant,103.551,29.411,43057858,51,0.48,0.48,52.37786164,1037.9632004084042,2965.618074,reservoir_storage,reservoir_storage,run_of_river,installed,operating,Yangtze-Jinsha system,duplicate_comid,大渡河沙湾水电站,25.0,unknown,10.45577316,broad_coordinate,6305.928127,3340.310053,2965618074.0,2965618074.0,0.5297095028244683,0.5297095,True,19.2,True,0.3833865814696485,47920248063.28125,2431113323.6602545,828163866.686514,4575149716.817231,0.6482013174561367,2965618074.0,2965618074.0,False,False,False,33.068882644763725,359.78944317502925,100.47302417837236,3255,470.4118480316747,0.0186364452678936,816,192,6.709120296441708e-05,44202785.804464765,427.9130667720171,427.9130667720171,0,2,CHECK_ESTIMATED_STORAGE_SOURCE
HydroCHN_01442,Mowu Dam hydroelectric plant,117.70667,27.00833,43074361,35,0.033,0.033,36.63396205,102.02780227985755,1844.379719,reservoir_storage,reservoir_storage,run_of_river,installed,operating,Other named GHT rivers,river_group_not_normalized,谟武水电站,16.0,unknown,0.994135674,near_coordinate,3921.788194,2077.408475,1844379719.0,1844379719.0,0.5297095029706748,0.5297095,True,2.0625,False,1.0,7253828363.774872,3292165415.0527954,3292165415.0527954,3292165415.0560884,0.5602330036531828,1844379719.0,1844379719.0,False,False,False,209.22716172864455,156.5019169730261,279.3514768897004,6117,1621.8551330566406,0.0294914245605468,279,249,0.0001061691284179,17372090.611302834,513.9495548557938,513.9495548557938,0,2,CHECK_ESTIMATED_STORAGE_SOURCE
HydroCHN_00969,Guangxi Xiafu hydroelectric plant,110.82167,24.07333,43086315,45,0.05,0.05,10.0,566.3155510250311,4080.627326,reservoir_storage,reservoir_storage,run_of_river,installed,operating,Other named GHT rivers,river_group_not_normalized,下福水电站,33.95,unknown,1.594379394,near_coordinate,8676.822837,4596.195511,4080627326.0,4080627326.0,0.5297095028148723,0.5297095,True,1.4727540500736376,False,1.0,21270147663.11188,7897222984.515381,7897222984.515381,7897222984.52328,0.5167167413149002,4080627326.0,4080627326.0,False,False,False,83.397820975125,94.517530438475,182.91942737883755,6117,3332.287353515625,0.0054092407226562,336,105,1.94732666015625e-05,209550221.31071615,1136.8398779102088,1136.8398779102088,0,2,CHECK_ESTIMATED_STORAGE_SOURCE
HydroCHN_01665,Ansha hydroelectric plant,117.1325,26.02667,43076796,35,0.128,0.128,29.63667334,489.1803455779088,1346.051563,reservoir_storage,reservoir_storage,run_of_river,installed,operating,Other named GHT rivers,river_group_not_normalized,安砂水电站,12.0,unknown,1.784335093,near_coordinate,2862.170447,1516.118884,1346051563.0,1346051563.0,0.5297095026570233,0.5297095,True,10.666666666666666,False,1.0,7396331040.232086,2737778559.181595,2737778559.181595,2737778559.1843333,0.4916583039502761,1346051563.0,1346051563.0,False,False,False,31.847764609757743,92.4009810544438,187.93739536573827,6117,1373.8673400878906,0.005859375,288,348,2.109375e-05,63812814.83851852,375.2770792849087,375.2770792849087,0,2,CHECK_ESTIMATED_STORAGE_SOURCE
HydroCHN_01350,Zuojiang hydroelectric plant,107.2625,22.34917,43094942,45,0.072,0.072,42.23179301,193.0996378209529,2243.0422460000004,reservoir_storage,reservoir_storage,run_of_river,installed,operating,Other named GHT rivers,river_group_not_normalized,左江水电站,19.2,unknown,3.131358125,close_coordinate,4769.482393,2526.440147,2243042246.0000005,2243042246.0000005,0.5297095027980324,0.5297095,True,3.75,False,1.0,32434509288.02948,7508481979.284668,7508481979.284668,7508481979.292178,0.298734451542421,2243042246.0000005,2243042246.0000005,False,False,False,134.4442558227548,219.41302550273585,734.4751312399575,6117,2927.2877197265625,0.070587158203125,279,60,0.0002541137695312,8826921.304333959,625.9945782759094,625.9945782759094,0,2,CHECK_ESTIMATED_STORAGE_SOURCE
HydroCHN_01659,Sichuan Jialingjiang River Cangxi hydroelectric plant,105.9425,31.7325,43046837,51,0.066,0.066,29.63667334,252.23361568860923,1346.051563,reservoir_storage,reservoir_storage,run_of_river,installed,operating,Yangtze-Jinsha system,,苍溪航电枢纽工程,12.0,unknown,7.099659901,moderate_coordinate,2862.170447,1516.118884,1346051563.0,1346051563.0,0.5297095026570233,0.5297095,True,5.5,True,1.0,25723909842.35229,5172115533.233643,2756494648.7182617,6298102806.011535,0.2137233393070679,1346051563.0,1346051563.0,False,False,False,61.76536166740895,92.4009810544438,189.22217901164592,4869,832.0469970703125,0.01751708984375,576,192,6.30615234375e-05,21345053.047030583,573.4809226053153,573.4809226053153,0,2,CHECK_ESTIMATED_STORAGE_SOURCE
HydroCHN_01601,Tuoba hydroelectric plant,99.15333,27.16833,44004442,53,1.4,1.4,30.68626665,5167.404562294929,1420.8007859999998,reservoir_storage,reservoir_storage,reservoir_storage,installed,operating,Lancang-Mekong system,,"云南TB水电站, 澜沧江托巴水电站",12.6,unknown,7.334742375,moderate_coordinate,3021.113109,1600.312323,1420800785.9999998,1420800785.9999998,0.5297095028427153,0.5297095,True,111.11111111111111,True,1.0,44871746456.46973,7665287218.835449,7665287218.835449,7665287218.843116,0.1853551922369367,1420800785.9999998,1420800785.9999998,False,False,False,3.1823429622013983,100.98635000052435,544.8261188784722,6117,2284.841796875,0.00701904296875,306,90,2.52685546875e-05,56228019.51165216,396.95172679727295,396.95172679727295,0,2,CHECK_ESTIMATED_STORAGE_SOURCE
HydroCHN_01379,Kehe hydroelectric plant,102.66958,26.20958,43076670,53,0.072,0.072,40.1326064,203.1999579962604,2093.543798,reservoir_storage,reservoir_storage,run_of_river,installed,operating,Other named GHT rivers,river_group_not_normalized,可河水电站,18.0,unknown,23.4202682,broad_coordinate,4451.597068,2358.05327,2093543798.0,2093543798.0,0.5297095028996905,0.5297095,True,4.0,False,1.0,167694756866.89453,17135149797.509766,17135149797.509766,17135149797.526903,0.1221783189956214,2093543798.0,2093543798.0,False,False,False,119.24624017794486,194.60986397040608,1592.8346827000112,6117,3940.13623046875,0.03485107421875,339,12,0.0001254638671875,16686428.092251413,585.4800801199442,585.4800801199442,0,2,CHECK_ESTIMATED_STORAGE_SOURCE
HydroCHN_01397,Guanyinyan hydroelectric plant,101.45083,26.46822,43076695,53,3.0,3.0,39.25794531,8655.300931617165,2031.252779,reservoir_storage,reservoir_storage,reservoir_storage,installed,operating,Yangtze-Jinsha system,,金沙江观音岩水电站,17.5,unknown,6.046868082,moderate_coordinate,4319.14485,2287.892071,2031252779.0,2031252779.0,0.5297095027966011,0.5297095,True,171.42857142857142,True,1.0,102718135406.79932,13698170116.918943,7341023556.3687315,26556621970.31668,0.0764876188421255,2031252779.0,2031252779.0,False,False,False,2.7162394829548933,184.7042848409328,667.5281973753437,3642,3081.27685546875,0.10736083984375,720,45,0.0003864990234375,5255518.528699387,776.4390500046807,776.4390500046807,0,2,CHECK_ESTIMATED_STORAGE_SOURCE
HydroCHN_00083,Mamaya Stage 1 hydroelectric plant,105.41917,25.79167,43079074,52,0.558,0.558,159.0,397.4894056251162,2156.0,reservoir_storage,reservoir_storage,run_of_river,installed,operating,Pearl-Xijiang system,,北盘江马马崖一级水电站,1040.0,operating,11.52391929,broad_coordinate,3254.0,1098.0,2156000000.0,2156000000.0,0.3374308543331284,0.3374309,False,0.5365384615384615,True,1.0,7067378048.394012,2010290430.3634644,969063380.9771776,2171346764.0350738,0.9929321450220348,2156000000.0,2156000000.0,False,False,False,62.778286290322576,794.019765,356.8902959339536,4845,550.9254913330078,0.0171737670898437,234,207,6.18255615234375e-05,34872307.61636803,307.11831410982506,307.11831410982506,0,3,NO_SELECTED_FLAG_NOT_ENGINEERING_CERTIFICATION
HydroCHN_00018,Lianghekou hydroelectric plant,101.005,30.20583,43055137,51,3.0,3.0,271.4,1251.9872167097226,3085.105661,reservoir_storage,reservoir_storage,reservoir_storage,installed,operating,Yangtze-Jinsha system,,两河口混合式抽水蓄能电站,3000.0,construction,1.258475406,near_coordinate,6560.0,3474.894339,3085105661.0,3085105661.0,0.5297095028963414,0.5297095,False,1.0,True,1.0,21801546615.72876,3299343261.5203857,3299343261.5203857,3299343261.523686,0.9350665924876372,3085105661.0,3085105661.0,False,False,False,28.52045210221831,1939.3907429508447,2074.0669793253755,6117,853.2542114257812,0.0168991088867187,225,84,6.08367919921875e-05,50711182.49292601,857.8270489345069,857.8270489345069,0,3,NO_SELECTED_FLAG_NOT_ENGINEERING_CERTIFICATION
HydroCHN_00063,Longyangxia hydroelectric plant,100.92033,36.12383,43019885,63,1.28,1.28,146.0,992.9916511123834,11616.17528,reservoir_storage,reservoir_storage,reservoir_storage,installed,operating,Yellow River system,,龙羊峡水电站,1280.0,operating,0.104345471,near_coordinate,24700.0,13083.82472,11616175280.0,11616175280.0,0.5297095028340081,0.5297095,False,1.0,True,1.0,55609548408.517456,7620473179.632568,717130227.7496338,12649671812.396688,0.9182985497391436,11616175280.0,11616175280.0,False,False,False,135.39537114691407,3928.2710348758,242.51372194366303,2040,626.4749755859375,0.0081787109375,777,36,2.9443359375e-05,394526152.13001657,204.4643923366867,204.4643923366867,0,3,NO_SELECTED_FLAG_NOT_ENGINEERING_CERTIFICATION
HydroCHN_00343,Bobona hydroelectric plant,79.565,36.8811,48028710,65,0.15,0.15,259.68,65.42462465631135,1.8764590840000004,reservoir_storage,reservoir_storage,run_of_river,installed,operating,Other named GHT rivers,river_group_not_normalized,波波娜水电站,150.0,operating,0.008894302,near_coordinate,3.99,2.113540916,1876459.0840000005,1876459.0840000005,0.5297095027568921,0.5297095,False,1.0,False,1.0,2071206.9118067056,2071179.6670159765,2071179.6670159693,2071179.6670180408,0.9059856630890998,1876459.0840000005,1876459.0840000005,False,False,False,0.3319587471731881,1.1286597403888396,1.2457810165995,1248,8.42994142392979,0.0001004985675523,1791,1092,3.6179484318843445e-07,5186527.998749502,0.5296685758699041,0.5296685758699041,0,3,NO_SELECTED_FLAG_NOT_ENGINEERING_CERTIFICATION
HydroCHN_00764,Liangqian hydroelectric plant,117.12,26.71083,43074519,35,0.03,0.03,66.7,50.942928128188704,409.1527325,reservoir_storage,reservoir_storage,run_of_river,installed,operating,Other named GHT rivers,duplicate_comid;river_group_not_normalized,良浅水电站,50.0,unknown,6.021661339,moderate_coordinate,870.0,460.8472675,409152732.5,409152732.5,0.5297095028735632,0.5297095,False,0.6,False,0.1304347826086956,7677981454.353332,452211011.58052737,452211011.5805252,452211011.5809776,0.904782771807256,409152732.5,409152732.5,False,False,False,92.95822222171094,63.21159111076344,69.86383149674522,6117,264.1688789699389,0.0012757674507472,297,1311,4.592762822690217e-06,89086405.78577456,113.91770568464042,113.91770568464042,0,3,NO_SELECTED_FLAG_NOT_ENGINEERING_CERTIFICATION
HydroCHN_00556,Huangtankou hydroelectric plant,119.93667,29.00667,43064273,33,0.085,0.085,40.48,237.8301474166386,39.97469226,reservoir_storage,reservoir_storage,run_of_river,installed,operating,Pearl-Xijiang system,,黄坛口水电站,82.0,operating,6.203356117,moderate_coordinate,85.0,45.02530774,39974692.26,39974692.26,0.5297095028235295,0.5297095,False,1.0365853658536586,False,1.0,78416032.7429317,44519192.35137105,44519192.35137105,44519192.35141558,0.8979204282156955,39974692.26,39974692.26,False,False,False,1.9453801560953288,3.748099100743668,4.174199609410781,6111,55.21453261375427,0.0001193284988403,207,4155,4.295825958251953e-07,93054729.5176418,11.159295715959248,11.159295715959248,0,3,NO_SELECTED_FLAG_NOT_ENGINEERING_CERTIFICATION
HydroCHN_00333,Xiaoshan hydroelectric plant,127.4302,42.255,42059498,22,0.16,0.16,79.028,229.31236565269265,50.3210832,reservoir_storage,reservoir_storage,run_of_river,installed,operating,Unspecified GHT river,river_group_not_normalized,小山水电站,160.0,operating,0.066717048,near_coordinate,107.0,56.6789168,50321083.2,50321083.2,0.5297095028037383,0.5297095,False,1.0,False,1.0,92637974.16260988,59367017.77085066,59367017.77085066,59367017.77091004,0.8476269330924254,50321083.2,50321083.2,False,False,False,2.539854066686287,9.211204081848935,10.867049785964422,6114,38.535580694675446,0.0002367198467254,222,3006,8.521914482116699e-07,59049035.64287011,14.016614247376358,14.016614247376358,0,3,NO_SELECTED_FLAG_NOT_ENGINEERING_CERTIFICATION
HydroCHN_00065,,110.93156,30.43917,43055234,42,0.0,1.24,121.5,1155.9362687589114,1598.98769,reservoir_storage,reservoir_storage,reservoir_storage,potential_or_nonoperating,unknown,Unspecified GHT river,operation_type_requires_review;river_group_not_normalized,,1240.0,unknown,,,3400.0,1801.01231,1598987690.0,1598987690.0,0.5297095029411765,0.5297095,False,1.0,False,1.0,7356853992.823791,1945208770.4223635,1945208770.4223635,1945208770.424309,0.8220134076668862,1598987690.0,1598987690.0,False,False,False,16.010226919744202,449.99411129094375,547.429162460632,6117,762.731201171875,0.024658203125,246,189,8.876953125e-05,18012798.620022003,444.9259784238401,444.9259784238401,0,3,NO_SELECTED_FLAG_NOT_ENGINEERING_CERTIFICATION
HydroCHN_00610,Zhuxikou hydroelectric plant,111.34417,28.405,43068739,43,0.074,0.074,36.064,232.40545017664323,28.31170167,reservoir_storage,reservoir_storage,run_of_river,installed,operating,Yangtze-Jinsha system,,株溪口水电站,74.0,unknown,1.549312599,near_coordinate,60.20045449,31.88875282,28311701.67,28311701.67,0.5297095028625921,0.5297095,False,1.0,True,1.0,77196707.93241262,34673958.87043476,34673958.87043476,34673958.87046944,0.8165119470713814,28311701.67,28311701.67,False,False,False,1.4099571763166798,2.364968170408511,2.896428128074156,6117,42.8164656162262,0.00039803981781,216,4692,1.432943344116211e-06,19757725.793033127,7.907178040625133,7.907178040625133,0,3,NO_SELECTED_FLAG_NOT_ENGINEERING_CERTIFICATION
HydroCHN_00983,Luogu hydroelectric plant,102.83417,28.16,43069565,51,0.11,0.11,66.37243905,187.71258523684887,102.9936189,reservoir_storage,reservoir_storage,run_of_river,installed,operating,Other named GHT rivers,river_group_not_normalized,洛古水电站,33.0,potential,14.22442831,broad_coordinate,219.0,116.0063811,102993618.9,102993618.9,0.5297095027397261,0.5297095,False,3.333333333333333,False,1.0,361072437.1456146,129703784.23047066,129703784.23047066,129703784.2306004,0.794067956543871,102993618.9,102993618.9,False,False,False,6.350430754557364,15.833740681363022,19.94003227414252,6117,41.41678714752197,0.0008364915847778,201,2154,3.011369705200195e-06,34201585.65125533,28.65075537051051,28.65075537051051,0,3,NO_SELECTED_FLAG_NOT_ENGINEERING_CERTIFICATION
HydroCHN_00522,Yutian hydroelectric plant,102.72337,28.95497,43063952,51,0.093,0.093,162.0,65.02141511768876,319.2905766,reservoir_storage,reservoir_storage,run_of_river,installed,operating,Other named GHT rivers,river_group_not_normalized,玉田水电站,93.0,operating,0.039893204,near_coordinate,678.9220248,359.6314482,319290576.6,319290576.6,0.5297095028047468,0.5297095,False,1.0,False,1.0,1212436155.482769,409246198.5717773,409246198.5717773,409246198.5721867,0.7801919180042928,319290576.6,319290576.6,False,False,False,56.83501009680242,119.8082012840595,153.56247420558444,6114,141.0613784790039,0.0004167556762695,216,900,1.5003204345703124e-06,212814922.22789323,88.83288821190219,88.83288821190219,0,3,NO_SELECTED_FLAG_NOT_ENGINEERING_CERTIFICATION
HydroCHN_00068,Tianshengqiao Stage 1 hydroelectric plant,105.1,24.93833,43083791,52,1.2,1.2,220.0,617.7987829363976,4825.180501,reservoir_storage,reservoir_storage,reservoir_storage,installed,operating,Pearl-Xijiang system,,南盘江天生桥一级水电站,1200.0,unknown,1.044032225,near_coordinate,10260.0,5434.819499,4825180501.0,4825180501.0,0.5297095028265107,0.5297095,False,1.0,True,1.0,19223124181.237797,5920759102.752686,2687085023.1674194,6486586614.163592,0.7438705112584362,4825180501.0,4825180501.0,False,False,False,90.39674094842186,2458.791353797075,1369.2713506805378,4779,741.5472717285156,0.032470703125,447,105,0.00011689453125,41278068.78048454,795.2737783415135,795.2737783415135,0,3,NO_SELECTED_FLAG_NOT_ENGINEERING_CERTIFICATION
HydroCHN_00209,Hunanzhen hydroelectric plant,118.8933,28.62667,43064010,33,0.27,0.27,117.0,261.37640816539897,968.798424,reservoir_storage,reservoir_storage,run_of_river,installed,operating,Pearl-Xijiang system,,湖南镇水电站,270.0,operating,0.348040601,near_coordinate,2060.0,1091.201576,968798424.0,968798424.0,0.5297095029126213,0.5297095,False,1.0,False,1.0,3182920615.60936,1329354713.5173798,1329354713.5173798,1329354713.5187094,0.7287734523734888,968798424.0,968798424.0,False,False,False,42.89960521275,262.54558390203,360.2567890566018,6117,760.2778778076172,0.0006179809570312,216,639,2.2247314453125e-06,435467582.4092181,269.87095121141186,269.87095121141186,0,3,NO_SELECTED_FLAG_NOT_ENGINEERING_CERTIFICATION
HydroCHN_00529,Rongge hydroelectric plant,106.71677,25.44343,43081969,52,0.09,0.09,76.36,133.4950225045909,23.19472732,reservoir_storage,reservoir_storage,run_of_river,installed,operating,Other named GHT rivers,river_group_not_normalized,冗各水电站,90.0,operating,0.498909627,near_coordinate,49.32,26.12527268,23194727.32,23194727.32,0.529709502838605,0.5297095,False,1.0,False,1.0,54699452.04845737,34609351.17115695,34609351.17115695,34609351.17119157,0.6701867135639059,23194727.32,23194727.32,False,False,False,2.010992523113716,4.102424747151981,6.121316140888682,6057,40.83529472351074,0.0001029179547913,204,3894,3.705046372488141e-07,62603068.863679215,6.483815105842106,6.483815105842106,0,3,NO_SELECTED_FLAG_NOT_ENGINEERING_CERTIFICATION
HydroCHN_00371,Bashan hydroelectric plant,108.6077,32.0127,43044388,50,0.14,0.14,142.6,111.19800440884202,150.4929591,reservoir_storage,reservoir_storage,run_of_river,installed,operating,Other named GHT rivers,duplicate_comid;river_group_not_normalized,任河巴山水电站,140.0,operating,0.058315254,near_coordinate,320.0,169.5070409,150492959.1,150492959.1,0.5297095028125,0.5297095,False,1.0,False,0.8433734939759037,925353425.1674652,233846051.56055063,233846051.5605513,233846051.5607852,0.6435556986981298,150492959.1,150492959.1,False,False,False,15.664099958537545,49.70741053509247,77.2387077538083,6117,126.231614997588,0.0004825821842055,291,1272,1.7372958631400605e-06,86624830.17025828,41.92983136504052,41.92983136504052,0,3,NO_SELECTED_FLAG_NOT_ENGINEERING_CERTIFICATION
HydroCHN_00014,,101.54,28.05417,43066132,51,0.0,3.6,240.0,1698.9466530750935,4910.0,reservoir_storage,reservoir_storage,reservoir_storage,potential_or_nonoperating,unknown,Unspecified GHT river,operation_type_requires_review;river_group_not_normalized,,3600.0,unknown,,,7760.0,2850.0,4910000000.0,4910000000.0,0.3672680412371134,0.367268,False,1.0,False,1.0,41815782086.73706,7859983380.029297,7859983380.029297,7859983380.037159,0.6246832547344123,4910000000.0,4910000000.0,False,False,False,33.449375,2729.469,4369.364760958286,6117,2042.43701171875,0.0113525390625,423,66,4.0869140625e-05,120139545.99761052,1365.9313259019746,1365.9313259019746,0,3,NO_SELECTED_FLAG_NOT_ENGINEERING_CERTIFICATION
HydroCHN_00173,Shaping Stage 1 hydroelectric plant,103.10678,29.29012,43060589,51,0.12,0.12,71.60354029,189.8170561057987,451.2010292,reservoir_storage,reservoir_storage,run_of_river,installed,operating,Yangtze-Jinsha system,duplicate_comid,大渡河沙坪一级水电站,360.0,construction,0.525337789,near_coordinate,959.409199,508.2081698,451201029.2,451201029.2,0.5297095028166392,0.5297095,False,0.3333333333333333,True,0.0770218228498074,45549237053.54004,481305561.2457595,37438746.3100843,730699439.6462098,0.6174919600574247,451201029.2,451201029.2,False,False,False,27.51193302328181,74.83245782332652,6.209279728760877,2508,125.33008980864892,0.0028549535161265,708,1161,1.0277832658055502e-05,43900406.26380117,31.833195732473826,31.833195732473826,0,3,NO_SELECTED_FLAG_NOT_ENGINEERING_CERTIFICATION
HydroCHN_00156,,103.67083,31.98167,43047136,51,0.42,0.42,135.24,351.74878945654103,251.605416,reservoir_storage,reservoir_storage,run_of_river,installed,operating,Unspecified GHT river,duplicate_comid;operation_type_requires_review;river_group_not_normalized,,420.0,operating,,,535.0,283.394584,251605416.0,251605416.0,0.5297095028037383,0.5297095,False,1.0,False,0.7,2956012588.150406,417929689.1721727,417929689.17217255,417929689.17259055,0.6020280983103252,251605416.0,251605416.0,False,False,False,8.278918960095002,78.81530850010441,130.91632885779185,6117,126.95206985473632,0.0155410766601562,225,504,5.594787597656249e-05,4497139.732443136,70.01734540325909,70.01734540325909,0,3,NO_SELECTED_FLAG_NOT_ENGINEERING_CERTIFICATION
HydroCHN_00126,Xinjiang Bulunkou - Kongur hydroelectric plant,75.00833,38.735,48018965,65,0.2,0.2,659.5,34.348175952996584,300.5156277,reservoir_storage,reservoir_storage,run_of_river,installed,operating,Other named GHT rivers,river_group_not_normalized,新疆布仑口—公格尔水电站,565.0,unknown,9.515321917,moderate_coordinate,639.0,338.4843723,300515627.7,300515627.7,0.5297095028169014,0.5297095,False,0.3539823008849557,False,1.0,1647546173.8348694,501103894.5263028,501103894.5263028,501103894.526804,0.5997072283458883,300515627.7,300515627.7,False,False,False,101.26273197669538,459.05771829435247,765.469710211874,6117,161.80880737304688,0.0002574920654296,234,1596,9.26971435546875e-07,324190817.7275259,83.63837205745769,83.63837205745769,0,3,NO_SELECTED_FLAG_NOT_ENGINEERING_CERTIFICATION
HydroCHN_00833,Xiakou hydroelectric plant,111.38417,31.48167,43049887,42,0.032,0.032,110.4,32.82988701594383,64.90008861,reservoir_storage,reservoir_storage,run_of_river,installed,operating,Unspecified GHT river,river_group_not_normalized,峡口水电站,45.0,unknown,17.35059838,broad_coordinate,138.0,73.09991139,64900088.61,64900088.61,0.529709502826087,0.5297095,False,0.7111111111111111,False,1.0,204981981.25576973,110508769.59471704,110508769.59471704,110508769.59482756,0.5872845100705717,64900088.61,64900088.61,False,False,False,22.880323426678597,16.595861258817543,28.25863950814347,6117,41.88492131233215,0.0003576278686523,261,2229,1.2874603271484374e-06,50409389.12171804,18.069687312998067,18.069687312998067,0,3,NO_SELECTED_FLAG_NOT_ENGINEERING_CERTIFICATION
HydroCHN_00694,Liangjiang hydroelectric plant,128.09167,42.57833,42058025,22,0.06,0.06,33.66696764,201.8532433620853,98.9961497,reservoir_storage,reservoir_storage,run_of_river,installed,operating,Northeast border/Songhua rivers,,两江水电站,60.0,unknown,4.351479782,close_coordinate,210.5,111.5038503,98996149.7,98996149.7,0.5297095026128266,0.5297095,False,1.0,False,1.0,317999107.9593301,169841537.81132698,169841537.81132698,169841537.81149685,0.5828736066313384,98996149.7,98996149.7,False,False,False,5.676345599365004,7.719830015136401,13.244432287378205,6117,83.22901248931885,0.0001056194305419,270,1746,3.802299499511719e-07,260358632.224297,27.582159484740124,27.582159484740124,0,3,NO_SELECTED_FLAG_NOT_ENGINEERING_CERTIFICATION
HydroCHN_00450,Dongping hydroelectric plant,109.53333,29.995,43058060,42,0.11,0.11,124.2,100.31354365982838,158.017607,reservoir_storage,reservoir_storage,run_of_river,installed,operating,Other named GHT rivers,river_group_not_normalized,洞坪水电站,110.0,unknown,15.80647387,broad_coordinate,336.0,177.982393,158017607.0,158017607.0,0.5297095029761905,0.5297095,False,1.0,False,1.0,824513243.7709808,273493917.9725647,273493917.9725647,273493917.9728383,0.5777737515014624,158017607.0,158017607.0,False,False,False,18.23190988674375,45.45822865094775,78.67825170799095,6117,135.7478141784668,0.0024871826171875,366,852,8.953857421875e-06,17647992.31825494,44.02952753644572,44.02952753644572,0,3,NO_SELECTED_FLAG_NOT_ENGINEERING_CERTIFICATION
HydroCHN_00170,Zhaixiangkou hydroelectric plant,106.435,26.795,43074599,52,0.045,0.045,112.0,45.50749963594,398.0,reservoir_storage,reservoir_storage,run_of_river,installed,operating,Other named GHT rivers,river_group_not_normalized,窄巷口水电站,360.0,operating,6.988987485,moderate_coordinate,531.0,133.0,398000000.0,398000000.0,0.2504708097928437,0.2504708,False,0.125,False,1.0,1832684764.572716,694368725.2487183,694368725.2487183,694368725.2494128,0.5731824973209169,398000000.0,398000000.0,False,False,False,101.22466666666666,103.24916,180.1331347040225,6117,266.41136169433594,0.0038394927978515,222,501,1.3822174072265624e-05,28794312.52414859,110.82196691736172,110.82196691736172,0,3,NO_SELECTED_FLAG_NOT_ENGINEERING_CERTIFICATION
HydroCHN_00019,Goupitan hydroelectric plant,107.63412,27.37422,43071643,52,3.0,3.0,200.0,1698.9466530750935,3789.0,reservoir_storage,reservoir_storage,reservoir_storage,installed,operating,Yangtze-Jinsha system,,乌江构皮滩水电站,3000.0,operating,0.107071362,near_coordinate,6451.0,2662.0,3789000000.0,3789000000.0,0.412649201674159,0.4126492,False,1.0,True,1.0,29509771851.342773,6084591416.784668,2263064768.811035,6661290439.716135,0.5688087067048025,3789000000.0,3789000000.0,False,False,False,25.812562499999995,1755.25425,1048.364754151712,4638,951.3450927734376,0.077667236328125,534,66,0.0002796020507812,13551402.75049116,930.1644689121998,930.1644689121998,0,3,NO_SELECTED_FLAG_NOT_ENGINEERING_CERTIFICATION
HydroCHN_00249,Longjiang hydroelectric plant,98.11,24.24083,44008459,53,0.24,0.24,105.8,256.9295505595605,572.343535,reservoir_storage,reservoir_storage,run_of_river,installed,operating,Other named GHT rivers,river_group_not_normalized,龙江水电站,240.0,unknown,0.353650086,near_coordinate,1217.0,644.656465,572343535.0,572343535.0,0.5297095028759244,0.5297095,False,1.0,False,1.0,4133403361.0219,1028000481.667328,1028000481.667328,1028000481.668356,0.5567541506120074,572343535.0,572343535.0,False,False,False,25.78273482158984,140.25807742944875,251.9210270370341,6117,327.6134033203125,0.0076904296875,225,120,2.7685546875e-05,20673008.10723104,159.3119286812584,159.3119286812584,0,3,NO_SELECTED_FLAG_NOT_ENGINEERING_CERTIFICATION
HydroCHN_00285,Chencun hydroelectric plant,118.17025,30.48725,43055849,34,0.18,0.18,70.196,290.4347802852174,478.2882116,reservoir_storage,reservoir_storage,run_of_river,installed,operating,Other named GHT rivers,duplicate_comid;river_group_not_normalized,大唐陈村水力发电厂,194.0,unknown,16.16415835,broad_coordinate,1017.005903,538.7176914,478288211.6,478288211.6,0.5297095029742419,0.5297095,False,0.9278350515463918,False,0.8571428571428571,2382200355.2948,874072144.6199132,874072144.6199144,874072144.6207887,0.5471953482827241,478288211.6,478288211.6,False,False,False,19.06019377010741,77.76559058203823,142.11668799088665,6117,836.2565525599888,0.0002476828438895,225,801,8.916582380022321e-07,536403064.77917904,133.69409310825026,133.69409310825026,0,3,NO_SELECTED_FLAG_NOT_ENGINEERING_CERTIFICATION
HydroCHN_00009,,103.76583,29.54917,43057984,51,0.0,4.26,181.7,2655.480734580774,2534.86578,reservoir_storage,reservoir_storage,reservoir_storage,potential_or_nonoperating,unknown,Unspecified GHT river,operation_type_requires_review;river_group_not_normalized,,4260.0,unknown,,,5390.0,2855.13422,2534865780.0,2534865780.0,0.5297095027829314,0.5297095,False,1.0,False,1.0,24494253466.6626,4957664140.447998,4957664140.447998,4957664140.452957,0.5113024416713315,2534865780.0,2534865780.0,False,False,False,11.048366468449382,1066.8302661934724,2086.495544017313,6117,1739.0481567382812,0.00518798828125,393,66,1.86767578125e-05,135723009.60627452,705.8684314907784,705.8684314907784,0,3,NO_SELECTED_FLAG_NOT_ENGINEERING_CERTIFICATION
HydroCHN_00055,,97.92563,30.22853,44003318,54,0.0,1.5,91.17928022,1863.303427024019,1298.531226,reservoir_storage,reservoir_storage,reservoir_storage,potential_or_nonoperating,pre-construction,Unspecified GHT river,duplicate_comid;operation_type_requires_review;river_group_not_normalized,,1500.0,pre-construction,,,2761.125802,1462.594576,1298531226.0,1298531226.0,0.5297095028921105,0.5297095,False,1.0,False,0.5710134285688614,37428921533.71582,2555079978.127068,2555079978.127064,2555079978.12962,0.508215491145039,1298531226.0,1298531226.0,False,False,False,8.065941584847677,274.242013884821,539.6175808546558,6117,658.299160229532,0.0006273340890038,417,75,2.258402720413953e-06,574977710.6901402,361.3614174939253,361.3614174939253,0,3,NO_SELECTED_FLAG_NOT_ENGINEERING_CERTIFICATION
HydroCHN_00233,Qiaoqi hydroelectric plant,102.74683,30.69233,43053271,51,0.24,0.24,550.0,49.42390263491181,99.7015854,reservoir_storage,reservoir_storage,run_of_river,installed,operating,Other named GHT rivers,river_group_not_normalized,硗碛水电站,240.0,operating,0.010265762,near_coordinate,212.0,112.2984146,99701585.4,99701585.4,0.5297095028301887,0.5297095,False,1.0,False,1.0,557700956.367445,198262313.3485794,198262313.3485794,198262313.3487777,0.5028771414797711,99701585.4,99701585.4,False,False,False,23.348086112226564,127.0135884505125,252.57379581150585,6114,170.4446907043457,0.0005664825439453,180,1515,2.039337158203125e-06,48889211.37878339,27.86532952406655,27.86532952406655,0,3,NO_SELECTED_FLAG_NOT_ENGINEERING_CERTIFICATION
HydroCHN_00883,Daao hydroelectric plant,117.97992,28.17592,43067240,36,0.04,0.04,78.61769429,57.62728669564304,129.6590901,reservoir_storage,reservoir_storage,run_of_river,installed,operating,Unspecified GHT river,river_group_not_normalized,大坳水电站,40.0,unknown,2.518958255,close_coordinate,275.7,146.0409099,129659090.09999998,129659090.09999998,0.5297095027203482,0.5297095,False,1.0,False,1.0,517573007.4561596,260243911.6012573,260243911.6012573,260243911.6015176,0.4982214158328992,129659090.09999998,129659090.09999998,False,False,False,26.04120372906442,23.61069138101841,47.3899568157337,6117,253.28323364257807,0.0003910064697265,225,2358,1.407623291015625e-06,92112066.43678698,36.26969715034652,36.26969715034652,0,3,NO_SELECTED_FLAG_NOT_ENGINEERING_CERTIFICATION
HydroCHN_00058,,107.0475,25.0275,43081342,45,0.0,1.4,89.46211005,1772.4638307590278,1224.204016,reservoir_storage,reservoir_storage,reservoir_storage,potential_or_nonoperating,announced,Unspecified GHT river,duplicate_comid;operation_type_requires_review;river_group_not_normalized,,1400.0,announced,,,2603.080486,1378.87647,1224204016.0,1224204016.0,0.5297095028048242,0.5297095,False,1.0,False,0.2222222222222221,53874051363.39111,2488162255.883809,2488162255.8837886,2488162255.8862777,0.4920113280811509,1224204016.0,1224204016.0,False,False,False,7.993972975400753,253.67540908605065,515.5885537740228,6117,569.9108615451388,0.0068088107638888,225,111,2.4511718749999997e-05,49943622.00733069,340.6265819729979,340.6265819729979,0,3,NO_SELECTED_FLAG_NOT_ENGINEERING_CERTIFICATION
HydroCHN_00110,Baozhusi hydroelectric plant,105.61183,32.51983,43041076,51,0.7,0.7,103.0,769.7492926553822,1340.0,reservoir_storage,reservoir_storage,run_of_river,installed,operating,Yangtze-Jinsha system,duplicate_comid,宝珠寺水电站,700.0,operating,0.077087932,near_coordinate,2550.0,1210.0,1340000000.0,1340000000.0,0.4745098039215686,0.4745098,False,1.0,True,0.9831460674157304,12691159194.754028,2524466053.6463804,383563151.5202553,2787346071.176588,0.4807440360049596,1340000000.0,1340000000.0,False,False,False,20.14845535714285,319.688825,91.50809942000552,3852,287.5575633531206,0.0042117686753826,330,297,1.5162367231377516e-05,88376701.31263927,150.07281265672404,150.07281265672404,0,3,NO_SELECTED_FLAG_NOT_ENGINEERING_CERTIFICATION
HydroCHN_00078,,101.07855,29.67895,43057894,51,0.0,1.08,83.96716551,1456.8094359078802,986.3569429999998,reservoir_storage,reservoir_storage,reservoir_storage,potential_or_nonoperating,pre-construction,Unspecified GHT river,duplicate_comid;operation_type_requires_review;river_group_not_normalized,,1080.0,pre-construction,,,2097.335475,1110.978532,986356942.9999998,986356942.9999998,0.5297095029587483,0.5297095,False,1.0,False,0.4186046511627907,35097418442.72461,2112684844.4645307,2112684844.464537,2112684844.46665,0.4668736776255934,986356942.9999998,986356942.9999998,False,False,False,7.836418436323984,191.83552332121116,410.89385098052287,6117,692.5022937863372,0.014614371366279,225,138,5.261173691860465e-05,18747849.8291358,274.6805420162842,274.6805420162842,0,3,NO_SELECTED_FLAG_NOT_ENGINEERING_CERTIFICATION
HydroCHN_00559,Duonuo hydroelectric plant,104.2425,33.26167,43037913,51,0.1,0.1,66.92178226,169.2470020672253,215.7133761,reservoir_storage,reservoir_storage,run_of_river,installed,operating,Other named GHT rivers,river_group_not_normalized,多诺水电站,81.0,unknown,0.650095212,near_coordinate,458.6811289,242.9677528,215713376.1,215713376.1,0.5297095029452824,0.5297095,False,1.2345679012345678,False,1.0,2023794913.0016327,475341687.7487183,475341687.7487183,475341687.7491937,0.4538069806614934,215713376.1,215713376.1,False,False,False,14.751709414375988,33.437208005918905,73.68156381628503,6117,240.5008316040039,0.0095672607421875,225,513,3.4442138671875e-05,6263065.66369378,60.16088308166517,60.16088308166517,0,3,NO_SELECTED_FLAG_NOT_ENGINEERING_CERTIFICATION
HydroCHN_00798,Liuxihe hydroelectric plant,113.78083,23.7625,43089268,44,0.042,0.042,71.76,66.29111801296351,182.0024224,reservoir_storage,reservoir_storage,run_of_river,installed,operating,Other named GHT rivers,river_group_not_normalized,流溪河水电站,48.0,unknown,1.758881392,near_coordinate,387.0,204.9975776,182002422.4,182002422.4,0.5297095028423773,0.5297095,False,0.875,False,1.0,809380722.3052025,405396842.78268814,405396842.78268814,405396842.7830936,0.4489487908947033,182002422.4,182002422.4,False,False,False,31.77664793806286,30.251368837035848,67.38267136596602,6117,341.44815731048584,0.0012407302856445,246,2037,4.466629028320313e-06,40747154.34078538,50.89767660180684,50.89767660180684,0,3,NO_SELECTED_FLAG_NOT_ENGINEERING_CERTIFICATION
HydroCHN_00244,Husong River hydroelectric plant,97.69333,24.55685,44007756,53,0.063,0.063,100.28,71.15652116987826,29.853693820000004,reservoir_storage,reservoir_storage,run_of_river,installed,operating,Other named GHT rivers,river_group_not_normalized,户宋河水电站,240.0,unknown,0.263896251,near_coordinate,72.9,43.04630618,29853693.820000004,29853693.820000004,0.5904843097393689,0.5904843,False,0.2625,False,1.0,160164293.97965482,70196932.95596322,70196932.95596333,70196932.95603354,0.4252848744645051,29853693.820000004,29853693.820000004,False,False,False,4.855898770437299,6.934223444184462,16.3048908167936,5904,78.61402797698975,0.0001007325481623,372,3423,3.62637173384428e-07,82323865.3152428,8.37130675576414,8.37130675576414,0,3,NO_SELECTED_FLAG_NOT_ENGINEERING_CERTIFICATION
HydroCHN_00616,Shangyoujiang hydroelectric plant,114.4,25.83833,43079400,36,0.072,0.072,62.56,130.3539631515417,386.67284680000006,reservoir_storage,reservoir_storage,run_of_river,installed,operating,Pearl-Xijiang system,duplicate_comid,上犹江水电站,72.0,unknown,1.188877776,near_coordinate,822.2,435.5271532,386672846.8000001,386672846.8000001,0.5297095027973728,0.5297095,False,1.0,False,0.6428571428571429,3978781820.404816,919878596.2134718,919878596.2134768,919878596.214397,0.4203520425317928,386672846.8000001,386672846.8000001,False,False,False,34.33252095368584,56.03067419641529,133.2946400328754,6117,324.6789109366281,0.0003249304635184,216,891,1.1697496686662947e-06,330560338.8123804,107.7338030221565,107.7338030221565,0,3,NO_SELECTED_FLAG_NOT_ENGINEERING_CERTIFICATION
HydroCHN_00201,Yayangshan hydroelectric plant,101.46833,22.97583,43093195,53,0.12,0.12,106.0,128.2223889113278,277.4713933,reservoir_storage,reservoir_storage,run_of_river,installed,operating,Other named GHT rivers,river_group_not_normalized,崖羊山水电站,285.0,unknown,15.91488655,broad_coordinate,590.0,312.5286067,277471393.3,277471393.3,0.529709502881356,0.5297095,False,0.4210526315789473,False,1.0,2732950726.752945,661880812.5188828,661880812.5188828,661880812.5195448,0.4192165538743525,277471393.3,277471393.3,False,False,False,25.04612873584531,68.12547016149925,162.5066317916674,6117,240.99896240234372,0.0212936401367187,216,168,7.66571044921875e-05,3619643.542997094,77.31638599025844,77.31638599025844,0,3,NO_SELECTED_FLAG_NOT_ENGINEERING_CERTIFICATION
HydroCHN_00024,,98.35008,29.63658,44003626,54,0.0,2.6,110.0681521,2675.470432768501,2116.130539,reservoir_storage,reservoir_storage,reservoir_storage,potential_or_nonoperating,pre-construction,Unspecified GHT river,operation_type_requires_review;river_group_not_normalized,,2600.0,pre-construction,,,4499.624279,2383.49374,2116130539.0,2116130539.0,0.529709502885363,0.5297095,False,1.0,False,1.0,38956034786.35254,5154507025.762939,5154507025.762939,5154507025.768095,0.4105398495765299,2116130539.0,2116130539.0,False,False,False,9.154371997096757,539.4976563622354,1314.117635396869,6117,1418.245849609375,0.02276611328125,225,39,8.19580078125e-05,25819692.24826929,589.2322844613108,589.2322844613108,0,3,NO_SELECTED_FLAG_NOT_ENGINEERING_CERTIFICATION
HydroCHN_00306,Hanjiang Baihe Jiahe hydroelectric plant,110.02583,32.875,43041359,61,0.18,0.18,53.36,382.0719609614153,125.5675627,reservoir_storage,reservoir_storage,run_of_river,installed,operating,Other named GHT rivers,duplicate_comid;river_group_not_normalized,汉江白河（夹河）水电站,180.0,unknown,0.651294493,near_coordinate,267.0,141.4324373,125567562.7,125567562.7,0.5297095029962547,0.5297095,False,1.0,False,0.6766917293233082,1440318272.4241734,312472327.01730335,312472327.01730365,312472327.0176162,0.4018517860396671,125567562.7,125567562.7,False,False,False,3.803807712907542,15.51953546866277,38.62004850493635,6117,111.22235921988808,0.0011048281103148,348,768,3.977381197133458e-06,31570411.905828368,34.99110088703366,34.99110088703366,0,3,NO_SELECTED_FLAG_NOT_ENGINEERING_CERTIFICATION
HydroCHN_00324,Longma hydroelectric plant,101.59083,22.85,43093185,53,0.24,0.24,31.5,862.9570301333808,277.4713933,reservoir_storage,reservoir_storage,run_of_river,installed,operating,Other named GHT rivers,river_group_not_normalized,龙马水电站,165.0,unknown,6.513195637,moderate_coordinate,590.0,312.5286067,277471393.3,277471393.3,0.529709502881356,0.5297095,False,1.4545454545454546,False,1.0,2982116075.419239,693391899.83325,693391899.83325,693391899.8339436,0.4001653226212334,277471393.3,277471393.3,False,False,False,3.721476675373242,20.244833114030435,50.59117312164611,6117,255.76990509033203,0.0206642150878906,216,207,7.439117431640625e-05,3729896.6691913935,77.33115693294644,77.33115693294644,0,3,NO_SELECTED_FLAG_NOT_ENGINEERING_CERTIFICATION
HydroCHN_00194,,103.9225,34.65083,43027840,62,0.3,0.3,125.0,271.83146449201496,443.4839388,reservoir_storage,reservoir_storage,run_of_river,installed,operating,Unspecified GHT river,operation_type_requires_review;river_group_not_normalized,,300.0,operating,,,943.0,499.5160612,443483938.8,443483938.8,0.5297095028632026,0.5297095,False,1.0,False,1.0,6207849904.957581,1120023005.1567078,1120023005.1567078,1120023005.157828,0.3959596693618863,443483938.8,443483938.8,False,False,False,18.882714581718748,128.4024591556875,324.28166071177804,6117,314.55938720703125,0.0024890899658203,243,450,8.960723876953124e-06,49491976.86368122,123.50454238733153,123.50454238733153,0,3,NO_SELECTED_FLAG_NOT_ENGINEERING_CERTIFICATION
HydroCHN_00191,,119.43583,28.14167,43066283,33,0.3,0.3,69.0,492.4483052391575,655.1146625,reservoir_storage,reservoir_storage,run_of_river,installed,operating,Unspecified GHT river,operation_type_requires_review;river_group_not_normalized,,300.0,operating,,,1393.0,737.8853375,655114662.5,655114662.5,0.5297095028715003,0.5297095,False,1.0,False,1.0,4511475720.661926,1785191169.0605164,1785191169.0605164,1785191169.062302,0.3669717136479611,655114662.5,655114662.5,False,False,False,15.397241802070312,104.70124425407812,285.31148412821307,6117,940.6893920898438,0.0010204315185546,225,429,3.673553466796875e-06,178332687.52481827,182.91698453116263,182.91698453116263,0,3,NO_SELECTED_FLAG_NOT_ENGINEERING_CERTIFICATION
HydroCHN_00095,Ankang hydroelectric plant,108.99833,32.66833,43041054,61,0.853,0.853,110.4,875.1216757687528,1213.349483,reservoir_storage,reservoir_storage,reservoir_storage,installed,operating,Yangtze-Jinsha system,,安康混合式抽水蓄能电站,852.5,operating,12.18706441,broad_coordinate,2580.0,1366.650517,1213349483.0,1213349483.0,0.5297095027131783,0.5297095,False,1.0005865102639295,True,1.0,15179230213.357544,3346284284.060669,3346284284.060669,3346284284.064016,0.3625960558038434,1213349483.0,1213349483.0,False,False,False,16.04736482117761,310.27044969586206,855.6917394142899,6117,1428.383331298828,0.000244140625,288,162,8.7890625e-07,1380522078.4355557,338.469906387194,338.469906387194,0,3,NO_SELECTED_FLAG_NOT_ENGINEERING_CERTIFICATION
HydroCHN_00025,,101.13958,29.41542,43060656,51,0.0,2.575,109.6388595,2660.119870892045,2097.548737,reservoir_storage,reservoir_storage,reservoir_storage,potential_or_nonoperating,pre-construction,Unspecified GHT river,operation_type_requires_review;river_group_not_normalized,,2575.0,pre-construction,,,4460.11295,2362.564213,2097548737.0,2097548737.0,0.5297095027604627,0.5297095,False,1.0,False,1.0,39137728915.2832,5829342178.106689,5829342178.106689,5829342178.11252,0.3598259757122654,2097548737.0,2097548737.0,False,False,False,9.126349801626572,532.6746167549377,1480.367323954282,6117,1904.02392578125,0.243743896484375,282,36,0.0008774780273437,2390428.787544204,584.5564508708113,584.5564508708113,0,3,NO_SELECTED_FLAG_NOT_ENGINEERING_CERTIFICATION
HydroCHN_00621,Weiyuan River Jinggu County Simao District hydroelectric plant,100.58958,23.19042,44010759,53,0.072,0.072,42.0,194.1653317800107,128.8595962,reservoir_storage,reservoir_storage,run_of_river,installed,operating,Other named GHT rivers,river_group_not_normalized,威远江水电站,72.0,unknown,10.20210479,broad_coordinate,274.0,145.1404038,128859596.2,128859596.2,0.5297095029197081,0.5297095,False,1.0,False,1.0,1353181980.9761488,368837613.6602461,368837613.6602461,368837613.6606151,0.3493667441373531,128859596.2,128859596.2,False,False,False,7.681239992234375,12.5357836673265,35.88144515090289,6117,122.77788925170898,0.0004298686981201,225,453,1.547527313232422e-06,83268059.37327369,35.917110167066404,35.917110167066404,0,3,NO_SELECTED_FLAG_NOT_ENGINEERING_CERTIFICATION
HydroCHN_00351,Fengshuba hydroelectric plant,115.36,24.41167,43086362,44,0.2,0.2,77.0,294.18989663637984,917.066469,reservoir_storage,reservoir_storage,run_of_river,installed,operating,Other named GHT rivers,river_group_not_normalized,枫树坝水电站,150.0,unknown,0.017648837,near_coordinate,1950.0,1032.933531,917066469.0,917066469.0,0.529709503076923,0.5297095,False,1.3333333333333333,False,1.0,7115974743.380356,2766387147.94693,2766387147.94693,2766387147.949697,0.3315033001363103,917066469.0,917066469.0,False,False,False,36.07940097336093,163.55995107923624,493.38860582026985,6117,1075.9859008789062,0.0020160675048828,225,360,7.257843017578124e-06,126355236.22912644,255.8166717344691,255.8166717344691,0,3,NO_SELECTED_FLAG_NOT_ENGINEERING_CERTIFICATION
HydroCHN_00256,Suzhi hydroelectric plant,102.3225,35.89083,43022723,63,0.225,0.225,47.84,532.6964840327424,30.702313659999994,reservoir_storage,reservoir_storage,run_of_river,installed,operating,Yellow River system,,苏只水电站,225.0,operating,0.412161289,near_coordinate,65.28372112,34.58140746,30702313.659999996,30702313.659999996,0.5297095028703229,0.5297095,False,1.0,True,1.0,225344780.17160296,94325891.59044027,94325891.59044027,94325891.59053464,0.3254918998622102,30702313.659999996,30702313.659999996,False,False,False,0.6670794029953733,3.4021049552764038,10.452195451601732,6117,74.62033176422119,0.0002170801162719,225,2859,7.814884185791016e-07,39286972.05241095,8.603040792884935,8.603040792884935,0,3,NO_SELECTED_FLAG_NOT_ENGINEERING_CERTIFICATION
HydroCHN_00344,Wudu Dam hydroelectric plant,104.7821,31.8779,43046874,51,0.15,0.15,111.32,152.61827641709428,269.0061644,reservoir_storage,reservoir_storage,run_of_river,installed,operating,Yangtze-Jinsha system,,武都水库水电站,150.0,operating,0.131289536,near_coordinate,572.0,302.9938356,269006164.4,269006164.4,0.5297095027972029,0.5297095,False,1.0,True,1.0,3420408179.1549683,704095692.1806335,294010529.6705246,841433294.6968865,0.3196999287945996,269006164.4,269006164.4,False,False,False,20.400553238061697,69.36188100940977,75.80913032236992,3645,206.89699363708496,0.0023736953735351,516,312,8.545303344726562e-06,31480001.76798964,136.86491820435086,136.86491820435086,0,3,NO_SELECTED_FLAG_NOT_ENGINEERING_CERTIFICATION
HydroCHN_00866,Hongmen hydroelectric plant,116.72083,27.47417,43069257,36,0.042,0.042,33.12,143.6307556947543,578.4573115,reservoir_storage,reservoir_storage,run_of_river,installed,operating,Other named GHT rivers,river_group_not_normalized,洪门水电站,42.0,unknown,0.026490828,near_coordinate,1230.0,651.5426885,578457311.5,578457311.5,0.5297095028455285,0.5297095,False,1.0,False,1.0,3567495239.7514343,1846744746.70372,1846744746.70372,1846744746.7055671,0.3132307875963463,578457311.5,578457311.5,False,False,False,46.61332971205178,44.3758898858733,141.6715458475785,6117,1848.489429473877,0.0004920959472656,237,414,1.77154541015625e-06,326526945.4475797,162.5310759574152,162.5310759574152,0,3,NO_SELECTED_FLAG_NOT_ENGINEERING_CERTIFICATION
HydroCHN_00486,Laodukou hydroelectric plant,109.72958,30.33958,43055568,42,0.09,0.09,88.872,114.70069221408949,103.4639094,reservoir_storage,reservoir_storage,run_of_river,installed,operating,Other named GHT rivers,river_group_not_normalized,老渡口水电站,100.0,unknown,2.306028704,close_coordinate,220.0,116.5360906,103463909.4,103463909.4,0.5297095027272727,0.5297095,False,0.9,False,1.0,742355228.6344528,333369226.0316849,333369226.0316849,333369226.0320184,0.310358309408148,103463909.4,103463909.4,False,False,False,10.44020683984845,21.29802195329084,68.62397850370034,6117,284.7099609375,0.0009627342224121,291,1182,3.4658432006835936e-06,29852449.57982896,29.02468479430086,29.02468479430086,0,3,NO_SELECTED_FLAG_NOT_ENGINEERING_CERTIFICATION
HydroCHN_00279,Hongkou hydroelectric plant,119.30167,26.90833,43074668,35,0.2,0.2,119.6,189.4031943227529,211.1604332,reservoir_storage,reservoir_storage,run_of_river,installed,operating,Other named GHT rivers,river_group_not_normalized,洪口水电站,200.0,operating,3.040287921,close_coordinate,449.0,237.8395668,211160433.2,211160433.2,0.5297095028953229,0.5297095,False,1.0,False,1.0,1713172730.7403564,685175550.6156921,685175550.6156921,685175550.6163775,0.3081844251594238,211160433.2,211160433.2,False,False,False,12.903618147039747,58.4964022665802,189.80972914598615,6117,569.2015151977539,0.0049762725830078,312,870,1.7914581298828126e-05,11787070.525271663,59.22487740414687,59.22487740414687,0,3,NO_SELECTED_FLAG_NOT_ENGINEERING_CERTIFICATION
HydroCHN_00123,Mianhuatan hydroelectric plant,116.57078,24.68912,43083898,35,0.6,0.6,129.5,524.7711669730019,957.041162,reservoir_storage,reservoir_storage,run_of_river,installed,operating,Other named GHT rivers,river_group_not_normalized,棉花滩水电站,600.0,operating,0.438697705,near_coordinate,2035.0,1077.958838,957041162.0,957041162.0,0.5297095027027027,0.5297095,False,1.0,False,1.0,10753691152.20337,3156837979.284668,3156837979.284668,3156837979.2878256,0.3031644855640979,957041162.0,957041162.0,False,False,False,21.107991440954684,287.06868359698376,946.9073630525954,6117,1121.6383056640625,0.0130767822265625,225,243,4.7076416015625e-05,20329524.69623752,266.9664055281543,266.9664055281543,0,3,NO_SELECTED_FLAG_NOT_ENGINEERING_CERTIFICATION
HydroCHN_00410,Shuanghekou hydroelectric plant,106.558,25.608,43079069,52,0.12,0.12,83.0,163.75389427229817,90.6720079,reservoir_storage,reservoir_storage,run_of_river,installed,operating,Other named GHT rivers,duplicate_comid;river_group_not_normalized,双河口水电站,120.0,unknown,3.221015835,close_coordinate,192.8,102.1279921,90672007.9,90672007.9,0.5297095025933609,0.5297095,False,1.0,False,0.4137931034482758,1994283574.548912,306792091.6070357,306792091.6070346,306792091.6073415,0.295548713217972,90672007.9,90672007.9,False,False,False,6.408669183369531,17.43158017876512,58.98039612133789,6117,115.21978549299568,0.0003772604054418,225,693,1.3581374595905173e-06,66762025.64012768,25.30188864663041,25.30188864663041,0,3,NO_SELECTED_FLAG_NOT_ENGINEERING_CERTIFICATION
HydroCHN_00774,Daixi hydroelectric plant,119.125,26.817,43076162,35,0.05,0.05,95.0,59.61216326579275,28.193915300000004,reservoir_storage,reservoir_storage,run_of_river,installed,operating,Other named GHT rivers,river_group_not_normalized,黛溪水电站,50.0,unknown,0.666255526,near_coordinate,59.95,31.7560847,28193915.300000004,28193915.300000004,0.5297095029190992,0.5297095,False,1.0,False,1.0,220388895.24521828,96354932.39250185,96354932.39250185,96354932.3925982,0.2926047956229566,28193915.300000004,28193915.300000004,False,False,False,5.474024867465626,6.203894849794376,21.20230065464257,6117,94.16356658935548,0.0004079341888427,309,3300,1.4685630798339844e-06,19198300.4932871,7.925806705487172,7.925806705487172,0,3,NO_SELECTED_FLAG_NOT_ENGINEERING_CERTIFICATION
HydroCHN_00090,,98.60667,31.19583,43049546,54,0.0,0.92,81.21969324,1282.9654635692114,867.4334067,reservoir_storage,reservoir_storage,reservoir_storage,potential_or_nonoperating,pre-construction,Unspecified GHT river,duplicate_comid;operation_type_requires_review;river_group_not_normalized,,920.0,pre-construction,,,1844.462969,977.0295623,867433406.6999999,867433406.6999999,0.5297095028314445,0.5297095,False,1.0,False,0.2653818713360658,64515437841.60461,2992896348.45966,2992896348.4596567,2992896348.4626503,0.2898307544615005,867433406.6999999,867433406.6999999,False,False,False,7.82541602915924,163.18600892806737,563.0389681422881,6117,777.8929650753229,0.0011662289267698,432,159,4.198424136371353e-06,206609284.46588823,241.7316170486514,241.7316170486514,0,3,NO_SELECTED_FLAG_NOT_ENGINEERING_CERTIFICATION
HydroCHN_00273,Sinanjiang hydroelectric plant,101.91417,23.13583,43091128,53,0.201,0.201,105.8,215.17849859363187,127.4487247,reservoir_storage,reservoir_storage,run_of_river,installed,operating,Other named GHT rivers,river_group_not_normalized,泗南江水电站,201.0,operating,15.46670344,broad_coordinate,271.0,143.5512753,127448724.7,127448724.7,0.5297095029520295,0.5297095,False,1.0,False,1.0,1003898257.9986773,446103701.3416902,446103701.3416902,446103701.3421364,0.2856930447260603,127448724.7,127448724.7,False,False,False,6.855243390789832,31.23248888843847,109.3218384730186,6117,687.1409454345703,0.0001669017365202,339,708,6.008462514728307e-07,212115369.5934525,36.089564473249446,36.089564473249446,0,3,NO_SELECTED_FLAG_NOT_ENGINEERING_CERTIFICATION
HydroCHN_00071,,101.8825,30.88,43052414,51,0.0,1.13,84.8257506,1508.8261951867364,1023.5205480000002,reservoir_storage,reservoir_storage,reservoir_storage,potential_or_nonoperating,announced,Unspecified GHT river,operation_type_requires_review;river_group_not_normalized,,1130.0,announced,,,2176.358133,1152.837585,1023520548.0000002,1023520548.0000002,0.5297095030085289,0.5297095,False,1.0,False,1.0,27667963944.03076,3650202012.084961,3650202012.084961,3650202012.088612,0.280401069477892,1023520548.0000002,1023520548.0000002,False,False,False,7.851336805179712,201.09890670333635,717.1830944781424,6117,899.528076171875,0.00286865234375,225,57,1.03271484375e-05,99109696.5628369,285.2107914097915,285.2107914097915,0,3,NO_SELECTED_FLAG_NOT_ENGINEERING_CERTIFICATION
HydroCHN_00105,Zipingpu hydroelectric plant,103.585,31.01917,43052485,51,0.76,0.76,132.76,648.3877956900026,522.9630328,reservoir_storage,reservoir_storage,reservoir_storage,installed,operating,Other named GHT rivers,duplicate_comid;river_group_not_normalized,紫坪铺水电站,760.0,operating,0.21414131,near_coordinate,1112.0,589.0369672,522963032.8,522963032.8,0.5297095028776979,0.5297095,False,1.0,False,0.6785714285714285,16551891536.40747,1875894544.7018168,1875894544.701821,1875894544.7036972,0.2787806139084451,522963032.8,522963032.8,False,False,False,9.335173980547143,160.81393043822544,576.847608531624,6117,529.8640365600585,0.0211380549839564,225,138,7.60969979422433e-05,6872321.470512182,145.79737314781798,145.79737314781798,0,3,NO_SELECTED_FLAG_NOT_ENGINEERING_CERTIFICATION
HydroCHN_00099,,109.9475,28.73583,43063591,43,0.0,0.815,85.6,1078.381247863085,815.0134316,reservoir_storage,reservoir_storage,reservoir_storage,potential_or_nonoperating,unknown,Unspecified GHT river,operation_type_requires_review;river_group_not_normalized,,815.0,unknown,,,1733.0,917.9865684,815013431.6,815013431.6,0.5297095028274669,0.5297095,False,1.0,False,1.0,10891340369.45343,2964496864.4989014,2964496864.4989014,2964496864.501867,0.274924706907035,815013431.6,815013431.6,False,False,False,8.74739415897313,161.59352809676358,587.7737578210616,6117,726.9459838867188,0.0009536743164062,225,117,3.4332275390625e-06,237389867.7926116,227.11956587300372,227.11956587300372,0,3,NO_SELECTED_FLAG_NOT_ENGINEERING_CERTIFICATION
HydroCHN_00491,Chitan hydroelectric plant,117.14333,26.71333,43074519,35,0.1,0.1,66.5,170.3204664736936,409.1527325,reservoir_storage,reservoir_storage,run_of_river,installed,operating,Other named GHT rivers,duplicate_comid;river_group_not_normalized,池潭水电站,100.0,operating,0.200969354,near_coordinate,870.0,460.8472675,409152732.5,409152732.5,0.5297095028735632,0.5297095,False,1.0,False,0.4347826086956521,7677981454.353332,1507370038.601761,1507370038.601751,1507370038.6032588,0.2714348315421767,409152732.5,409152732.5,False,False,False,27.803846076808583,63.022051107432816,232.18114915210185,6117,880.5629298997961,0.0042525581691576,297,432,1.5309209408967392e-05,26725921.73573236,114.53409973557088,114.53409973557088,0,3,NO_SELECTED_FLAG_NOT_ENGINEERING_CERTIFICATION
HydroCHN_00149,Zhexi hydroelectric plant,111.12833,28.33083,43066267,43,1.05,1.05,80.0,1486.5783214407068,1719.382058,reservoir_storage,reservoir_storage,reservoir_storage,installed,operating,Yangtze-Jinsha system,,资水柘溪水电站,447.0,unknown,0.123424184,near_coordinate,3656.0,1936.617942,1719382058.0,1719382058.0,0.5297095027352298,0.5297095,False,2.348993288590604,True,1.0,26211347653.738403,4719325878.149414,1367042456.6894531,6388173779.321575,0.2691507960484128,1719382058.0,1719382058.0,False,False,False,13.386617451571428,318.6014953474,253.31296722455568,3339,641.262451171875,0.06085205078125,579,93,0.0002190673828125,7848644.722576619,1668.9140612985789,1668.9140612985789,0,3,NO_SELECTED_FLAG_NOT_ENGINEERING_CERTIFICATION
HydroCHN_00226,Maoergai hydroelectric plant,103.205,32.10583,43044287,51,0.426,0.426,75.716,637.2508445682902,113.0,reservoir_storage,reservoir_storage,run_of_river,installed,operating,Other named GHT rivers,river_group_not_normalized,毛尔盖水电站,246.0,construction,18.41306611,broad_coordinate,123.0,10.0,113000000.0,113000000.0,0.08130081300813,0.0813008,False,1.7317073170731707,False,1.0,1919550217.339325,421674068.5695648,421674068.5695648,421674068.5699866,0.267979485632622,113000000.0,113000000.0,False,False,False,2.0523634947183096,19.817621905,73.95201113322724,6117,134.1731414794922,0.0009536743164062,222,558,3.4332275390625e-06,32913635.55555556,31.523062030400908,31.523062030400908,0,3,NO_SELECTED_FLAG_NOT_ENGINEERING_CERTIFICATION
HydroCHN_00094,,102.0777,31.5902,43046851,51,0.0,0.86,80.18939114,1214.70276044679,822.8370801,reservoir_storage,reservoir_storage,reservoir_storage,potential_or_nonoperating,construction,Unspecified GHT river,operation_type_requires_review;river_group_not_normalized,,860.0,construction,,,1749.635779,926.7986989,822837080.1,822837080.1,0.5297095029856497,0.5297095,False,1.0,False,1.0,23069137151.376343,3232503901.867676,3232503901.867676,3232503901.870909,0.2545509936194534,822837080.1,822837080.1,False,False,False,7.840253291652416,152.83267083194443,600.4009988673316,6117,709.9713745117188,0.10443115234375,225,93,0.0003759521484375,2188675.0309043443,229.27582695807536,229.27582695807536,0,3,NO_SELECTED_FLAG_NOT_ENGINEERING_CERTIFICATION
HydroCHN_00185,Xunyang hydroelectric plant,109.36583,32.83583,43041205,61,0.32,0.32,23.5,1542.3061815149783,152.8444116,reservoir_storage,reservoir_storage,run_of_river,installed,operating,Other named GHT rivers,duplicate_comid;river_group_not_normalized,旬阳水电站,320.0,construction,0.191883449,near_coordinate,325.0,172.1555884,152844411.6,152844411.6,0.5297095027692308,0.5297095,False,1.0,False,0.944231336677486,2368360936.608124,611026073.7436513,611026073.7436519,611026073.744263,0.2501438451937012,152844411.6,152844411.6,False,False,False,1.147004766543164,8.31960790665975,33.25929486775524,6117,278.2584885152331,0.0017073274749188,225,570,6.146378909707878e-06,24867391.65374109,42.735039488558975,42.735039488558975,0,3,NO_SELECTED_FLAG_NOT_ENGINEERING_CERTIFICATION
HydroCHN_00330,,91.0175,29.62417,45018531,54,0.16,0.16,66.516,272.4471951530608,552.1210437,reservoir_storage,reservoir_storage,run_of_river,installed,operating,Unspecified GHT river,operation_type_requires_review;river_group_not_normalized,,160.0,operating,,,1174.0,621.8789563,552121043.6999999,552121043.6999999,0.5297095028109029,0.5297095,False,1.0,False,1.0,9924643399.160814,2208913984.398079,2208913984.398079,2208913984.4002886,0.2499513550999128,552121043.6999999,552121043.6999999,False,False,False,23.4551501036699,85.06401104264283,340.32226394033813,6117,959.461395263672,0.0115766525268554,348,396,4.167594909667969e-05,13247953.691928932,154.32641797875232,154.32641797875232,0,3,NO_SELECTED_FLAG_NOT_ENGINEERING_CERTIFICATION
HydroCHN_00075,,98.5725,31.64417,43046825,54,0.0,1.1,184.0,677.1164197038416,2606.349935,reservoir_storage,reservoir_storage,reservoir_storage,potential_or_nonoperating,construction,Unspecified GHT river,operation_type_requires_review;river_group_not_normalized,,1100.0,construction,,,5542.0,2935.650065,2606349935.0,2606349935.0,0.5297095028870443,0.5297095,False,1.0,False,1.0,57907019242.10358,10428679119.108582,10428679119.108582,10428679119.119013,0.2499213855589582,2606349935.0,2606349935.0,False,False,False,44.55081332076136,1110.80027879765,4444.598753772886,6117,2552.879150390625,0.0040473937988281,441,51,1.457061767578125e-05,178877106.85952455,726.5389722066737,726.5389722066737,0,3,NO_SELECTED_FLAG_NOT_ENGINEERING_CERTIFICATION
HydroCHN_00685,Longqiao hydroelectric plant,108.74667,29.90833,43059177,42,0.068,0.068,84.64,90.99588248984432,12.22755293,reservoir_storage,reservoir_storage,run_of_river,installed,operating,Other named GHT rivers,river_group_not_normalized,龙桥水电站,60.0,unknown,4.34318618,close_coordinate,26.0,13.77244707,12227552.93,12227552.93,0.5297095026923077,0.5297095,False,1.1333333333333333,False,1.0,105946459.62629914,49488030.27255535,49488030.27255535,49488030.27260485,0.2470810186351025,12227552.93,12227552.93,False,False,False,1.5552638150663165,2.3971799602888817,9.701999666055768,6117,51.6208062171936,0.0001176595687866,165,3837,4.23574447631836e-07,28867541.46375702,3.4481632867771976,3.4481632867771976,0,3,NO_SELECTED_FLAG_NOT_ENGINEERING_CERTIFICATION
HydroCHN_00064,Wujiangdu hydroelectric plant,106.75958,27.31958,43071689,52,1.28,1.28,134.2,1080.303882730313,1081.668143,reservoir_storage,reservoir_storage,reservoir_storage,installed,operating,Yangtze-Jinsha system,,乌江乌江渡水电站,1250.0,unknown,0.208570803,near_coordinate,2300.0,1218.331857,1081668143.0,1081668143.0,0.5297095030434782,0.5297095,False,1.024,True,1.0,17957810708.40454,4398225670.8984375,4398225670.8984375,4398225670.902837,0.2459328429088912,1081668143.0,1081668143.0,False,False,False,11.58869037756987,336.2265368212272,1367.1477662113234,6117,1071.993408203125,0.0257415771484375,312,129,9.2669677734375e-05,11672298.527900942,301.53536646406127,301.53536646406127,0,3,NO_SELECTED_FLAG_NOT_ENGINEERING_CERTIFICATION
HydroCHN_00100,,102.0425,31.61583,43047390,51,0.0,0.8,93.0,974.3063243441396,23.42046676,reservoir_storage,reservoir_storage,reservoir_storage,potential_or_nonoperating,construction,Unspecified GHT river,operation_type_requires_review;river_group_not_normalized,,800.0,construction,,,49.8,26.37953324,23420466.76,23420466.76,0.5297095028112451,0.5297095,False,1.0,False,1.0,238492458.14103484,98137247.12119102,98137247.12119102,98137247.12128918,0.2386501297621923,23420466.76,23420466.76,False,False,False,0.2782186775931094,5.04503202035505,21.13986707393466,6114,31.15523910522461,0.0008366107940673,108,1824,3.0117988586425782e-06,7776238.673041943,6.536840450223873,6.536840450223873,0,3,NO_SELECTED_FLAG_NOT_ENGINEERING_CERTIFICATION
HydroCHN_00827,Baishuiyu hydroelectric plant,111.41,32.05833,43044135,42,0.045,0.045,58.42,87.24477848725232,69.60299358,reservoir_storage,reservoir_storage,run_of_river,installed,operating,Other named GHT rivers,river_group_not_normalized,白水峪水电站,45.0,unknown,0.654458448,near_coordinate,148.0,78.39700642,69602993.58,69602993.58,0.5297095028378378,0.5297095,False,1.0,False,1.0,1189762486.4273071,292246911.03515625,292246911.03515625,292246911.0354486,0.2381650274194254,69602993.58,69602993.58,False,False,False,9.233678134559424,9.418351697250612,39.545485746968254,6117,95.5690975189209,0.0042037963867187,228,945,1.51336669921875e-05,4599215.353154749,19.429733980872683,19.429733980872683,0,3,NO_SELECTED_FLAG_NOT_ENGINEERING_CERTIFICATION
HydroCHN_00414,Puxiqiao hydroelectric plant,101.59583,23.14917,43091002,53,0.19,0.19,80.96,265.81016475977253,116.1617528,reservoir_storage,reservoir_storage,run_of_river,installed,operating,Other named GHT rivers,river_group_not_normalized,普西桥水电站,120.0,operating,1.635791104,near_coordinate,247.0,130.8382472,116161752.8,116161752.8,0.5297095028340082,0.5297095,False,1.5833333333333333,False,1.0,1624774055.2779968,490771739.0649319,490771739.0649319,490771739.0654228,0.2366920169877894,116161752.8,116161752.8,False,False,False,5.057988405735157,21.78307006736608,92.03128328771663,6117,339.9738006591797,0.001007080078125,222,282,3.62548828125e-06,32040305.68813468,32.60712735624834,32.60712735624834,0,3,NO_SELECTED_FLAG_NOT_ENGINEERING_CERTIFICATION
HydroCHN_00372,Shiyazi hydroelectric plant,107.96833,28.6525,43063845,52,0.14,0.14,126.0,125.8479002277847,156.9,reservoir_storage,reservoir_storage,run_of_river,installed,operating,Other named GHT rivers,river_group_not_normalized,石垭子水电站,140.0,operating,0.026346215,near_coordinate,322.0,165.1,156900000.0,156900000.0,0.5127329192546584,0.5127329,False,1.0,False,1.0,1718431051.8699646,666824553.6094666,666824553.6094666,666824553.6101335,0.2352942751591198,156900000.0,156900000.0,False,False,False,14.429896875,45.79087275,194.6110789095388,6117,460.1251678466797,0.0050668716430664,225,507,1.8240737915039065e-05,8601625.697973523,44.04345850122506,44.04345850122506,0,3,NO_SELECTED_FLAG_NOT_ENGINEERING_CERTIFICATION
HydroCHN_00002,Baihetan hydroelectric plant,102.90333,27.2226,43071476,53,16.0,16.0,255.0,7106.704954039607,12238.529519999998,reservoir_storage,reservoir_storage,reservoir_storage,installed,operating,Yangtze-Jinsha system,,金沙江白鹤滩水电站,16000.0,construction,0.349041701,near_coordinate,26023.34004,13784.81052,12238529519.999998,12238529519.999998,0.5297095030388729,0.5297095,False,1.0,True,1.0,175019615988.13477,17977293373.97461,7458550228.112984,56192068529.82394,0.2177981668979564,12238529519.999998,12238529519.999998,False,False,False,19.931831719242183,7228.610970178499,4405.3460762960085,2907,2510.844436645508,0.0586814880371093,720,15,0.0002112533569335,57932946.948848285,5672.501074770967,5672.501074770967,0,3,NO_SELECTED_FLAG_NOT_ENGINEERING_CERTIFICATION
HydroCHN_00015,Guandi hydroelectric plant,101.94917,27.7075,43068892,51,2.4,2.4,189.0,1438.261716888968,2915.801082,reservoir_storage,reservoir_storage,reservoir_storage,installed,operating,Yangtze-Jinsha system,,雅砻江官地水电站,3300.0,unknown,14.45648867,broad_coordinate,6200.0,3284.198918,2915801082.0,2915801082.0,0.5297095029032258,0.5297095,False,0.7272727272727273,True,1.0,54446859794.0918,8871734075.976562,2407144835.852051,13649714785.862652,0.2136162643500776,2915801082.0,2915801082.0,False,False,False,23.464225816516404,1276.4538844184924,1053.778803721997,3477,871.498779296875,0.007080078125,744,54,2.548828125e-05,114397712.94896552,1589.0166519880538,1589.0166519880538,0,3,NO_SELECTED_FLAG_NOT_ENGINEERING_CERTIFICATION
HydroCHN_00112,Dongfeng hydroelectric plant,106.15583,26.855,43074418,52,0.695,0.695,132.0,596.3474363066616,652.0,reservoir_storage,reservoir_storage,run_of_river,installed,operating,Other named GHT rivers,river_group_not_normalized,乌江东风水电站,695.0,operating,0.070076659,near_coordinate,1025.0,373.0,652000000.0,652000000.0,0.3639024390243902,0.3639024,False,1.0,False,1.0,11072882593.185425,3078379445.41626,3078379445.41626,3078379445.4193387,0.21179975099242,652000000.0,652000000.0,False,False,False,12.654194244604316,199.34574,941.1991235387944,6117,714.6299438476562,0.0329513549804687,240,111,0.0001186248779296,5496317.563221939,181.8257410551416,181.8257410551416,0,3,NO_SELECTED_FLAG_NOT_ENGINEERING_CERTIFICATION
HydroCHN_00088,,98.55667,31.27833,43049856,54,0.0,0.96,280.0,388.3306635600214,86.0,reservoir_storage,reservoir_storage,reservoir_storage,potential_or_nonoperating,unknown,Unspecified GHT river,operation_type_requires_review;river_group_not_normalized,,960.0,unknown,,,622.0,536.0,86000000.0,86000000.0,0.8617363344051447,0.8617363,False,1.0,False,1.0,1959513696.154976,422324508.3171845,422324508.3171845,422324508.31760687,0.2036348786448457,86000000.0,86000000.0,False,False,False,2.563203125,55.7753,273.89855986911,6117,163.75002098083496,0.000650405883789,216,912,2.341461181640625e-06,36729201.69436298,24.052638909894775,24.052638909894775,0,3,NO_SELECTED_FLAG_NOT_ENGINEERING_CERTIFICATION
HydroCHN_00417,Shidi hydroelectric plant,109.18583,28.745,43063615,50,0.12,0.12,49.22,276.1392365827052,76.65735104,reservoir_storage,reservoir_storage,run_of_river,installed,operating,Unspecified GHT river,duplicate_comid;river_group_not_normalized,石堤水电站,120.0,operating,0.843970983,near_coordinate,163.0,86.34264896,76657351.03999999,76657351.03999999,0.529709502822086,0.5297095,False,1.0,False,0.5,1938920784.1300964,378349906.6886902,378349906.6886902,378349906.6890686,0.2026096734391365,76657351.03999999,76657351.03999999,False,False,False,3.213009024863899,8.739384547629806,43.134093250717136,6117,145.95059967041016,0.0015211105346679,291,687,5.475997924804688e-06,13998791.104862249,21.43965922191507,21.43965922191507,0,3,NO_SELECTED_FLAG_NOT_ENGINEERING_CERTIFICATION
HydroCHN_00284,Shiziping hydroelectric plant,102.98057,31.49777,43050013,51,0.195,0.195,125.12,176.52099176771273,63.63030427000001,reservoir_storage,reservoir_storage,run_of_river,installed,operating,Other named GHT rivers,duplicate_comid;river_group_not_normalized,狮子坪水电站,195.0,operating,0.170971023,near_coordinate,135.3,71.66969573,63630304.27000001,63630304.27000001,0.5297095028085735,0.5297095,False,1.0,False,0.851528384279476,1473513193.633461,316454704.9612186,316454704.9612187,316454704.9615353,0.2010723913165841,63630304.27000001,63630304.27000001,False,False,False,4.172092211820201,18.440647576245286,91.71148488104684,6117,116.2199457659992,0.0023249871866151,219,807,8.369953871814445e-06,7602228.786979704,17.791304465229235,17.791304465229235,0,3,NO_SELECTED_FLAG_NOT_ENGINEERING_CERTIFICATION
HydroCHN_00549,Geliqiao hydroelectric plant,107.1625,27.03,43071727,52,0.15,0.15,69.0,246.2241526195788,288.3,reservoir_storage,reservoir_storage,run_of_river,installed,operating,Other named GHT rivers,river_group_not_normalized,清水江格里桥水电站,84.0,operating,4.937763412,close_coordinate,400.0,111.7,288300000.0,288300000.0,0.27925,0.27925,False,1.7857142857142858,False,1.0,4002315899.585724,1439564222.711563,1439564222.711563,1439564222.7130032,0.2002689393437895,288300000.0,288300000.0,False,False,False,13.551901874999997,46.076466375,230.0729535290404,6117,687.9362030029297,0.0026168823242187,273,174,9.4207763671875e-06,30602573.372206025,80.77126953641803,80.77126953641803,0,3,NO_SELECTED_FLAG_NOT_ENGINEERING_CERTIFICATION
HydroCHN_00313,Wanjiakouzi hydroelectric plant,104.54818,26.26652,43076888,53,0.18,0.18,147.2,138.50108584851307,169.0,reservoir_storage,reservoir_storage,run_of_river,installed,operating,Other named GHT rivers,river_group_not_normalized,革香河万家口子水电站,180.0,operating,0.167278868,near_coordinate,279.0,110.0,169000000.0,169000000.0,0.3942652329749104,0.3942652,False,1.0,False,1.0,2238738691.163063,879049657.050705,879049657.050705,879049657.0515842,0.192253075402864,169000000.0,169000000.0,False,False,False,14.122766666666664,57.620888,299.7137386707519,6117,259.2381286621094,0.0021343231201171,204,660,7.683563232421874e-06,21995003.47532519,47.203682573154765,47.203682573154765,0,3,NO_SELECTED_FLAG_NOT_ENGINEERING_CERTIFICATION
HydroCHN_00049,Wuqiangxi hydroelectric plant,110.93,28.78,43063506,43,1.7,1.7,60.1,3203.781819442772,1975.220088,reservoir_storage,reservoir_storage,reservoir_storage,installed,operating,Yuanjiang-Red River named system,duplicate_comid,沅江五强溪水电站,1700.0,unknown,0.623018267,near_coordinate,4200.0,2224.779912,1975220088.0,1975220088.0,0.5297095028571428,0.5297095,False,1.0,True,0.7727272727272726,69033316569.54346,7534158235.010873,3378021477.60398,10963383313.3606,0.1801651945885067,1975220088.0,1975220088.0,False,False,False,7.135736732249558,274.963722082683,470.2429690747631,3744,2426.187810724431,0.1122963645241477,621,63,0.0004042669122869,4885930.626442343,796.183643314185,796.183643314185,0,3,NO_SELECTED_FLAG_NOT_ENGINEERING_CERTIFICATION
HydroCHN_00057,,102.83833,36.33917,43019933,63,1.5,1.5,106.6,1593.7585863743843,217.0,reservoir_storage,reservoir_storage,reservoir_storage,installed,operating,Unspecified GHT river,duplicate_comid;operation_type_requires_review;river_group_not_normalized,,1500.0,operating,,,692.0,475.0,217000000.0,217000000.0,0.6864161849710982,0.6864162,False,1.0,False,0.984251968503937,7834224212.580872,1214574903.8756309,1214574903.8756363,1214574903.876851,0.1786633325843871,217000000.0,217000000.0,False,False,False,1.5758811249999998,53.57995825,299.8934223094671,6117,441.4523868110237,0.0016820712352362,294,384,6.055456446850394e-06,35835448.88888889,60.719230164650526,60.719230164650526,0,3,NO_SELECTED_FLAG_NOT_ENGINEERING_CERTIFICATION
HydroCHN_00067,,98.605,29.19333,44003613,54,1.2,1.2,103.04,1319.057960462029,996.703695,reservoir_storage,reservoir_storage,reservoir_storage,installed,operating,Unspecified GHT river,operation_type_requires_review;river_group_not_normalized,,1200.0,operating,,,2119.336241,1122.632546,996703695.0,996703695.0,0.5297095025706211,0.5297095,False,1.0,False,1.0,40061712169.83032,5735147655.157471,5735147655.157471,5735147655.163207,0.173788672049741,996703695.0,996703695.0,False,False,False,8.7455765717775,237.879682752348,1368.787044324875,6117,1737.772705078125,0.001617431640625,225,57,5.82275390625e-06,171173934.36981133,278.5999102053578,278.5999102053578,0,3,NO_SELECTED_FLAG_NOT_ENGINEERING_CERTIFICATION
HydroCHN_00043,Xiaolangdi hydroelectric plant,112.36487,34.92347,43027626,41,1.8,1.8,139.2,1464.6091836854257,5949.174789,reservoir_storage,reservoir_storage,reservoir_storage,installed,operating,Yellow River system,,小浪底水电站,1800.0,operating,0.061830971,near_coordinate,12650.0,6700.825211,5949174789.0,5949174789.0,0.5297095028458498,0.5297095,False,1.0,True,1.0,110681892116.45508,10391042577.832031,6118486009.5398245,34396998066.33281,0.1729562207006358,5949174789.0,5949174789.0,False,False,False,47.01335377007249,1918.1448338189573,1972.734496167849,4251,2407.068417940289,0.1739157903939485,477,21,0.0006260968454182,9502004.09495135,2238.922045340906,2238.922045340906,0,3,NO_SELECTED_FLAG_NOT_ENGINEERING_CERTIFICATION
HydroCHN_00137,Wuqiangxi Expansion hydroelectric plant,110.9269,28.7775,43063506,43,0.5,0.5,74.00757853,765.2129177493184,555.259124,reservoir_storage,reservoir_storage,run_of_river,installed,operating,Yuanjiang-Red River named system,duplicate_comid,沅江五强溪水电站扩机工程,500.0,construction,0.266868193,near_coordinate,1180.672642,625.413518,555259124.0,555259124.0,0.5297095026616192,0.5297095,False,1.0,True,0.2272727272727272,69033316569.54346,2215928892.650234,993535728.7070532,3224524503.929589,0.1721987608787992,555259124.0,555259124.0,False,False,False,8.398460196390491,95.18254889242556,170.31194803749096,3744,713.584650213068,0.0330283425071022,621,240,0.0001189020330255,4669887.552558497,227.03611515776043,227.03611515776043,0,3,NO_SELECTED_FLAG_NOT_ENGINEERING_CERTIFICATION
HydroCHN_00234,Guidufu hydroelectric plant,103.00417,29.98833,43057983,51,0.063,0.063,278.0,25.66753936300501,264.46059620000005,reservoir_storage,reservoir_storage,run_of_river,installed,operating,Other named GHT rivers,river_group_not_normalized,龟都府水电站,240.0,unknown,15.96753307,broad_coordinate,562.3345523,297.8739561,264460596.20000005,264460596.20000005,0.5297095027891637,0.5297095,False,0.2625,False,1.0,6446101220.363617,1585728557.597351,1585728557.597351,1585728557.5989373,0.1667754515315271,264460596.20000005,264460596.20000005,False,False,False,119.25126467339882,170.29080595361353,1021.0783684866924,6117,604.2874298095703,0.0002784729003906,225,282,1.00250244140625e-06,263800451.0283593,74.06556415210687,74.06556415210687,0,3,NO_SELECTED_FLAG_NOT_ENGINEERING_CERTIFICATION
HydroCHN_00312,Nongling hydroelectric plant,98.33882,24.58798,44007426,53,0.18,0.18,82.8,246.2241526195788,120.0,reservoir_storage,reservoir_storage,run_of_river,installed,operating,Other named GHT rivers,river_group_not_normalized,弄另水电站,180.0,operating,0.057111449,near_coordinate,233.0,113.0,120000000.0,120000000.0,0.4849785407725321,0.4849785,False,1.0,False,1.0,2944937796.1895943,720472450.4053116,720472450.4053116,720472450.4060322,0.1665573748619705,120000000.0,120000000.0,False,False,False,5.640749999999999,23.01426,138.17616913720786,6117,285.0308380126953,0.005950927734375,225,249,2.142333984375e-05,5601367.521367521,33.618364171380655,33.618364171380655,0,3,NO_SELECTED_FLAG_NOT_ENGINEERING_CERTIFICATION
HydroCHN_00270,Qiafuqihai hydroelectric plant,82.49608,43.31308,46026702,65,0.32,0.32,69.17081178,523.981059827342,354.27874810000003,reservoir_storage,reservoir_storage,run_of_river,installed,operating,Other named GHT rivers,duplicate_comid;river_group_not_normalized,恰甫其海水电站,210.0,unknown,1.100656148,near_coordinate,753.3189598,399.0402117,354278748.1,354278748.1,0.5297095028723847,0.5297095,False,1.5238095238095235,False,0.6941431670281997,13280984962.22763,2148125805.0137463,2148125805.013727,2148125805.015876,0.1649245808940793,354278748.1,354278748.1,False,False,False,7.825566204111989,56.76144020049228,344.166041791489,6117,814.7795214208244,0.0054865441973969,402,285,1.975155911062907e-05,17936748.49239365,99.22554288263215,99.22554288263215,0,3,NO_SELECTED_FLAG_NOT_ENGINEERING_CERTIFICATION
HydroCHN_00165,Malutang II hydroelectric plant,104.74083,23.01417,43091030,53,0.3,0.3,340.0,99.93803841618195,256.7786115,reservoir_storage,reservoir_storage,run_of_river,installed,operating,Other named GHT rivers,river_group_not_normalized,马鹿塘二期水电站,400.0,unknown,3.706127399,close_coordinate,546.0,289.2213885,256778611.5,256778611.5,0.5297095027472527,0.5297095,False,0.75,False,1.0,3886375111.976624,1575275539.6087646,1575275539.6087646,1575275539.6103404,0.1630055219187347,256778611.5,256778611.5,False,False,False,29.738172944343752,202.21957602153748,1240.5688693303923,6117,956.1780700683594,0.0058975219726562,225,258,2.12310791015625e-05,12094468.221405778,72.28357015347498,72.28357015347498,0,3,NO_SELECTED_FLAG_NOT_ENGINEERING_CERTIFICATION
HydroCHN_00548,Nanshui hydroelectric plant,113.28083,24.77583,43084489,44,0.075,0.075,74.796,113.57202611604184,60.38529984,reservoir_storage,reservoir_storage,run_of_river,installed,operating,Other named GHT rivers,river_group_not_normalized,南水水电站,84.0,operating,0.764102974,near_coordinate,128.4,68.01470016,60385299.84,60385299.84,0.5297095028037383,0.5297095,False,0.8928571428571429,False,1.0,925389968.2547092,373097755.5942536,373097755.5942536,373097755.5946267,0.1618484671497435,60385299.84,60385299.84,False,False,False,6.153838733309474,10.461525846626104,64.63778144365462,6117,221.05699920654297,0.0004558563232421,294,1836,1.6410827636718749e-06,36796011.25350293,16.994751399224537,16.994751399224537,0,3,NO_SELECTED_FLAG_NOT_ENGINEERING_CERTIFICATION
HydroCHN_00026,,98.95917,30.7541,43052371,51,0.0,2.44,107.3206798,2575.10471807704,1997.207002,reservoir_storage,reservoir_storage,reservoir_storage,potential_or_nonoperating,construction,Unspecified GHT river,operation_type_requires_review;river_group_not_normalized,,2440.0,construction,,,4246.751773,2249.544771,1997207002.0,1997207002.0,0.5297095029905342,0.5297095,False,1.0,False,1.0,70018376827.80762,12396263673.944092,12396263673.944092,12396263673.956491,0.1611136270194029,1997207002.0,1997207002.0,False,False,False,8.976653112448627,496.46876147249225,3081.482123248369,6117,3478.91943359375,0.092529296875,393,33,0.00033310546875,5995719.642474348,558.2586422119309,558.2586422119309,0,3,NO_SELECTED_FLAG_NOT_ENGINEERING_CERTIFICATION
HydroCHN_00178,Mulihe Shawan hydroelectric plant,100.88333,28.60833,43063614,51,0.28,0.28,36.2,876.0682557293298,79.2,reservoir_storage,reservoir_storage,run_of_river,installed,operating,Other named GHT rivers,river_group_not_normalized,木里河沙湾水电站,355.0,operating,14.43441943,broad_coordinate,186.9,107.7,79200000.0,79200000.0,0.5762439807383628,0.576244,False,0.7887323943661971,False,1.0,2517085132.8123093,491764735.1520538,491764735.1520538,491764735.1525457,0.1610526219929782,79200000.0,79200000.0,False,False,False,1.0463416071428573,6.6407814,41.2336124542132,6117,198.2531890869141,0.0003786087036132,333,549,1.3629913330078123e-06,58107486.14609572,22.198253189110112,22.198253189110112,0,3,NO_SELECTED_FLAG_NOT_ENGINEERING_CERTIFICATION
HydroCHN_00031,,99.27107,28.30477,43066088,53,0.0,2.2,103.1994714,2414.536034639163,1818.821698,reservoir_storage,reservoir_storage,reservoir_storage,potential_or_nonoperating,announced,Unspecified GHT river,operation_type_requires_review;river_group_not_normalized,,2200.0,announced,,,3867.443015,2048.621317,1818821698.0,1818821698.0,0.5297095029078276,0.5297095,False,1.0,False,1.0,82312409453.68652,11368093519.4458,11368093519.4458,11368093519.457172,0.1599935551978858,1818821698.0,1818821698.0,False,False,False,8.718518488928307,434.7634553145583,2717.3810518579453,6117,4683.54638671875,0.032867431640625,225,30,0.0001183227539062,15371698.493774887,509.91179583167417,509.91179583167417,0,3,NO_SELECTED_FLAG_NOT_ENGINEERING_CERTIFICATION
HydroCHN_00402,Dukouba hydroelectric plant,109.35,31.125,43050415,50,0.129,0.129,310.0,47.13206844014776,46.342425590000005,reservoir_storage,reservoir_storage,run_of_river,installed,operating,Other named GHT rivers,river_group_not_normalized,渡口坝水电站,129.0,operating,13.01803018,broad_coordinate,98.54,52.19757441,46342425.59,46342425.59,0.5297095028414857,0.5297095,False,1.0,False,1.0,713749788.6314392,290584124.30992126,290584124.30992126,290584124.310212,0.1594802389841756,46342425.59,46342425.59,False,False,False,11.380163958474562,33.27559941457963,208.6502981591851,6117,203.6306209564209,0.0003528594970703,285,1272,1.270294189453125e-06,36481648.08968457,13.07652661819272,13.07652661819272,0,3,NO_SELECTED_FLAG_NOT_ENGINEERING_CERTIFICATION
HydroCHN_00032,,100.67667,33.92833,43034389,63,0.0,2.2,194.12,1283.633023135245,696.9705168,reservoir_storage,reservoir_storage,reservoir_storage,potential_or_nonoperating,construction,Unspecified GHT river,duplicate_comid;operation_type_requires_review;river_group_not_normalized,,2200.0,construction,,,1482.0,785.0294832,696970516.8000001,696970516.8000001,0.5297095028340081,0.5297095,False,1.0,False,0.8696160786578319,23517100845.387268,4510001951.592855,4510001951.592898,4510001951.59741,0.1545388503774678,696970516.8000001,696970516.8000001,False,False,False,6.284341586340573,313.3791671055166,2027.834206995593,6117,1835.76867131704,0.0006900029920991,225,246,2.484010771556795e-06,280582727.2492825,195.4386900048468,195.4386900048468,0,3,NO_SELECTED_FLAG_NOT_ENGINEERING_CERTIFICATION
HydroCHN_00362,,113.4125,24.16917,43086259,44,0.14,0.14,13.84,1145.7251032298318,893.551945,reservoir_storage,reservoir_storage,run_of_river,installed,operating,Unspecified GHT river,operation_type_requires_review;river_group_not_normalized,,140.0,operating,,,1900.0,1006.448055,893551945.0,893551945.0,0.5297095026315789,0.5297095,False,1.0,False,1.0,23345220346.710205,5874901508.6883545,5874901508.6883545,5874901508.694231,0.1520964979034351,893551945.0,893551945.0,False,False,False,9.026629835820534,28.644505345670503,188.3311301738717,6117,1987.1163330078125,0.0231170654296875,225,192,8.3221435546875e-05,10737040.753120646,250.19598994437013,250.19598994437013,0,3,NO_SELECTED_FLAG_NOT_ENGINEERING_CERTIFICATION
HydroCHN_00759,Yanzhou hydroelectric plant,111.72,29.62167,43057922,43,0.033,0.033,66.98675894,55.79733511384011,363.0754192,reservoir_storage,reservoir_storage,run_of_river,installed,operating,Other named GHT rivers,river_group_not_normalized,艳洲水电站,50.3,unknown,0.595829074,near_coordinate,772.0237201,408.9483009,363075419.2,363075419.2,0.5297095027689421,0.5297095,False,0.6560636182902585,False,1.0,9883364582.496643,2471912925.787353,2471912925.787353,2471912925.789826,0.1468803433211508,363075419.2,363075419.2,False,False,False,75.31294797005378,56.33408508160024,383.5372644681977,6117,974.6790771484376,0.0319290161132812,276,159,0.0001149444580078,3158703.1292567635,101.82896218836235,101.82896218836235,0,3,NO_SELECTED_FLAG_NOT_ENGINEERING_CERTIFICATION
HydroCHN_00358,Xiaoqi hydroelectric plant,117.5375,25.21333,43081389,35,0.043,0.043,64.0,76.09865216898856,454.7925088,reservoir_storage,reservoir_storage,run_of_river,installed,operating,Other named GHT rivers,river_group_not_normalized,小杞水电站,144.0,unknown,3.249444499,close_coordinate,967.0459248,512.253416,454792508.8,454792508.8,0.5297095027890655,0.5297095,False,0.2986111111111111,False,1.0,8564693683.605194,3171698479.069519,3171698479.069519,3171698479.0726914,0.1433908398925006,454792508.8,454792508.8,False,False,False,69.17076761748837,67.418441504512,470.1725825372655,6117,1597.7003173828125,0.0057373046875,225,342,2.0654296875e-05,22019268.51116785,127.9289527619562,127.9289527619562,0,3,NO_SELECTED_FLAG_NOT_ENGINEERING_CERTIFICATION
HydroCHN_00393,Shimenkan hydroelectric plant,101.51083,23.02917,43093198,53,0.13,0.13,106.72,137.97043034717774,92.6472279,reservoir_storage,reservoir_storage,run_of_river,installed,operating,Other named GHT rivers,river_group_not_normalized,石门坎水电站,130.0,unknown,0.69589371,near_coordinate,197.0,104.3527721,92647227.9,92647227.9,0.5297095030456852,0.5297095,False,1.0,False,1.0,2665963636.0377145,648596980.7693481,648596980.7693481,648596980.7699969,0.142842521082987,92647227.9,92647227.9,False,False,False,7.771997780785039,22.90148679404658,160.32681739577131,6117,237.20238494873047,0.0536332130432128,219,195,0.0001930795669555,479839.6296451245,25.97254346830904,25.97254346830904,0,3,NO_SELECTED_FLAG_NOT_ENGINEERING_CERTIFICATION
HydroCHN_00335,,87.32667,48.45583,31078148,65,0.16,0.16,134.32,134.91734390113905,109.1073953,reservoir_storage,reservoir_storage,run_of_river,installed,operating,Unspecified GHT river,operation_type_requires_review;river_group_not_normalized,,160.0,operating,,,232.0,122.8926047,109107395.3,109107395.3,0.5297095030172414,0.5297095,False,1.0,False,1.0,3468565638.135338,766171650.7181168,766171650.7181168,766171650.7188832,0.1424059415375481,109107395.3,109107395.3,False,False,False,9.35993133808514,33.94535098612211,238.37032794827456,6117,269.3160552978516,0.0037574768066406,381,1002,1.352691650390625e-05,8065947.273977214,30.576925860884984,30.576925860884984,0,3,NO_SELECTED_FLAG_NOT_ENGINEERING_CERTIFICATION
HydroCHN_00487,Jiangkou hydroelectric plant,107.893,29.23667,43060793,50,0.4,0.4,67.06162019,675.576342379486,272.7684884,reservoir_storage,reservoir_storage,run_of_river,installed,operating,Other named GHT rivers,river_group_not_normalized,芙蓉江江口水电站,100.0,unknown,0.132887709,near_coordinate,580.0,307.2315116,272768488.40000004,272768488.40000004,0.5297095027586206,0.5297095,False,4.0,False,1.0,6171200799.980164,1931350763.259888,1931350763.259888,1931350763.2618196,0.1412319779444552,272768488.40000004,272768488.40000004,False,False,False,4.673110190175125,42.36953239092114,299.999568139888,6117,1176.1328735351562,0.0225486755371093,225,138,8.117523193359374e-05,3360242.797004155,76.94515742916866,76.94515742916866,0,3,NO_SELECTED_FLAG_NOT_ENGINEERING_CERTIFICATION
HydroCHN_00001,Three Gorges Dam hydroelectric plant,111.01833,30.82,43052326,42,22.5,22.5,113.0,22552.38920011186,18482.41654,reservoir_storage,reservoir_storage,reservoir_storage,installed,operating,Yangtze-Jinsha system,,长江三峡水电站,22500.0,operating,1.879461008,near_coordinate,39300.0,20817.58346,18482416540.0,18482416540.0,0.5297095027989822,0.5297095,False,1.0,True,1.0,482915075707.6172,37104644494.33594,14126887819.006348,132048253194.30676,0.1399671415024584,18482416540.0,18482416540.0,False,False,False,9.485330188465834,4837.518396117575,3697.5186419174,2970,5220.0625,0.025390625,1113,9,9.140625e-05,202200796.33504277,15124.718730905104,15124.718730905104,0,3,NO_SELECTED_FLAG_NOT_ENGINEERING_CERTIFICATION
HydroCHN_00647,Gaoqiao hydroelectric plant,103.50667,27.47833,43074154,53,0.09,0.09,170.0,59.96282304970918,0.594,reservoir_storage,reservoir_storage,run_of_river,installed,operating,Other named GHT rivers,river_group_not_normalized,高桥水电站,68.0,unknown,26.89749314,broad_coordinate,0.837,0.243,594000.0,594000.0,0.2903225806451613,0.2903226,False,1.3235294117647058,False,1.0,5198511.466442915,4408627.551252488,4408627.551252488,4408627.551256898,0.1347358090684369,594000.0,594000.0,False,False,False,0.1146543749999999,0.2338949249999999,1.7359522061500576,5904,8.887993887066841,0.000101177021861,195,5637,3.642372786998749e-07,1630805.0678399822,0.1738879938882407,0.1738879938882407,0,3,NO_SELECTED_FLAG_NOT_ENGINEERING_CERTIFICATION
HydroCHN_00193,Haokou hydroelectric plant,107.80167,28.98,43060815,52,0.135,0.135,120.0,127.420998980632,237.4967011,reservoir_storage,reservoir_storage,run_of_river,installed,operating,Other named GHT rivers,river_group_not_normalized,浩口水电站,300.0,unknown,7.520757248,moderate_coordinate,505.0,267.5032989,237496701.1,237496701.1,0.5297095027722772,0.5297095,False,0.45,False,1.0,5812135892.255402,1864257277.8900144,1864257277.8900144,1864257277.8918796,0.1273948096737825,237496701.1,237496701.1,False,False,False,21.572617016583333,66.01220807074499,518.1703103895296,6117,1174.5364379882812,0.0101699829101562,225,189,3.66119384765625e-05,6486864.967612569,67.14584229916753,67.14584229916753,0,3,NO_SELECTED_FLAG_NOT_ENGINEERING_CERTIFICATION
HydroCHN_00439,Chongqing Shizitan hydroelectric plant,107.25167,29.89583,43057971,50,0.048,0.048,200.0,27.18314644920149,49.60153874,reservoir_storage,reservoir_storage,run_of_river,installed,operating,Other named GHT rivers,river_group_not_normalized,狮子滩水电站,115.0,unknown,1.136692748,near_coordinate,105.47,55.86846126,49601538.74,49601538.74,0.5297095027970039,0.5297095,False,0.417391304347826,False,1.0,1433590725.192833,394144121.5387344,394144121.5387344,394144121.5391287,0.1258461969350361,49601538.74,49601538.74,False,False,False,21.11940516664063,22.977912821305004,182.58726430281877,6117,103.47894287109376,0.0003652572631835,255,963,1.3149261474609375e-06,37721919.84757343,13.881684148441533,13.881684148441533,0,3,NO_SELECTED_FLAG_NOT_ENGINEERING_CERTIFICATION
HydroCHN_00422,Shuozhong hydroelectric plant,99.80667,28.75667,43065330,51,0.12,0.12,26.68,509.4292812818871,1.899973609,reservoir_storage,reservoir_storage,run_of_river,installed,operating,Other named GHT rivers,river_group_not_normalized,硕中水电站,120.0,operating,0.281740303,near_coordinate,4.04,2.140026391,1899973.609,1899973.609,0.5297095027227723,0.5297095,False,1.0,False,1.0,28040796.675228886,15236170.673988014,15236170.673988014,15236170.674003256,0.1247015178322879,1899973.609,1899973.609,False,False,False,0.0431668066547271,0.1174137141008579,0.941558019034308,6096,14.165944933891296,0.0001108646392822,144,4905,3.991127014160156e-07,4760493.971399723,0.5419363918798777,0.5419363918798777,0,3,NO_SELECTED_FLAG_NOT_ENGINEERING_CERTIFICATION
HydroCHN_00084,,101.29083,28.38833,43066144,51,0.0,1.02,82.93686341,1392.9677065069316,941.760617,reservoir_storage,reservoir_storage,reservoir_storage,potential_or_nonoperating,construction,Unspecified GHT river,operation_type_requires_review;river_group_not_normalized,,1020.0,construction,,,2002.508285,1060.747668,941760617.0,941760617.0,0.5297095027998848,0.5297095,False,1.0,False,1.0,41100243226.94092,7560068663.452148,7560068663.452148,7560068663.45971,0.1245703787786793,941760617.0,941760617.0,False,False,False,7.825025009759236,180.9145782256336,1452.3081650644929,6117,2026.427734375,0.003204345703125,387,60,1.153564453125e-05,81639184.91496296,263.62659912352854,263.62659912352854,0,3,NO_SELECTED_FLAG_NOT_ENGINEERING_CERTIFICATION
HydroCHN_00155,Sanbanxi hydroelectric plant,109.21667,26.71333,43074307,52,1.0,1.0,62.56,1810.471710438079,323.0895716,reservoir_storage,reservoir_storage,reservoir_storage,installed,operating,Pearl-Xijiang system,,清水江三板溪水电站,420.0,unknown,20.76354293,broad_coordinate,687.0,363.9104284,323089571.6,323089571.6,0.5297095027656478,0.5297095,False,2.380952380952381,True,1.0,11898340988.66043,2642095294.7799683,441829960.4827881,2678106873.960504,0.1206410299534464,323089571.6,323089571.6,False,False,False,2.06546316780306,46.81716513686937,64.02319369177422,4587,171.9266357421875,0.0062103271484375,384,333,2.2357177734375e-05,14451268.198455911,96.05892947557447,96.05892947557447,0,3,NO_SELECTED_FLAG_NOT_ENGINEERING_CERTIFICATION
HydroCHN_00772,Yongkou hydroelectric plant,118.37,26.275,43078405,35,0.05,0.05,29.44,192.3626192340459,5.040000000000003,reservoir_storage,reservoir_storage,run_of_river,installed,operating,Other named GHT rivers,river_group_not_normalized,雍口水电站,50.0,unknown,6.406482061,moderate_coordinate,35.35,30.31,5040000.000000003,5040000.000000003,0.8574257425742574,0.8574257,False,1.0,False,1.0,70386186.93740666,41837710.14801264,41837710.14801264,41837710.14805449,0.1204654839417489,5040000.000000003,5040000.000000003,False,False,False,0.3032467200000002,0.3436796160000002,2.852930190077041,6117,52.88085889816284,0.0001576840877532,216,4641,5.676627159118652e-07,8878511.585711591,1.4528808589006168,1.4528808589006168,0,3,NO_SELECTED_FLAG_NOT_ENGINEERING_CERTIFICATION
HydroCHN_00097,Tuokou hydroelectric plant,109.64588,27.15672,43071681,43,0.83,0.83,59.75,1573.3620329733085,615.0,reservoir_storage,reservoir_storage,reservoir_storage,installed,operating,Yuanjiang-Red River named system,,沅江托口水电站,830.0,operating,0.196467309,near_coordinate,1249.0,634.0,615000000.0,615000000.0,0.5076060848678943,0.5076061,False,1.0,True,1.0,21413534093.12439,5221515773.995972,5221515773.995972,5221515774.001195,0.117781890665195,615000000.0,615000000.0,False,False,False,4.52410532756024,85.11350156249999,722.6365707132105,6117,1323.160888671875,0.0198287963867187,408,75,7.138366699218749e-05,8615416.185712453,172.1564942221784,172.1564942221784,0,3,NO_SELECTED_FLAG_NOT_ENGINEERING_CERTIFICATION
HydroCHN_00044,,98.68267,28.73317,44003794,53,0.0,1.8,280.6,726.563073303675,723.7770751,reservoir_storage,reservoir_storage,reservoir_storage,potential_or_nonoperating,potential,Unspecified GHT river,operation_type_requires_review;river_group_not_normalized,,1800.0,potential,,,1539.0,815.2229249,723777075.1,723777075.1,0.5297095028589993,0.5297095,False,1.0,False,1.0,40712533753.87573,6227183530.865479,6227183530.865479,6227183530.871707,0.1162286403655558,723777075.1,723777075.1,False,False,False,11.52969341289768,470.41149124622535,4047.294107254827,6117,1910.994140625,0.017852783203125,225,117,6.427001953125e-05,11261503.892154226,202.9601816686068,202.9601816686068,0,3,NO_SELECTED_FLAG_NOT_ENGINEERING_CERTIFICATION
HydroCHN_01615,Sanxikou hydroelectric plant,120.25667,28.0625,43066785,33,0.1,0.1,185.0,61.22330281351688,15.28444116,reservoir_storage,reservoir_storage,run_of_river,installed,operating,Other named GHT rivers,river_group_not_normalized,三溪口水电站,12.6,unknown,6.626387,moderate_coordinate,32.5,17.21555884,15284441.16,15284441.16,0.5297095027692308,0.5297095,False,7.936507936507937,False,1.0,273163881.3105583,131520312.39595412,131520312.39595412,131520312.39608568,0.1162135405667945,15284441.16,15284441.16,False,False,False,2.889475837419375,6.5494785648172495,56.35727586361882,6117,102.87355709075928,0.0001100897789001,216,2769,3.963232040405273e-07,38565597.482495725,4.348551657096108,4.348551657096108,0,3,NO_SELECTED_FLAG_NOT_ENGINEERING_CERTIFICATION
HydroCHN_00383,Wenquan hydroelectric plant,81.89333,43.78917,46026703,65,0.135,0.135,93.84,162.9424539394271,82.7711275,reservoir_storage,reservoir_storage,run_of_river,installed,operating,Other named GHT rivers,duplicate_comid;river_group_not_normalized,温泉水电站,135.0,operating,1.98632444,near_coordinate,176.0,93.2288725,82771127.5,82771127.5,0.529709502840909,0.5297095,False,1.0,False,0.6818181818181819,6471602548.853302,722240763.7596189,722240763.7596133,722240763.7603357,0.1146032343412096,82771127.5,82771127.5,False,False,False,5.879371138204167,17.990875682904754,156.9840134644219,6117,236.10304745760837,0.0055760687047784,429,696,2.00738473372026e-05,4123331.522333608,23.22808290859295,23.22808290859295,0,3,NO_SELECTED_FLAG_NOT_ENGINEERING_CERTIFICATION
HydroCHN_00354,Nalan hydroelectric plant,103.02107,22.71477,43093375,53,0.15,0.15,100.28,169.42028849971015,134.5030822,reservoir_storage,reservoir_storage,run_of_river,installed,operating,Other named GHT rivers,river_group_not_normalized,那兰水电站,150.0,operating,0.004538344,near_coordinate,286.0,151.4969178,134503082.2,134503082.2,0.5297095027972029,0.5297095,False,1.0,False,1.0,2634050093.742827,1192933958.181667,1192933958.181667,1192933958.1828606,0.1127498142519826,134503082.2,134503082.2,False,False,False,9.18867893780465,31.24150838853581,277.0870053824074,6117,1438.0202102661133,0.0241851806640625,216,240,8.706665039062499e-05,1544828.951114476,38.79998748808369,38.79998748808369,0,3,NO_SELECTED_FLAG_NOT_ENGINEERING_CERTIFICATION
HydroCHN_00328,,125.5525,40.7675,42062894,21,0.161,0.161,38.64,471.92962585419264,135.9139537,reservoir_storage,reservoir_storage,run_of_river,installed,operating,Unspecified GHT river,operation_type_requires_review;river_group_not_normalized,,161.0,operating,,,289.0,153.0860463,135913953.70000002,135913953.70000002,0.5297095027681661,0.5297095,False,1.0,False,1.0,8860275028.495789,1209373034.0515137,1209373034.0515137,1209373034.0527234,0.1123838136563534,135913953.70000002,135913953.70000002,False,False,False,3.3332897144925004,12.16428526475463,108.23876561030708,6117,364.960189819336,0.0102996826171875,225,336,3.7078857421875e-05,3665537.806453992,38.11883621763624,38.11883621763624,0,3,NO_SELECTED_FLAG_NOT_ENGINEERING_CERTIFICATION
HydroCHN_00148,,102.28667,23.41833,43090919,53,0.45,0.45,103.96,490.2693304372144,192.3488133,reservoir_storage,reservoir_storage,run_of_river,installed,operating,Unspecified GHT river,operation_type_requires_review;river_group_not_normalized,,450.0,operating,,,409.0,216.6511867,192348813.3,192348813.3,0.5297095029339853,0.5297095,False,1.0,False,1.0,6554032958.972454,1738373051.314545,1738373051.314545,1738373051.3162837,0.110648754681485,192348813.3,192348813.3,False,False,False,4.540890639047523,46.31708451828474,418.5956240679564,6117,698.6458892822266,0.001204490661621,255,138,4.336166381835938e-06,44359186.51686038,54.12887180600403,54.12887180600403,0,3,NO_SELECTED_FLAG_NOT_ENGINEERING_CERTIFICATION
HydroCHN_00484,Kushitayi hydroelectric plant,81.8918,43.1143,46028933,65,0.1,0.1,176.64,64.12087307801531,74.0,reservoir_storage,reservoir_storage,run_of_river,installed,operating,Other named GHT rivers,river_group_not_normalized,库什塔依水电站,100.0,operating,0.2478081,near_coordinate,150.0,76.0,74000000.0,74000000.0,0.5066666666666667,0.5066667,False,1.0,False,1.0,3093691642.8806305,671248051.3504028,671248051.3504028,671248051.3510742,0.110242405696455,74000000.0,74000000.0,False,False,False,13.357296,30.2765376,274.636038724827,6117,214.8782196044922,0.0078101158142089,258,852,2.8116416931152343e-05,2631914.307616121,20.77043377518182,20.77043377518182,0,3,NO_SELECTED_FLAG_NOT_ENGINEERING_CERTIFICATION
HydroCHN_00242,Xiaotiandu hydroelectric plant,102.1775,30.1175,43055093,51,0.24,0.24,392.9,69.18591613438915,107.0,reservoir_storage,reservoir_storage,run_of_river,installed,operating,Other named GHT rivers,duplicate_comid;river_group_not_normalized,小天都水电站,240.0,operating,0.073511178,near_coordinate,127.0,20.0,107000000.0,107000000.0,0.1574803149606299,0.1574803,False,1.0,False,0.2201834862385321,34351063708.39233,1000005269.0770104,1000005269.077014,1000005269.0780144,0.1069994362116231,107000000.0,107000000.0,False,False,False,17.899971484374998,97.37584487499998,910.059420147906,6117,222.3636844180046,0.0008970488102064,222,552,3.2293757167431197e-06,33133338.88195312,29.94458590667117,29.94458590667117,0,3,NO_SELECTED_FLAG_NOT_ENGINEERING_CERTIFICATION
HydroCHN_00218,Gaobazhou hydroelectric plant,111.31667,30.41917,43055224,42,0.27,0.27,54.0,566.3155510250311,252.0757065,reservoir_storage,reservoir_storage,run_of_river,installed,operating,Yangtze-Jinsha system,,清江高洲坝水电站,252.0,unknown,3.161879351,close_coordinate,536.0,283.9242935,252075706.5,252075706.5,0.5297095027985074,0.5297095,False,1.0714285714285714,True,1.0,7902101730.06134,2190365800.035095,725317836.1251354,2390466879.7105503,0.1054504074662279,252075706.5,252075706.5,False,False,False,5.15179725159375,31.52899917975375,90.72094164794164,3879,483.8944925069809,0.0030826330184936,435,237,1.1097478866577148e-05,22714682.2742947,533.0463250716588,533.0463250716588,0,3,NO_SELECTED_FLAG_NOT_ENGINEERING_CERTIFICATION
HydroCHN_00763,Songshuling hydroelectric plant,110.05917,31.93917,43047262,42,0.05,0.05,62.1,91.194130599844,27.03229778,reservoir_storage,reservoir_storage,run_of_river,installed,operating,Other named GHT rivers,river_group_not_normalized,松树岭水电站,50.0,unknown,1.936075583,near_coordinate,57.48,30.44770222,27032297.78,27032297.78,0.529709502783577,0.5297095,False,1.0,False,1.0,915709145.2514648,259516452.2277832,259516452.2277832,259516452.2280428,0.1041641003794477,27032297.78,27032297.78,False,False,False,3.430854758307037,3.8883020594146425,37.32861941154864,6117,116.81295204162598,0.0008525848388671,282,1518,3.069305419921875e-06,8807301.353766244,7.625784557605809,7.625784557605809,0,3,NO_SELECTED_FLAG_NOT_ENGINEERING_CERTIFICATION
HydroCHN_00653,Ouyanghai hydroelectric plant,112.67417,26.0025,43076914,43,0.043,0.043,53.36,91.27274622967144,199.4031708,reservoir_storage,reservoir_storage,run_of_river,installed,operating,Other named GHT rivers,river_group_not_normalized,欧阳海灌区水利水电枢纽工程,66.0,unknown,10.50734149,broad_coordinate,424.0,224.5968292,199403170.8,199403170.8,0.5297095028301887,0.5297095,False,0.6515151515151515,False,1.0,6235407826.8585205,1927838821.810913,1927838821.810913,1927838821.8128412,0.1034335280231007,199403170.8,199403170.8,False,False,False,25.285829174428603,24.645254835343085,238.271431965602,6117,615.6382751464844,0.0106849670410156,318,480,3.846588134765625e-05,5183897.100856361,56.005407941870175,56.005407941870175,0,3,NO_SELECTED_FLAG_NOT_ENGINEERING_CERTIFICATION
HydroCHN_00246,Xiangbiling hydroelectric plant,105.6875,26.93083,43074493,52,0.24,0.24,130.18,208.8120022215509,183.1,reservoir_storage,reservoir_storage,run_of_river,installed,operating,Other named GHT rivers,river_group_not_normalized,象鼻岭水电站,240.0,operating,9.747676501,moderate_coordinate,263.0,79.9,183100000.0,183100000.0,0.3038022813688213,0.3038023,False,1.0,False,1.0,5765094030.239868,1789540345.7336426,1789540345.7336426,1789540345.7354326,0.1023167767277987,183100000.0,183100000.0,False,False,False,10.1489039921875,55.2100377175,539.5990714633665,6117,483.1243286132813,0.0197296142578125,225,264,7.1026611328125e-05,2577907.0207098047,51.344235439776746,51.344235439776746,0,3,NO_SELECTED_FLAG_NOT_ENGINEERING_CERTIFICATION
HydroCHN_00158,Bikou hydroelectric plant,105.24417,32.7496,43041087,62,0.3,0.3,86.2,394.1871584861005,245.021349,reservoir_storage,reservoir_storage,run_of_river,installed,operating,Yangtze-Jinsha system,,碧口水电站,411.0,operating,0.146826118,near_coordinate,521.0,275.978651,245021349.0,245021349.0,0.5297095028790787,0.5297095,False,0.7299270072992701,True,1.0,11164637542.703247,2319715153.921509,142536842.11120605,2403782919.6559486,0.1019315625368823,245021349.0,245021349.0,False,False,False,7.194286221669377,48.92114630735176,28.459012798554983,4620,97.5351104736328,0.0021591186523437,417,867,7.7728271484375e-06,31522809.4386808,43.52749278987987,43.52749278987987,0,3,NO_SELECTED_FLAG_NOT_ENGINEERING_CERTIFICATION
HydroCHN_00003,Xiluodu hydroelectric plant,103.64958,28.25958,43066074,51,13.86,13.86,226.0,6946.135873634453,6073.33148,reservoir_storage,reservoir_storage,reservoir_storage,installed,operating,Yangtze-Jinsha system,,金沙江溪洛渡水电站,13860.0,unknown,0.334679755,near_coordinate,12914.0,6840.66852,6073331480.0,6073331480.0,0.5297095028651077,0.5297095,False,1.0,True,1.0,183237108564.5508,17608627607.51953,6094916545.385742,62286985075.215775,0.0975056261378848,6073331480.0,6073331480.0,False,False,False,10.119754307245673,3179.2220131643003,3190.521201304438,3783,2903.65234375,0.0235595703125,627,36,8.4814453125e-05,71607270.41473806,7359.581710398196,7359.581710398196,0,3,NO_SELECTED_FLAG_NOT_ENGINEERING_CERTIFICATION
HydroCHN_00339,Shenxigou hydroelectric plant,103.08667,29.2575,43060589,51,0.66,0.66,26.1,2864.124625873721,379.2895927,reservoir_storage,reservoir_storage,run_of_river,installed,operating,Yangtze-Jinsha system,duplicate_comid,大渡河深溪沟水电站,158.0,unknown,15.64832055,broad_coordinate,806.5006521,427.2110594,379289592.7,379289592.7,0.5297095027606116,0.5297095,False,4.177215189873418,True,0.4236200256739409,45549237053.54004,2647180586.8516984,205913104.7054636,4018846918.0541534,0.0943777159055474,379289592.7,379289592.7,False,False,False,1.5327286395912356,22.92962044828489,12.448296571002183,2508,689.315493947569,0.0157022443386959,708,264,5.652807961930526e-05,6709755.492391898,175.08257652860155,175.08257652860155,0,3,NO_SELECTED_FLAG_NOT_ENGINEERING_CERTIFICATION
HydroCHN_00211,Hanpingzui hydroelectric plant,105.05,32.89583,43041194,62,0.072,0.072,95.3,85.57128997649998,126.0378532,reservoir_storage,reservoir_storage,run_of_river,installed,operating,Other named GHT rivers,river_group_not_normalized,汉坪嘴水电站,270.0,unknown,7.776841061,moderate_coordinate,268.0,141.9621468,126037853.2,126037853.2,0.5297095029850746,0.5297095,False,0.2666666666666666,False,1.0,6447967143.228149,1338209010.3927612,1338209010.3927612,1338209010.3940997,0.0941839818900054,126037853.2,126037853.2,False,False,False,17.047440204240104,27.82142241331985,295.3944169167088,6117,316.6056671142578,0.0031242370605468,243,375,1.124725341796875e-05,11206100.593291547,35.32712044492837,35.32712044492837,0,3,NO_SELECTED_FLAG_NOT_ENGINEERING_CERTIFICATION
HydroCHN_00277,Dahuashui hydroelectric plant,107.2625,26.8156,43074324,52,0.2,0.2,123.28,183.7493676265513,130.0353225,reservoir_storage,reservoir_storage,run_of_river,installed,operating,Other named GHT rivers,river_group_not_normalized,清水江大花水水电站,200.0,operating,0.089313748,near_coordinate,276.5,146.4646775,130035322.5,130035322.5,0.5297095027124774,0.5297095,False,1.0,False,1.0,3619326626.5028,1383109883.0783844,1383109883.0783844,1383109883.079768,0.0940166244857209,130035322.5,130035322.5,False,False,False,8.190713656875937,37.131235244504246,394.9432927163484,6117,692.5185852050781,0.0222549438476562,231,186,8.011779785156249e-05,1623051.6313107074,36.81344150190956,36.81344150190956,0,3,NO_SELECTED_FLAG_NOT_ENGINEERING_CERTIFICATION
HydroCHN_00750,Xuanhan Jiangkou hydroelectric plant,107.7175,31.35417,43049778,51,0.051,0.051,46.644,123.84055013410766,130.2704677,reservoir_storage,reservoir_storage,run_of_river,installed,operating,Other named GHT rivers,river_group_not_normalized,宣汉江口水电站,51.0,unknown,1.979440867,near_coordinate,277.0,146.7295323,130270467.70000002,130270467.70000002,0.5297095028880866,0.5297095,False,1.0,False,1.0,4020359889.02893,1389057860.2340698,1389057860.2340698,1389057860.235459,0.0937833271235496,130270467.70000002,130270467.70000002,False,False,False,12.17501086026598,14.074312554467472,150.07265135637562,6117,632.4999389648438,0.0049095153808593,294,375,1.7674255371093748e-05,7370634.007758958,36.818740966780446,36.818740966780446,0,3,NO_SELECTED_FLAG_NOT_ENGINEERING_CERTIFICATION
HydroCHN_00243,Jiayan hydroelectric plant,102.76372,26.20038,43076795,53,0.24,0.24,150.0,181.22097632800995,87.00374198,reservoir_storage,reservoir_storage,run_of_river,installed,operating,Yangtze-Jinsha system,,甲岩水电站,240.0,construction,0.092623982,near_coordinate,185.0,97.99625802,87003741.98,87003741.98,0.5297095028108108,0.5297095,False,1.0,True,1.0,2995639054.7229767,932113782.03907,932113782.03907,932113782.0400023,0.0933402591576166,87003741.98,87003741.98,False,False,False,5.556684302238281,30.22836260417625,323.8512821471994,6117,314.9125213623047,0.0047168731689453,225,498,1.6980743408203123e-05,5123670.96589952,24.482618626943346,24.482618626943346,0,3,NO_SELECTED_FLAG_NOT_ENGINEERING_CERTIFICATION
HydroCHN_00145,Yanguoxia hydroelectric plant,103.265,36.14583,43019925,62,0.471,0.471,38.0,1403.8664449094192,131.6813392,reservoir_storage,reservoir_storage,run_of_river,installed,operating,Yellow River system,,盐锅峡水电站,452.0,unknown,8.214473938,moderate_coordinate,280.0,148.3186608,131681339.2,131681339.2,0.5297095028571429,0.5297095,False,1.0420353982300885,True,1.0,8130640842.327118,1417645533.506012,1417645533.506012,1417645533.50743,0.0928873516599062,131681339.2,131681339.2,False,False,False,1.0856371555859874,11.590262273036002,124.7776157453654,6117,431.9533081054688,0.0026664733886718,291,309,9.59930419921875e-06,13717800.42252615,37.01010308592127,37.01010308592127,0,3,NO_SELECTED_FLAG_NOT_ENGINEERING_CERTIFICATION
HydroCHN_00022,Changheba hydroelectric plant,102.12118,30.40298,43055104,51,2.6,2.6,220.8,1333.7141600227185,415.0,reservoir_storage,reservoir_storage,reservoir_storage,installed,operating,Yangtze-Jinsha system,,长河坝水电站,2600.0,operating,0.017620797,near_coordinate,1015.0,600.0,415000000.0,415000000.0,0.5911330049261084,0.591133,False,1.0,True,1.0,33127521507.092285,4386121786.61499,210276143.8659668,4490533014.976416,0.0924166460008043,415000000.0,415000000.0,False,False,False,3.6014019230769225,212.24262,107.54110770508368,3384,919.98193359375,0.00262451171875,351,351,9.4482421875e-06,43923514.2118863,166.90003410356147,166.90003410356147,0,3,NO_SELECTED_FLAG_NOT_ENGINEERING_CERTIFICATION
HydroCHN_00131,Wan’an hydroelectric plant,114.80042,26.44042,43076804,36,0.5,0.5,32.3,1753.29891958214,1128.697193,reservoir_storage,reservoir_storage,run_of_river,installed,operating,Other named GHT rivers,river_group_not_normalized,万安水电站,530.0,unknown,0.756598863,near_coordinate,2400.0,1271.302807,1128697193.0,1128697193.0,0.5297095029166666,0.5297095,False,0.9433962264150944,False,1.0,48041475509.70154,12230360129.82788,12230360129.82788,12230360129.840117,0.0922865051411004,1128697193.0,1128697193.0,False,False,False,7.450882888865812,84.44333940714587,915.0128643180566,6117,4071.987548828125,0.013916015625,225,87,5.009765625e-05,22529940.07079922,317.5989856047024,317.5989856047024,0,3,NO_SELECTED_FLAG_NOT_ENGINEERING_CERTIFICATION
HydroCHN_00085,,103.01917,36.23333,43019929,63,1.02,1.02,73.0,1582.580443960361,123.921546,reservoir_storage,reservoir_storage,reservoir_storage,installed,operating,Unspecified GHT river,operation_type_requires_review;river_group_not_normalized,,1020.0,operating,,,263.5,139.578454,123921546.0,123921546.0,0.5297095028462998,0.5297095,False,1.0,False,1.0,7987966345.987701,1343487468.534851,1343487468.534851,1343487468.5361948,0.0922387062791285,123921546.0,123921546.0,False,False,False,0.9062902036047794,20.9534295073425,227.16525797655095,6117,443.1948852539063,0.0026473999023437,297,354,9.5306396484375e-06,13002437.461825168,34.865846551956444,34.865846551956444,0,3,NO_SELECTED_FLAG_NOT_ENGINEERING_CERTIFICATION
HydroCHN_00081,Silin hydroelectric plant,108.1899,27.80083,43068955,52,1.05,1.05,76.0,1564.8192857270597,749.172762,reservoir_storage,reservoir_storage,reservoir_storage,installed,operating,Yangtze-Jinsha system,,乌江思林水电站,1050.0,operating,0.085620212,near_coordinate,1593.0,843.827238,749172762.0,749172762.0,0.5297095028248587,0.5297095,False,1.0,True,1.0,33230788256.140137,6796958481.408691,1562323016.6015625,8223613456.319261,0.0911001916589737,749172762.0,749172762.0,False,False,False,5.541202821792857,131.88062715867,275.0235322274561,3729,773.95947265625,0.187652587890625,678,78,0.0006755493164062,1108983.0805919662,1138.9507109338929,1138.9507109338929,0,3,NO_SELECTED_FLAG_NOT_ENGINEERING_CERTIFICATION
HydroCHN_00048,Houziyan hydroelectric plant,102.06327,30.52257,43055110,51,1.7,1.7,938.0,205.2742935485188,387.0,reservoir_storage,reservoir_storage,reservoir_storage,installed,operating,Yangtze-Jinsha system,,大渡河猴子岩水电站,1700.0,operating,0.063108114,near_coordinate,706.0,319.0,387000000.0,387000000.0,0.4518413597733711,0.4518414,False,1.0,True,1.0,32607906676.99585,4280256871.105957,4280256871.105957,4280256871.110238,0.0904151343373973,387000000.0,387000000.0,False,False,False,21.820397426470585,840.8126475,9299.467989081824,6117,989.994140625,0.0015869140625,225,93,5.712890625e-06,67741538.46153846,108.4899941407345,108.4899941407345,0,3,NO_SELECTED_FLAG_NOT_ENGINEERING_CERTIFICATION
HydroCHN_00428,Lazhai hydroelectric plant,98.6075,24.63,44007431,53,0.12,0.12,63.48,214.1079587996337,28.17040078,reservoir_storage,reservoir_storage,run_of_river,installed,operating,Other named GHT rivers,duplicate_comid;river_group_not_normalized,腊寨水电站,120.0,operating,0.078490109,near_coordinate,59.9,31.72959922,28170400.78,28170400.78,0.5297095028380635,0.5297095,False,1.0,False,0.5,2526895835.1326466,313719955.2778244,313719955.2778244,313719955.2781382,0.0897947366944657,28170400.78,28170400.78,False,False,False,1.5228126369146062,4.142050372407729,46.12798617025032,6117,137.05399322509766,0.0030899047851562,225,582,1.11236572265625e-05,2532476.523344417,7.962165321011838,7.962165321011838,0,3,NO_SELECTED_FLAG_NOT_ENGINEERING_CERTIFICATION
HydroCHN_00251,Wachun hydroelectric plant,105.96833,24.1743,43086193,45,0.23,0.23,94.76,274.91046166263646,225.0,reservoir_storage,reservoir_storage,run_of_river,installed,operating,Other named GHT rivers,river_group_not_normalized,瓦村水电站,230.0,operating,0.043620793,near_coordinate,536.0,311.0,225000000.0,225000000.0,0.5802238805970149,0.5802239,False,1.0,False,1.0,7882628609.619141,2549432054.937744,2549432054.937744,2549432054.9402943,0.0882549505737933,225000000.0,225000000.0,False,False,False,9.47278125,49.38476625,559.5693604593673,6117,740.8859252929688,0.0202560424804687,225,183,7.29217529296875e-05,3085499.0583804143,63.24088592535722,63.24088592535722,0,3,NO_SELECTED_FLAG_NOT_ENGINEERING_CERTIFICATION
HydroCHN_01041,Fenshui Wuliting hydroelectric plant,119.43167,29.95,43058208,33,0.03,0.03,32.2,105.5246368369623,90.5779498,reservoir_storage,reservoir_storage,run_of_river,installed,operating,Other named GHT rivers,river_group_not_normalized,分水镇五里亭水电站,30.0,unknown,0.361632032,near_coordinate,192.6,102.0220502,90577949.8,90577949.8,0.529709502596054,0.5297095,False,1.0,False,1.0,2412839200.9898186,1102614780.2235603,1102614780.2235603,1102614780.2246633,0.0821483181837488,90577949.8,90577949.8,False,False,False,9.93470275650125,6.75559787442085,82.23659380710886,6117,977.5643005371094,0.0063858032226562,225,756,2.29888916015625e-05,3940074.683454666,26.13810591167536,26.13810591167536,0,3,NO_SELECTED_FLAG_NOT_ENGINEERING_CERTIFICATION
HydroCHN_00200,Jufudu hydroelectric plant,101.745,22.92167,43093175,53,0.285,0.285,87.4,369.3362289293681,81.83054651,reservoir_storage,reservoir_storage,run_of_river,installed,operating,Other named GHT rivers,river_group_not_normalized,居甫渡水电站,285.0,operating,3.984041102,close_coordinate,174.0,92.16945349,81830546.51,81830546.51,0.529709502816092,0.5297095,False,1.0,False,1.0,4383597285.550032,1002010070.0371742,1002010070.0371742,1002010070.0381764,0.0816663913436341,81830546.51,81830546.51,False,False,False,2.5643647512571257,16.56579629312103,202.84716908084303,6117,446.7753601074219,0.0122222900390625,225,186,4.4000244140625e-05,1859774.8287138853,23.17748272402049,23.17748272402049,0,3,NO_SELECTED_FLAG_NOT_ENGINEERING_CERTIFICATION
HydroCHN_00356,Shuangpai hydroelectric plant,111.68,25.95167,43079000,43,0.135,0.135,54.28,281.69712375968754,329.203348,reservoir_storage,reservoir_storage,run_of_river,installed,operating,Other named GHT rivers,river_group_not_normalized,双牌水电站,150.0,unknown,0.670370504,near_coordinate,700.0,370.796652,329203348.0,329203348.0,0.5297095028571428,0.5297095,False,0.9,False,1.0,12977790796.939089,4080251127.6123047,4080251127.6123047,4080251127.616386,0.0806821290414825,329203348.0,329203348.0,False,False,False,13.525959670201113,41.3894365908154,512.993857282741,6117,1404.603515625,0.0004501342773437,231,276,1.6204833984375e-06,203151324.053936,92.84997796016329,92.84997796016329,0,3,NO_SELECTED_FLAG_NOT_ENGINEERING_CERTIFICATION
HydroCHN_00429,Dengke hydroelectric plant,98.5221,24.65917,44007431,53,0.12,0.12,63.48,214.1079587996337,25.03920665,reservoir_storage,reservoir_storage,run_of_river,installed,operating,Other named GHT rivers,duplicate_comid;river_group_not_normalized,等壳水电站,120.0,operating,0.025574868,near_coordinate,53.242,28.20279335,25039206.65,25039206.65,0.5297095028361068,0.5297095,False,1.0,False,0.5,2526895835.1326466,313719955.2778244,313719955.2778244,313719955.2781382,0.0798138793173061,25039206.65,25039206.65,False,False,False,1.353549088730297,3.681653521346408,46.12798617025032,6117,137.05399322509766,0.0030899047851562,225,582,1.11236572265625e-05,2250986.8957673525,7.092389173788747,7.092389173788747,0,3,NO_SELECTED_FLAG_NOT_ENGINEERING_CERTIFICATION
HydroCHN_00802,Chengguan hydroelectric plant,117.75517,26.36817,43078640,35,0.048,0.048,25.3,214.88653319526875,1.3200000000000005,reservoir_storage,reservoir_storage,run_of_river,installed,operating,Other named GHT rivers,river_group_not_normalized,城关水电站,48.0,unknown,0.774978727,near_coordinate,14.36,13.04,1320000.0000000005,1320000.0000000005,0.9080779944289692,0.908078,False,1.0,False,1.0,32145020.36737204,16874626.737570763,16874626.737570763,16874626.737587642,0.0782239524777011,1320000.0000000005,1320000.0000000005,False,False,False,0.071096953125,0.077353485,0.9888721107767264,6105,26.544371247291565,0.0001049637794494,216,5175,3.778696060180664e-07,3493268.521673293,0.3932110379153516,0.3932110379153516,0,3,NO_SELECTED_FLAG_NOT_ENGINEERING_CERTIFICATION
HydroCHN_00016,,101.79917,26.61167,43074192,51,3.0,3.0,146.28,2322.8693643356487,568.0,reservoir_storage,reservoir_storage,reservoir_storage,installed,operating,Unspecified GHT river,operation_type_requires_review;river_group_not_normalized,,3000.0,operating,,,2263.0,1695.0,568000000.0,568000000.0,0.7490057445868317,0.7490057,False,1.0,False,1.0,60341199108.288574,7540368231.774902,7540368231.774902,7540368231.782444,0.0753278861907427,568000000.0,568000000.0,False,False,False,2.8301523,192.4503564,2554.835481676616,6117,2704.1904296875,0.05523681640625,225,72,0.0001988525390625,2856387.968078576,160.48196820762675,160.48196820762675,0,3,NO_SELECTED_FLAG_NOT_ENGINEERING_CERTIFICATION
HydroCHN_00004,Wudongde hydroelectric plant,102.63583,26.318,43076673,53,10.2,10.2,163.4,7070.279829198675,3483.912003,reservoir_storage,reservoir_storage,reservoir_storage,installed,operating,Yangtze-Jinsha system,,金沙江乌东德水电站,10200.0,operating,0.202328878,near_coordinate,7408.0,3924.087997,3483912003.0,3483912003.0,0.5297095028347732,0.5297095,False,1.0,True,1.0,167543117807.73926,16760584757.8125,4010916612.084961,47801404519.66349,0.0728830468060172,3483912003.0,3483912003.0,False,False,False,5.703176757411011,1318.5744663134258,1518.0326674880089,4221,955.673828125,0.05902099609375,759,33,0.0002124755859375,16396763.8334919,3788.3374903740337,3788.3374903740337,0,3,NO_SELECTED_FLAG_NOT_ENGINEERING_CERTIFICATION
HydroCHN_00642,Yutan hydroelectric plant,110.17417,29.17917,43060840,43,0.07,0.07,50.14,158.1256025997295,61.84320038,reservoir_storage,reservoir_storage,run_of_river,installed,operating,Other named GHT rivers,river_group_not_normalized,鱼潭水电站,70.0,unknown,1.926680963,near_coordinate,131.5,69.65679962,61843200.38,61843200.38,0.5297095028136882,0.5297095,False,1.0,False,1.0,2223888046.964264,851781289.4165039,851781289.4165039,851781289.4173559,0.072604553713903,61843200.38,61843200.38,False,False,False,4.526640660385698,7.182269847811975,98.9231319581744,6117,491.14234161376953,0.000594139099121,225,585,2.1389007568359374e-06,28913543.642615877,17.66980911385466,17.66980911385466,0,3,NO_SELECTED_FLAG_NOT_ENGINEERING_CERTIFICATION
HydroCHN_00340,Longshou 2 hydroelectric plant,100.11417,38.77,47033257,62,0.157,0.157,134.32,132.38764370299268,42.98455144,reservoir_storage,reservoir_storage,run_of_river,installed,operating,Other named GHT rivers,river_group_not_normalized,龙首二级水电站,157.0,operating,0.105090681,near_coordinate,91.4,48.41544856,42984551.44,42984551.44,0.5297095028446389,0.5297095,False,1.0,False,1.0,2745142886.886263,609829478.609848,609829478.609848,609829478.610458,0.0704861817076201,42984551.44,42984551.44,False,False,False,3.7579517883371847,13.373297764095929,189.7293546067737,6117,210.0553436279297,0.0031394958496093,225,1179,1.130218505859375e-05,3803207.186677251,12.15020852141886,12.15020852141886,0,3,NO_SELECTED_FLAG_NOT_ENGINEERING_CERTIFICATION
HydroCHN_00047,,100.32333,22.85583,44010591,53,1.75,1.75,60.0,3303.5073809793485,535.6608763,reservoir_storage,reservoir_storage,reservoir_storage,installed,operating,Unspecified GHT river,operation_type_requires_review;river_group_not_normalized,,1750.0,operating,,,1139.0,603.3391237,535660876.3,535660876.3,0.5297095028094819,0.5297095,False,1.0,False,1.0,63370222107.27539,7693159511.975098,7693159511.975098,7693159511.982793,0.0696282035314177,535660876.3,535660876.3,False,False,False,1.8767261416082144,74.44347028379251,1069.1568431767391,6117,2474.221923828125,0.02813720703125,330,15,0.0001012939453125,5288182.572486864,151.26890978509152,151.26890978509152,0,3,NO_SELECTED_FLAG_NOT_ENGINEERING_CERTIFICATION
HydroCHN_00509,Amojiang Sanjiangkou hydroelectric plant,101.75078,23.12412,43091124,53,0.099,0.099,44.0707374,254.43295419639648,39.74895282,reservoir_storage,reservoir_storage,run_of_river,installed,operating,Other named GHT rivers,river_group_not_normalized,阿墨江三江口水电站,99.0,operating,0.199410946,near_coordinate,84.52,44.77104718,39748952.82,39748952.82,0.5297095028395646,0.5297095,False,1.0,False,1.0,1416323168.023555,577453823.9351454,577453823.9351454,577453823.935723,0.0688348594682169,39748952.82,39748952.82,False,False,False,1.8081672075797144,4.057527213808879,58.9458196784479,6117,780.7941627502441,0.0012077209539711,336,495,4.347795434296131e-06,9142323.603004334,11.8221699460964,11.8221699460964,0,3,NO_SELECTED_FLAG_NOT_ENGINEERING_CERTIFICATION
HydroCHN_00039,,99.04037,30.08797,43055068,54,0.0,2.0,219.88,1030.2265799982374,824.0,reservoir_storage,reservoir_storage,reservoir_storage,potential_or_nonoperating,construction,Unspecified GHT river,operation_type_requires_review;river_group_not_normalized,,2000.0,construction,,,2467.0,1643.0,824000000.0,824000000.0,0.6659910822861775,0.6659911,False,1.0,False,1.0,71158951569.06738,12050684643.43872,12050684643.43872,12050684643.450775,0.0683778577217869,824000000.0,824000000.0,False,False,False,9.25722285,419.6607692,6137.378139383642,6117,3842.553466796875,0.221099853515625,225,42,0.0007959594726562,1035228.5867648186,232.7314423559195,232.7314423559195,0,3,NO_SELECTED_FLAG_NOT_ENGINEERING_CERTIFICATION
HydroCHN_00812,Mengzhouba hydroelectric plant,113.53333,24.735,43083885,44,0.046,0.046,30.36,171.61077303788824,95.9392614,reservoir_storage,reservoir_storage,run_of_river,installed,operating,Other named GHT rivers,duplicate_comid;river_group_not_normalized,孟洲坝水电站,48.0,unknown,0.077895501,near_coordinate,204.0,108.0607386,95939261.4,95939261.4,0.5297095029411765,0.5297095,False,0.9583333333333334,False,0.2584269662921348,18679270676.11084,1403348212.6344965,1403348212.6345005,1403348212.6359043,0.0683645445486388,95939261.4,95939261.4,False,False,False,6.47050356104625,6.746578379650889,98.68534083254512,6117,465.8034078190836,0.0040536944785814,225,786,1.459330012289326e-05,6574199.159345401,27.115598241180532,27.115598241180532,0,3,NO_SELECTED_FLAG_NOT_ENGINEERING_CERTIFICATION
HydroCHN_00098,,99.06583,29.30667,43060547,54,0.0,0.826,79.60555328,1175.2362137383684,797.5658291000001,reservoir_storage,reservoir_storage,reservoir_storage,potential_or_nonoperating,pre-construction,Unspecified GHT river,operation_type_requires_review;river_group_not_normalized,,826.0,pre-construction,,,1695.900372,898.3345429,797565829.1000001,797565829.1000001,0.5297095028292145,0.5297095,False,1.0,False,1.0,74623882213.25684,11799652209.851074,11799652209.851074,11799652209.862877,0.0675923166983977,797565829.1000001,797565829.1000001,False,False,False,7.854664344957578,147.06026230919238,2175.694953100067,6117,4011.94921875,0.0087432861328125,225,51,3.1475830078125e-05,25338992.71664612,225.55801285786552,225.55801285786552,0,3,NO_SELECTED_FLAG_NOT_ENGINEERING_CERTIFICATION
HydroCHN_00121,Tongzilin hydroelectric plant,101.85083,26.70667,43074194,51,0.6,0.6,65.32,1040.383743463009,1011.124569,reservoir_storage,reservoir_storage,run_of_river,installed,operating,Yangtze-Jinsha system,,雅砻江桐子林水电站,600.0,operating,0.213466701,near_coordinate,2150.0,1138.875431,1011124569.0,1011124569.0,0.5297095027906976,0.5297095,False,1.0,True,1.0,60311049810.7544,7623070900.488281,748365645.5200195,15493165902.563717,0.0652626180703767,1011124569.0,1011124569.0,False,False,False,11.24857124426831,152.98056892204903,113.22581383478284,3996,871.840087890625,0.01123046875,450,96,4.04296875e-05,25009457.93855073,1900.9331941195776,1900.9331941195776,0,3,NO_SELECTED_FLAG_NOT_ENGINEERING_CERTIFICATION
HydroCHN_00225,Wanmipo hydroelectric plant,109.49583,28.76917,43063599,43,0.24,0.24,44.68,608.3962947448858,125.0,reservoir_storage,reservoir_storage,run_of_river,installed,operating,Other named GHT rivers,river_group_not_normalized,碗米坡水电站,248.0,unknown,1.393817762,near_coordinate,378.0,253.0,125000000.0,125000000.0,0.6693121693121693,0.6693122,False,0.967741935483871,False,1.0,6423383425.884247,1915982455.091858,1915982455.091858,1915982455.0937743,0.0652406809194305,125000000.0,125000000.0,False,False,False,2.3779882812499995,12.93625625,198.28512007657915,6117,456.2492370605469,0.0047607421875,408,81,1.7138671875e-05,7293447.293447293,35.17847145931895,35.17847145931895,0,3,NO_SELECTED_FLAG_NOT_ENGINEERING_CERTIFICATION
HydroCHN_00443,Shimen Sanjiangkou hydroelectric plant,111.29917,29.5925,43057938,43,0.113,0.113,14.5,882.671134701083,103.4639094,reservoir_storage,reservoir_storage,run_of_river,installed,operating,Other named GHT rivers,duplicate_comid;river_group_not_normalized,石门三江口水电站,112.5,unknown,3.990278761,close_coordinate,220.0,116.5360906,103463909.4,103463909.4,0.5297095027272727,0.5297095,False,1.0044444444444445,False,0.8200290275761973,7779927024.343872,1595204818.5735047,1595204818.5735073,1595204818.5751028,0.0648593260221078,103463909.4,103463909.4,False,False,False,1.3566762345688608,3.4749000621423747,53.57595083480285,6117,555.3309748722957,0.0197512179569858,225,198,7.110438464514922e-05,1455098.8650888826,29.295305808235927,29.295305808235927,0,3,NO_SELECTED_FLAG_NOT_ENGINEERING_CERTIFICATION
HydroCHN_01795,,104.51667,37.23412,43014785,62,0.0,1.972021728,73.6,3034.7461182762345,615.517723,reservoir_storage,reservoir_storage,reservoir_storage,potential_or_nonoperating,potential,Unspecified GHT river,duplicate_comid;operation_type_requires_review;river_group_not_normalized,,1972.021728,potential,,,1503.038193,887.52047,615517723.0,615517723.0,0.5904843098022327,0.5904843,False,1.0000000000000002,False,0.8333333333333334,83744371501.72119,9531892036.010704,9531892036.01074,9531892036.020275,0.0645745588256777,615517723.0,615517723.0,False,False,False,2.347493807473403,104.930999346148,1624.9588267309668,6117,1744.1581217447915,0.0050862630208333,243,84,1.8310546875000003e-05,33615474.57877333,172.7213033996963,172.7213033996963,0,3,NO_SELECTED_FLAG_NOT_ENGINEERING_CERTIFICATION
HydroCHN_00042,Yantan hydroelectric plant,107.51167,24.04083,43086145,45,1.81,1.81,68.5,2992.7916711103835,1227.458198,reservoir_storage,reservoir_storage,reservoir_storage,installed,operating,Pearl-Xijiang system,,红水河岩滩水电站,1810.0,operating,0.165308061,near_coordinate,2610.0,1382.541802,1227458198.0,1227458198.0,0.5297095026819924,0.5297095,False,1.0,True,1.0,60737568943.90869,12398759748.303225,5526101817.700194,19094531924.6416,0.0642832305523005,1227458198.0,1227458198.0,False,False,False,4.746969942351693,194.75235350154875,876.7885834644932,4692,2697.9280463324653,0.07403564453125,642,21,0.0002665283203125,4605357.496572319,2367.630887704336,2367.630887704336,0,3,NO_SELECTED_FLAG_NOT_ENGINEERING_CERTIFICATION
HydroCHN_00160,Shaping Stage 2 hydroelectric plant,103.26417,29.235,43060586,51,0.348,0.348,61.5,640.9034528673524,606.5785579000001,reservoir_storage,reservoir_storage,run_of_river,installed,operating,Yangtze-Jinsha system,,大渡河沙坪二级水电站,404.0,unknown,5.276377036,moderate_coordinate,1289.795481,683.2169231,606578557.9000001,606578557.9000001,0.5297095029130436,0.5297095,False,0.8613861386138614,True,1.0,46906087061.9751,6265704776.11084,616658462.280634,9750401457.858871,0.0622106238929367,606578557.9000001,606578557.9000001,False,False,False,10.954200869834724,86.40673646125632,87.84261254033738,3993,1629.7615037558166,0.0056631849727182,618,249,2.0387465901785616e-05,29752523.478009764,510.2410443721827,510.2410443721827,0,3,NO_SELECTED_FLAG_NOT_ENGINEERING_CERTIFICATION
HydroCHN_00136,Caojie hydroelectric plant,106.39073,29.90343,43057848,50,0.5,0.5,4.0,14157.88877562578,1043.104323,reservoir_storage,reservoir_storage,run_of_river,installed,operating,Yangtze-Jinsha system,,嘉陵江草街航电枢纽,500.0,operating,0.172175056,near_coordinate,2218.0,1174.895677,1043104323.0,1043104323.0,0.5297095027051397,0.5297095,False,1.0,True,1.0,76117378174.25537,8338439199.682617,2868563157.989502,16910306123.404867,0.0616845322247763,1043104323.0,1043104323.0,False,False,False,0.8527377840524999,9.664361552595,26.57723765877273,3918,1387.99609375,0.000213623046875,837,36,7.6904296875e-07,1356366764.1295238,1675.0649747117543,1675.0649747117543,0,3,NO_SELECTED_FLAG_NOT_ENGINEERING_CERTIFICATION
HydroCHN_00692,Huanghuazhai hydroelectric plant,106.55083,25.63083,43079069,52,0.06,0.06,69.6992,97.50164438473288,9.452838990000002,reservoir_storage,reservoir_storage,run_of_river,installed,operating,Other named GHT rivers,duplicate_comid;river_group_not_normalized,黄花寨水电站,60.0,unknown,12.33028511,broad_coordinate,20.1,10.64716101,9452838.990000002,9452838.990000002,0.5297095029850746,0.5297095,False,1.0,False,0.2068965517241379,1994283574.548912,153396045.80351785,153396045.8035173,153396045.80367076,0.0616237461694322,9452838.990000002,9452838.990000002,False,False,False,1.1221129589244856,1.5260736241373007,24.7643760562672,6117,57.60989274649784,0.0001886302027209,225,1335,6.790687297952586e-07,13920297.865652071,2.6833985010835155,2.6833985010835155,0,3,NO_SELECTED_FLAG_NOT_ENGINEERING_CERTIFICATION
HydroCHN_00128,Dongqing hydroelectric plant,105.74917,25.56667,43079056,52,0.88,0.88,100.28,993.9323591982997,172.5966125,reservoir_storage,reservoir_storage,reservoir_storage,installed,operating,Pearl-Xijiang system,,北盘江董箐水电站,558.0,unknown,4.871656742,close_coordinate,367.0,194.4033875,172596612.5,172596612.5,0.5297095027247957,0.5297095,False,1.5770609318996416,True,1.0,9651485218.579102,2507927568.502808,659099446.5454102,2830446210.581143,0.06097858770634,172596612.5,172596612.5,False,False,False,2.0098409710903766,40.089627903349374,153.09136825213767,4377,682.6251831054688,0.0009002685546875,450,234,3.240966796875e-06,53254668.53483993,355.3968614358554,355.3968614358554,0,3,NO_SELECTED_FLAG_NOT_ENGINEERING_CERTIFICATION
HydroCHN_00254,,108.525,32.52167,43044112,61,0.225,0.225,59.8,426.157187226194,193.7596848,reservoir_storage,reservoir_storage,run_of_river,installed,operating,Unspecified GHT river,operation_type_requires_review;river_group_not_normalized,,225.0,operating,,,412.0,218.2403152,193759684.8,193759684.8,0.5297095029126213,0.5297095,False,1.0,False,1.0,12569452904.841614,3241864359.7229004,3241864359.7229004,3241864359.726143,0.0597679801805057,193759684.8,193759684.8,False,False,False,5.2623515727640005,26.8379930210964,449.03630572784846,6117,1446.8154907226562,0.000213623046875,378,174,7.6904296875e-07,251949101.25104764,55.2689501574456,55.2689501574456,0,3,NO_SELECTED_FLAG_NOT_ENGINEERING_CERTIFICATION
HydroCHN_00046,Pengshui hydroelectric plant,108.199,29.2,43060694,50,1.75,1.75,81.6,2429.0495448377565,679.0994779,reservoir_storage,reservoir_storage,reservoir_storage,installed,operating,Yangtze-Jinsha system,,乌江彭水水电站,1750.0,operating,0.155673112,near_coordinate,1444.0,764.9005221,679099477.9,679099477.9,0.5297095028393352,0.5297095,False,1.0,True,1.0,47154087742.456055,8177580695.214844,2279945576.9869747,11640766207.825905,0.058338039419042,679099477.9,679099477.9,False,False,False,3.235811997982371,128.35387591996738,430.9233937240001,4032,1323.1280517578125,0.0034739971160888,645,66,1.250638961791992e-05,54300201.62868944,1413.6547151261148,1413.6547151261148,0,3,NO_SELECTED_FLAG_NOT_ENGINEERING_CERTIFICATION
HydroCHN_00040,Lijiaxia hydroelectric plant,101.81083,36.11917,43019862,63,2.0,2.0,142.6,1588.5429201263146,775.9793203,reservoir_storage,reservoir_storage,reservoir_storage,installed,operating,Yellow River system,duplicate_comid,李家峡水电站,2000.0,unknown,0.193042041,near_coordinate,1650.0,874.0206797,775979320.3000001,775979320.3000001,0.5297095028484848,0.5297095,False,1.0,True,0.8333333333333334,56745958633.04443,5092071255.203239,445831627.5054932,13470841544.774738,0.057604368496265,775979320.3000001,775979320.3000001,False,False,False,5.653761078352042,256.3038355519592,147.25696052808874,1731,816.8684895833334,0.0287958780924482,1083,72,0.0001036651611328,7485439.77379085,330.8509024947613,330.8509024947613,0,3,NO_SELECTED_FLAG_NOT_ENGINEERING_CERTIFICATION
HydroCHN_00059,Shuikou hydroelectric plant,118.81205,26.30295,43076744,35,1.4,1.4,58.0,2733.9371428794607,1222.755293,reservoir_storage,reservoir_storage,reservoir_storage,installed,operating,Other named GHT rivers,river_group_not_normalized,水口水电站,1400.0,operating,0.02240023,near_coordinate,2600.0,1377.244707,1222755293.0,1222755293.0,0.5297095026923078,0.5297095,False,1.0,False,1.0,79245823197.43652,21376040488.659668,21376040488.659668,21376040488.68105,0.0572021415120105,1222755293.0,1222755293.0,False,False,False,5.176512697999554,164.26800294985247,2871.7107193477614,6117,7538.20458984375,0.00103759765625,348,39,3.7353515625e-06,327346776.47895426,347.19245264574755,347.19245264574755,0,3,NO_SELECTED_FLAG_NOT_ENGINEERING_CERTIFICATION
HydroCHN_00580,Hemianshi hydroelectric plant,111.76,24.05333,43086462,45,0.08,0.08,50.6,179.07211099605726,141.0871491,reservoir_storage,reservoir_storage,run_of_river,installed,operating,Other named GHT rivers,river_group_not_normalized,合面狮水电站,80.0,unknown,0.367390916,near_coordinate,300.0,158.9128509,141087149.1,141087149.1,0.529709503,0.5297095,False,1.0,False,1.0,6907632015.200043,2548925142.874145,2548925142.874145,2548925142.876695,0.055351625172001,141087149.1,141087149.1,False,False,False,9.118969478275078,16.535731320605475,298.73976182642133,6117,1027.5944061279297,0.001474380493164,222,579,5.307769775390625e-06,26581248.82396895,40.21846915616916,40.21846915616916,0,3,NO_SELECTED_FLAG_NOT_ENGINEERING_CERTIFICATION
HydroCHN_00093,,105.78583,25.38917,43081373,52,0.0,0.88,138.0,722.2575143507644,143.79999999999995,reservoir_storage,reservoir_storage,reservoir_storage,potential_or_nonoperating,unknown,Unspecified GHT river,operation_type_requires_review;river_group_not_normalized,,880.0,unknown,,,955.0,811.2,143799999.99999994,143799999.99999994,0.8494240837696335,0.8494241,False,1.0,False,1.0,10192883764.485168,2674712734.4696045,2674712734.4696045,2674712734.47228,0.0537627828763344,143799999.99999994,143799999.99999994,False,False,False,2.3043745738636354,45.96459149999998,854.9518652277006,6117,878.6888122558594,0.0401458740234375,417,120,0.0001445251464843,994982.5583850666,40.82313325674212,40.82313325674212,0,3,NO_SELECTED_FLAG_NOT_ENGINEERING_CERTIFICATION
HydroCHN_01044,Longyan Wan'anxi hydroelectric plant,116.94167,25.4325,43083745,35,0.047,0.047,61.12447252,87.09058680045838,3.389634844,reservoir_storage,reservoir_storage,run_of_river,installed,operating,Other named GHT rivers,river_group_not_normalized,龙岩万安溪增效扩容工程,30.0,unknown,12.40742497,broad_coordinate,7.207534203,3.817899359,3389634.844,3389634.844,0.5297095027881896,0.5297095,False,1.5666666666666669,False,1.0,146183206.14516735,67040831.18240833,67040831.18240833,67040831.18247539,0.0505607520702407,3389634.844,3389634.844,False,False,False,0.45047216019346,0.479903007992766,9.491611345606342,6117,61.22569942474365,0.000281810760498,225,3876,1.0145187377929688e-06,3341125.912936778,1.0027909338711911,1.0027909338711911,0,3,NO_SELECTED_FLAG_NOT_ENGINEERING_CERTIFICATION
HydroCHN_00673,Mangtangxi hydroelectric plant,109.64417,27.49333,43071659,43,0.06,0.06,39.56,171.78429252528747,71.95444607,reservoir_storage,reservoir_storage,run_of_river,installed,operating,Other named GHT rivers,river_group_not_normalized,莽塘溪水电站,61.25,unknown,0.386784443,near_coordinate,153.0,81.04555393,71954446.07000001,71954446.07000001,0.5297095028104575,0.5297095,False,0.979591836734694,False,1.0,6088818131.359291,1439786197.176361,1439786197.176361,1439786197.1778011,0.049975785440256,71954446.07000001,71954446.07000001,False,False,False,4.847975775495045,6.59324705467326,131.92883306553756,6117,300.929443359375,0.0019073486328125,363,117,6.866455078125e-06,10479125.728096712,20.28827557393622,20.28827557393622,0,3,NO_SELECTED_FLAG_NOT_ENGINEERING_CERTIFICATION
HydroCHN_00409,Shiti hydroelectric plant,109.18,28.76,43063617,50,0.12,0.12,108.56,125.19872167097223,46.365940120000005,reservoir_storage,reservoir_storage,run_of_river,installed,operating,Other named GHT rivers,river_group_not_normalized,酉水河石堤水电站,122.0,unknown,0.844262597,near_coordinate,98.59,52.22405988,46365940.120000005,46365940.120000005,0.5297095027893295,0.5297095,False,0.9836065573770492,False,1.0,3110018964.848328,942802753.0105592,942802753.0105592,942802753.011502,0.0491788340370218,46365940.120000005,46365940.120000005,False,False,False,4.286328313105976,11.658813011648254,237.0697321302864,6117,267.40428161621094,0.0065803527832031,225,231,2.368927001953125e-05,1957254.912530963,13.146832092741471,13.146832092741471,0,3,NO_SELECTED_FLAG_NOT_ENGINEERING_CERTIFICATION
HydroCHN_00268,Yunpeng hydroelectric plant,103.98667,24.43833,43086177,53,0.21,0.21,82.5,288.3060987036522,175.8886459,reservoir_storage,reservoir_storage,run_of_river,installed,operating,Pearl-Xijiang system,,南盘江云鹏水电站,210.0,operating,0.119189575,near_coordinate,374.0,198.1113541,175888645.9,175888645.9,0.5297095029411765,0.5297095,False,1.0,True,1.0,8878200545.139313,3451124515.621948,146169959.28497314,3614351253.8854513,0.0486639602918832,175888645.9,175888645.9,False,False,False,7.061065393998884,33.61067127543469,27.931708875990072,2169,153.21475219726562,0.0235939025878906,639,363,8.493804931640624e-05,2070787.442325052,43.416362216646064,43.416362216646064,0,3,NO_SELECTED_FLAG_NOT_ENGINEERING_CERTIFICATION
HydroCHN_00924,Douyan hydroelectric plant,115.5825,24.66667,43084182,36,0.038,0.038,74.24438885,57.97068646474872,46.18252682,reservoir_storage,reservoir_storage,run_of_river,installed,operating,Unspecified GHT river,river_group_not_normalized,斗晏水电站,37.5,unknown,3.152679169,close_coordinate,98.2,52.01747318,46182526.82,46182526.82,0.5297095028513239,0.5297095,False,1.0133333333333334,False,1.0,2253866158.844948,954374255.1710128,954374255.1710128,954374255.1719676,0.0483903736607798,46182526.82,46182526.82,False,False,False,9.220521938577145,7.941942896427777,164.12237177777223,6117,355.8286666870117,0.0026416778564453,237,1050,9.510040283203125e-06,4856186.245768985,13.18430833892342,13.18430833892342,0,3,NO_SELECTED_FLAG_NOT_ENGINEERING_CERTIFICATION
HydroCHN_01070,Zhaolaihe hydroelectric plant,110.53883,30.39783,43056119,42,0.036,0.036,91.08,44.76802774901432,4.517987938999999,reservoir_storage,reservoir_storage,run_of_river,installed,operating,Other named GHT rivers,river_group_not_normalized,招徕河水电站,30.0,unknown,12.39570712,broad_coordinate,9.606802532,5.088814593,4517987.938999999,4517987.938999999,0.5297095028287816,0.5297095,False,1.2,False,1.0,222350795.458889,97080222.23567964,97080222.23567964,97080222.23577674,0.0465387061849452,4517987.938999999,4517987.938999999,False,False,False,1.1680551880669028,0.9531330334625928,20.48043685773903,6114,155.23571395874023,0.0002336502075195,219,2820,8.411407470703125e-07,5371262.722363791,1.410232363683373,1.410232363683373,0,3,NO_SELECTED_FLAG_NOT_ENGINEERING_CERTIFICATION
HydroCHN_00493,Pangduo hydroelectric plant,91.46583,30.11667,45015552,54,0.16,0.16,47.5,381.5178449010736,105.3450714,reservoir_storage,reservoir_storage,run_of_river,installed,operating,Other named GHT rivers,river_group_not_normalized,旁多水电站,100.0,operating,13.16732602,broad_coordinate,224.0,118.6549286,105345071.4,105345071.4,0.5297095026785714,0.5297095,False,1.6,False,1.0,6419124587.91114,2376434883.3889065,2376434883.3889065,2376434883.3912835,0.0443290376421623,105345071.4,105345071.4,False,False,False,3.1958443779697263,11.590262277436874,261.45982168585385,6117,994.4183197021484,0.0011922270059585,225,1164,4.292017221450806e-06,24544419.550206468,30.256938153066734,30.256938153066734,0,3,NO_SELECTED_FLAG_NOT_ENGINEERING_CERTIFICATION
HydroCHN_00385,,113.59,24.79417,43083885,44,0.132,0.132,78.2,191.18581262226115,175.8886459,reservoir_storage,reservoir_storage,run_of_river,installed,operating,Unspecified GHT river,duplicate_comid;operation_type_requires_review;river_group_not_normalized,,132.0,operating,,,374.0,198.1113541,175888645.9,175888645.9,0.5297095029411765,0.5297095,False,1.0,False,0.7415730337078652,18679270676.11084,4026999218.8642135,4026999218.864218,4026999218.868247,0.0436773479060748,175888645.9,175888645.9,False,False,False,10.648008806267187,31.858842348351427,729.4133887622901,6117,1336.653257219979,0.0116323406776685,225,300,4.187642643960674e-05,4200182.796248451,50.194610451715626,50.194610451715626,0,3,NO_SELECTED_FLAG_NOT_ENGINEERING_CERTIFICATION
HydroCHN_00788,Liaofang hydroelectric plant,116.63083,27.74917,43069174,36,0.05,0.05,36.8,153.89009538723676,203.1654948,reservoir_storage,reservoir_storage,run_of_river,installed,operating,Other named GHT rivers,river_group_not_normalized,廖坊水利枢纽工程,49.5,unknown,0.187333578,near_coordinate,432.0,228.8345052,203165494.8,203165494.8,0.5297095027777777,0.5297095,False,1.0101010101010102,False,1.0,10102455931.3591,4752587811.456299,4752587811.456299,4752587811.461053,0.0427483936877627,203165494.8,203165494.8,False,False,False,15.280076863908,17.3174204457624,405.101079872912,6117,3296.6290130615234,0.0163307189941406,297,171,5.879058837890625e-05,3455748.622391653,59.73148867978893,59.73148867978893,0,3,NO_SELECTED_FLAG_NOT_ENGINEERING_CERTIFICATION
HydroCHN_00604,Shaanxi Yang hydroelectric plant,107.8375,33.19667,43038055,61,0.135,0.135,12.5,1223.2415902140672,89.3551945,reservoir_storage,reservoir_storage,run_of_river,installed,operating,Other named GHT rivers,river_group_not_normalized,引汉济渭黄金峡水利枢纽工程,75.0,unknown,10.66619991,broad_coordinate,190.0,100.6448055,89355194.5,89355194.5,0.529709502631579,0.5297095,False,1.8,False,1.0,5359283731.909561,2104654829.0473936,2104654829.0473936,2104654829.0494988,0.0424559853077449,89355194.5,89355194.5,False,False,False,0.8454614757378474,2.5871121157578125,60.93633434726282,6117,965.2235870361328,0.0002174377441406,441,282,7.8277587890625e-07,114151696.42791425,25.78611094817403,25.78611094817403,0,3,NO_SELECTED_FLAG_NOT_ENGINEERING_CERTIFICATION
HydroCHN_00425,Xinji hydroelectric plant,111.90333,32.06833,43044004,42,0.12,0.12,67.48233189,201.4093592194736,272.81572450000004,reservoir_storage,reservoir_storage,run_of_river,installed,operating,Yangtze-Jinsha system,,汉江新集水电站,120.0,construction,0.46242397,near_coordinate,580.1004404,307.2847159,272815724.50000006,272815724.50000006,0.5297095028718064,0.5297095,False,1.0,True,1.0,26622138424.27368,3017785737.9089355,473913082.1777344,6444240120.723304,0.0423348167338896,272815724.50000006,272815724.50000006,False,False,False,15.67747107766921,42.642721331260255,74.07543511497177,3384,564.604736328125,0.019439697265625,681,264,6.998291015625e-05,3898319.2309506377,867.6454472970785,867.6454472970785,0,3,NO_SELECTED_FLAG_NOT_ENGINEERING_CERTIFICATION
HydroCHN_00299,Tianlonghu hydroelectric plant,103.67167,31.98,43047136,51,0.18,0.18,218.0,93.51999925184,7.52,reservoir_storage,reservoir_storage,run_of_river,installed,operating,Other named GHT rivers,duplicate_comid;river_group_not_normalized,天龙湖水电站,180.0,operating,0.306367672,near_coordinate,31.2,23.68,7520000.0,7520000.0,0.7589743589743589,0.7589744,False,1.0,False,0.3,2956012588.150406,179112723.9309309,179112723.93093106,179112723.93111023,0.0419847336077157,7520000.0,7520000.0,False,False,False,0.9306783333333334,3.7971676,90.44162660349416,6117,54.40802993774414,0.0066604614257812,225,1212,2.39776611328125e-05,313625.2513682067,2.143296918829777,2.143296918829777,0,3,NO_SELECTED_FLAG_NOT_ENGINEERING_CERTIFICATION
HydroCHN_00079,,99.15945,29.30445,43061167,51,0.0,1.06,41.4,2899.973353075039,7.853851302999999,reservoir_storage,reservoir_storage,reservoir_storage,potential_or_nonoperating,potential,Unspecified GHT river,operation_type_requires_review;river_group_not_normalized,,1060.0,potential,,,16.7,8.846148697,7853851.302999999,7853851.302999999,0.5297095028143713,0.5297095,False,1.0,False,1.0,615189359.8916262,189407682.04507828,189407682.04507828,189407682.04526773,0.0414653261060602,7853851.302999999,7853851.302999999,False,False,False,0.0313454800028754,0.7531273995357531,18.16282350242818,6117,84.61390495300293,0.0013790130615234,204,963,4.964447021484375e-06,1582019.360668228,2.2662392669007136,2.2662392669007136,0,3,NO_SELECTED_FLAG_NOT_ENGINEERING_CERTIFICATION
HydroCHN_00740,Dala River hydroelectric plant,103.51083,33.97,43034875,62,0.052,0.052,69.92,84.23457852775063,10.459999999999996,reservoir_storage,reservoir_storage,run_of_river,installed,operating,Yangtze-Jinsha system,,达拉河口水电站,52.5,unknown,0.24718073,near_coordinate,17.4,6.94,10459999.999999996,10459999.999999996,0.3988505747126437,0.3988506,False,0.9904761904761904,True,1.0,906600697.908783,253628435.13793945,253628435.13793945,253628435.13819316,0.041241432547974,10459999.999999996,10459999.999999996,False,False,False,1.4372341730769225,1.6940200119999993,41.0756830531466,6117,73.69683837890625,0.0004940032958984,225,948,1.778411865234375e-06,5881652.166452165,2.9792523939384403,2.9792523939384403,0,3,NO_SELECTED_FLAG_NOT_ENGINEERING_CERTIFICATION
HydroCHN_00020,,99.80333,27.1625,43071518,53,0.0,2.8,111.0,2857.087464630788,429.3752239,reservoir_storage,reservoir_storage,reservoir_storage,potential_or_nonoperating,unknown,Unspecified GHT river,operation_type_requires_review;river_group_not_normalized,,2800.0,unknown,,,913.0,483.6247761,429375223.9,429375223.9,0.5297095028477546,0.5297095,False,1.0,False,1.0,86326462200.14648,10592631737.841797,10592631737.841797,10592631737.852392,0.040535273435934,429375223.9,429375223.9,False,False,False,1.739400948872578,110.39398022177964,2723.405342168143,6117,3163.07666015625,0.00823974609375,225,24,2.96630859375e-05,14475069.276497118,122.43397218805744,122.43397218805744,0,3,NO_SELECTED_FLAG_NOT_ENGINEERING_CERTIFICATION
HydroCHN_00184,,103.515,35.85167,43022288,62,0.3245,0.3245,65.32,562.6742079229107,42.32614474,reservoir_storage,reservoir_storage,run_of_river,installed,operating,Unspecified GHT river,operation_type_requires_review;river_group_not_normalized,,324.5,operating,,,90.0,47.67385526,42326144.74,42326144.74,0.529709502888889,0.5297095,False,1.0,False,1.0,8585515462.472534,1057593877.3361206,1057593877.3361206,1057593877.3371783,0.0400211703632109,42326144.74,42326144.74,False,False,False,0.8706386885923472,6.403837767492911,160.01125677656782,6117,360.05145263671875,0.0098609924316406,300,195,3.549957275390625e-05,1192300.1167765483,12.117313880427616,12.117313880427616,0,3,NO_SELECTED_FLAG_NOT_ENGINEERING_CERTIFICATION
HydroCHN_00172,Xiajiang hydroelectric plant,115.12998,27.51668,43068915,36,0.36,0.36,8.57,4757.843602544019,558.2348201,reservoir_storage,reservoir_storage,run_of_river,installed,operating,Other named GHT rivers,river_group_not_normalized,峡江水电站,360.0,operating,0.166460108,near_coordinate,1187.0,628.7651799,558234820.1,558234820.1,0.5297095028643639,0.5297095,False,1.0,False,1.0,81570639025.3601,14054856293.188477,14054856293.188477,14054856293.202534,0.0397182872919151,558234820.1,558234820.1,False,False,False,1.357978886718784,11.081107715625278,278.9925868195682,6117,4476.9541015625,0.1927337646484375,225,18,0.0006938415527343,804556.628094758,159.54218190727863,159.54218190727863,0,3,NO_SELECTED_FLAG_NOT_ENGINEERING_CERTIFICATION
HydroCHN_00061,Xiaowan hydroelectric plant,100.095,24.7175,44007316,53,4.2,4.2,85.63,5555.355165958498,465.0,reservoir_storage,reservoir_storage,reservoir_storage,installed,operating,Lancang-Mekong system,,澜沧江小湾水电站,1350.0,operating,1.612360306,near_coordinate,940.0,475.0,465000000.0,465000000.0,0.5053191489361702,0.5053191,False,3.111111111111111,True,1.0,50546533963.18359,5543931025.854492,1405993077.9052734,11721812565.465826,0.0396696327810221,465000000.0,465000000.0,False,False,False,0.9687849441964284,92.2283266875,278.8653524933574,2988,744.494873046875,0.043914794921875,717,93,0.0001580932617187,2941301.82997452,624.9560396432041,624.9560396432041,0,3,NO_SELECTED_FLAG_NOT_ENGINEERING_CERTIFICATION
HydroCHN_00606,Yutang hydroelectric plant,107.68083,28.72,43063707,52,0.075,0.075,69.0,123.11207630978936,56.905150160000005,reservoir_storage,reservoir_storage,run_of_river,installed,operating,Unspecified GHT river,river_group_not_normalized,鱼塘水电站,75.0,unknown,0.41338744,near_coordinate,121.0,64.09484984,56905150.16,56905150.16,0.5297095028099174,0.5297095,False,1.0,False,1.0,3883559459.765625,1437283247.1508026,1437283247.1508026,1437283247.1522405,0.0395921613034514,56905150.16,56905150.16,False,False,False,5.349795429417001,9.0946522300089,229.7084051637002,6117,1214.7779846191406,0.0069103240966796,225,261,2.4877166748046874e-05,2287444.9786154875,17.02176414019272,17.02176414019272,0,3,NO_SELECTED_FLAG_NOT_ENGINEERING_CERTIFICATION
HydroCHN_00399,Xiaoyantou hydroelectric plant,103.5825,26.9917,43075293,53,0.13,0.13,32.2,457.27342629350335,1.64601674,reservoir_storage,reservoir_storage,run_of_river,installed,operating,Other named GHT rivers,river_group_not_normalized,小岩头水电站,130.0,operating,0.069357998,near_coordinate,3.5,1.85398326,1646016.74,1646016.74,0.5297095028571428,0.5297095,False,1.0,False,1.0,67601156.01749516,43142755.406393856,43142755.406393856,43142755.40643701,0.0381527958632519,1646016.74,1646016.74,False,False,False,0.0416624246686442,0.122765278023605,3.2177269121639247,6108,47.92142677307129,0.0001021027565002,216,3930,3.675699234008789e-07,4478105.076635506,0.5051482989967987,0.5051482989967987,0,3,NO_SELECTED_FLAG_NOT_ENGINEERING_CERTIFICATION
HydroCHN_00005,Xiangjiaba hydroelectric plant,104.3924,28.64333,43063393,51,7.75,7.75,114.2,7686.419475383522,2438.456228,reservoir_storage,reservoir_storage,reservoir_storage,installed,operating,Yangtze-Jinsha system,,金沙江向家坝水电站,7750.0,operating,0.281323553,near_coordinate,5185.0,2746.543772,2438456228.0,2438456228.0,0.5297095027965284,0.5297095,False,1.0,True,1.0,185785769916.6504,15644248004.882812,4804756512.890625,67091741588.111206,0.0363451025458563,2438456228.0,2438456228.0,False,False,False,3.671784125189323,645.0100779915911,1270.9337725746484,3042,2564.482421875,0.095703125,630,6,0.00034453125,7077605.378321995,8036.950723167972,8036.950723167972,0,3,NO_SELECTED_FLAG_NOT_ENGINEERING_CERTIFICATION
HydroCHN_00289,Shannipo hydroelectric plant,104.8245,26.2375,43076874,52,0.186,0.186,109.48,192.4272789379901,39.97469226,reservoir_storage,reservoir_storage,run_of_river,installed,operating,Pearl-Xijiang system,,北盘江善泥坡水电站,185.5,operating,0.033358524,near_coordinate,85.0,45.02530774,39974692.26,39974692.26,0.5297095028235295,0.5297095,False,1.0026954177897571,True,1.0,3351884690.22789,1081561647.7558136,614582177.8254068,1107454732.022393,0.0360960056462079,39974692.26,39974692.26,False,False,False,2.404389085887617,10.136904386102191,155.847623128609,5610,286.9144821166992,0.0010989119366902,276,438,3.95608297208474e-06,10104614.221206414,11.592749661858296,11.592749661858296,0,3,NO_SELECTED_FLAG_NOT_ENGINEERING_CERTIFICATION
HydroCHN_00051,Datengxia hydroelectric plant,110.03062,23.45772,43090813,45,1.6,1.6,56.12,3229.169214683,1613.096405,reservoir_storage,reservoir_storage,reservoir_storage,installed,operating,Pearl-Xijiang system,,黔江大藤峡水利枢纽水电站,1600.0,construction,0.027161162,near_coordinate,3430.0,1816.903595,1613096405.0,1613096405.0,0.5297095029154519,0.5297095,False,1.0,True,1.0,150307290399.02344,28944634314.770508,18974242263.867188,45127728673.86198,0.0357451272732524,1613096405.0,1613096405.0,False,False,False,5.7817029826742585,209.68309483831976,2466.4228546834547,4794,10115.771484375,0.36572265625,867,3,0.0013166015625,1225197.0914701084,3230.7975501965198,3230.7975501965198,0,3,NO_SELECTED_FLAG_NOT_ENGINEERING_CERTIFICATION
HydroCHN_00473,Zilanba hydroelectric plant,105.64102,32.37518,43044193,51,0.102,0.102,19.9,580.5445849703838,18.435387490000004,reservoir_storage,reservoir_storage,run_of_river,installed,operating,Yangtze-Jinsha system,,紫兰坝水电站,102.0,operating,0.128080641,near_coordinate,39.2,20.76461251,18435387.49,18435387.49,0.5297095028061224,0.5297095,False,1.0,True,1.0,1495891539.0266418,525883157.9612732,525883157.9612732,525883157.9617992,0.035056052301525,18435387.49,18435387.49,False,False,False,0.3675385937919025,0.8497492288468788,24.2397296060932,6117,241.68894577026367,0.0002269744873046,372,873,8.17108154296875e-07,22561747.05032008,5.362629915221072,5.362629915221072,0,3,NO_SELECTED_FLAG_NOT_ENGINEERING_CERTIFICATION
HydroCHN_00355,,103.26833,23.80083,43088556,53,0.15,0.15,78.2,217.25660525256947,99.7015854,reservoir_storage,reservoir_storage,run_of_river,installed,operating,Unspecified GHT river,operation_type_requires_review;river_group_not_normalized,,150.0,operating,,,212.0,112.2984146,99701585.4,99701585.4,0.5297095028301887,0.5297095,False,1.0,False,1.0,6831385871.923828,2877938850.888061,2877938850.888061,2877938850.89094,0.0346433995180734,99701585.4,99701585.4,False,False,False,5.31147733520325,18.05902293969105,521.2832225154928,6117,1821.751968383789,0.0129737854003906,225,171,4.6705627441406246e-05,2134680.3557040086,29.516636801747644,29.516636801747644,0,3,NO_SELECTED_FLAG_NOT_ENGINEERING_CERTIFICATION
HydroCHN_00029,,99.1775,28.5833,43063404,51,0.0,2.4,195.96,1387.178324617345,389.8708221,reservoir_storage,reservoir_storage,reservoir_storage,potential_or_nonoperating,construction,Unspecified GHT river,operation_type_requires_review;river_group_not_normalized,,2400.0,construction,,,829.0,439.1291779,389870822.1,389870822.1,0.5297095028950543,0.5297095,False,1.0,False,1.0,76897655288.031,11254294724.3042,11254294724.3042,11254294724.315456,0.0346419595052602,389870822.1,389870822.1,False,False,False,3.252929846312518,176.95938363940095,5108.238280007035,6117,4491.507568359375,0.017547607421875,225,90,6.317138671875e-05,6171636.279503768,112.78895815180653,112.78895815180653,0,3,NO_SELECTED_FLAG_NOT_ENGINEERING_CERTIFICATION
HydroCHN_00474,Jiyu hydroelectric plant,103.84007,31.67423,43047044,51,0.102,0.102,47.6,242.70666472501333,56.74424324,reservoir_storage,reservoir_storage,run_of_river,installed,operating,Other named GHT rivers,river_group_not_normalized,吉鱼水电站,102.0,operating,0.238001052,near_coordinate,120.6578563,63.91361306,56744243.24,56744243.24,0.5297095027205452,0.5297095,False,1.0,False,1.0,8255225380.792236,1640205692.9489136,1640205692.9489136,1640205692.950554,0.0345958092231244,56744243.24,56744243.24,False,False,False,2.7059910995075005,6.25625142206134,180.83841836754303,6117,453.8826751708984,0.01751708984375,216,201,6.30615234375e-05,899823.5397252807,16.216172464077005,16.216172464077005,0,3,NO_SELECTED_FLAG_NOT_ENGINEERING_CERTIFICATION
HydroCHN_00052,Manwan hydroelectric plant,100.44917,24.6214,44007303,53,1.67,1.67,100.0,1891.493940423604,432.6672574,reservoir_storage,reservoir_storage,reservoir_storage,installed,operating,Lancang-Mekong system,,澜沧江漫湾水电站,1550.0,operating,0.168812428,near_coordinate,920.0,487.3327426,432667257.4,432667257.4,0.529709502826087,0.5297095,False,1.0774193548387097,True,1.0,55365478799.08447,5602498482.23877,882681610.4736328,12604494175.940342,0.0343264276503758,432667257.4,432667257.4,False,False,False,2.6474961296744013,100.216553495275,204.4511280259552,3411,1067.390869140625,0.01361083984375,699,75,4.89990234375e-05,8830120.011511708,745.2080668996178,745.2080668996178,0,3,NO_SELECTED_FLAG_NOT_ENGINEERING_CERTIFICATION
HydroCHN_00103,,102.68333,29.32583,43060599,51,0.77,0.77,53.0,1645.5206576953735,188.1161989,reservoir_storage,reservoir_storage,reservoir_storage,installed,operating,Unspecified GHT river,operation_type_requires_review;river_group_not_normalized,,770.0,operating,,,400.0,211.8838011,188116198.9,188116198.9,0.52970950275,0.5297095,False,1.0,False,1.0,41924936136.51123,5626052758.520508,5626052758.520508,5626052758.526135,0.0334366219042142,188116198.9,188116198.9,False,False,False,1.3231500986752842,23.093379722212628,690.6612692019257,6117,1292.24072265625,0.029937744140625,225,69,0.0001077758789062,1745438.7828619324,53.546740417155256,53.546740417155256,0,3,NO_SELECTED_FLAG_NOT_ENGINEERING_CERTIFICATION
HydroCHN_00028,Liyuan hydroelectric plant,100.29167,27.681,43068861,53,2.4,2.4,118.0,2303.656478745889,632.0,reservoir_storage,reservoir_storage,reservoir_storage,installed,operating,Yangtze-Jinsha system,,金沙江梨园水电站,2400.0,operating,0.190044302,near_coordinate,805.0,173.0,632000000.0,632000000.0,0.2149068322981366,0.2149068,False,1.0,True,1.0,88906214775.03662,10976768599.87793,5596966492.3828125,19188476946.20507,0.0329364337655256,632000000.0,632000000.0,False,False,False,3.1753062500000007,172.73665999999997,1529.7488892818392,4350,2526.84326171875,0.06719970703125,576,42,0.0002419189453125,2612445.2517913007,203.8057321508124,203.8057321508124,0,3,NO_SELECTED_FLAG_NOT_ENGINEERING_CERTIFICATION
HydroCHN_00958,Luoshuidong hydroelectric plant,109.37667,29.43167,43060808,43,0.035,0.035,69.8710834,56.736043929372045,13.49733727,reservoir_storage,reservoir_storage,run_of_river,installed,operating,Other named GHT rivers,river_group_not_normalized,落水洞水电站,35.0,unknown,3.199740605,close_coordinate,28.7,15.20266273,13497337.27,13497337.27,0.5297095027874564,0.5297095,False,1.0,False,1.0,1095584955.6318283,420046064.53170776,420046064.53170776,420046064.5321279,0.0321329930445465,13497337.27,13497337.27,False,False,False,2.7534380359725192,2.184394175204865,67.97979174160398,6117,233.9412078857422,0.0032606124877929,225,909,1.1738204956054686e-05,1149863.8267546976,3.983201560668504,3.983201560668504,0,3,NO_SELECTED_FLAG_NOT_ENGINEERING_CERTIFICATION
HydroCHN_00060,Miaowei hydroelectric plant,99.166,25.8535,44005591,53,1.4,1.4,128.616,1232.8820231309378,310.3917281,reservoir_storage,reservoir_storage,reservoir_storage,installed,operating,Lancang-Mekong system,,澜沧江苗尾水电站,1400.0,operating,0.014959111,near_coordinate,660.0,349.6082719,310391728.1,310391728.1,0.5297095028787878,0.5297095,False,1.0,True,1.0,47861811291.57715,6659433910.876465,2057007540.8935547,9722294759.73873,0.0319257681206469,310391728.1,310391728.1,False,False,False,2.913901562037554,92.46780956865838,612.7965546535435,3249,659.888916015625,0.065643310546875,744,132,0.0002363159179687,1313460.9414717704,482.7413246094248,482.7413246094248,0,3,NO_SELECTED_FLAG_NOT_ENGINEERING_CERTIFICATION
HydroCHN_00596,Caoyutan hydroelectric plant,103.239,29.8575,43057899,51,0.075,0.075,18.77,452.5696998068976,59.97219008,reservoir_storage,reservoir_storage,run_of_river,installed,operating,Other named GHT rivers,river_group_not_normalized,槽渔滩水电站,75.0,unknown,6.798583111,moderate_coordinate,127.521586,67.54939592,59972190.08,59972190.08,0.5297095028287995,0.5297095,False,1.0,False,1.0,8116990786.436462,1893288275.2716064,1893288275.2716064,1893288275.2735,0.0316762063459863,59972190.08,59972190.08,False,False,False,1.53373628562968,2.607351685570456,82.3126247218118,6117,598.4856567382812,0.0139999389648437,225,267,5.03997802734375e-05,1189929.5940305418,17.257427345645425,17.257427345645425,0,3,NO_SELECTED_FLAG_NOT_ENGINEERING_CERTIFICATION
HydroCHN_00197,Fuchunjiang hydroelectric plant,119.65333,29.71,43057969,33,0.297,0.297,44.16,761.7559721668218,411.0338945,reservoir_storage,reservoir_storage,run_of_river,installed,operating,Other named GHT rivers,river_group_not_normalized,富春江水电站,297.2,operating,0.348634816,near_coordinate,874.0,462.9661055,411033894.5,411033894.5,0.529709502860412,0.5297095,False,0.9993270524899058,False,1.0,40047536496.47827,13022696434.680176,13022696434.680176,13022696434.6932,0.0315628868845458,411033894.5,411033894.5,False,False,False,6.245224081887879,42.0428485192692,1332.0343184391224,6117,4203.3233642578125,0.070892333984375,261,27,0.0002552124023437,1610556.1121844358,118.37940516993277,118.37940516993277,0,3,NO_SELECTED_FLAG_NOT_ENGINEERING_CERTIFICATION
HydroCHN_00538,Hongyanzi hydroelectric plant,106.06,31.37083,43049569,51,0.09,0.09,11.4,894.1824489868912,166.9531265,reservoir_storage,reservoir_storage,run_of_river,installed,operating,Other named GHT rivers,river_group_not_normalized,紅岩子水电站,90.0,unknown,5.174084846,moderate_coordinate,355.0,188.0468735,166953126.5,166953126.5,0.5297095028169014,0.5297095,False,1.0,False,1.0,29599583785.839844,5550267659.545898,5550267659.545898,5550267659.55145,0.030080193738529,166953126.5,166953126.5,False,False,False,2.1609995311343755,4.408439043514125,146.55620511722435,6117,1468.3865356445312,0.00482177734375,225,168,1.73583984375e-05,9618002.899353024,47.844255007915606,47.844255007915606,0,3,NO_SELECTED_FLAG_NOT_ENGINEERING_CERTIFICATION
HydroCHN_00536,Dapu hydroelectric plant,109.225,24.6554,43083849,45,0.09,0.09,32.476,313.88348067651685,257.7191924,reservoir_storage,reservoir_storage,run_of_river,installed,operating,Other named GHT rivers,river_group_not_normalized,大埔水电站,90.0,operating,0.798356446,near_coordinate,548.0,290.2808076,257719192.4,257719192.4,0.5297095029197081,0.5297095,False,1.0,False,1.0,28989524557.761383,8578979661.964416,8578979661.964416,8578979661.972998,0.0300407743758107,257719192.4,257719192.4,False,False,False,9.503083809059182,19.386290970480733,645.3325978864065,6117,2849.8447265625,0.0167160034179687,225,69,6.01776123046875e-05,4282642.373631117,74.4385092821935,74.4385092821935,0,3,NO_SELECTED_FLAG_NOT_ENGINEERING_CERTIFICATION
HydroCHN_00072,Shatuo hydroelectric plant,108.47207,28.49623,43063545,52,1.12,1.12,74.9,1693.653984373925,276.0,reservoir_storage,reservoir_storage,reservoir_storage,installed,operating,Yangtze-Jinsha system,,乌江沙沱水电站,1120.0,operating,0.128789903,near_coordinate,910.0,634.0,276000000.0,276000000.0,0.6967032967032967,0.6967033,False,1.0,True,1.0,37408208271.78955,6775488952.514648,1105019046.057129,9328632502.377497,0.029586330036011,276000000.0,276000000.0,False,False,False,1.88612578125,47.88244650000001,191.70657737069388,3249,910.4803466796876,0.00701904296875,711,57,2.52685546875e-05,10922666.666666666,1215.837577063527,1215.837577063527,0,3,NO_SELECTED_FLAG_NOT_ENGINEERING_CERTIFICATION
HydroCHN_00448,Waixiong hydroelectric plant,120.21,28.2575,43066225,33,0.048,0.048,11.0,494.2390263491181,145.8448692,reservoir_storage,reservoir_storage,run_of_river,installed,operating,Other named GHT rivers,river_group_not_normalized,外雄水电站,110.0,unknown,10.80512443,broad_coordinate,310.1165557,164.2716865,145844869.20000002,145844869.20000002,0.5297095027035991,0.5297095,False,0.4363636363636363,False,1.0,15477343977.653503,5169874380.262756,5169874380.262756,5169874380.267927,0.0282105247579423,145844869.20000002,145844869.20000002,False,False,False,3.415390589273438,3.715944961129501,131.7219368661197,6117,1762.7239990234375,0.0092239379882812,297,135,3.32061767578125e-05,4392100.610188034,42.27518766573338,42.27518766573338,0,3,NO_SELECTED_FLAG_NOT_ENGINEERING_CERTIFICATION
HydroCHN_00053,Yangfanggou hydroelectric plant,101.2091,28.62583,43063473,51,1.5,1.5,142.6,1191.407190094736,214.3584086,reservoir_storage,reservoir_storage,reservoir_storage,installed,operating,Yangtze-Jinsha system,,雅砻江杨房沟水电站,1500.0,operating,0.04114218,near_coordinate,455.8,241.4415914,214358408.6,214358408.6,0.5297095028521281,0.5297095,False,1.0,True,1.0,40686280693.45093,7235991889.123535,4581346554.217529,7880689815.745797,0.0272004626005844,214358408.6,214358408.6,False,False,False,2.0824115551457747,70.80199287495635,1513.2061681550258,5013,1892.8763427734373,0.0114593505859375,504,42,4.1253662109375e-05,5196106.179172067,918.524967888398,918.524967888398,0,3,NO_SELECTED_FLAG_NOT_ENGINEERING_CERTIFICATION
HydroCHN_00220,,119.5875,27.05667,43072305,35,0.25,0.25,438.0,64.64789395262913,22.10365337,reservoir_storage,reservoir_storage,run_of_river,installed,operating,Unspecified GHT river,operation_type_requires_review;river_group_not_normalized,,250.0,operating,,,47.0,24.89634663,22103653.37,22103653.37,0.5297095027659574,0.5297095,False,1.0,False,1.0,2238440829.7130585,815895976.015091,815895976.015091,815895976.015907,0.0270912641068952,22103653.37,22103653.37,False,False,False,3.957272321964525,22.424543157798976,827.7407458468899,6117,534.7094116210938,0.0072994232177734,324,747,2.6277923583984373e-05,841149.1607910577,6.674613125517658,6.674613125517658,0,3,NO_SELECTED_FLAG_NOT_ENGINEERING_CERTIFICATION
HydroCHN_00793,Wangcun hydroelectric plant,111.23297,23.53286,43088601,45,0.06,0.06,94.36159388,72.018565317396,217.7445002,reservoir_storage,reservoir_storage,run_of_river,installed,operating,Other named GHT rivers,river_group_not_normalized,旺村水利枢纽,49.0,unknown,0.078716274,near_coordinate,463.0,245.2554998,217744500.2,217744500.2,0.5297095028077754,0.5297095,False,1.2244897959183674,False,1.0,24160902047.602844,8071650192.027283,8071650192.027283,8071650192.035356,0.026976454011208,217744500.2,217744500.2,False,False,False,34.99362925976378,47.59133579327874,1764.18056181358,6117,2979.261962890625,0.0379104614257812,225,144,0.0001364776611328,1595458.9080194093,63.46384535184399,63.46384535184399,0,3,NO_SELECTED_FLAG_NOT_ENGINEERING_CERTIFICATION
HydroCHN_00124,Suofengying hydroelectric plant,106.37235,26.96985,43074395,52,0.6,0.6,81.4,834.863220184321,94.5283899,reservoir_storage,reservoir_storage,run_of_river,installed,operating,Other named GHT rivers,river_group_not_normalized,乌江索风营水电站,600.0,operating,0.096816463,near_coordinate,201.0,106.4716101,94528389.9,94528389.9,0.5297095029850747,0.5297095,False,1.0,False,1.0,13800759814.434814,3585103181.048584,3585103181.048584,3585103181.05217,0.0263669928384759,94528389.9,94528389.9,False,False,False,1.3104884253542812,17.822642584818226,675.945212788648,6117,943.4221801757812,0.0047760009765625,252,99,1.7193603515625e-05,5497881.221588924,27.201308263537317,27.201308263537317,0,3,NO_SELECTED_FLAG_NOT_ENGINEERING_CERTIFICATION
HydroCHN_00305,Tianhuaban hydroelectric plant,103.27417,27.048,43071568,53,0.18,0.18,98.44,207.10442743702887,36.2,reservoir_storage,reservoir_storage,run_of_river,installed,operating,Other named GHT rivers,river_group_not_normalized,天花板水电站,180.0,operating,0.042584283,near_coordinate,78.7,42.5,36200000.0,36200000.0,0.5400254129606099,0.5400254,False,1.0,False,1.0,3567854237.887573,1397125042.90123,1397125042.90123,1397125042.9026272,0.0259103508192737,36200000.0,36200000.0,False,False,False,2.0230445416666667,8.25402173,318.5607862882302,6117,549.8569030761719,0.00018310546875,225,390,6.591796875e-07,54916740.74074074,10.605412458643334,10.605412458643334,0,3,NO_SELECTED_FLAG_NOT_ENGINEERING_CERTIFICATION
HydroCHN_00033,Ertan hydroelectric plant,101.7275,26.8375,43074199,51,3.3,3.3,128.8,2901.927513016464,376.0,reservoir_storage,reservoir_storage,reservoir_storage,installed,operating,Yangtze-Jinsha system,,雅砻江二滩水电站,2160.0,operating,8.697245941,moderate_coordinate,1718.0,1342.0,376000000.0,376000000.0,0.7811408614668219,0.7811409,False,1.5277777777777777,True,1.0,56477336753.32031,7078637543.005371,1095085471.1791992,14744800257.042946,0.0255005149914052,376000000.0,376000000.0,False,False,False,1.499641818181818,112.17320800000002,326.7001338733041,2553,838.63671875,0.006103515625,1077,54,2.197265625e-05,17112177.777777776,1693.0936132783054,1693.0936132783054,0,3,NO_SELECTED_FLAG_NOT_ENGINEERING_CERTIFICATION
HydroCHN_00460,Xiuguan hydroelectric plant,106.26742,30.26842,43055082,51,0.108,0.108,67.40044351,181.48865593630384,249.5878298,reservoir_storage,reservoir_storage,run_of_river,installed,operating,Yangtze-Jinsha system,,秀观水电站,108.0,operating,0.223328552,near_coordinate,530.709915,281.1220852,249587829.8,249587829.8,0.5297095027892968,0.5297095,False,1.0,True,1.0,35764987409.747314,4535014079.11377,117374214.7705078,10047624086.0959,0.0248404824525018,249587829.8,249587829.8,False,False,False,15.916961945579905,38.96472284277961,18.32402545863927,2883,960.449462890625,0.007110595703125,810,678,2.559814453125e-05,9750231.290994754,678.0194076997108,678.0194076997108,0,3,NO_SELECTED_FLAG_NOT_ENGINEERING_CERTIFICATION
HydroCHN_01154,Yongxi Stage 3 hydroelectric plant,118.43833,25.72917,43079015,35,0.04,0.04,52.37786164,86.49693336736702,16.4601674,reservoir_storage,reservoir_storage,run_of_river,installed,operating,Other named GHT rivers,river_group_not_normalized,涌溪三级水库电站,25.0,unknown,14.82609456,broad_coordinate,35.0,18.5398326,16460167.4,16460167.4,0.5297095028571429,0.5297095,False,1.6,False,1.0,1509191301.2849808,668373980.3386688,668373980.3386688,668373980.3393373,0.0246271816141661,16460167.4,16460167.4,False,False,False,2.202519665640933,1.9969511635144457,81.08727968951797,6117,691.6039543151855,0.0003433227539062,216,1281,1.2359619140625e-06,13317697.91020247,5.263872676543673,5.263872676543673,0,3,NO_SELECTED_FLAG_NOT_ENGINEERING_CERTIFICATION
HydroCHN_00045,,100.03472,26.90638,43071512,53,1.8,1.8,111.0,1836.6990844055065,262.4220974,reservoir_storage,reservoir_storage,reservoir_storage,installed,operating,Unspecified GHT river,operation_type_requires_review;river_group_not_normalized,,1800.0,operating,,,558.0,295.5779026,262422097.4,262422097.4,0.5297095028673835,0.5297095,False,1.0,False,1.0,87453362095.64209,10740073976.586914,10740073976.586914,10740073976.597656,0.0244339189815462,262422097.4,262422097.4,False,False,False,1.6536692481471873,67.46970532440524,2761.313294657908,6117,2876.828125,0.0205078125,225,48,7.3828125e-05,3554500.366899471,75.77185518063231,75.77185518063231,0,3,NO_SELECTED_FLAG_NOT_ENGINEERING_CERTIFICATION
HydroCHN_00382,,107.78,28.9475,43063693,52,0.135,0.135,77.74,196.6879325659357,42.147434360000005,reservoir_storage,reservoir_storage,run_of_river,installed,operating,Unspecified GHT river,operation_type_requires_review;river_group_not_normalized,,135.0,operating,,,89.62,47.47256564,42147434.36000001,42147434.36000001,0.5297095027895559,0.5297095,False,1.0,False,1.0,5380840828.406525,1809349861.5348816,1809349861.5348816,1809349861.5366917,0.0232942424546925,42147434.36000001,42147434.36000001,False,False,False,2.4801599211038723,7.58928935857785,325.8010803884904,6117,1199.8629455566406,0.026275634765625,225,225,9.459228515625e-05,445569.4699666022,12.907483601126106,12.907483601126106,0,3,NO_SELECTED_FLAG_NOT_ENGINEERING_CERTIFICATION
HydroCHN_00739,Pubugou hydroelectric plant,102.85,29.2075,43060594,51,3.6,3.6,56.0,7281.1999417504,198.4476414,reservoir_storage,reservoir_storage,reservoir_storage,installed,operating,Yangtze-Jinsha system,,大渡河瀑布沟水电站,52.5,unknown,0.280169617,near_coordinate,421.9682145,223.5205731,198447641.4,198447641.4,0.529709502799529,0.5297095,False,68.57142857142857,True,1.0,45129965421.42334,6224780364.587402,1830446830.3710935,8665758666.701101,0.022900204013591,198447641.4,198447641.4,False,False,False,0.31544906330875,25.740643565994,237.42725836743452,4140,1673.0582275390625,0.06787109375,666,78,0.0002443359375,812191.7857458034,268.5508625114837,268.5508625114837,0,3,NO_SELECTED_FLAG_NOT_ENGINEERING_CERTIFICATION
HydroCHN_00125,Dahua hydroelectric plant,107.97917,23.72917,43088509,45,0.566,0.566,39.2,1635.3806218375896,453.3600393,reservoir_storage,reservoir_storage,run_of_river,installed,operating,Pearl-Xijiang system,,红水河大化水电站,566.0,operating,0.323549053,near_coordinate,964.0,510.6399607,453360039.3,453360039.3,0.5297095028008298,0.5297095,False,1.0,True,1.0,63855835202.0874,12383543029.504396,1657235856.8847656,20751767781.528023,0.0218468153688358,453360039.3,453360039.3,False,False,False,3.208563564356847,41.16373148832211,150.47204409756608,3456,1856.422607421875,0.108978271484375,696,33,0.0003923217773437,1155582.140684402,2493.9209974573923,2493.9209974573923,0,3,NO_SELECTED_FLAG_NOT_ENGINEERING_CERTIFICATION
HydroCHN_00618,Jinjitan hydroelectric plant,107.65333,23.23,43090837,45,0.072,0.072,14.5,562.4099265352033,108.5900758,reservoir_storage,reservoir_storage,run_of_river,installed,operating,Pearl-Xijiang system,,金鸡滩水电站,72.0,unknown,0.778070454,near_coordinate,230.9,122.3099242,108590075.8,108590075.8,0.5297095028150715,0.5297095,False,1.0,False,1.0,25059603944.55872,5054081627.252197,5054081627.252197,5054081627.257253,0.0214856197047473,108590075.8,108590075.8,False,False,False,2.2347215468997392,3.647065564540375,169.74449025228208,6117,1570.792724609375,0.0134658813476562,321,63,4.84771728515625e-05,2240024.931579729,31.734702669086555,31.734702669086555,0,3,NO_SELECTED_FLAG_NOT_ENGINEERING_CERTIFICATION
HydroCHN_00252,Honghua hydroelectric plant,109.57917,24.19333,43086160,45,0.231,0.231,17.0,1539.0457916092023,268.0655834,reservoir_storage,reservoir_storage,run_of_river,installed,operating,Other named GHT rivers,river_group_not_normalized,红花水电站,228.0,operating,0.890816586,near_coordinate,570.0,301.9344166,268065583.4,268065583.4,0.5297095028070176,0.5297095,False,1.013157894736842,False,1.0,50053082838.94501,12543317547.253418,12543317547.253418,12543317547.265965,0.021371186880175,268065583.4,268065583.4,False,False,False,2.015931518020292,10.555417428354248,493.90880757003737,6117,4119.009033203125,0.1431884765625,306,57,0.0005154785156249,520032.5043129677,78.58167108883826,78.58167108883826,0,3,NO_SELECTED_FLAG_NOT_ENGINEERING_CERTIFICATION
HydroCHN_00205,Shuhe hydroelectric plant,109.7,32.93,43041033,61,0.276,0.276,211.6,147.73449157174727,82.7711275,reservoir_storage,reservoir_storage,run_of_river,installed,operating,Yangtze-Jinsha system,,蜀河水电站,276.0,unknown,0.389711638,near_coordinate,176.0,93.2288725,82771127.5,82771127.5,0.529709502840909,0.5297095,False,1.0,True,1.0,18377795884.9823,3443566289.804077,594827192.5598145,3941111476.6244254,0.0210019757093736,82771127.5,82771127.5,False,False,False,6.484600520078125,40.56766085360875,291.5358113766274,3447,471.03033447265625,0.0018310546875,564,117,6.591796875e-06,12556686.601481482,361.4849249140995,361.4849249140995,0,3,NO_SELECTED_FLAG_NOT_ENGINEERING_CERTIFICATION
HydroCHN_00650,Yangtoupu hydroelectric plant,108.33333,29.4825,43060867,50,0.04,0.04,64.4,70.3497578913082,13.92059872,reservoir_storage,reservoir_storage,run_of_river,installed,operating,Other named GHT rivers,river_group_not_normalized,羊头铺水电站,66.0,unknown,1.718195699,near_coordinate,29.6,15.67940128,13920598.72,13920598.72,0.5297095027027027,0.5297095,False,0.6060606060606061,False,1.0,2237511716.6542053,672891663.9083862,672891663.9083862,672891663.9090593,0.0206877265191999,13920598.72,13920598.72,False,False,False,2.290243002537,2.07648698896688,100.3728943843903,6117,203.50289916992188,0.0111331939697265,225,375,4.007949829101562e-05,347324.67504765384,4.07033587695277,4.07033587695277,0,3,NO_SELECTED_FLAG_NOT_ENGINEERING_CERTIFICATION
HydroCHN_00210,Lingjintan hydroelectric plant,111.21137,28.75947,43063498,43,0.27,0.27,49.68,615.5603815489469,304.7482422,reservoir_storage,reservoir_storage,run_of_river,installed,operating,Yuanjiang-Red River named system,,沅江凌津滩水电站,270.0,operating,0.314968454,near_coordinate,648.0,343.2517578,304748242.2,304748242.2,0.5297095027777778,0.5297095,False,1.0,True,1.0,70941206816.01562,9895988366.455078,1203668153.3935552,15391575970.684946,0.0197996776145879,304748242.2,304748242.2,False,False,False,5.730028823965499,35.067776402668855,138.5076591795958,2199,3354.441162109375,0.0525207519531285,705,186,0.0001890747070312,1611787.4621358584,1107.519054807966,1107.519054807966,0,3,NO_SELECTED_FLAG_NOT_ENGINEERING_CERTIFICATION
HydroCHN_00572,Tongtou hydroelectric plant,102.915,30.13417,43055514,51,0.08,0.08,69.0,131.31954806377533,10.58153619,reservoir_storage,reservoir_storage,run_of_river,installed,operating,Other named GHT rivers,river_group_not_normalized,铜头水电站,80.0,operating,0.827715156,near_coordinate,22.5,11.91846381,10581536.19,10581536.19,0.5297095026666667,0.5297095,False,1.0,False,1.0,2119267072.2759247,537870998.5736847,537870998.5736847,537870998.5742227,0.019673000065163,10581536.19,10581536.19,False,False,False,0.9326218791209764,1.6911543408060374,85.96321533079451,6117,278.0061569213867,0.0003366470336914,207,564,1.2119293212890624e-06,8731149.584486496,3.217321765258937,3.217321765258937,0,3,NO_SELECTED_FLAG_NOT_ENGINEERING_CERTIFICATION
HydroCHN_00391,Ziyili hydroelectric plant,104.32273,32.73857,43043157,51,0.13,0.13,445.0,33.08809961045126,0.2389075729999999,reservoir_storage,reservoir_storage,run_of_river,installed,operating,Other named GHT rivers,river_group_not_normalized,自一里水电站,130.0,operating,0.004359039,near_coordinate,0.508,0.269092427,238907.5729999999,238907.5729999999,0.529709501968504,0.5297095,False,1.0,False,1.0,20574769.81678456,12619494.466699474,12619494.466699474,12619494.466712097,0.0189316278580092,238907.5729999999,238907.5729999999,False,False,False,0.083568835300709,0.2462495013527561,13.007307306029231,6102,15.626693576574326,0.0001202523708343,177,5136,4.329085350036621e-07,551866.1649809674,0.0819899082998785,0.0819899082998785,0,3,NO_SELECTED_FLAG_NOT_ENGINEERING_CERTIFICATION
HydroCHN_01094,Baishi hydroelectric plant,109.62417,26.95,43071952,52,0.42,0.42,55.87650599,851.3507679706408,41.32892946,reservoir_storage,reservoir_storage,run_of_river,installed,operating,Pearl-Xijiang system,,清水江白市水电站,27.0,unknown,15.13585861,broad_coordinate,87.87957594,46.55064648,41328929.46,41328929.46,0.5297095028289914,0.5297095,False,15.555555555555555,False,1.0,6127095746.011734,2235121510.1371765,2235121510.1371765,2235121510.1394124,0.0184906857513183,41328929.46,41328929.46,False,False,False,0.5618648728213964,5.348953589259692,289.2782702162882,6117,838.704345703125,0.0255107879638671,390,144,9.183883666992189e-05,450015.8207419415,12.31896252904978,12.31896252904978,0,3,NO_SELECTED_FLAG_NOT_ENGINEERING_CERTIFICATION
HydroCHN_00416,Dayuandu hydroelectric plant,112.86122,27.14538,43071552,43,0.12,0.12,11.24,1209.2146996975753,212.1010142,reservoir_storage,reservoir_storage,run_of_river,installed,operating,Other named GHT rivers,river_group_not_normalized,大源渡水电站,120.0,operating,0.122052832,near_coordinate,451.0,238.8989858,212101014.2,212101014.2,0.5297095028824833,0.5297095,False,1.0,False,1.0,64737015528.18604,11483641217.504885,11483641217.504885,11483641217.516369,0.0184698398515338,212101014.2,212101014.2,False,False,False,2.030138113728688,5.521975669342031,298.9725798233135,6117,3012.348388671875,0.036376953125,225,51,0.00013095703125,1619622.9570529456,61.929296777623705,61.929296777623705,0,3,NO_SELECTED_FLAG_NOT_ENGINEERING_CERTIFICATION
HydroCHN_00643,Koktokay hydroelectric plant,89.51083,46.98417,31080549,65,0.065,0.065,85.1,86.51118875823039,8.2300837,reservoir_storage,reservoir_storage,run_of_river,installed,operating,Other named GHT rivers,river_group_not_normalized,可可托海水电站,69.0,operating,23.777797,broad_coordinate,17.5,9.2699163,8230083.7,8230083.7,0.5297095028571429,0.5297095,False,0.9420289855072465,False,1.0,1759548877.25029,451192784.3399048,451192784.3399048,451192784.34035605,0.01824072544075,8230083.7,8230083.7,False,False,False,1.1010783662427404,1.6222554595976373,88.93590690049359,6117,155.79334259033203,0.0076980590820312,363,888,2.77130126953125e-05,296975.4241620967,2.4419277037048857,2.4419277037048857,0,3,NO_SELECTED_FLAG_NOT_ENGINEERING_CERTIFICATION
HydroCHN_00119,Letan hydroelectric plant,108.60583,23.96917,43088500,45,0.6,0.6,31.5,2157.392575333452,446.7759723,reservoir_storage,reservoir_storage,run_of_river,installed,operating,Pearl-Xijiang system,,红水河乐滩水电站,600.0,operating,0.28653459,near_coordinate,950.0,503.2240277,446775972.3,446775972.3,0.5297095028421053,0.5297095,False,1.0,True,1.0,74302868200.3418,13756477637.658691,2839451011.303711,24656048558.07001,0.0181203395689196,446775972.3,446775972.3,False,False,False,2.396883282643828,32.597612643956055,207.1716697553649,3144,1999.67041015625,0.051116943359375,708,45,0.0001840209960937,2427853.243835224,2663.476196587458,2663.476196587458,0,3,NO_SELECTED_FLAG_NOT_ENGINEERING_CERTIFICATION
HydroCHN_00302,Maojiahe hydroelectric plant,104.6575,26.3447,43076886,52,0.18,0.18,68.54,297.4519964531824,6.718000000000001,reservoir_storage,reservoir_storage,run_of_river,installed,operating,Other named GHT rivers,duplicate_comid;river_group_not_normalized,清水河毛家河水电站,180.0,operating,0.009964641,near_coordinate,12.034,5.316,6718000.000000001,6718000.000000001,0.4417483795911583,0.4417484,False,1.0,False,0.4390243902439024,2315097572.504425,385726346.76199216,385726346.7619919,385726346.76237774,0.0174164924340481,6718000.000000001,6718000.000000001,False,False,False,0.2614022785416667,1.0665212964500002,61.23628511811878,6117,112.27743306974084,0.0010400167325647,213,1095,3.7440602372332313e-06,1794308.73819606,1.978388544183831,1.978388544183831,0,3,NO_SELECTED_FLAG_NOT_ENGINEERING_CERTIFICATION
HydroCHN_00775,Xiaqiao hydroelectric plant,107.90333,24.96167,43083984,45,0.05,0.05,63.02,89.86282942320392,23.04423436,reservoir_storage,reservoir_storage,run_of_river,installed,operating,Other named GHT rivers,river_group_not_normalized,下桥水电站,50.0,unknown,4.235147562,close_coordinate,49.0,25.95576564,23044234.36,23044234.36,0.5297095028571428,0.5297095,False,1.0,False,1.0,4613003131.08176,1359230671.7521906,1359230671.7521906,1359230671.7535503,0.0169538804846645,23044234.36,23044234.36,False,False,False,2.968031133394215,3.363768617846777,198.40700309796765,6117,476.6399841308594,0.0048828125,360,156,1.7578125e-05,1310960.8880355556,6.877816195249848,6.877816195249848,0,3,NO_SELECTED_FLAG_NOT_ENGINEERING_CERTIFICATION
HydroCHN_00159,Pingban hydroelectric plant,105.49,24.81917,43083783,45,0.405,0.405,57.04,804.1998533139468,130.7407582,reservoir_storage,reservoir_storage,run_of_river,installed,operating,Pearl-Xijiang system,,南盘江平班水电站,405.0,operating,0.162176742,near_coordinate,278.0,147.2592418,130740758.2,130740758.2,0.5297095028776979,0.5297095,False,1.0,True,1.0,20188850594.869995,6732220484.014893,1141243574.1394043,7741537264.03057,0.0168882166087941,130740758.2,130740758.2,False,False,False,1.8816258342647032,17.273325158549977,150.77984564736653,3444,548.0130615234375,0.02532958984375,927,243,9.11865234375e-05,1433772.8128171351,838.1940306754084,838.1940306754084,0,3,NO_SELECTED_FLAG_NOT_ENGINEERING_CERTIFICATION
HydroCHN_00603,Luodong hydroelectric plant,108.855,24.52925,43083837,45,0.075,0.075,43.24,196.45544091987665,87.00374198,reservoir_storage,reservoir_storage,run_of_river,installed,operating,Other named GHT rivers,river_group_not_normalized,洛东水电站,75.0,unknown,0.011543123,near_coordinate,185.0,97.99625802,87003741.98,87003741.98,0.5297095028108108,0.5297095,False,1.0,False,1.0,16737715496.400118,5168618836.159515,5168618836.159515,5168618836.164685,0.0168330737355281,87003741.98,87003741.98,False,False,False,5.125781956880711,8.713829326697208,517.6612105189637,6117,2159.3602294921875,0.019622802734375,393,66,7.064208984375e-05,1231613.3649562122,26.32706633507507,26.32706633507507,0,3,NO_SELECTED_FLAG_NOT_ENGINEERING_CERTIFICATION
HydroCHN_00167,Yinjiang hydroelectric plant,101.77295,26.59295,43074171,51,0.39,0.39,72.11869134,612.4988149286131,473.4991924000001,reservoir_storage,reservoir_storage,run_of_river,installed,operating,Yangtze-Jinsha system,,金沙江银江水电站,390.0,construction,0.252864113,near_coordinate,1006.822794,533.3236016,473499192.4000001,473499192.4000001,0.5297095027826714,0.5297095,False,1.0,True,1.0,103442733858.36182,13609766619.360352,495339694.8486328,28297322005.010803,0.0167330036501741,473499192.4000001,473499192.4000001,False,False,False,8.947469926926447,79.09563415402978,82.7439791124683,2223,1944.52099609375,0.002685546875,732,249,9.66796875e-06,48976078.08258587,922.334375003785,922.334375003785,0,3,NO_SELECTED_FLAG_NOT_ENGINEERING_CERTIFICATION
HydroCHN_00744,Sichuan Xiaolongmen hydroelectric plant,106.09125,30.78875,43052385,51,0.052,0.052,16.0,368.1051081662703,112.8697193,reservoir_storage,reservoir_storage,run_of_river,installed,operating,Yangtze-Jinsha system,duplicate_comid,小龙门航电枢纽,52.0,unknown,4.372377119,close_coordinate,240.0,127.1302807,112869719.3,112869719.3,0.5297095029166666,0.5297095,False,1.0,True,0.3823529411764705,33550361976.92871,2086711973.7751684,403782438.6374158,6769319695.560968,0.0166737167656618,112869719.3,112869719.3,False,False,False,3.548884443374999,4.182951797258,14.96417717590263,2958,161.88836131376377,0.0285411161534926,978,192,0.0001027480181525,1098509.9404291816,622.3055957963915,622.3055957963915,0,3,NO_SELECTED_FLAG_NOT_ENGINEERING_CERTIFICATION
HydroCHN_00143,Qiaogong hydroelectric plant,108.95,23.625,43088488,45,0.48,0.48,24.3,2237.2960040495054,424.6723189,reservoir_storage,reservoir_storage,run_of_river,installed,operating,Pearl-Xijiang system,,红水河桥巩水电站,456.0,unknown,0.444784667,near_coordinate,903.0,478.3276811,424672318.9,424672318.9,0.5297095028792913,0.5297095,False,1.0526315789473684,True,1.0,77611285787.69531,12756787166.052246,1497437851.9042969,26153486409.97581,0.0162376943648329,424672318.9,424672318.9,False,False,False,2.196932755996934,23.90262838524664,84.28310231470186,2193,2132.9306640625,0.0723876953125,1032,36,0.000260595703125,1629621.3399048154,2779.436343122093,2779.436343122093,0,3,NO_SELECTED_FLAG_NOT_ENGINEERING_CERTIFICATION
HydroCHN_01843,,95.57922,34.21833,43030951,63,0.0,0.9311614983,44.16,2388.2755299051546,134.7397898,reservoir_storage,reservoir_storage,reservoir_storage,potential_or_nonoperating,potential,Unspecified GHT river,operation_type_requires_review;river_group_not_normalized,,931.1614983,potential,,,329.0222891,194.2824993,134739789.8,134739789.8,0.5904843098363818,0.5904843,False,1.0,False,1.0,40856768597.01676,8336668211.735058,8336668211.735058,8336668211.743396,0.0161623068566168,134739789.8,134739789.8,False,False,False,0.652976714094752,13.78194024356688,852.7211100382474,6117,3488.5196533203125,0.0040376782417297,225,582,1.453564167022705e-05,9269614.15648982,40.91623904225112,40.91623904225112,0,3,NO_SELECTED_FLAG_NOT_ENGINEERING_CERTIFICATION
HydroCHN_00563,Shuidong hydroelectric plant,118.19417,26.1777,43076784,35,0.08,0.08,57.96,156.33279531401826,33.480000000000004,reservoir_storage,reservoir_storage,run_of_river,installed,operating,Pearl-Xijiang system,,水东水电站,80.0,unknown,1.160694628,near_coordinate,107.62,74.14,33480000.000000004,33480000.000000004,0.688905407916744,0.6889054,False,1.0,True,1.0,5718147846.096039,2082097336.9743347,1359634856.10993,2090707519.33004,0.0160137176962603,33480000.000000004,33480000.000000004,False,False,False,2.47868656875,4.494684978,182.5307754875297,5886,876.154772472989,0.0025458487735432,243,555,9.165055584755665e-06,3653005.668147573,213.25189455547013,213.25189455547013,0,3,NO_SELECTED_FLAG_NOT_ENGINEERING_CERTIFICATION
HydroCHN_00919,Yemao hydroelectric plant,108.47333,24.56,43083943,45,0.038,0.038,26.22,164.14943507971918,50.3210832,reservoir_storage,reservoir_storage,run_of_river,installed,operating,Other named GHT rivers,river_group_not_normalized,叶茂水电站,37.5,unknown,8.537905615,moderate_coordinate,107.0,56.6789168,50321083.2,50321083.2,0.5297095028037383,0.5297095,False,1.0133333333333334,False,1.0,10740360974.36106,3203493467.5603867,3203493467.5603867,3203493467.563591,0.015708189733963,50321083.2,50321083.2,False,False,False,3.548108125755,3.0561037989836395,194.55480553388745,6117,1139.0768432617188,0.0289649963378906,369,87,0.0001042739868164,482585.2040029852,15.117155509944505,15.117155509944505,0,3,NO_SELECTED_FLAG_NOT_ENGINEERING_CERTIFICATION
HydroCHN_00777,Guizhou Huidong hydroelectric plant,106.54917,25.63167,43079069,52,0.05,0.05,82.8,68.395597949883,2.001,reservoir_storage,reservoir_storage,run_of_river,installed,operating,Other named GHT rivers,duplicate_comid;river_group_not_normalized,灰洞水电站,50.0,unknown,10.33311229,broad_coordinate,2.56,0.559,2001000.0,2001000.0,0.218359375,0.2183594,False,1.0,False,0.1724137931034483,1994283574.548912,127830038.16959804,127830038.16959776,127830038.1697256,0.0156535977666155,2001000.0,2001000.0,False,False,False,0.3386142224999999,0.3837627854999999,24.51594778537539,6117,48.00824395541488,0.0001571918356007,225,1620,5.658906081627155e-07,3536019.10181311,0.603841577290352,0.603841577290352,0,3,NO_SELECTED_FLAG_NOT_ENGINEERING_CERTIFICATION
HydroCHN_01476,Zaoshi hydroelectric plant,111.28325,29.64925,43058126,43,0.12,0.12,34.88463987,389.6148355049866,8.347656325,reservoir_storage,reservoir_storage,run_of_river,installed,operating,Other named GHT rivers,river_group_not_normalized,皂市水电站,15.0,unknown,5.466666005,moderate_coordinate,17.75,9.402343675,8347656.325000001,8347656.325000001,0.5297095028169013,0.5297095,False,8.0,False,1.0,1746459494.254303,569314653.2157898,569314653.2157898,569314653.2163593,0.0146626409101534,8347656.325000001,8347656.325000001,False,False,False,0.247979244746255,0.6745035457098136,46.00150476590244,6117,329.2566146850586,0.0004253387451171,225,804,1.531219482421875e-06,5451639.311561535,2.648050038299818,2.648050038299818,0,3,NO_SELECTED_FLAG_NOT_ENGINEERING_CERTIFICATION
HydroCHN_00746,Mengli hydroelectric plant,113.52583,24.68167,43083882,44,0.05,0.05,57.96,97.7079970712614,85.12257999,reservoir_storage,reservoir_storage,run_of_river,installed,operating,Other named GHT rivers,river_group_not_normalized,濛浬水电站,52.0,unknown,11.53174963,broad_coordinate,181.0,95.87742001,85122579.99000001,85122579.99000001,0.5297095028176795,0.5297095,False,0.9615384615384616,False,1.0,21209553511.647038,5959543503.488159,5959543503.488159,5959543503.494121,0.0142834060931163,85122579.99000001,85122579.99000001,False,False,False,10.083259054650446,11.427693595270505,800.0678214117598,6117,1878.9903564453125,0.0081939697265625,225,207,2.9498291015625e-05,2885678.3582788333,25.524151464805172,25.524151464805172,0,3,NO_SELECTED_FLAG_NOT_ENGINEERING_CERTIFICATION
HydroCHN_00396,Qingshuitang hydroelectric plant,110.36667,27.755,43068921,43,0.128,0.128,9.5,1526.0713796042944,123.6864008,reservoir_storage,reservoir_storage,run_of_river,installed,operating,Yuanjiang-Red River named system,,沅江清水塘水电站,130.0,unknown,0.406182495,near_coordinate,263.0,139.3135992,123686400.8,123686400.8,0.529709502661597,0.5297095,False,0.9846153846153848,True,1.0,37509397753.8208,6784021776.489258,353369059.9914551,8797835530.242565,0.0140587307383535,123686400.8,123686400.8,False,False,False,0.9380659279423827,2.7216419456035,7.775665309449475,2490,1345.8623657226562,0.012603759765625,723,399,4.537353515625e-05,2725959.0943061607,285.81135543756983,285.81135543756983,0,3,NO_SELECTED_FLAG_NOT_ENGINEERING_CERTIFICATION
HydroCHN_00364,Anjiang hydroelectric plant,110.10167,27.2839,43071600,43,0.14,0.14,34.96,453.5708074571188,109.1073953,reservoir_storage,reservoir_storage,run_of_river,installed,operating,Yuanjiang-Red River named system,,沅江安江水电站,140.0,operating,0.303390267,near_coordinate,232.0,122.8926047,109107395.3,109107395.3,0.5297095030172414,0.5297095,False,1.0,True,1.0,35262717254.98352,7273323278.942871,1117708499.1027832,7831962240.251364,0.0139310420496228,109107395.3,109107395.3,False,False,False,2.784167443031196,8.835091352552329,90.50767519419688,4065,402.38525390625,0.0022125244140625,408,135,7.965087890625e-06,13698203.560116475,223.67994370877503,223.67994370877503,0,3,NO_SELECTED_FLAG_NOT_ENGINEERING_CERTIFICATION
HydroCHN_00096,Huangjinping hydroelectric plant,102.1775,30.12417,43055093,51,0.85,0.85,87.86,1095.761935741581,65.8406696,reservoir_storage,reservoir_storage,reservoir_storage,installed,operating,Yangtze-Jinsha system,duplicate_comid,黄金坪水电站,850.0,operating,0.309388804,near_coordinate,140.0,74.1593304,65840669.6,65840669.6,0.5297095028571429,0.5297095,False,1.0,True,0.779816513761468,34351063708.39233,3541685327.9810934,258824281.61895475,4749357296.59563,0.0138630693561832,65840669.6,65840669.6,False,False,False,0.6954473979982764,13.39895320143346,52.67222307846956,1404,682.6934702462014,0.0108323403454706,1269,150,3.899642524369433e-05,1688377.0547826393,184.88180832208957,184.88180832208957,0,3,NO_SELECTED_FLAG_NOT_ENGINEERING_CERTIFICATION
HydroCHN_00646,Jingnan hydroelectric plant,111.04125,23.72458,43088624,45,0.069,0.069,31.40328,248.8642780036172,114.2805908,reservoir_storage,reservoir_storage,run_of_river,installed,operating,Other named GHT rivers,river_group_not_normalized,京南水电站,69.0,unknown,0.633752485,near_coordinate,243.0,128.7194092,114280590.8,114280590.8,0.5297095028806584,0.5297095,False,1.0,False,1.0,23442666967.58423,8286942993.077087,8286942993.077087,8286942993.085376,0.0137904400809026,114280590.8,114280590.8,False,False,False,5.314913147675309,8.312524162964184,602.7743940142461,6117,3137.7568359375,0.0048675537109375,225,144,1.7523193359374998e-05,6521676.069896204,34.88236539152894,34.88236539152894,0,3,NO_SELECTED_FLAG_NOT_ENGINEERING_CERTIFICATION
HydroCHN_01828,,100.35087,35.78004,43022264,63,0.0,1.2507464110000002,69.92,2026.078784147726,122.39826029999998,reservoir_storage,reservoir_storage,reservoir_storage,potential_or_nonoperating,potential,Unspecified GHT river,operation_type_requires_review;river_group_not_normalized,,1250.746411,potential,,,298.8853986,176.4871383,122398260.29999998,122398260.29999998,0.5904843097945837,0.5904843,False,1.0,False,1.0,54470741287.08801,8960308945.339966,8960308945.339966,8960308945.348928,0.0136600491173391,122398260.29999998,122398260.29999998,False,False,False,0.699206043878454,19.822667531757656,1451.1417463774872,6117,2037.8721923828125,0.02197265625,252,45,7.91015625e-05,1547355.784533333,36.03738894241985,36.03738894241985,0,3,NO_SELECTED_FLAG_NOT_ENGINEERING_CERTIFICATION
HydroCHN_00380,Xiaoxi hydroelectric plant,111.45167,27.5775,43069061,43,0.135,0.135,20.4,749.5352881213648,66.40501819999999,reservoir_storage,reservoir_storage,run_of_river,installed,operating,Yangtze-Jinsha system,,筱溪水电站,135.0,operating,8.645360746,moderate_coordinate,141.2,74.7949818,66405018.19999999,66405018.19999999,0.5297095028328612,0.5297095,False,1.0,True,1.0,18271313359.34601,4766129433.627319,447515032.4615479,5021131322.630755,0.0132251108232731,66405018.19999999,66405018.19999999,False,False,False,1.0254041560383331,3.137736717477299,21.145756556356822,3204,285.2376708984375,0.0043182373046875,717,165,1.5545654296875e-05,4271612.949308205,1289.1800455511286,1289.1800455511286,0,3,NO_SELECTED_FLAG_NOT_ENGINEERING_CERTIFICATION
HydroCHN_01788,,96.91942,33.325,43037734,63,0.0,2.2909640290000004,94.76,2738.304255934277,107.6706737,reservoir_storage,reservoir_storage,reservoir_storage,potential_or_nonoperating,potential,Unspecified GHT river,operation_type_requires_review;river_group_not_normalized,,2290.964029,potential,,,262.9219741,155.2513004,107670673.7,107670673.7,0.5904843097707442,0.5904843,False,1.0,False,1.0,51296310961.52344,8213282251.510048,8213282251.510048,8213282251.518263,0.0131093356349827,107670673.7,107670673.7,False,False,False,0.4550949188018825,23.632404678464543,1802.7156628271,6117,2999.1776123046875,0.0444293022155761,441,96,0.000159945487976,673171.0601058414,32.90769808456082,32.90769808456082,0,3,NO_SELECTED_FLAG_NOT_ENGINEERING_CERTIFICATION
HydroCHN_00678,Julongtan hydroelectric plant,115.12583,25.862,43079304,36,0.06,0.06,19.688,345.1740457283815,34.61338058999999,reservoir_storage,reservoir_storage,run_of_river,installed,operating,Other named GHT rivers,river_group_not_normalized,"居龙潭水电厂, 居龙滩水利枢纽工程",60.0,unknown,6.279748026,moderate_coordinate,73.6,38.98661941,34613380.58999999,34613380.58999999,0.5297095028532609,0.5297095,False,1.0,False,1.0,10295359813.737488,2742515988.066101,2742515988.066101,2742515988.0688443,0.0126210314691266,34613380.58999999,34613380.58999999,False,False,False,1.1606255912358632,1.578450804080774,125.0651191180664,6117,793.9037475585938,0.0111312866210937,327,432,4.00726318359375e-05,863766.0918232576,10.408731689236664,10.408731689236664,0,3,NO_SELECTED_FLAG_NOT_ENGINEERING_CERTIFICATION
HydroCHN_00433,Baoning hydroelectric plant,106.04667,31.55417,43046835,51,0.12,0.12,66.96740339,202.95804431070903,78.30336778,reservoir_storage,reservoir_storage,run_of_river,installed,operating,Yangtze-Jinsha system,duplicate_comid,保宁水电站,120.0,unknown,2.042205475,close_coordinate,166.5,88.19663222,78303367.78,78303367.78,0.5297095028228228,0.5297095,False,1.0,True,0.5797101449275363,28944821389.14185,3339026911.82278,67434450.9115468,6365537256.923148,0.0123011404410267,78303367.78,78303367.78,False,False,False,4.465400630032407,12.145889713688147,10.4599767148708,1137,141.8359905740489,0.0053277499433885,747,318,1.917989979619889e-05,4082574.3936117054,591.0027481098017,591.0027481098017,0,3,NO_SELECTED_FLAG_NOT_ENGINEERING_CERTIFICATION
HydroCHN_00275,Dafutan hydroelectric plant,110.26692,27.98642,43068916,43,0.2,0.2,15.1,1500.1736450994204,118.0429148,reservoir_storage,reservoir_storage,run_of_river,installed,operating,Yuanjiang-Red River named system,,沅江大洑潭水电站,200.0,operating,0.115708223,near_coordinate,251.0,132.9570852,118042914.8,118042914.8,0.5297095027888447,0.5297095,False,1.0,True,1.0,42144891281.04858,7059632332.653809,1018515080.7312012,9816350610.974785,0.0120251322999839,118042914.8,118042914.8,False,False,False,0.9107195318874376,4.12859521122305,35.62294689172904,3183,1384.746826171875,0.100341796875,630,54,0.00036123046875,326780.06151716685,319.0625803603462,319.0625803603462,0,3,NO_SELECTED_FLAG_NOT_ENGINEERING_CERTIFICATION
HydroCHN_00427,,100.93833,27.8325,43069367,51,0.12,0.12,600.0,22.652622041001244,0.6584066959999999,reservoir_storage,reservoir_storage,run_of_river,installed,operating,Unspecified GHT river,duplicate_comid;operation_type_requires_review;river_group_not_normalized,,120.0,operating,,,1.4,0.741593304,658406.6959999999,658406.6959999999,0.5297095028571429,0.5297095,False,1.0,False,0.2526315789473684,553050378.9883252,55017197.24166737,55017197.241667576,55017197.241722606,0.0119672889388973,658406.6959999999,658406.6959999999,False,False,False,0.3364046712374999,0.9150207057659998,76.46014986660752,6117,42.09020690917969,9.54075863486842e-05,225,3453,3.434673108552631e-07,1916941.365862476,0.2249809557992935,0.2249809557992935,0,3,NO_SELECTED_FLAG_NOT_ENGINEERING_CERTIFICATION
HydroCHN_00292,Tongwan hydroelectric plant,110.29172,27.58412,43068923,43,0.18,0.18,14.0,1456.23998835008,99.2312949,reservoir_storage,reservoir_storage,run_of_river,installed,operating,Yuanjiang-Red River named system,,沅江铜湾水电站,180.0,operating,0.205047104,near_coordinate,211.0,111.7687051,99231294.9,99231294.9,0.529709502843602,0.5297095,False,1.0,True,1.0,37055518478.66821,7022587908.636475,612504229.9987793,8444466470.250755,0.0117510437455799,99231294.9,99231294.9,False,False,False,0.7886820625906249,3.217822815369749,19.86198091828541,2421,1335.0243530273438,0.0352783203125,708,69,0.000127001953125,781336.7626113032,251.4133419503393,251.4133419503393,0,3,NO_SELECTED_FLAG_NOT_ENGINEERING_CERTIFICATION
HydroCHN_00384,Jinggangshan hydroelectric plant,114.795,26.64833,43074251,36,0.133,0.133,35.34797068,426.1628989578484,138.7356967,reservoir_storage,reservoir_storage,run_of_river,installed,operating,Other named GHT rivers,river_group_not_normalized,井冈山水电站,133.0,operating,1.318424669,near_coordinate,295.0,156.2643033,138735696.70000002,138735696.70000002,0.5297095027118643,0.5297095,False,1.0,False,1.0,52446936716.53748,11969308342.721558,11969308342.721558,11969308342.73353,0.0115909535227426,138735696.70000002,138735696.70000002,False,False,False,3.7678954086589713,11.358948691970582,979.9839736801464,6117,3777.239501953125,0.0106201171875,225,129,3.8232421875e-05,3628744.6595351216,42.31493302977423,42.31493302977423,0,3,NO_SELECTED_FLAG_NOT_ENGINEERING_CERTIFICATION
HydroCHN_00069,,100.31583,34.85083,43027681,63,0.0,1.2,138.0,984.896610478315,96.0,reservoir_storage,reservoir_storage,reservoir_storage,potential_or_nonoperating,construction,Unspecified GHT river,operation_type_requires_review;river_group_not_normalized,,1200.0,construction,,,1472.0,1376.0,96000000.0,96000000.0,0.9347826086956522,0.9347826,False,1.0,False,1.0,44162513258.47778,8300864538.446045,8300864538.446045,8300864538.454348,0.0115650604289797,96000000.0,96000000.0,False,False,False,1.12815,30.68568,2653.30909323024,6117,2616.748046875,0.0228805541992187,225,54,8.23699951171875e-05,1165472.9354229188,29.28341471357195,29.28341471357195,0,3,NO_SELECTED_FLAG_NOT_ENGINEERING_CERTIFICATION
HydroCHN_00308,Huanglongtan hydroelectric plant,110.34,32.82833,43041020,42,0.51,0.51,107.0,539.8522075191886,51.26166419,reservoir_storage,reservoir_storage,run_of_river,installed,operating,Yangtze-Jinsha system,,黄龙滩抽水蓄能电站,180.0,unknown,24.05522098,broad_coordinate,109.0,57.73833581,51261664.19,51261664.19,0.5297095028440367,0.5297095,False,2.833333333333333,True,1.0,20545057743.777466,3190171896.990967,526390842.1508789,4467502318.775831,0.0114743452901097,51261664.19,51261664.19,False,False,False,1.0990161570734742,12.704626775769364,130.46004833012114,3216,522.1707153320312,0.007659912109375,762,192,2.757568359375e-05,1858944.457921558,375.3518986976312,375.3518986976312,0,3,NO_SELECTED_FLAG_NOT_ENGINEERING_CERTIFICATION
HydroCHN_00565,Guding hydroelectric plant,109.1575,24.89833,43083865,45,0.08,0.08,57.6012,157.30659806393788,95.9392614,reservoir_storage,reservoir_storage,run_of_river,installed,operating,Other named GHT rivers,river_group_not_normalized,古顶水电站,80.0,operating,0.518473295,near_coordinate,204.0,108.0607386,95939261.4,95939261.4,0.5297095029411765,0.5297095,False,1.0,False,1.0,26763489736.84616,8414805052.729797,8414805052.729797,8414805052.738214,0.0114012458754206,95939261.4,95939261.4,False,False,False,7.058878214404115,12.800099162119462,1122.6930198656428,6117,2976.362670898437,0.00347900390625,225,96,1.25244140625e-05,7660179.623672515,29.6261575042624,29.6261575042624,0,3,NO_SELECTED_FLAG_NOT_ENGINEERING_CERTIFICATION
HydroCHN_00208,Hongjiang hydroelectric plant,109.96333,27.13417,43071604,43,0.27,0.27,27.3,1120.1846064231386,75.0,reservoir_storage,reservoir_storage,run_of_river,installed,operating,Yuanjiang-Red River named system,,沅江洪江水电站,270.0,operating,0.209909741,near_coordinate,320.0,245.0,75000000.0,75000000.0,0.765625,0.765625,False,1.0,True,1.0,29827329928.115845,6386587282.781982,1492737967.1447754,6714253741.147463,0.0111702659582809,75000000.0,75000000.0,False,False,False,0.774921875,4.742521875,94.39123283769506,4902,1014.9879760742188,0.00164794921875,393,78,5.9326171875e-06,12641975.308641976,193.3330511883454,193.3330511883454,0,3,NO_SELECTED_FLAG_NOT_ENGINEERING_CERTIFICATION
HydroCHN_00349,Se'ergu hydroelectric plant,103.42917,31.89333,43047662,51,0.15,0.15,31.74,535.2698969990844,2.0805651590000003,reservoir_storage,reservoir_storage,run_of_river,installed,operating,Other named GHT rivers,river_group_not_normalized,色尔古水电站,150.0,unknown,5.073824664,moderate_coordinate,4.424,2.343434841,2080565.159,2080565.159,0.5297095029385172,0.5297095,False,1.0,False,1.0,594746489.4134045,188880066.98856357,188880066.98856357,188880066.98875245,0.0110152711832948,2080565.159,2080565.159,False,False,False,0.0449878003624121,0.1529585212322012,13.886042266850142,6117,106.87334632873537,0.0005970001220703,150,936,2.149200439453125e-06,968064.737381782,0.6848081127193092,0.6848081127193092,0,3,NO_SELECTED_FLAG_NOT_ENGINEERING_CERTIFICATION
HydroCHN_00116,Yinpan hydroelectric plant,107.8875,29.2725,43060682,50,0.6,0.6,73.6,923.3405723234204,150.4929591,reservoir_storage,reservoir_storage,run_of_river,installed,operating,Yangtze-Jinsha system,,乌江银盘水电站,645.0,unknown,0.45890413,near_coordinate,320.0,169.5070409,150492959.1,150492959.1,0.5297095028125,0.5297095,False,0.9302325581395348,True,1.0,52629188799.1333,10110181485.058594,2387344552.9541016,14028110760.78239,0.0107279562919281,150492959.1,150492959.1,False,False,False,1.8864292423185,25.6554376955316,406.9849500094034,4143,1551.8714599609375,0.0313720703125,681,132,0.000112939453125,1332510.0745214007,1456.2728297308267,1456.2728297308267,0,3,NO_SELECTED_FLAG_NOT_ENGINEERING_CERTIFICATION
HydroCHN_00626,Guiping hydroelectric plant,110.095,23.3925,43090818,45,0.047,0.047,11.7,454.9885623619909,150.0226686,reservoir_storage,reservoir_storage,run_of_river,installed,operating,Other named GHT rivers,river_group_not_normalized,"桂平马溜滩水电站, 桂平航运枢纽电站",71.5,unknown,2.182651229,close_coordinate,319.0,168.9773314,150022668.6,150022668.6,0.5297095028213166,0.5297095,False,0.6573426573426573,False,1.0,80757870795.6482,14140429630.114746,14140429630.114746,14140429630.12889,0.0106094844728301,150022668.6,150022668.6,False,False,False,3.81630138162726,4.065633071893575,383.2074105298134,6117,4161.952758789063,0.02880859375,291,42,0.0001037109375,1446546.258440678,45.834916258835904,45.834916258835904,0,3,NO_SELECTED_FLAG_NOT_ENGINEERING_CERTIFICATION
HydroCHN_00281,,127.09667,43.3925,42056185,22,0.2,0.2,42.32,535.2698969990843,13.400000000000006,reservoir_storage,reservoir_storage,run_of_river,installed,operating,Unspecified GHT river,operation_type_requires_review;river_group_not_normalized,,200.0,operating,,,162.5,149.1,13400000.000000006,13400000.000000006,0.9175384615384616,0.9175385,False,1.0,False,1.0,4348019000.407791,1272141933.8172913,1272141933.8172913,1272141933.8185637,0.0105334158428199,13400000.000000006,13400000.000000006,False,False,False,0.2897465250000001,1.3135175800000007,124.70005927792602,6117,608.4855194091797,0.0142650604248046,225,399,5.135421752929687e-05,260932.8044450388,4.330707741636735,4.330707741636735,0,3,NO_SELECTED_FLAG_NOT_ENGINEERING_CERTIFICATION
HydroCHN_00111,Longtoushi hydroelectric plant,102.255,29.335,43060611,51,0.7,0.7,45.0,1761.8706031889858,64.90008861,reservoir_storage,reservoir_storage,run_of_river,installed,operating,Yangtze-Jinsha system,,大渡河龙头石水电站,700.0,operating,0.154251327,near_coordinate,138.0,73.09991139,64900088.61,64900088.61,0.529709502826087,0.5297095,False,1.0,True,1.0,39259122929.07715,5126596383.032227,2050836062.519189,6835311836.3281765,0.0094948248396028,64900088.61,64900088.61,False,False,False,0.4263414303107812,6.764617360931062,213.7612063414532,5040,1155.6507599175673,0.0624847814044109,378,138,0.0002249452130558,288515.09097852174,213.1377005621426,213.1377005621426,0,3,NO_SELECTED_FLAG_NOT_ENGINEERING_CERTIFICATION
HydroCHN_00023,,101.93,28.6175,43063461,51,2.6,2.6,178.0,1654.404980522563,99.0,reservoir_storage,reservoir_storage,reservoir_storage,installed,operating,Unspecified GHT river,operation_type_requires_review;river_group_not_normalized,,2600.0,operating,,,724.0,625.0,99000000.0,99000000.0,0.8632596685082873,0.8632597,False,1.0,False,1.0,53236549451.51367,10449531340.026855,10449531340.026855,10449531340.037308,0.009474109103887,99000000.0,99000000.0,False,False,False,0.6925954326923077,40.8169575,4308.263400008023,6117,2967.96240234375,0.0179443359375,441,30,6.4599609375e-05,1532517.0068027212,30.46796240237522,30.46796240237522,0,3,NO_SELECTED_FLAG_NOT_ENGINEERING_CERTIFICATION
HydroCHN_00753,Gansu Tanchang County Shawan hydroelectric plant,104.55,33.62,43036392,62,0.051,0.051,30.0,192.5472873485106,0.126978434,reservoir_storage,reservoir_storage,run_of_river,installed,operating,Yangtze-Jinsha system,,白龙江沙湾水电站,51.0,unknown,0.657108722,near_coordinate,0.27,0.143021566,126978.434,126978.434,0.5297095037037036,0.5297095,False,1.0,True,1.0,24392164.455104247,13444777.609808745,13444777.609808745,13444777.609822191,0.0094444428673357,126978.434,126978.434,False,False,False,0.0076327110143382,0.008823413932575,0.934243984161585,6117,16.10093718767166,0.000230100005865,180,5340,8.283600211143494e-07,153288.94534188477,0.0513727244109452,0.0513727244109452,0,3,NO_SELECTED_FLAG_NOT_ENGINEERING_CERTIFICATION
HydroCHN_00207,Qingtongxia hydroelectric plant,105.99135,37.88385,43012468,64,0.272,0.272,22.0,1400.343907989168,265.7141309,reservoir_storage,reservoir_storage,run_of_river,installed,operating,Yellow River system,,青铜峡水电站,272.0,operating,0.205400463,near_coordinate,565.0,299.2858691,265714130.9,265714130.9,0.5297095028318585,0.5297095,False,1.0,True,1.0,84706909359.63135,9330293164.526367,7880327874.663739,28238109909.017315,0.0094097704044685,265714130.9,265714130.9,False,False,False,2.1961712519469208,13.540127825336748,401.56180767317744,5175,1898.9821600034372,0.047943115234375,450,42,0.0001725952148437,1539522.0032058842,764.2602699288948,764.2602699288948,0,3,NO_SELECTED_FLAG_NOT_ENGINEERING_CERTIFICATION
HydroCHN_00553,Dahekou hydroelectric plant,108.58917,29.05083,43060730,50,0.075,0.075,77.74,109.27107364774206,7.703358344,reservoir_storage,reservoir_storage,run_of_river,installed,operating,Unspecified GHT river,river_group_not_normalized,大河口水电站,82.5,unknown,20.77837283,broad_coordinate,16.38,8.676641656,7703358.344,7703358.344,0.5297095028083028,0.5297095,False,0.9090909090909092,False,1.0,3101207400.6248474,834888469.379425,834888469.379425,834888469.3802601,0.0092268112766226,7703358.344,7703358.344,False,False,False,0.8159454933152379,1.3871073386359043,150.33442183313525,6117,222.7480926513672,0.0008201599121093,321,357,2.95257568359375e-06,2609029.93505108,2.3625698548769525,2.3625698548769525,0,3,NO_SELECTED_FLAG_NOT_ENGINEERING_CERTIFICATION
HydroCHN_00357,Qingxi hydroelectric plant,116.62083,24.56,43083890,44,0.144,0.144,67.16,242.8512190220503,32.3559862,reservoir_storage,reservoir_storage,run_of_river,installed,operating,Other named GHT rivers,river_group_not_normalized,青溪水电站,144.0,unknown,0.325955862,near_coordinate,68.8,36.4440138,32355986.2,32355986.2,0.5297095029069768,0.5297095,False,1.0,False,1.0,12445500064.162443,3508669221.556092,3508669221.556092,3508669221.559601,0.0092217260040311,32355986.2,32355986.2,False,False,False,1.542057653762552,5.033276181880969,545.8063034702716,6117,1229.278564453125,0.0263595581054687,225,207,9.489440917968748e-05,340968.3086675028,10.217052508908786,10.217052508908786,0,3,NO_SELECTED_FLAG_NOT_ENGINEERING_CERTIFICATION
HydroCHN_00695,Jinniuping hydroelectric plant,111.01117,23.90217,43088645,45,0.06,0.06,69.0,98.4896610478315,74.68213095000002,reservoir_storage,reservoir_storage,run_of_river,installed,operating,Other named GHT rivers,river_group_not_normalized,金牛坪水电站,60.0,unknown,1.65337283,near_coordinate,158.8,84.11786905,74682130.95000002,74682130.95000002,0.5297095028337531,0.5297095,False,1.0,False,1.0,21866715270.414734,8157314650.245666,8157314650.245666,8157314650.253825,0.0091552347987062,74682130.95000002,74682130.95000002,False,False,False,8.776317294921096,11.93579152109269,1303.712224045575,6117,3214.117919921875,0.0053253173828125,306,165,1.9171142578125e-05,3895549.294762179,23.95915429494684,23.95915429494684,0,3,NO_SELECTED_FLAG_NOT_ENGINEERING_CERTIFICATION
HydroCHN_00432,Baihuatan hydroelectric plant,103.345,29.90833,43057891,51,0.12,0.12,21.0,647.2177726000356,12.31220522,reservoir_storage,reservoir_storage,run_of_river,installed,operating,Other named GHT rivers,duplicate_comid;river_group_not_normalized,百花滩水电站,120.0,operating,2.232628168,close_coordinate,26.18,13.86779478,12312205.22,12312205.22,0.5297095026737968,0.5297095,False,1.0,False,0.6153846153846153,8941304096.26007,1353744701.8404467,1353744701.8404446,1353744701.8417988,0.009094924030542,12312205.22,12312205.22,False,False,False,0.2201768574107812,0.5988810521573249,65.84783447839652,6117,380.0374661959134,0.0033287635216346,225,474,1.1983548677884614e-05,1027425.6441851748,3.800094471756269,3.800094471756269,0,3,NO_SELECTED_FLAG_NOT_ENGINEERING_CERTIFICATION
HydroCHN_00346,Guazhi hydroelectric plant,109.1475,26.6359,43074309,52,0.15,0.15,25.3,671.5204162352147,20.19,reservoir_storage,reservoir_storage,run_of_river,installed,operating,Pearl-Xijiang system,,清水江挂治水电站,150.0,operating,0.129212637,near_coordinate,54.93,34.74,20190000.0,20190000.0,0.6324412889131622,0.6324413,False,1.0,True,1.0,10241718026.873016,2236276913.4750366,2236276913.4750366,2236276913.477273,0.0090283988884926,20190000.0,20190000.0,False,False,False,0.34798726875,1.18315671375,131.0483429411648,6117,607.9408569335938,0.003936767578125,225,99,1.417236328125e-05,1424603.6175710594,6.216274190274144,6.216274190274144,0,3,NO_SELECTED_FLAG_NOT_ENGINEERING_CERTIFICATION
HydroCHN_00135,Zangmu hydroelectric plant,92.50498,29.20918,45022647,54,0.51,0.51,49.68,1162.7251651480108,40.91527325,reservoir_storage,reservoir_storage,run_of_river,installed,operating,Yarlung Tsangpo-Brahmaputra system,duplicate_comid,雅鲁藏布江藏木水电站,510.0,operating,0.041326547,near_coordinate,87.0,46.08472675,40915273.25,40915273.25,0.5297095028735632,0.5297095,False,1.0,False,0.5862068965517242,50711661344.9707,4636354869.023186,4636354869.023186,4636354869.027823,0.0088248795456373,40915273.25,40915273.25,False,False,False,0.4072814604440073,4.708173682732725,533.5113820398277,6117,1301.797497979526,0.019061384529903,264,69,6.862098430765087e-05,596250.1654969436,12.667151178548751,12.667151178548751,0,3,NO_SELECTED_FLAG_NOT_ENGINEERING_CERTIFICATION
HydroCHN_00239,Longtoushan hydroelectric plant,115.82417,28.24167,43066151,36,0.24,0.24,28.52,953.1257520757888,114.7508813,reservoir_storage,reservoir_storage,run_of_river,installed,operating,Unspecified GHT river,river_group_not_normalized,龙头山水电站,240.0,unknown,8.509257495,moderate_coordinate,244.0,129.2491187,114750881.3,114750881.3,0.5297095028688524,0.5297095,False,1.0,False,1.0,91083465084.92432,13177005746.209717,13177005746.209717,13177005746.222897,0.0087084185519834,114750881.3,114750881.3,False,False,False,1.3934522253112656,7.580380105693284,870.4657522414534,6117,4950.8056640625,0.021728515625,225,27,7.822265625e-05,1466977.5586916355,36.82605046965588,36.82605046965588,0,3,NO_SELECTED_FLAG_NOT_ENGINEERING_CERTIFICATION
HydroCHN_00722,Gaotan hydroelectric plant,110.375,28.46167,43066213,43,0.057,0.057,12.5,516.4797825348284,28.09985721,reservoir_storage,reservoir_storage,run_of_river,installed,operating,Other named GHT rivers,river_group_not_normalized,高滩水电站,57.0,unknown,18.62972641,broad_coordinate,59.75,31.65014279,28099857.21,28099857.21,0.5297095027615063,0.5297095,False,1.0,False,1.0,12966059215.118408,3315276361.972046,3315276361.972046,3315276361.975362,0.0084758717349455,28099857.21,28099857.21,False,False,False,0.629704859352385,0.8135786782832812,95.9876109177219,6117,912.8123779296876,0.0341949462890625,225,84,0.0001231018066406,228265.1894137736,8.718328269606072,8.718328269606072,0,3,NO_SELECTED_FLAG_NOT_ENGINEERING_CERTIFICATION
HydroCHN_00670,Zhaoping hydroelectric plant,110.81,24.22083,43086323,45,0.063,0.063,20.0,356.7787971457696,59.02145739,reservoir_storage,reservoir_storage,run_of_river,installed,operating,Other named GHT rivers,river_group_not_normalized,昭平水电站,63.0,unknown,1.997324452,near_coordinate,125.5,66.47854261,59021457.39,59021457.39,0.5297095028685259,0.5297095,False,1.0,False,1.0,19030497463.545227,7023356917.547607,7023356917.547607,7023356917.554632,0.0084035964685886,59021457.39,59021457.39,False,False,False,1.9146841831875,2.73416901359175,325.3570092053929,6117,3269.470458984375,0.0068473815917968,225,132,2.465057373046875e-05,2394323.8820866854,19.66431973400504,19.66431973400504,0,3,NO_SELECTED_FLAG_NOT_ENGINEERING_CERTIFICATION
HydroCHN_00323,,96.94333,31.9675,44001257,54,0.165,0.165,61.0,306.3674292430496,16.040000000000006,reservoir_storage,reservoir_storage,run_of_river,installed,operating,Unspecified GHT river,operation_type_requires_review;river_group_not_normalized,,165.0,operating,,,72.04,56.0,16040000.000000006,16040000.000000006,0.7773459189339256,0.7773459,False,1.0,False,1.0,10804710151.92604,1952363016.1766047,1952363016.1766047,1952363016.178558,0.0082156852322452,16040000.000000006,16040000.000000006,False,False,False,0.605965681818182,2.2663116500000005,275.85181100936273,6117,724.8791809082031,0.0009059906005859,225,276,3.261566162109375e-06,4917882.76023392,5.180434736469942,5.180434736469942,0,3,NO_SELECTED_FLAG_NOT_ENGINEERING_CERTIFICATION
HydroCHN_00266,Dongxiguan hydroelectric plant,106.14658,30.46492,43055087,51,0.21,0.21,24.3,978.8170017716589,77.59793203,reservoir_storage,reservoir_storage,run_of_river,installed,operating,Yangtze-Jinsha system,,东西关水电站,210.0,operating,0.290663243,near_coordinate,165.0,87.40206797,77597932.03,77597932.03,0.5297095028484848,0.5297095,False,1.0,True,1.0,35052908297.058105,4701396266.455078,2822845803.9044547,9592165499.468248,0.0080897198900813,77597932.03,77597932.03,False,False,False,0.917560904320808,4.367589904567047,158.88352321703675,5475,818.993896484375,0.003676021800322,324,120,1.3233678481159215e-05,5863670.644596372,643.9802174905413,643.9802174905413,0,3,NO_SELECTED_FLAG_NOT_ENGINEERING_CERTIFICATION
HydroCHN_00176,Tanguanyao hydroelectric plant,103.93917,29.2225,43060569,51,0.031,0.031,17.0,206.53861272677605,106.7559429,reservoir_storage,reservoir_storage,run_of_river,installed,operating,Other named GHT rivers,river_group_not_normalized,坛罐窑水电站,360.0,unknown,8.883598804,moderate_coordinate,227.0,120.2440571,106755942.9,106755942.9,0.5297095026431718,0.5297095,False,0.0861111111111111,False,1.0,84448752503.57666,13477911038.964844,13477911038.964844,13477911038.978325,0.0079208078010947,106755942.9,106755942.9,False,False,False,5.982422243761088,4.203648696616124,530.7095945480394,6117,3920.69287109375,0.122802734375,225,45,0.00044208984375,241480.1977680583,33.575121454461666,33.575121454461666,0,3,NO_SELECTED_FLAG_NOT_ENGINEERING_CERTIFICATION
HydroCHN_00847,Shangpei hydroelectric plant,119.13417,26.90083,43075288,35,0.051,0.051,213.5,27.055824920165424,1.601809433,reservoir_storage,reservoir_storage,run_of_river,installed,operating,Other named GHT rivers,river_group_not_normalized,上培水电站,44.0,unknown,0.292127985,near_coordinate,3.406,1.804190567,1601809.433,1601809.433,0.5297095029359953,0.5297095,False,1.1590909090909092,False,1.0,474653707.3059082,206652733.32681656,206652733.32681656,206652733.32702327,0.0077512133868811,1601809.433,1601809.433,False,False,False,0.6852299305157995,0.7921257996762644,102.193780526819,6114,194.540620803833,0.0010042190551757,306,2292,3.615188598632813e-06,443077.6954778432,0.6394876855276947,0.6394876855276947,0,3,NO_SELECTED_FLAG_NOT_ENGINEERING_CERTIFICATION
HydroCHN_00431,Jisha hydroelectric plant,99.79667,27.5531,43069648,53,0.12,0.12,539.8,25.178905566137,1.18475582,reservoir_storage,reservoir_storage,run_of_river,installed,operating,Other named GHT rivers,river_group_not_normalized,吉沙水电站,120.0,operating,1.609870418,near_coordinate,2.5192,1.33444418,1184755.8199999998,1184755.8199999998,0.5297095030168307,0.5297095,False,1.0,False,1.0,384835838.45164776,161421606.8992138,161421606.8992138,161421606.89937526,0.0073395119944415,1184755.8199999998,1184755.8199999998,False,False,False,0.5446007803775309,1.4813141226268844,201.82733180996803,6117,64.98062133789062,0.0001430511474609,207,1650,5.14984130859375e-07,2300567.627245037,0.3940794602281736,0.3940794602281736,0,3,NO_SELECTED_FLAG_NOT_ENGINEERING_CERTIFICATION
HydroCHN_00286,Bailongtan hydroelectric plant,108.1325,23.855,43088505,45,0.192,0.192,18.0,1208.1398421867332,159.898769,reservoir_storage,reservoir_storage,run_of_river,installed,operating,Pearl-Xijiang system,,红水河百龙滩水电站,192.0,operating,0.381467456,near_coordinate,340.0,180.101231,159898769.0,159898769.0,0.5297095029411765,0.5297095,False,1.0,True,1.0,66424446948.7793,12782209059.228516,1064829765.234375,21816597546.763466,0.0073292257721333,159898769.0,159898769.0,False,False,False,1.531842699111328,6.6665794265325,44.39541498703418,3204,1870.410400390625,0.01849365234375,528,60,6.65771484375e-05,2401706.4826696003,2538.645657750948,2538.645657750948,0,3,NO_SELECTED_FLAG_NOT_ENGINEERING_CERTIFICATION
HydroCHN_00436,Guigang Multi-Purpose Navigation hydroelectric plant,109.57333,23.055,43090829,45,0.12,0.12,8.5,1599.0086146589117,90.4809977,reservoir_storage,reservoir_storage,run_of_river,installed,operating,Other named GHT rivers,river_group_not_normalized,贵港航运枢纽工程,120.0,unknown,0.249908153,near_coordinate,192.3938465,101.9128488,90480997.7,90480997.7,0.5297095029492017,0.5297095,False,1.0,False,1.0,77986399329.1626,13285012150.14038,13285012150.14038,13285012150.15367,0.0068107576174819,90480997.7,90480997.7,False,False,False,0.6549269091332031,1.7814011928423126,261.55697983848256,6117,4239.074951171875,0.73162841796875,363,15,0.0026338623046875,34352.971884282044,29.37268542342447,29.37268542342447,0,3,NO_SELECTED_FLAG_NOT_ENGINEERING_CERTIFICATION
HydroCHN_00482,Laojiangdi hydroelectric plant,104.66167,24.95417,43083824,52,0.1,0.1,46.0,246.2241526195788,7.289502706,reservoir_storage,reservoir_storage,run_of_river,installed,operating,Other named GHT rivers,river_group_not_normalized,老江底水电站,100.0,operating,3.028315216,close_coordinate,15.5,8.210497294,7289502.706,7289502.706,0.5297095028387097,0.5297095,False,1.0,False,1.0,3005395220.35904,1073076487.1692656,1073076487.1692656,1073076487.170339,0.0067930877184925,7289502.706,7289502.706,False,False,False,0.3426521865739124,0.7766782895675349,114.33361701666732,6117,317.6434326171875,0.0006561279296875,225,321,2.362060546875e-06,3086077.8381163827,2.342505295398308,2.342505295398308,0,3,NO_SELECTED_FLAG_NOT_ENGINEERING_CERTIFICATION
HydroCHN_00470,Laohuzui hydroelectric plant,93.6675,29.85917,45019159,54,0.102,0.102,77.28,149.49323551902995,7.1000000000000085,reservoir_storage,reservoir_storage,run_of_river,installed,operating,Other named GHT rivers,river_group_not_normalized,老虎嘴水电站,102.0,operating,0.271942617,near_coordinate,95.9,88.8,7100000.000000008,7100000.000000008,0.9259645464025024,0.9259645,False,1.0,False,1.0,4649603082.725143,1084024370.3521729,1084024370.3521729,1084024370.3532572,0.0065496682493275,7100000.000000008,7100000.000000008,False,False,False,0.5496966176470595,1.2708985800000014,194.04014548816488,6114,484.6414489746094,0.002838134765625,204,390,1.021728515625e-05,694900.836320192,2.456863671200291,2.456863671200291,0,3,NO_SELECTED_FLAG_NOT_ENGINEERING_CERTIFICATION
HydroCHN_00494,Yinping hydroelectric plant,104.5211,32.60583,43041303,51,0.1,0.1,32.66,346.7945811543364,0.5295470999999999,reservoir_storage,reservoir_storage,run_of_river,installed,operating,Other named GHT rivers,duplicate_comid;river_group_not_normalized,阴坪水电站,100.0,operating,0.04114218,near_coordinate,1.126,0.5964529,529547.1,529547.1,0.5297095026642984,0.5297095,False,1.0,False,0.5,622385057.5923443,82137200.94823837,82137200.94823837,82137200.94832054,0.0064471042826645,529547.1,529547.1,False,False,False,0.0176733365922562,0.0400595629424474,6.213574526803023,6114,63.12008762359619,9.298324584960938e-05,231,2220,3.3473968505859373e-07,1581966.8943863248,0.2102165042914731,0.2102165042914731,0,3,NO_SELECTED_FLAG_NOT_ENGINEERING_CERTIFICATION
HydroCHN_00679,Nanjindu hydroelectric plant,111.63,26.212,43076808,43,0.06,0.06,14.5,468.6749387793361,28.68772033,reservoir_storage,reservoir_storage,run_of_river,installed,operating,Other named GHT rivers,river_group_not_normalized,南津渡水电站,60.0,unknown,5.244888818,moderate_coordinate,61.0,32.31227967,28687720.33,28687720.33,0.5297095027868853,0.5297095,False,1.0,False,1.0,14874529681.645205,4564095453.808594,4564095453.808594,4564095453.813159,0.0062855215497371,28687720.33,28687720.33,False,False,False,0.7084522184619532,0.9634950171082562,153.28799837582025,6117,1613.857666015625,0.0029296875,225,231,1.0546875e-05,2720020.890548148,9.582668868803989,9.582668868803989,0,3,NO_SELECTED_FLAG_NOT_ENGINEERING_CERTIFICATION
HydroCHN_00118,Changzhou hydroelectric plant,111.26417,23.46167,43090789,45,0.63,0.63,46.0,1551.212161503346,263.3626784,reservoir_storage,reservoir_storage,run_of_river,installed,operating,Other named GHT rivers,river_group_not_normalized,长洲水电站,630.0,operating,0.423915824,near_coordinate,560.0,296.6373216,263362678.4,263362678.4,0.5297095028571429,0.5297095,False,1.0,False,1.0,249156511593.31052,43252044263.96484,43252044263.96484,43252044264.00811,0.0060890226781524,263362678.4,263362678.4,False,False,False,1.965030460561905,28.060634976824,4608.397186214794,6117,14050.7509765625,0.0048828125,450,15,1.7578125e-05,14982410.14897778,87.20705053220627,87.20705053220627,0,3,NO_SELECTED_FLAG_NOT_ENGINEERING_CERTIFICATION
HydroCHN_00703,Yunnan Sayutuo hydroelectric plant,104.24,28.07,43066212,53,0.06,0.06,21.0,323.6088863000178,4.895724075,reservoir_storage,reservoir_storage,run_of_river,installed,operating,Other named GHT rivers,duplicate_comid;river_group_not_normalized,撒鱼沱水电站,60.0,unknown,0.989830728,near_coordinate,10.41,5.514275925,4895724.075,4895724.075,0.5297095028818444,0.5297095,False,1.0,False,0.4838709677419354,4278302656.416321,816836321.3210598,816836321.3210568,816836321.3218739,0.005993519077454,4895724.075,4895724.075,False,False,False,0.1750986313699218,0.2381341386630937,39.73193971445786,6117,371.31684826266377,0.0004559178506174,225,588,1.641304262222782e-06,2982825.419809628,1.731240202432062,1.731240202432062,0,3,NO_SELECTED_FLAG_NOT_ENGINEERING_CERTIFICATION
HydroCHN_01767,,94.94896,29.755,45018489,54,0.0,3.185348985,83.72,4309.394805655276,25.90927856,reservoir_storage,reservoir_storage,reservoir_storage,potential_or_nonoperating,potential,Unspecified GHT river,duplicate_comid;operation_type_requires_review;river_group_not_normalized,,3185.348985,potential,,,63.26809736,37.3588188,25909278.56,25909278.56,0.5904843097687236,0.5904843,False,1.0,False,0.4527363184079602,75926520905.16357,4471302435.659255,4471302435.659289,4471302435.663762,0.0057945708063368,25909278.56,25909278.56,False,False,False,0.0695865481774211,5.024235320416312,867.0590951994028,6117,859.5342695701181,0.0373181395269745,225,81,0.0001343453022971,192855.8581281908,8.056556091801399,8.056556091801399,0,3,NO_SELECTED_FLAG_NOT_ENGINEERING_CERTIFICATION
HydroCHN_00395,Lianbu hydroelectric plant,102.99167,27.82,43069376,51,0.13,0.13,25.0,588.9681730660324,0.940580994,reservoir_storage,reservoir_storage,run_of_river,installed,operating,Other named GHT rivers,duplicate_comid;river_group_not_normalized,联补水电站,130.0,operating,1.200703269,near_coordinate,2.0,1.059419006,940580.994,940580.994,0.529709503,0.5297095,False,1.0,False,0.5416666666666667,850829793.9744473,163644736.32781616,163644736.3278151,163644736.32797876,0.005747700873891,940580.994,940580.994,False,False,False,0.0184837731393028,0.0544655181838125,9.476053012982542,6117,51.81242696444194,0.0002394318580627,201,1965,8.61954689025879e-07,1091218.6057749495,0.3130849252990884,0.3130849252990884,0,3,NO_SELECTED_FLAG_NOT_ENGINEERING_CERTIFICATION
HydroCHN_00766,Mingtai hydroelectric plant,104.98242,31.24158,43049618,51,0.045,0.045,13.5,377.5437006833541,10.67559429,reservoir_storage,reservoir_storage,run_of_river,installed,operating,Other named GHT rivers,river_group_not_normalized,明台水电站,50.0,unknown,19.68201869,broad_coordinate,22.7,12.02440571,10675594.29,10675594.29,0.5297095026431718,0.5297095,False,0.9,False,1.0,7945183974.243164,1866932834.27124,1866932834.27124,1866932834.2731075,0.0057182530051524,10675594.29,10675594.29,False,False,False,0.3272736874528125,0.3338191612018687,58.37782289464026,6117,860.309814453125,0.03875732421875,216,186,0.0001395263671875,76513.09573375327,3.825752672791285,3.825752672791285,0,3,NO_SELECTED_FLAG_NOT_ENGINEERING_CERTIFICATION
HydroCHN_00465,Maotan hydroelectric plant,103.6061,29.6639,43057883,51,0.105,0.105,9.0,1321.4029523917393,14.10871491,reservoir_storage,reservoir_storage,run_of_river,installed,operating,Other named GHT rivers,river_group_not_normalized,毛滩水电站,105.0,operating,0.162040498,near_coordinate,30.0,15.89128509,14108714.91,14108714.91,0.529709503,0.5297095,False,1.0,False,1.0,9780653800.057983,2492564547.079468,2492564547.079468,2492564547.081961,0.0056603207834746,14108714.91,14108714.91,False,False,False,0.1235772261313393,0.2941137981925875,51.96062368955535,6117,647.1036376953125,0.00225830078125,225,234,8.129882812499999e-06,1735414.302443243,4.56619111270088,4.56619111270088,0,3,NO_SELECTED_FLAG_NOT_ENGINEERING_CERTIFICATION
HydroCHN_00021,Gezhouba hydroelectric plant,111.2725,30.75917,43052321,42,2.735,2.735,27.0,11473.133570766371,752.4647955,reservoir_storage,reservoir_storage,reservoir_storage,installed,operating,Yangtze-Jinsha system,,长江葛洲坝水电站,2777.0,unknown,2.338338343,close_coordinate,1600.0,847.5352045,752464795.5,752464795.5,0.5297095028125,0.5297095,False,0.98487576521426,True,1.0,482942243529.4922,34829797173.046875,1553491295.5078125,133601744489.81612,0.0056321479811018,752464795.5,752464795.5,False,False,False,0.7590849725170818,47.05820772957562,97.1534037569392,2652,4660.6484375,0.0078125,945,42,2.8125e-05,26754303.84,15297.161195072884,15297.161195072884,0,3,NO_SELECTED_FLAG_NOT_ENGINEERING_CERTIFICATION
HydroCHN_00830,Yangliutan hydroelectric plant,104.24833,28.53417,43063562,53,0.054,0.054,23.0,265.92208482914504,10.81668143,reservoir_storage,reservoir_storage,run_of_river,installed,operating,Other named GHT rivers,river_group_not_normalized,杨柳滩水电站,45.0,unknown,6.344958802,moderate_coordinate,23.0,12.18331857,10816681.43,10816681.43,0.5297095030434783,0.5297095,False,1.2,False,1.0,4996936052.476501,1945498300.350952,1945498300.350952,1945498300.352898,0.0055598513902777,10816681.43,10816681.43,False,False,False,0.4707885476564236,0.5762451823314624,103.64399007832154,6117,800.8245849609375,0.024688720703125,225,246,8.887939453125e-05,121700.66512094492,3.805458315521298,3.805458315521298,0,3,NO_SELECTED_FLAG_NOT_ENGINEERING_CERTIFICATION
HydroCHN_00154,,98.7975,28.54417,44003972,53,0.42,0.42,68.08,698.7442168933992,35.27178729,reservoir_storage,reservoir_storage,run_of_river,installed,operating,Unspecified GHT river,operation_type_requires_review;river_group_not_normalized,,420.0,operating,,,75.0,39.72821271,35271787.29,35271787.29,0.5297095028000001,0.5297095,False,1.0,False,1.0,41095543187.93335,6350361538.842773,6350361538.842773,6350361538.849125,0.0055542959364156,35271787.29,35271787.29,False,False,False,0.5842456637916268,5.562018719296286,1001.3904161685786,6117,1944.751953125,0.014404296875,225,96,5.185546875e-05,680194.1654418079,11.74247064480441,11.74247064480441,0,3,NO_SELECTED_FLAG_NOT_ENGINEERING_CERTIFICATION
HydroCHN_00490,Fenghuanggu hydroelectric plant,104.16213,24.48047,43086173,53,0.1,0.1,60.076,188.5330418220358,20.69278188,reservoir_storage,reservoir_storage,run_of_river,installed,operating,Pearl-Xijiang system,,南盘江凤凰谷水电站,100.0,operating,0.010524605,near_coordinate,44.0,23.30721812,20692781.88,20692781.88,0.5297095027272728,0.5297095,False,1.0,True,1.0,9285608284.682465,3566757184.867859,185150337.10784912,3799501590.9934855,0.0054461832386255,20692781.88,20692781.88,False,False,False,1.2703332421902551,2.879422015631246,25.763861039156115,2742,159.82272338867188,0.003753662109375,519,618,1.351318359375e-05,1531303.2444531166,48.86127190537266,48.86127190537266,0,3,NO_SELECTED_FLAG_NOT_ENGINEERING_CERTIFICATION
HydroCHN_00070,Suwalong hydroelectric plant,99.06417,29.43333,43060550,54,1.2,1.2,103.04,1319.057960462029,72.0,reservoir_storage,reservoir_storage,reservoir_storage,installed,operating,Yangtze-Jinsha system,,"苏洼龙水电站, 金沙江苏哇龙水电站",1200.0,unknown,0.678791299,near_coordinate,638.0,566.0,72000000.0,72000000.0,0.8871473354231975,0.8871473,False,1.0,True,1.0,74484062351.53198,11748676845.794678,1414485624.718666,13591510453.816656,0.0052974244654155,72000000.0,72000000.0,False,False,False,0.631764,17.1839808,337.59019190335505,2319,1799.571060180664,0.0292205810546875,744,57,0.0001051940917968,684449.0861618799,29.654614339223365,29.654614339223365,0,3,NO_SELECTED_FLAG_NOT_ENGINEERING_CERTIFICATION
HydroCHN_00089,Zhentouba Stage 1 hydroelectric plant,103.07333,29.25,43060589,51,0.72,0.72,79.12,1030.7057551517248,22.05662432,reservoir_storage,reservoir_storage,run_of_river,installed,operating,Yangtze-Jinsha system,duplicate_comid,大渡河枕头坝一级水电站,950.0,unknown,3.088443554,close_coordinate,46.9,24.84337568,22056624.32,22056624.32,0.529709502771855,0.5297095,False,0.7578947368421053,True,0.4621309370988446,45549237053.54004,2887833367.4745708,224632477.8605057,4384196637.877259,0.0050309386512096,22056624.32,22056624.32,False,False,False,0.2476798081583667,4.042134469144544,41.16652976792864,2508,751.9805388518935,0.0171297210967591,708,240,6.1666995948333e-05,357673.0791050677,135.13404547305234,135.13404547305234,0,3,NO_SELECTED_FLAG_NOT_ENGINEERING_CERTIFICATION
HydroCHN_00867,Yucheng hydroelectric plant,102.77033,30.41367,43057576,51,0.06,0.06,149.04,45.597065299922,0.071153607,reservoir_storage,reservoir_storage,run_of_river,installed,operating,Other named GHT rivers,river_group_not_normalized,雨城水电站,42.0,unknown,3.850129534,close_coordinate,0.151297139,0.080143532,71153.60699999999,71153.60699999999,0.5297095009840206,0.5297095,False,1.4285714285714286,False,1.0,22458978.226473927,14280166.02404192,14280166.02404192,14280166.024056204,0.004982687657842,71153.60699999999,71153.60699999999,False,False,False,0.0180611868908362,0.0245632141715372,4.929711805807004,6108,18.354102432727814,0.0001182854175567,75,5097,4.258275032043457e-07,167094.90689203996,0.0381189932670992,0.0381189932670992,0,3,NO_SELECTED_FLAG_NOT_ENGINEERING_CERTIFICATION
HydroCHN_01844,,95.87339,33.94583,43034320,63,0.0,0.9283141101,41.4,2539.7039458241206,40.53888388000001,reservoir_storage,reservoir_storage,reservoir_storage,potential_or_nonoperating,potential,Unspecified GHT river,operation_type_requires_review;river_group_not_normalized,,928.3141101,potential,,,98.99226047,58.45337659,40538883.88000001,40538883.88000001,0.5904843097073688,0.5904843,False,1.0,False,1.0,44502802104.4477,8302744021.974421,8302744021.974421,8302744021.982725,0.0048825886685976,40538883.88000001,40538883.88000001,False,False,False,0.1847459605198804,3.88738505718387,796.1729568131875,6117,3715.3782958984375,0.0004892349243164,225,324,1.7612457275390625e-06,23017165.20649496,14.976179373692196,14.976179373692196,0,3,NO_SELECTED_FLAG_NOT_ENGINEERING_CERTIFICATION
HydroCHN_00092,Gongguoqiao hydroelectric plant,99.336,25.58583,44006446,53,0.9,0.9,96.6,1055.2463683696233,49.0,reservoir_storage,reservoir_storage,reservoir_storage,installed,operating,Lancang-Mekong system,,澜沧江功果桥水电站,900.0,operating,0.118978736,near_coordinate,316.0,267.0,49000000.0,49000000.0,0.8449367088607594,0.8449367,False,1.0,True,1.0,49207525429.833984,6399825836.1328125,593524727.8198242,10315819487.559149,0.0047499861798758,49000000.0,49000000.0,False,False,False,0.537438125,10.963737749999998,132.8010094685037,2763,620.6976318359375,0.0941162109375,744,54,0.000338818359375,144620.26228563194,496.2837040310962,496.2837040310962,0,3,NO_SELECTED_FLAG_NOT_ENGINEERING_CERTIFICATION
HydroCHN_00386,Yaoheba hydroelectric plant,102.32115,29.04115,43060746,51,0.132,0.132,307.1,48.68359018906161,0.763281477,reservoir_storage,reservoir_storage,run_of_river,installed,operating,Other named GHT rivers,river_group_not_normalized,姚河坝水电站,132.0,operating,0.110774533,near_coordinate,1.623,0.859718523,763281.4770000001,763281.4770000001,0.5297095027726433,0.5297095,False,1.0,False,1.0,540843303.3903122,175210561.3471985,175210561.3471985,175210561.34737375,0.0043563668258942,763281.4770000001,763281.4770000001,False,False,False,0.1814631238135675,0.5429376664501939,124.63084220144974,6117,92.9176254272461,0.0019149780273437,156,1095,6.8939208984375e-06,110718.04974916336,0.304940257928551,0.304940257928551,0,3,NO_SELECTED_FLAG_NOT_ENGINEERING_CERTIFICATION
HydroCHN_00880,Kongtou hydroelectric plant,117.39917,26.66417,43074494,35,0.041,0.041,14.0,331.69910845751826,15.51958641,reservoir_storage,reservoir_storage,run_of_river,installed,operating,Other named GHT rivers,river_group_not_normalized,孔头水电站,40.5,unknown,0.416194498,near_coordinate,33.0,17.48041359,15519586.41,15519586.41,0.5297095027272728,0.5297095,False,1.0123456790123455,False,1.0,8615521792.131042,3610497056.575012,3610497056.575012,3610497056.5786233,0.0042984625570382,15519586.41,15519586.41,False,False,False,0.5415294709221036,0.503261388310275,117.0793933020862,6117,1891.4413757324216,0.0013694763183593,297,174,4.93011474609375e-06,3147915.861856268,6.202437600739625,6.202437600739625,0,3,NO_SELECTED_FLAG_NOT_ENGINEERING_CERTIFICATION
HydroCHN_00710,Bailong River Zhaohua hydroelectric plant,105.69525,32.35775,43044033,51,0.06,0.06,8.0,849.4733265375468,15.09336213,reservoir_storage,reservoir_storage,run_of_river,installed,operating,Yangtze-Jinsha system,,白龙江昭化水电站,60.0,unknown,0.586526708,near_coordinate,32.0937,17.00033787,15093362.13,15093362.13,0.5297095027996149,0.5297095,False,1.0,True,1.0,14491271243.408203,3014444200.012207,86262738.02490234,3541608157.2905154,0.0042617255946087,15093362.13,15093362.13,False,False,False,0.2056470590212499,0.2796800002689,1.5984485356014404,2025,82.91896438598633,0.0081939697265625,849,447,2.9498291015625e-05,511669.0360809435,198.9909176917463,198.9909176917463,0,3,NO_SELECTED_FLAG_NOT_ENGINEERING_CERTIFICATION
HydroCHN_00169,Jiacha hydroelectric plant,92.51167,29.1931,45022647,54,0.36,0.36,77.74,524.5011535091619,13.57728665,reservoir_storage,reservoir_storage,run_of_river,installed,operating,Yarlung Tsangpo-Brahmaputra system,duplicate_comid,雅鲁藏布江加查水电站,360.0,operating,0.006794982,near_coordinate,28.87,15.29271335,13577286.65,13577286.65,0.5297095029442327,0.5297095,False,1.0,False,0.4137931034482758,50711661344.9707,3272721084.01638,3272721084.016366,3272721084.0196395,0.0041486232102993,13577286.65,13577286.65,False,False,False,0.2996075801943724,2.4447978543860787,589.303421991705,6117,918.915880926724,0.0134550949622844,264,102,4.843834186422414e-05,280300.4010347429,4.690384394821304,4.690384394821304,0,3,NO_SELECTED_FLAG_NOT_ENGINEERING_CERTIFICATION
HydroCHN_00102,Angu hydroelectric plant,103.63,29.5003,43057858,51,0.772,0.772,33.0,2649.670335704994,29.76938847,reservoir_storage,reservoir_storage,reservoir_storage,installed,operating,Yangtze-Jinsha system,duplicate_comid,大渡河安谷水电站,772.0,operating,0.261303259,near_coordinate,63.3,33.53061153,29769388.47,29769388.47,0.529709502843602,0.5297095,False,1.0,True,0.6166134185303515,47920248063.28125,3910040595.553626,1331963552.2541432,7358365794.547713,0.0040456521598937,29769388.47,29769388.47,False,False,False,0.1300362172035986,2.2754604194400376,101.81029907098576,3255,756.5790555842768,0.0299736161391955,816,141,0.0001079050181011,275885.11631689704,326.5596557019406,326.5596557019406,0,3,NO_SELECTED_FLAG_NOT_ENGINEERING_CERTIFICATION
HydroCHN_00944,Fujian Jiangle Gaotang hydroelectric plant,117.4475,26.70417,43074480,35,0.042,0.042,71.62040558,66.4203251864671,15.04929591,reservoir_storage,reservoir_storage,run_of_river,installed,operating,Other named GHT rivers,river_group_not_normalized,高唐水电站,36.0,unknown,2.333999411,close_coordinate,32.0,16.95070409,15049295.91,15049295.91,0.5297095028125,0.5297095,False,1.1666666666666667,False,1.0,9320552932.118223,3784460136.8019104,3784460136.8019104,3784460136.805696,0.0039766030995117,15049295.91,15049295.91,False,False,False,2.622415128742684,2.496539202563035,627.806985028779,6117,1816.6656494140625,0.0446853637695312,291,318,0.0001608673095703,93550.98901198566,5.9970256244210605,5.9970256244210605,0,3,NO_SELECTED_FLAG_NOT_ENGINEERING_CERTIFICATION
HydroCHN_01845,,94.55401,31.24765,44002089,54,0.0,0.9269126866,65.32,1607.241484580438,20.83663569,reservoir_storage,reservoir_storage,reservoir_storage,potential_or_nonoperating,potential,Unspecified GHT river,operation_type_requires_review;river_group_not_normalized,,926.9126866,potential,,,50.88116568,30.04452999,20836635.69,20836635.69,0.5904843096354155,0.5904843,False,1.0,False,1.0,25911950377.18964,5424488176.107788,5424488176.107788,5424488176.113214,0.0038412169062796,20836635.69,20836635.69,False,False,False,0.1500488677303587,3.15252984647599,820.7112286002591,6117,2804.744873046875,0.0019340515136718,408,183,6.96258544921875e-06,2992657.8053470086,8.592699231389803,8.592699231389803,0,3,NO_SELECTED_FLAG_NOT_ENGINEERING_CERTIFICATION
HydroCHN_01834,,100.9175,34.56912,43027697,63,0.0,1.109827017,74.52,1686.828498858888,14.564743449999998,reservoir_storage,reservoir_storage,reservoir_storage,potential_or_nonoperating,potential,Unspecified GHT river,duplicate_comid;operation_type_requires_review;river_group_not_normalized,,1109.827017,potential,,,35.56577634,21.00103289,14564743.449999996,14564743.449999996,0.5904843096699293,0.5904843,False,1.0,False,0.5399999999912419,42336684185.54535,3792766641.6681423,3792766641.6681614,3792766641.671956,0.0038401369833761,14564743.449999996,14564743.449999996,False,False,False,0.0999351265847253,2.513975944436977,654.6578820800843,6117,1531.3953735103191,0.0286743164057849,225,168,0.0001032275390608,141093.583965204,5.577157442961341,5.577157442961341,0,3,NO_SELECTED_FLAG_NOT_ENGINEERING_CERTIFICATION
HydroCHN_00398,,119.72,27.0,43074584,35,0.13,0.13,40.02,367.921147592474,7.054357457,reservoir_storage,reservoir_storage,run_of_river,installed,operating,Unspecified GHT river,operation_type_requires_review;river_group_not_normalized,,130.0,operating,,,15.0,7.945642543,7054357.457,7054357.457,0.5297095028666666,0.5297095,False,1.0,False,1.0,5243504798.137665,1886728994.0826416,1886728994.0826416,1886728994.0845287,0.0037389352043232,7054357.457,7054357.457,False,False,False,0.2219161803733865,0.6539130115002456,174.89284402240764,6117,1125.2340087890625,0.0020484924316406,357,396,7.37457275390625e-06,956578.46120826,3.084777746848703,3.084777746848703,0,3,NO_SELECTED_FLAG_NOT_ENGINEERING_CERTIFICATION
HydroCHN_00062,Tianshengqiao Stage 2 hydroelectric plant,105.15625,24.96375,43083790,52,1.32,1.32,204.0,732.8789483853344,23.43,reservoir_storage,reservoir_storage,reservoir_storage,installed,operating,Pearl-Xijiang system,,南盘江天生桥二级水电站,1320.0,unknown,0.363102208,near_coordinate,29.46,6.03,23430000.0,23430000.0,0.2046843177189409,0.2046843,False,1.0,True,1.0,19287504719.08264,5922367480.838013,113707075.72631836,6600293689.890025,0.003549842037467,23430000.0,23430000.0,False,False,False,0.3700209375,11.07102645,53.72829888682132,2310,623.404052734375,0.0001068115234375,945,579,3.84521484375e-07,60932876.190476194,801.7916441455565,801.7916441455565,0,3,NO_SELECTED_FLAG_NOT_ENGINEERING_CERTIFICATION
HydroCHN_00884,Yuxi hydroelectric plant,119.7175,28.285,43066256,33,0.042,0.042,78.61769429,60.5086510304252,7.054357457,reservoir_storage,reservoir_storage,run_of_river,installed,operating,Other named GHT rivers,river_group_not_normalized,玉溪水电站,40.0,unknown,0.985466747,near_coordinate,15.0,7.945642543,7054357.457,7054357.457,0.5297095028666666,0.5297095,False,1.05,False,1.0,5874242582.414246,2062306468.851471,2062306468.851471,2062306468.8535335,0.003420615492188,7054357.457,7054357.457,False,False,False,1.3493550816603137,1.2845860377406189,375.5423667679274,6117,897.9839477539062,0.0075187683105468,318,330,2.706756591796875e-05,260620.311348978,2.85752768581332,2.85752768581332,0,3,NO_SELECTED_FLAG_NOT_ENGINEERING_CERTIFICATION
HydroCHN_00091,Jinkang hydroelectric plant,102.17417,30.29333,43055099,51,0.15,0.15,79.12,214.73036565660937,12.400000000000006,reservoir_storage,reservoir_storage,run_of_river,installed,operating,Other named GHT rivers,duplicate_comid;river_group_not_normalized,金康水电站,920.0,operating,13.16679622,broad_coordinate,219.0,206.6,12400000.000000006,12400000.000000006,0.94337899543379,0.943379,False,0.1630434782608695,False,0.8333333333333334,33344420393.847656,3686823468.429576,3686823468.429565,3686823468.433253,0.0033633289215416,12400000.000000006,12400000.000000006,False,False,False,0.6683662000000005,2.272445080000001,675.6535364242985,6117,841.702372233073,0.0100962320963541,225,129,3.6346435546875e-05,341161.3769941227,4.286146816682805,4.286146816682805,0,3,NO_SELECTED_FLAG_NOT_ENGINEERING_CERTIFICATION
HydroCHN_01807,,94.76942,31.07833,44002084,54,0.0,1.719434859,110.4,1764.026629757666,19.57060285,reservoir_storage,reservoir_storage,reservoir_storage,potential_or_nonoperating,potential,Unspecified GHT river,operation_type_requires_review;river_group_not_normalized,,1719.434859,potential,,,47.78962886,28.21902601,19570602.85,19570602.85,0.590484309737324,0.5904843,False,1.0,False,1.0,28066156652.49939,5880058175.637817,5880058175.637817,5880058175.643699,0.0033283008884274,19570602.85,19570602.85,False,False,False,0.1284060020631901,5.0044771371849,1503.6131963250489,6117,2906.796142578125,0.05615234375,441,171,0.0002021484375,96813.0305236715,8.343074712031914,8.343074712031914,0,3,NO_SELECTED_FLAG_NOT_ENGINEERING_CERTIFICATION
HydroCHN_00114,Dagu hydroelectric plant,92.41,29.26167,45022649,54,0.33,0.33,108.56,344.2964845951737,25.99765868,reservoir_storage,reservoir_storage,run_of_river,installed,operating,Yarlung Tsangpo-Brahmaputra system,,雅鲁藏布江大古水电站,660.0,construction,0.271526228,near_coordinate,55.28,29.28234132,25997658.68,25997658.68,0.529709502894356,0.5297095,False,0.5,False,1.0,50570945042.7063,7911749030.328369,7911749030.328369,7911749030.336283,0.0032859559346885,25997658.68,25997658.68,False,False,False,0.8739526564397363,6.537165870169229,1989.425908349032,6117,2158.1484375,0.0401153564453125,255,51,0.0001444152832031,180020.13431939477,9.379720293065937,9.379720293065937,0,3,NO_SELECTED_FLAG_NOT_ENGINEERING_CERTIFICATION
HydroCHN_00489,Woluoqiao hydroelectric plant,101.152,27.6775,43069048,51,0.1,0.1,44.16,256.48349231206123,3.52,reservoir_storage,reservoir_storage,run_of_river,installed,operating,Other named GHT rivers,river_group_not_normalized,卧罗桥水电站,100.0,operating,0.011119508,near_coordinate,33.26,29.74,3520000.0,3520000.0,0.894167167769092,0.8941672,False,1.0,False,1.0,3443882318.946004,1077615331.8540573,1077615331.8540573,1077615331.8551352,0.003266471713928,3520000.0,3520000.0,False,False,False,0.15884352,0.360045312,110.22453078789135,6117,346.88018798828125,0.0026473999023437,225,690,9.5306396484375e-06,369335.12648094783,1.3246579657683837,1.3246579657683837,0,3,NO_SELECTED_FLAG_NOT_ENGINEERING_CERTIFICATION
HydroCHN_01789,,97.59728,32.61833,43040899,54,0.0,2.230514411,88.32,2860.4506289283013,27.141725140000005,reservoir_storage,reservoir_storage,reservoir_storage,potential_or_nonoperating,potential,Unspecified GHT river,operation_type_requires_review;river_group_not_normalized,,2230.514411,potential,,,66.27761961,39.13589447,27141725.140000004,27141725.140000004,0.5904843097909803,0.5904843,False,1.0,False,1.0,54902811499.71542,8494614308.997345,8494614308.997345,8494614309.005841,0.0031951686271647,27141725.140000004,27141725.140000004,False,False,False,0.1098219749334441,5.552415281959969,1737.7534427287576,6117,1934.04541015625,0.0027923583984375,225,132,1.0052490234375e-05,2700000.149931755,9.473413504611171,9.473413504611171,0,3,NO_SELECTED_FLAG_NOT_ENGINEERING_CERTIFICATION
HydroCHN_01454,Guangxi Baise Tianlin Dongba hydroelectric plant,105.69414,24.28997,43086375,45,0.072,0.072,36.63396205,222.6061140651438,3.5397188239999995,reservoir_storage,reservoir_storage,run_of_river,installed,operating,Other named GHT rivers,river_group_not_normalized,洞巴水电站,16.0,unknown,21.76137802,broad_coordinate,7.526664572,3.986945748,3539718.824,3539718.824,0.5297095027765508,0.5297095,False,4.5,False,1.0,2747891816.0448074,1113153757.6251984,1113153757.6251984,1113153757.6263118,0.0031799010691461,3539718.824,3539718.824,False,False,False,0.1840424196901489,0.3003572289343231,94.45489730744042,6117,380.1365356445313,0.001683235168457,216,330,6.059646606445313e-06,584146.0820891759,1.3633917645357836,1.3633917645357836,0,3,NO_SELECTED_FLAG_NOT_ENGINEERING_CERTIFICATION
HydroCHN_01781,,98.623,31.223,43049546,54,0.0,2.546702512,89.24,3232.266329852333,23.41408647,reservoir_storage,reservoir_storage,reservoir_storage,potential_or_nonoperating,potential,Unspecified GHT river,duplicate_comid;operation_type_requires_review;river_group_not_normalized,,2546.702512,potential,,,57.17506563,33.76097916,23414086.470000003,23414086.470000003,0.5904843096898077,0.5904843,False,1.0,False,0.7346181286639343,64515437841.60461,8284800705.193258,8284800705.193299,8284800705.201586,0.0028261496327002,23414086.470000003,23414086.470000003,False,False,False,0.0838409782874965,4.83974201363491,1712.486118084971,6117,2153.3282263309275,0.0032283023232301,432,54,1.1621888363628647e-05,2014654.22291232,8.657241134673919,8.657241134673919,0,3,NO_SELECTED_FLAG_NOT_ENGINEERING_CERTIFICATION
HydroCHN_00770,Watuo hydroelectric plant,97.28333,30.8375,44002922,54,0.05,0.05,64.4,87.93719736413526,1.17,reservoir_storage,reservoir_storage,run_of_river,installed,operating,Other named GHT rivers,duplicate_comid;river_group_not_normalized,瓦托水电站,50.0,unknown,6.704523357,moderate_coordinate,12.32,11.15,1170000.0,1170000.0,0.9050324675324676,0.9050325,False,1.0,False,0.4545454545454546,4558452700.001907,423410328.3597761,423410328.3597773,423410328.3602008,0.0027632769482294,1170000.0,1170000.0,False,False,False,0.153992475,0.174524805,63.158636745278734,6117,129.5498102361506,0.0016247142444957,294,645,5.848971280184659e-06,200035.1760939168,0.4545498102376051,0.4545498102376051,0,3,NO_SELECTED_FLAG_NOT_ENGINEERING_CERTIFICATION
HydroCHN_00300,Nabang hydroelectric plant,97.5828,24.71417,44007693,53,0.18,0.18,681.5,29.915421624212943,0.230912634,reservoir_storage,reservoir_storage,run_of_river,installed,operating,Other named GHT rivers,river_group_not_normalized,那邦水电站,180.0,operating,0.09673972,near_coordinate,0.491,0.260087366,230912.634,230912.634,0.5297095030549898,0.5297095,False,1.0,False,1.0,212151218.1622908,83663632.00998048,83663632.00998048,83663632.01006417,0.0027600120679941,230912.634,230912.634,False,False,False,0.0893385346236406,0.3645012212644538,132.06508242878445,6003,78.93894290924072,0.0001206732031278,333,3018,4.344235312601086e-07,531538.0438306469,0.1430813412437171,0.1430813412437171,0,3,NO_SELECTED_FLAG_NOT_ENGINEERING_CERTIFICATION
HydroCHN_01760,,95.1639,29.7861,45018486,54,0.0,4.382868509,115.0,4316.672338686247,10.60544893,reservoir_storage,reservoir_storage,reservoir_storage,potential_or_nonoperating,potential,Unspecified GHT river,duplicate_comid;operation_type_requires_review;river_group_not_normalized,,4382.868509,potential,,,25.8975399,15.29209097,10605448.93,10605448.93,0.5904843096698926,0.5904843,False,1.0,False,0.4222972973099922,76256368242.95654,4096624892.760031,4096624892.760044,4096624892.764141,0.0025888259744582,10605448.93,10605448.93,False,False,False,0.0284358510152724,2.8249601746729374,1091.2128519033768,6117,760.2743200582225,0.0271797180183951,225,63,9.78469848662227e-05,108388.1015291362,3.70623235617404,3.70623235617404,0,3,NO_SELECTED_FLAG_NOT_ENGINEERING_CERTIFICATION
HydroCHN_01817,,97.10754,33.14333,43037719,63,0.0,1.54769048,63.48,2761.4404127202115,21.48177331,reservoir_storage,reservoir_storage,reservoir_storage,potential_or_nonoperating,potential,Unspecified GHT river,operation_type_requires_review;river_group_not_normalized,,1547.69048,potential,,,52.45653297,30.97475966,21481773.31,21481773.31,0.590484309699128,0.5904843,False,1.0,False,1.0,52014962224.01562,8328727878.895569,8328727878.895569,8328727878.903899,0.0025792382248928,21481773.31,21481773.31,False,False,False,0.0900369366607074,3.158584353611171,1224.6190844737434,6117,2564.7791748046875,0.0134868621826171,225,111,4.855270385742188e-05,442442.36887573975,8.531938427591998,8.531938427591998,0,3,NO_SELECTED_FLAG_NOT_ENGINEERING_CERTIFICATION
HydroCHN_00294,Tongjiezi hydroelectric plant,103.8175,29.36583,43060574,51,0.7,0.7,9.0,8809.35301594493,49.96836532,reservoir_storage,reservoir_storage,run_of_river,installed,operating,Yangtze-Jinsha system,,大渡河铜街子水电站,180.0,construction,21.47841883,broad_coordinate,106.25,56.28163468,49968365.32,49968365.32,0.5297095028705883,0.5297095,False,3.888888888888889,True,1.0,83916382461.9873,13244991207.495115,7727012429.058552,19891206902.98782,0.0025120831311897,49968365.32,49968365.32,False,False,False,0.0656504014003392,1.04165303555205,161.0792328492618,4977,2321.502868652344,0.09716796875,555,33,0.0003498046874999,142846.4714898939,768.935246758242,768.935246758242,0,3,NO_SELECTED_FLAG_NOT_ENGINEERING_CERTIFICATION
HydroCHN_00320,Muxingtu hydroelectric plant,100.44958,27.92458,43069243,51,0.12,0.12,67.30457876,201.94128653663608,1.147508813,reservoir_storage,reservoir_storage,run_of_river,installed,operating,Other named GHT rivers,river_group_not_normalized,木星土水电站,168.0,unknown,26.15670242,broad_coordinate,2.44,1.292491187,1147508.8129999998,1147508.8129999998,0.5297095028688524,0.5297095,False,0.7142857142857143,False,1.0,1712480356.406593,465366225.4211426,465366225.4211426,465366225.421608,0.0024658188547318,1147508.8129999998,1147508.8129999998,False,False,False,0.0657683836232533,0.1788900034552492,72.54790963731317,6117,257.52833557128906,0.0060958862304687,165,552,2.19451904296875e-05,52289.76329353914,0.576280783628421,0.576280783628421,0,3,NO_SELECTED_FLAG_NOT_ENGINEERING_CERTIFICATION
HydroCHN_00360,,102.83833,36.33917,43019934,63,0.142,0.142,9.3,1729.3937257108475,1.834132939,reservoir_storage,reservoir_storage,run_of_river,installed,operating,Unspecified GHT river,operation_type_requires_review;river_group_not_normalized,,142.0,operating,,,3.9,2.065867061,1834132.939,1834132.939,0.5297095028205129,0.5297095,False,1.0,False,1.0,4318050655.49469,757352547.1321106,757352547.1321106,757352547.1328682,0.0024217690241401,1834132.939,1834132.939,False,False,False,0.0122750477130125,0.0395092869056163,16.314225886841186,6117,294.4824676513672,0.0218496322631835,225,630,7.865867614746093e-05,23317.617697525984,0.8039638395976156,0.8039638395976156,0,3,NO_SELECTED_FLAG_NOT_ENGINEERING_CERTIFICATION
HydroCHN_00578,Salikete hydroelectric plant,83.86173,43.72007,46027096,65,0.08,0.08,79.8,113.54697764912906,1.636893104,reservoir_storage,reservoir_storage,run_of_river,installed,operating,Other named GHT rivers,river_group_not_normalized,萨里克特水电站,80.0,operating,0.004115868,near_coordinate,3.4806,1.843706896,1636893.104,1636893.104,0.5297095029592599,0.5297095,False,1.0,False,1.0,3185742091.397381,705037714.766407,705037714.766407,705037714.7671123,0.0023217099875865,1636893.104,1636893.104,False,False,False,0.1668518390298374,0.302558001440772,130.31687982484968,6117,216.73080444335935,0.0021848678588867,225,1266,7.865524291992188e-06,208109.85297782437,0.6714233333339197,0.6714233333339197,0,3,NO_SELECTED_FLAG_NOT_ENGINEERING_CERTIFICATION
HydroCHN_01756,,95.19501,29.88251,45018481,54,0.0,8.826622201,164.68,6070.74740763795,29.53692313,reservoir_storage,reservoir_storage,reservoir_storage,potential_or_nonoperating,potential,Unspecified GHT river,operation_type_requires_review;river_group_not_normalized,,8826.622201,potential,,,72.12647484,42.58955171,29536923.130000003,29536923.130000003,0.5904843097417071,0.5904843,False,1.0,False,1.0,115488789297.583,12866924094.433594,12866924094.433594,12866924094.446465,0.0022955698590581,29536923.130000003,29536923.130000003,False,False,False,0.0563130885328444,11.26656543555336,4907.960169926955,6117,3433.81689453125,0.02880859375,258,27,0.0001037109375,284800.4640783428,11.638517763988334,11.638517763988334,0,3,NO_SELECTED_FLAG_NOT_ENGINEERING_CERTIFICATION
HydroCHN_01832,,97.88935,30.24083,44003318,54,0.0,1.126908449,61.64,2070.687148767677,4.353698079,reservoir_storage,reservoir_storage,reservoir_storage,potential_or_nonoperating,potential,Unspecified GHT river,duplicate_comid;operation_type_requires_review;river_group_not_normalized,,1126.908449,potential,,,10.63133399,6.277635911,4353698.079,4353698.079,0.5904843095800436,0.5904843,False,1.0,False,0.4289865714311386,37428921533.71582,1919560810.148074,1919560810.1480827,1919560810.1500027,0.0022680698918101,4353698.079,4353698.079,False,False,False,0.0243349286696874,0.6215933657368183,274.0627032617988,6117,494.56192375484295,0.0004712987234961,417,114,1.696675404586046e-06,2566017.086846504,1.703922501257547,1.703922501257547,0,3,NO_SELECTED_FLAG_NOT_ENGINEERING_CERTIFICATION
HydroCHN_01801,,98.63757,29.15076,44003802,54,0.0,1.791279476,92.0,2205.281355414716,13.350116709999998,reservoir_storage,reservoir_storage,reservoir_storage,potential_or_nonoperating,potential,Unspecified GHT river,operation_type_requires_review;river_group_not_normalized,,1791.279476,potential,,,32.59976852,19.24965181,13350116.71,13350116.71,0.5904843096720247,0.5904843,False,1.0,False,1.0,40215467540.20386,5940422640.802002,5940422640.802002,5940422640.807944,0.0022473344940629,13350116.71,13350116.71,False,False,False,0.0700659982998026,2.8448431203174493,1265.8743626417024,6117,1812.470947265625,0.01513671875,225,63,5.44921875e-05,244991.38908673837,5.520836700049924,5.520836700049924,0,3,NO_SELECTED_FLAG_NOT_ENGINEERING_CERTIFICATION
HydroCHN_00369,Xixiayuan hydroelectric plant,112.47917,34.90583,43027623,41,0.14,0.14,47.84,331.4555900648175,76.18706054,reservoir_storage,reservoir_storage,run_of_river,installed,operating,Yellow River system,,西霞院水电站,140.0,operating,0.665318027,near_coordinate,162.0,85.81293946,76187060.54,76187060.54,0.5297095028395061,0.5297095,False,1.0,True,1.0,110720420614.81934,10438499496.313477,405814390.7958984,34802812457.12911,0.0021891064302302,76187060.54,76187060.54,False,False,False,2.660370525063365,8.442242466201076,44.96804915545904,2805,2434.0546875,0.00146484375,732,186,5.2734375e-06,14447324.072770372,2133.716407948036,2133.716407948036,0,3,NO_SELECTED_FLAG_NOT_ENGINEERING_CERTIFICATION
HydroCHN_00237,Shangtongba hydroelectric plant,100.8559,28.9441,43063637,51,0.24,0.24,250.0,108.73258579680598,0.93,reservoir_storage,reservoir_storage,run_of_river,installed,operating,Other named GHT rivers,river_group_not_normalized,上通坝水电站,240.0,operating,0.103431625,near_coordinate,1.6,0.67,930000.0,930000.0,0.41875,0.41875,False,1.0,False,1.0,2146408808.670044,427448299.93629456,427448299.93629456,427448299.9367221,0.0021757017167635,930000.0,930000.0,False,False,False,0.098994140625,0.538528125,247.51928118186055,6117,176.8508071899414,0.0006361007690429,300,789,2.2899627685546877e-06,406120.139930035,0.4351841405247099,0.4351841405247099,0,3,NO_SELECTED_FLAG_NOT_ENGINEERING_CERTIFICATION
HydroCHN_00506,Muzuo hydroelectric plant,104.52063,32.60603,43041303,51,0.1,0.1,289.01,39.19003155773372,0.1617799309999999,reservoir_storage,reservoir_storage,run_of_river,installed,operating,Other named GHT rivers,duplicate_comid;river_group_not_normalized,木座水电站,100.0,operating,0.053794522,near_coordinate,0.344,0.182220069,161779.9309999999,161779.9309999999,0.5297095029069768,0.5297095,False,1.0,False,0.5,622385057.5923443,82137200.94823837,82137200.94823837,82137200.94832054,0.0019696304370268,161779.9309999999,161779.9309999999,False,False,False,0.0477788057489605,0.1082986263643104,54.98423680316417,6114,63.12008762359619,9.298324584960938e-05,231,2220,3.3473968505859373e-07,483300.7205933216,0.1080589573469264,0.1080589573469264,0,3,NO_SELECTED_FLAG_NOT_ENGINEERING_CERTIFICATION
HydroCHN_00514,Lalashan hydroelectric plant,99.1025,30.01,43055444,54,0.096,0.096,213.0,51.0481623459183,0.6040000000000001,reservoir_storage,reservoir_storage,run_of_river,installed,operating,Yangtze-Jinsha system,,拉拉山水电站,96.0,operating,0.690444299,near_coordinate,1.06,0.456,604000.0000000001,604000.0000000001,0.430188679245283,0.4301887,False,1.0,True,1.0,1498560331.6951275,309359142.811203,309359142.811203,309359142.8115125,0.0019524233048706,604000.0000000001,604000.0000000001,False,False,False,0.1369440234375,0.297990195,152.62581339626362,6117,103.55194091796876,0.0040359497070312,189,633,1.45294189453125e-05,41570.82965763496,0.2713297186970179,0.2713297186970179,0,3,NO_SELECTED_FLAG_NOT_ENGINEERING_CERTIFICATION
HydroCHN_00248,Jiniu hydroelectric plant,101.8196,30.90083,43052699,51,0.24,0.24,457.0,59.48172089540809,0.928823732,reservoir_storage,reservoir_storage,run_of_river,installed,operating,Other named GHT rivers,river_group_not_normalized,革什扎河吉牛水电站,240.0,operating,0.04114218,near_coordinate,1.975,1.046176268,928823.732,928823.732,0.5297095027848101,0.5297095,False,1.0,False,1.0,1744365927.8406143,475766711.6191864,475766711.6191864,475766711.6196623,0.0019522671706853,928823.732,928823.732,False,False,False,0.1807324084457656,0.983184301944965,503.6115531250888,6117,145.36873626708984,0.003549575805664,165,570,1.2778472900390624e-05,72686.5987227321,0.4033753284907154,0.4033753284907154,0,3,NO_SELECTED_FLAG_NOT_ENGINEERING_CERTIFICATION
HydroCHN_01802,,97.38167,32.80418,43040907,51,0.0,1.781249835,70.84,2847.965787185971,15.828536040000005,reservoir_storage,reservoir_storage,reservoir_storage,potential_or_nonoperating,potential,Unspecified GHT river,operation_type_requires_review;river_group_not_normalized,,1781.249835,potential,,,38.65184269,22.82330665,15828536.040000005,15828536.040000005,0.5904843097145492,0.5904843,False,1.0,False,1.0,54529854851.060486,8488298453.205872,8488298453.205872,8488298453.214361,0.0018647478204546,15828536.040000005,15828536.040000005,False,False,False,0.0643268431929193,2.597196053331727,1392.7867483421471,6117,1984.024169921875,0.012033462524414,225,189,4.332046508789062e-05,365382.412397612,6.380839736595925,6.380839736595925,0,3,NO_SELECTED_FLAG_NOT_ENGINEERING_CERTIFICATION
HydroCHN_00401,Dajinping hydroelectric plant,102.22875,29.24125,43060888,51,0.129,0.129,185.0,78.97806062943678,0.5499999999999999,reservoir_storage,reservoir_storage,run_of_river,installed,operating,Other named GHT rivers,river_group_not_normalized,大金坪水电站,129.0,unknown,0.140216961,near_coordinate,1.42,0.87,549999.9999999999,549999.9999999999,0.6126760563380282,0.6126761,False,1.0,False,1.0,1225044974.8701096,296191508.625412,296191508.625412,296191508.6257083,0.0018569067106343,549999.9999999999,549999.9999999999,False,False,False,0.0806013808139534,0.2356784374999999,126.91991264291794,6117,150.1195831298828,0.0002403259277343,177,630,8.6517333984375e-07,635710.7583774249,0.3028973609089634,0.3028973609089634,0,3,NO_SELECTED_FLAG_NOT_ENGINEERING_CERTIFICATION
HydroCHN_00127,Jinsha hydroelectric plant,101.6425,26.5725,43074173,51,0.56,0.56,60.72,1044.5873141436675,50.79137369,reservoir_storage,reservoir_storage,run_of_river,installed,operating,Yangtze-Jinsha system,,金沙江金沙水电站,560.0,operating,0.177975055,near_coordinate,108.0,57.20862631,50791373.69,50791373.69,0.5297095028703703,0.5297095,False,1.0,True,1.0,103303117707.38524,13594501286.71875,1245360339.84375,27801982310.161674,0.001826897561597,50791373.69,50791373.69,False,False,False,0.5627706879572396,7.143435932470561,175.15084066854254,2613,1954.587646484375,0.002197265625,1227,114,7.91015625e-06,6421032.920809876,790.7217243912402,790.7217243912402,0,3,NO_SELECTED_FLAG_NOT_ENGINEERING_CERTIFICATION
HydroCHN_00255,Huangfeng hydroelectric plant,102.4357,35.87333,43022246,63,0.225,0.225,16.0,1592.7624872579,27.74713933,reservoir_storage,reservoir_storage,run_of_river,installed,operating,Yellow River system,,黄丰水电站,225.0,operating,0.107859228,near_coordinate,59.0,31.25286067,27747139.33,27747139.33,0.529709502881356,0.5297095,False,1.0,True,1.0,59603619568.00232,5665887459.008789,1348860822.6195931,16031185706.310942,0.0017308226501971,27747139.33,27747139.33,False,False,False,0.2016292124646667,1.0283089835697998,49.98878208628212,2280,1456.42578125,0.2890777587890625,744,21,0.0010406799316406,26662.510236222985,352.5403198547106,352.5403198547106,0,3,NO_SELECTED_FLAG_NOT_ENGINEERING_CERTIFICATION
HydroCHN_00477,Saizhu hydroelectric plant,102.7344,25.9506,43078951,53,0.102,0.102,66.24,174.40877477220164,0.7853851299999999,reservoir_storage,reservoir_storage,run_of_river,installed,operating,Other named GHT rivers,duplicate_comid;river_group_not_normalized,赛珠水电站,102.0,operating,0.0,near_coordinate,1.67,0.88461487,785385.1299999999,785385.1299999999,0.529709502994012,0.5297095,False,1.0,False,0.4722222222222222,2797589510.636902,458349359.3396204,458349359.3396186,458349359.3400771,0.0017135076421417,785385.1299999999,785385.1299999999,False,False,False,0.0521195432005588,0.1205003838796919,70.32380884450274,6117,158.74760648939343,0.0003877480824788,225,861,1.395893096923828e-06,562639.8839071394,0.3769101426018814,0.3769101426018814,0,3,NO_SELECTED_FLAG_NOT_ENGINEERING_CERTIFICATION
HydroCHN_00107,Batang hydroelectric plant,99.05083,29.946,43057837,54,0.75,0.75,55.0,1544.496957340994,20.0,reservoir_storage,reservoir_storage,run_of_river,installed,operating,Yangtze-Jinsha system,,金沙江巴塘水电站,750.0,construction,0.386809167,near_coordinate,158.0,138.0,20000000.0,20000000.0,0.8734177215189873,0.8734177,False,1.0,True,1.0,71302649523.15674,11867665686.273191,11867665686.273191,11867665686.285065,0.0016852513820905,20000000.0,20000000.0,False,False,False,0.149875,2.547875,1511.8664355206656,6117,3857.172607421875,0.0219268798828125,231,66,7.8936767578125e-05,253367.3548287327,9.412728162987843,9.412728162987843,0,3,NO_SELECTED_FLAG_NOT_ENGINEERING_CERTIFICATION
HydroCHN_00587,Sichuan Pingwu Xiannvbao hydroelectric plant,104.38145,32.48355,43044072,51,0.076,0.076,54.9,156.79410520183012,0.527195647,reservoir_storage,reservoir_storage,run_of_river,installed,operating,Yangtze-Jinsha system,,仙女堡水电站,76.0,operating,0.007273656,near_coordinate,1.121,0.593804353,527195.647,527195.647,0.5297095031222123,0.5297095,False,1.0,True,1.0,1431061137.731552,325087971.068573,325087971.068573,325087971.0688982,0.0016217014898046,527195.647,527195.647,False,False,False,0.0389160132139724,0.0670393187632698,41.33887721301826,6117,187.68667602539065,0.0036897659301757,213,627,1.3283157348632812e-05,39689.03124182763,0.3341299113045025,0.3341299113045025,0,3,NO_SELECTED_FLAG_NOT_ENGINEERING_CERTIFICATION
HydroCHN_01780,,95.13477,29.81523,45018486,54,0.0,2.5595952090000003,67.16,4316.672338254511,3.822548739,reservoir_storage,reservoir_storage,reservoir_storage,potential_or_nonoperating,potential,Unspecified GHT river,duplicate_comid;operation_type_requires_review;river_group_not_normalized,,2559.595209,potential,,,9.334315704,5.511766965,3822548.739,3822548.739,0.5904843097001811,0.5904843,False,1.0,False,0.2466216216043694,76256368242.95654,2392428937.132592,2392428937.132585,2392428937.134979,0.0015977689784916,3822548.739,3822548.739,False,False,False,0.0102492055894226,0.5946331971821597,372.1646903815359,6117,444.000202869595,0.0158729553211552,225,102,5.71426391561589e-05,66894.8581208119,1.5058192970387678,1.5058192970387678,0,3,NO_SELECTED_FLAG_NOT_ENGINEERING_CERTIFICATION
HydroCHN_00464,Minzhi hydroelectric plant,102.89167,30.47833,43055746,51,0.105,0.105,238.0,49.96901920809098,0.413855638,reservoir_storage,reservoir_storage,run_of_river,installed,operating,Other named GHT rivers,river_group_not_normalized,民治水电站,105.0,unknown,6.827258311,moderate_coordinate,0.88,0.466144362,413855.638,413855.638,0.5297095022727273,0.5297095,False,1.0,False,1.0,860565779.6959877,262846056.22730252,262846056.22730252,262846056.22756544,0.0015745172057734,413855.638,413855.638,False,False,False,0.09585931215175,0.228145162921165,144.89848830128452,6117,166.26328659057617,0.0056724548339843,216,972,2.042083740234375e-05,20266.34020172458,0.2812231860363018,0.2812231860363018,0,3,NO_SELECTED_FLAG_NOT_ENGINEERING_CERTIFICATION
HydroCHN_00283,Baoxing hydroelectric plant,102.9126,30.5374,43053169,51,0.195,0.195,25.76,857.3876743003188,0.354128744,reservoir_storage,reservoir_storage,run_of_river,installed,operating,Yangtze-Jinsha system,,宝兴水电站,195.0,operating,0.044026124,near_coordinate,0.753,0.398871256,354128.744,354128.744,0.5297095033200532,0.5297095,False,1.0,True,1.0,746639320.9590912,230678962.55636212,230678962.55636212,230678962.55659288,0.0015351583866826,354128.744,354128.744,False,False,False,0.0047804656372738,0.0211296581167504,13.76382938726544,6117,163.48422622680664,0.0004858970642089,168,1314,1.7492294311523438e-06,202448.42539992585,0.2618533217836241,0.2618533217836241,0,3,NO_SELECTED_FLAG_NOT_ENGINEERING_CERTIFICATION
HydroCHN_00520,Niangyong hydroelectric plant,99.918,29.14417,43060972,51,0.093,0.093,126.0,83.59896229417126,0.564348597,reservoir_storage,reservoir_storage,run_of_river,installed,operating,Unspecified GHT river,river_group_not_normalized,娘拥水电站,93.0,unknown,2.817138053,close_coordinate,1.2,0.635651403,564348.597,564348.597,0.5297095025,0.5297095,False,1.0,False,1.0,1577538467.457962,381708438.9690399,381708438.9690399,381708438.96942174,0.0014784807968188,564348.597,564348.597,False,False,False,0.0781326978951411,0.1647037271629574,111.40065364201686,6117,139.51083374023438,0.0054950714111328,225,603,1.9782257080078123e-05,28528.018552965405,0.2962743329081973,0.2962743329081973,0,3,NO_SELECTED_FLAG_NOT_ENGINEERING_CERTIFICATION
HydroCHN_01799,,97.57,29.50095,44003605,54,0.0,1.895366218,70.84,3030.421694356012,8.42630671,reservoir_storage,reservoir_storage,reservoir_storage,potential_or_nonoperating,potential,Unspecified GHT river,operation_type_requires_review;river_group_not_normalized,,1895.366218,potential,,,20.57627317,12.14996646,8426306.71,8426306.71,0.5904843097492761,0.5904843,False,1.0,False,1.0,50706195306.866455,5715056102.01416,5715056102.01416,5715056102.0198765,0.0014744048981464,8426306.71,8426306.71,False,False,False,0.0321825501097901,1.3826149478429366,937.7444076452048,6117,1660.96337890625,0.0055694580078125,225,84,2.0050048828125e-05,420263.65033984784,4.00160413168903,4.00160413168903,0,3,NO_SELECTED_FLAG_NOT_ENGINEERING_CERTIFICATION
HydroCHN_00303,,99.70417,28.65167,43063692,51,0.18,0.18,221.9,91.8763399589956,0.7242473660000001,reservoir_storage,reservoir_storage,run_of_river,installed,operating,Unspecified GHT river,operation_type_requires_review;river_group_not_normalized,,180.0,operating,,,1.54,0.815752634,724247.366,724247.366,0.5297095025974026,0.5297095,False,1.0,False,1.0,2280792440.7463074,491792747.0546722,491792747.0546722,491792747.05516416,0.0014726678470489,724247.366,724247.366,False,False,False,0.0912366847196802,0.3722456736562952,252.76960748607885,6117,156.2334442138672,0.0034217834472656,198,465,1.231842041015625e-05,58793.85033838227,0.3574132681041135,0.3574132681041135,0,3,NO_SELECTED_FLAG_NOT_ENGINEERING_CERTIFICATION
HydroCHN_00612,Hunan Dongping hydroelectric plant,111.2,28.37333,43066264,43,0.072,0.072,90.0,90.61048816400498,9.31175184,reservoir_storage,reservoir_storage,run_of_river,installed,operating,Yangtze-Jinsha system,,东坪水电站,72.0,unknown,19.03556068,broad_coordinate,19.8,10.48824816,9311751.84,9311751.84,0.529709503030303,0.5297095,False,1.0,True,1.0,26384447902.835083,4691243129.864502,57350343.713378906,6445524123.035011,0.0014446849724325,9311751.84,9311751.84,False,False,False,1.1894308014375,1.941151067946,11.95539602635025,1926,601.8743286132812,0.0030517578125,477,843,1.0986328125e-05,847576.3452586667,1671.4994549303522,1671.4994549303522,0,3,NO_SELECTED_FLAG_NOT_ENGINEERING_CERTIFICATION
HydroCHN_01766,,98.77917,30.923,43052374,54,0.0,3.258280388,106.72,3458.0488255702253,17.322901599999998,reservoir_storage,reservoir_storage,reservoir_storage,potential_or_nonoperating,potential,Unspecified GHT river,operation_type_requires_review;river_group_not_normalized,,3258.280388,potential,,,42.30094723,24.97804563,17322901.599999998,17322901.599999998,0.5904843098238111,0.5904843,False,1.0,False,1.0,69044722435.02502,12073347857.592772,12073347857.592772,12073347857.604849,0.0014348051430563,17322901.599999998,17322901.599999998,False,False,False,0.0579796747847349,4.28205151108432,2984.413271587929,6117,3275.373291015625,0.0022430419921875,396,90,8.074951171875e-06,2145263.944175359,8.087290402135825,8.087290402135825,0,3,NO_SELECTED_FLAG_NOT_ENGINEERING_CERTIFICATION
HydroCHN_00314,Lizhou hydroelectric plant,100.93167,27.835,43069367,51,0.355,0.355,129.0,311.6930552153272,0.2276206009999999,reservoir_storage,reservoir_storage,run_of_river,installed,operating,Other named GHT rivers,duplicate_comid;river_group_not_normalized,立洲水电站,172.0,operating,16.2527051,broad_coordinate,0.484,0.256379399,227620.6009999999,227620.6009999999,0.5297095020661158,0.5297095,False,2.063953488372093,False,0.7473684210526316,553050378.9883252,162759208.50659922,162759208.50659987,162759208.50676268,0.0013985113536021,227620.6009999999,227620.6009999999,False,False,False,0.0084522181443512,0.0680121820015462,48.63184115474015,6117,124.51686210632325,0.0002822474429481,225,2571,1.0160907946134869e-06,224016.00546591415,0.1877448068297332,0.1877448068297332,0,3,NO_SELECTED_FLAG_NOT_ENGINEERING_CERTIFICATION
HydroCHN_01759,,95.20917,29.86019,45018480,54,0.0,5.330555291,99.36,6076.441942214293,7.6405122200000015,reservoir_storage,reservoir_storage,reservoir_storage,potential_or_nonoperating,potential,Unspecified GHT river,duplicate_comid;operation_type_requires_review;river_group_not_normalized,,5330.555291,potential,,,18.65743464,11.01692242,7640512.220000002,7640512.220000002,0.5904843100123007,0.5904843,False,1.0,False,0.4444444444722367,115697749812.89062,5677055460.120637,5677055460.1206255,5677055460.126304,0.0013458583016608,7640512.220000002,7640512.220000002,False,False,False,0.0145532295443808,1.7584073476425723,1306.532303936357,6117,1510.6551650250208,0.0025499131946038,258,99,9.179687500574028e-06,832328.139658591,3.6330196705852105,3.6330196705852105,0,3,NO_SELECTED_FLAG_NOT_ENGINEERING_CERTIFICATION
HydroCHN_01805,,96.62143,33.58357,43034299,63,0.0,1.726857433,73.6,2657.462550845288,8.38474848,reservoir_storage,reservoir_storage,reservoir_storage,potential_or_nonoperating,potential,Unspecified GHT river,duplicate_comid;operation_type_requires_review;river_group_not_normalized,,1726.857433,potential,,,20.47479175,12.09004327,8384748.48,8384748.48,0.5904843095656882,0.5904843,False,1.0,False,0.7547169811733062,48662434841.87336,6295813725.445991,6295813725.445992,6295813725.452289,0.0013317974205784,8384748.48,8384748.48,False,False,False,0.0365181815898521,1.42939838187648,1073.2851406591308,6117,2646.037183222385,0.0087867592870366,423,237,3.163233343333187e-05,265068.9206242609,4.9751339832283605,4.9751339832283605,0,3,NO_SELECTED_FLAG_NOT_ENGINEERING_CERTIFICATION
HydroCHN_01820,,97.23062,31.04667,44002129,54,0.0,1.480421775,106.72,1571.1879184006366,5.442035367999999,reservoir_storage,reservoir_storage,reservoir_storage,potential_or_nonoperating,potential,Unspecified GHT river,operation_type_requires_review;river_group_not_normalized,,1480.421775,potential,,,13.28895448,7.846919112,5442035.367999999,5442035.367999999,0.5904843096429961,0.5904843,False,1.0,False,1.0,29434327550.98572,4146335286.6851807,4146335286.6851807,4146335286.689328,0.0013124928380659,5442035.367999999,5442035.367999999,False,False,False,0.04008847046576,1.345217811022993,1024.933448782767,6117,1071.494140625,0.005462646484375,330,117,1.966552734375e-05,276729.6941940161,2.583170631739694,2.583170631739694,0,3,NO_SELECTED_FLAG_NOT_ENGINEERING_CERTIFICATION
HydroCHN_01806,,101.19917,28.74168,43063475,51,0.0,1.725590541,80.96,2414.102663216395,9.1596607,reservoir_storage,reservoir_storage,reservoir_storage,potential_or_nonoperating,potential,Unspecified GHT river,operation_type_requires_review;river_group_not_normalized,,1725.590541,potential,,,22.36705679,13.20739609,9159660.7,9159660.7,0.5904843097597375,0.5904843,False,1.0,False,1.0,40585351101.745605,7101861448.809814,7101861448.809814,7101861448.816918,0.001289754913696,9159660.7,9159660.7,False,False,False,0.0439146988446374,1.7176525492425194,1331.766625582032,6117,1997.50341796875,0.0682373046875,363,60,0.000245654296875,37286.7921160803,4.541853612418737,4.541853612418737,0,3,NO_SELECTED_FLAG_NOT_ENGINEERING_CERTIFICATION
HydroCHN_00232,Bingling hydroelectric plant,103.0075,35.80583,43022230,62,0.24,0.24,56.12,484.37538220245006,22.54572643,reservoir_storage,reservoir_storage,run_of_river,installed,operating,Yellow River system,,炳灵水电站,240.0,unknown,2.564714296,close_coordinate,47.94,25.39427357,22545726.43,22545726.43,0.529709502920317,0.5297095,False,1.0,True,1.0,60307589607.9895,5932968067.034912,1458030986.553955,17489216692.866356,0.0012891215670737,22545726.43,22545726.43,False,False,False,0.5387266102750953,2.9306727598965185,189.52645897862615,2787,1986.125,0.008544921875,771,102,3.076171875e-05,732915.043311746,358.3499250062171,358.3499250062171,0,3,NO_SELECTED_FLAG_NOT_ENGINEERING_CERTIFICATION
HydroCHN_01779,,95.08482,29.74482,45018487,54,0.0,2.59872428,68.08,4323.437052263007,12.572604090000002,reservoir_storage,reservoir_storage,reservoir_storage,potential_or_nonoperating,potential,Unspecified GHT river,operation_type_requires_review;river_group_not_normalized,,2598.72428,potential,,,30.70115356,18.12854947,12572604.090000002,12572604.090000002,0.5904843098019408,0.5904843,False,1.0,False,1.0,76122322505.74951,9842930788.07373,9842930788.07373,9842930788.083576,0.001277323224219,12572604.090000002,12572604.090000002,False,False,False,0.033657538963242,1.9825777107333271,1552.134708850583,6117,1866.4599609375,0.112640380859375,225,39,0.0004055053710937,31004.77820081279,5.35884998594386,5.35884998594386,0,3,NO_SELECTED_FLAG_NOT_ENGINEERING_CERTIFICATION
HydroCHN_01803,,97.97158,29.16509,44003790,54,0.0,1.777302743,65.32,3081.7948017156905,3.415784873,reservoir_storage,reservoir_storage,reservoir_storage,potential_or_nonoperating,potential,Unspecified GHT river,duplicate_comid;operation_type_requires_review;river_group_not_normalized,,1777.302743,potential,,,8.341035411,4.925250538,3415784.873,3415784.873,0.5904843098381615,0.5904843,False,1.0,False,0.4329268293737477,51666760723.15064,2788536983.424837,2788536983.4248343,2788536983.427624,0.0012249379847927,3415784.873,3415784.873,False,False,False,0.0128284164536828,0.5167995410334738,421.8985348228696,6117,942.9374645017904,0.0078808854285107,225,138,2.837118754263873e-05,120396.26003904337,1.8917665958935717,1.8917665958935717,0,3,NO_SELECTED_FLAG_NOT_ENGINEERING_CERTIFICATION
HydroCHN_01833,,94.5486,31.31943,44002091,54,0.0,1.120325282,92.0,1379.255716093703,5.324117965999999,reservoir_storage,reservoir_storage,reservoir_storage,potential_or_nonoperating,potential,Unspecified GHT river,operation_type_requires_review;river_group_not_normalized,,1120.325282,potential,,,13.00101093,7.676892964,5324117.965999999,5324117.965999999,0.5904843096689867,0.5904843,False,1.0,False,1.0,22733860119.84558,4660845482.098389,4660845482.098389,4660845482.103051,0.0011423073316727,5324117.965999999,5324117.965999999,False,False,False,0.0446775278859211,1.1345429179647697,993.202868007756,6117,2404.822631835937,0.0089988708496093,402,204,3.239593505859375e-05,164345.2475247402,3.883744289063044,3.883744289063044,0,3,NO_SELECTED_FLAG_NOT_ENGINEERING_CERTIFICATION
HydroCHN_00066,,102.28333,29.28,43060609,51,0.0,1.2,34.96,3887.749778203875,5.300000000000001,reservoir_storage,reservoir_storage,reservoir_storage,potential_or_nonoperating,construction,Unspecified GHT river,duplicate_comid;operation_type_requires_review;river_group_not_normalized,,1200.0,construction,,,20.8,15.5,5300000.000000001,5300000.000000001,0.7451923076923077,0.7451923,False,1.0,False,0.8765522279035792,40569492700.03052,4704170085.682885,4704170085.6828375,4704170085.687543,0.0011266599428718,5300000.000000001,5300000.000000001,False,False,False,0.01577843125,0.42917333,380.925347275262,6117,1035.022855414536,0.1159623384998173,225,81,0.0004174644185993,12695.692767738909,2.507245077640266,2.507245077640266,0,3,NO_SELECTED_FLAG_NOT_ENGINEERING_CERTIFICATION
HydroCHN_00272,,76.2025,37.80833,48022554,65,0.203,0.203,69.99,328.50994958731627,2.7135761689999995,reservoir_storage,reservoir_storage,run_of_river,installed,operating,Unspecified GHT river,operation_type_requires_review;river_group_not_normalized,,203.0,operating,,,5.77,3.056423831,2713576.169,2713576.169,0.5297095027729637,0.5297095,False,1.0,False,1.0,11424115653.239822,2433157603.239441,2433157603.239441,2433157603.2418747,0.0011152488294981,2713576.169,2713576.169,False,False,False,0.0956048108287213,0.439909602893223,394.4497328822498,6117,709.0167846679688,0.0301704406738281,369,114,0.0001086135864257,24983.763618322864,1.4627879427259871,1.4627879427259871,0,3,NO_SELECTED_FLAG_NOT_ENGINEERING_CERTIFICATION
HydroCHN_01887,Leidatan hydroelectric plant,103.72355,24.20083,43086181,53,0.108,0.108,65.32,187.2690738233416,3.684732111,reservoir_storage,reservoir_storage,run_of_river,installed,operating,Pearl-Xijiang system,,南盘江雷打滩水电站,471.7162171,potential,1.615513931,near_coordinate,8.997780057,5.313047946,3684732.111,3684732.111,0.5904843097233311,0.5904843,False,0.2289512127947572,True,1.0,8495145023.565674,3468181294.596863,3468181294.596863,3468181294.600332,0.0010624393011797,3684732.111,3684732.111,False,False,False,0.2277330769311343,0.5574905723274168,524.726986010204,6117,1901.5841674804688,0.0051803588867187,240,183,1.86492919921875e-05,197580.2680629161,2.925120864984394,2.925120864984394,0,3,NO_SELECTED_FLAG_NOT_ENGINEERING_CERTIFICATION
HydroCHN_00475,Xiangshui hydroelectric plant,104.68167,26.38083,43076886,52,0.23,0.23,24.656,1056.55886385267,0.5079137370000001,reservoir_storage,reservoir_storage,run_of_river,installed,operating,Pearl-Xijiang system,duplicate_comid,北盘江响水水电站,102.0,operating,1.489069874,near_coordinate,1.08,0.572086263,507913.7370000001,507913.7370000001,0.5297095027777777,0.5297095,False,2.2549019607843137,True,0.5609756097560975,2315097572.504425,492872554.1958802,492872554.19587857,492872554.1963716,0.0010305173876604,507913.7370000001,507913.7370000001,False,False,False,0.0055639410319665,0.029006679246652,28.14768541894736,6117,143.46560892244662,0.0013289102693883,213,945,4.784076969798017e-06,106167.55127613342,0.2845527580903979,0.2845527580903979,0,3,NO_SELECTED_FLAG_NOT_ENGINEERING_CERTIFICATION
HydroCHN_01819,,97.71112,30.39972,44002894,54,0.0,1.489219459,81.88,2060.010108746419,4.431297528000001,reservoir_storage,reservoir_storage,reservoir_storage,potential_or_nonoperating,potential,Unspecified GHT river,operation_type_requires_review;river_group_not_normalized,,1489.219459,potential,,,10.82082478,6.389527252,4431297.528000001,4431297.528000001,0.590484309829107,0.5904843,False,1.0000000000000002,False,1.0,37247223832.27844,4516617290.95459,4516617290.95459,4516617290.959107,0.0009811098090755,4431297.528000001,4431297.528000001,False,False,False,0.0248970457065105,0.8404157385889525,856.5970198382117,6117,1154.871826171875,0.0431365966796875,399,45,0.0001552917480468,28535.305859667496,2.3857878061752613,2.3857878061752613,0,3,NO_SELECTED_FLAG_NOT_ENGINEERING_CERTIFICATION
HydroCHN_00336,Nina hydroelectric plant,101.2674,36.0625,43019877,63,0.16,0.16,18.1,1001.2208636906628,12.32161103,reservoir_storage,reservoir_storage,run_of_river,installed,operating,Yellow River system,,尼那水电站,160.0,operating,0.022239016,near_coordinate,26.2,13.87838897,12321611.03,12321611.03,0.5297095026717558,0.5297095,False,1.0,True,1.0,55786460976.53504,7018893835.510254,372899476.9520244,13025009917.2688,0.0009459962877773,12321611.03,12321611.03,False,False,False,0.1424373421938691,0.5165727610230987,15.63348428417129,2760,781.647278226912,0.00927734375,762,345,3.33984375e-05,368927.768851462,208.5068086865876,208.5068086865876,0,3,NO_SELECTED_FLAG_NOT_ENGINEERING_CERTIFICATION
HydroCHN_01822,,98.00562,30.06188,44003313,54,0.0,1.405301204,76.36,2084.452398374541,4.1485394620000005,reservoir_storage,reservoir_storage,reservoir_storage,potential_or_nonoperating,potential,Unspecified GHT river,operation_type_requires_review;river_group_not_normalized,,1405.301204,potential,,,10.13035535,5.981815888,4148539.462,4148539.462,0.5904843099112016,0.5904843,False,1.0,False,1.0,37660176733.94165,4443818371.875,4443818371.875,4443818371.879445,0.0009335528851161,4148539.462,4148539.462,False,False,False,0.0230350681406061,0.7337474038235586,785.9730450424036,6117,1151.387939453125,0.0877838134765625,441,57,0.0003160217285156,13127.386782820173,2.303760012234207,2.303760012234207,0,3,NO_SELECTED_FLAG_NOT_ENGINEERING_CERTIFICATION
HydroCHN_01770,,96.78042,30.26667,44003303,54,0.0,3.022992017,126.96,2696.861042614407,6.542025688999999,reservoir_storage,reservoir_storage,reservoir_storage,potential_or_nonoperating,potential,Unspecified GHT river,operation_type_requires_review;river_group_not_normalized,,3022.992017,potential,,,15.97503061,9.433004921,6542025.688999999,6542025.688999999,0.5904843096259959,0.5904843,False,1.0,False,1.0,45269892225.0,7198338603.076172,7198338603.076172,7198338603.083372,0.0009088243898665,6542025.688999999,6542025.688999999,False,False,False,0.0280763037926413,1.923820690592488,2116.823351179073,6117,1860.85791015625,0.001068115234375,225,114,3.84521484375e-06,1701342.0458504125,3.678087268216484,3.678087268216484,0,3,NO_SELECTED_FLAG_NOT_ENGINEERING_CERTIFICATION
HydroCHN_00271,Xiabandi hydroelectric plant,75.52917,37.83167,48022628,65,0.15,0.15,15.64,1086.2830262628474,0.81360256,reservoir_storage,reservoir_storage,run_of_river,installed,operating,Other named GHT rivers,river_group_not_normalized,下坂地水电站,210.0,unknown,3.897497261,close_coordinate,1.73,0.91639744,813602.5599999999,813602.5599999999,0.5297095028901734,0.5297095,False,0.7142857142857143,False,1.0,3663969052.060461,900786328.891325,900786328.891325,900786328.892226,0.0009032137077397,813602.5599999999,813602.5599999999,False,False,False,0.00866873187616,0.029473688378944,32.63202066836648,6117,293.6158447265625,0.0107144117355346,294,435,3.85718822479248e-05,21093.15160640812,0.5196165558391932,0.5196165558391932,0,3,NO_SELECTED_FLAG_NOT_ENGINEERING_CERTIFICATION
HydroCHN_01757,,95.24694,29.825,45018480,54,0.0,6.663194112999999,124.2,6076.441941530336,6.250154966,reservoir_storage,reservoir_storage,reservoir_storage,potential_or_nonoperating,potential,Unspecified GHT river,duplicate_comid;operation_type_requires_review;river_group_not_normalized,,6663.194113,potential,,,15.26230891,9.012153944,6250154.966,6250154.966,0.5904843098867667,0.5904843,False,1.0,False,0.5555555555277633,115697749812.89062,7096319324.352016,7096319324.35203,7096319324.359128,0.0008807601067986,6250154.966,6250154.966,False,False,False,0.0119049531365566,1.7980336428476893,2041.4567246707743,6117,1888.3189560687288,0.0031873914928961,258,81,1.147460937442597e-05,544694.3562131212,3.624473113295577,3.624473113295577,0,3,NO_SELECTED_FLAG_NOT_ENGINEERING_CERTIFICATION
HydroCHN_00296,Liuhong hydroelectric plant,103.21417,28.13167,43066473,51,0.18,0.18,389.7,52.31552434411373,0.305688823,reservoir_storage,reservoir_storage,run_of_river,installed,operating,Other named GHT rivers,river_group_not_normalized,柳洪水电站,180.0,operating,1.077104526,near_coordinate,0.65,0.344311177,305688.823,305688.823,0.5297095030769231,0.5297095,False,1.0,False,1.0,1131714315.4372215,379223885.50014496,379223885.50014496,379223885.5005243,0.0008060906358694,305688.823,305688.823,False,False,False,0.0676293533396765,0.2759277616258803,342.30364347055024,6117,181.20339965820312,0.0004925727844238,225,1035,1.7732620239257812e-06,172387.84729807894,0.2661169616039136,0.2661169616039136,0,3,NO_SELECTED_FLAG_NOT_ENGINEERING_CERTIFICATION
HydroCHN_01818,,104.87825,37.39167,43014777,64,0.0,1.525246883,57.04,3028.650171792974,8.20185387,reservoir_storage,reservoir_storage,reservoir_storage,potential_or_nonoperating,potential,Unspecified GHT river,duplicate_comid;operation_type_requires_review;river_group_not_normalized,,1525.246883,potential,,,20.02817977,11.8263259,8201853.870000001,8201853.870000001,0.5904843093986268,0.5904843,False,1.0,False,0.9088334371123632,83843487392.32178,10298408806.104958,10298408806.105053,10298408806.115356,0.0007964195269787,8201853.870000001,8201853.870000001,False,False,False,0.0313436213664494,1.083619911265143,1360.6144432129126,6117,1901.4018080620735,0.0224656702899479,243,126,8.08764130438126e-05,101412.18633864078,4.179694549733921,4.179694549733921,0,3,NO_SELECTED_FLAG_NOT_ENGINEERING_CERTIFICATION
HydroCHN_00415,,100.27583,28.06083,43066623,51,0.12,0.12,410.5,33.10980079074482,0.220425156,reservoir_storage,reservoir_storage,run_of_river,installed,operating,Unspecified GHT river,duplicate_comid;operation_type_requires_review;river_group_not_normalized,,120.0,operating,,,0.4687,0.248274844,220425.156,220425.156,0.5297095028803073,0.5297095,False,1.0,False,0.7792207792207791,1221110609.2523575,278240369.3476113,278240369.3476095,278240369.3478879,0.0007922112686832,220425.156,220425.156,False,False,False,0.0770532296300156,0.2095847845936425,264.5566818833249,6114,158.35011172604248,0.000741636598265,189,789,2.669891753754058e-06,82559.5853053093,0.2195793217272621,0.2195793217272621,0,3,NO_SELECTED_FLAG_NOT_ENGINEERING_CERTIFICATION
HydroCHN_01838,,100.29507,34.95507,43024730,63,0.0,1.052130292,65.32,1824.365419669648,4.38188957,reservoir_storage,reservoir_storage,reservoir_storage,potential_or_nonoperating,potential,Unspecified GHT river,duplicate_comid;operation_type_requires_review;river_group_not_normalized,,1052.130292,potential,,,10.70017505,6.31828548,4381889.57,4381889.57,0.5904843098805191,0.5904843,False,1.0,False,0.6339285715006585,47447834887.13379,5636180305.896271,5636180305.896263,5636180305.9019,0.0007774573083496,4381889.57,4381889.57,False,False,False,0.0277994276370225,0.6629687181225965,852.7397080223244,6117,1567.6200803087024,0.031916005274451,306,66,0.000114897618988,38137.34008236275,2.784811627534709,2.784811627534709,0,3,NO_SELECTED_FLAG_NOT_ENGINEERING_CERTIFICATION
HydroCHN_01811,,101.04973,29.36167,43060654,51,0.0,1.634549842,79.12,2339.9165683774204,4.547702825,reservoir_storage,reservoir_storage,reservoir_storage,potential_or_nonoperating,potential,Unspecified GHT river,operation_type_requires_review;river_group_not_normalized,,1634.549842,potential,,,11.10507591,6.557373085,4547702.825,4547702.825,0.5904843098906831,0.5904843,False,1.0,False,1.0,39252476607.9895,5906826433.850098,5906826433.850098,5906826433.856006,0.0007699062899383,4547702.825,4547702.825,False,False,False,0.0224945838132703,0.8334197508043025,1082.4950538723065,6117,1935.9610595703125,0.0120849609375,291,39,4.3505859375e-05,104530.81240852976,3.1992118442967343,3.1992118442967343,0,3,NO_SELECTED_FLAG_NOT_ENGINEERING_CERTIFICATION
HydroCHN_00332,,102.91667,30.1125,43055471,51,0.16,0.16,152.2,119.06765855979631,0.651,reservoir_storage,reservoir_storage,run_of_river,installed,operating,Unspecified GHT river,operation_type_requires_review;river_group_not_normalized,,160.0,operating,,,0.979,0.328,651000.0,651000.0,0.3350357507660879,0.3350358,False,1.0,False,1.0,3530028782.0674896,908130656.8061827,908130656.8061827,908130656.8070912,0.0007168572001399,651000.0,651000.0,False,False,False,0.0632810144531249,0.2294991457499999,320.1462518685182,6117,461.9539413452149,0.0089111328125,177,360,3.2080078125e-05,20292.96803652968,0.6427872746801909,0.6427872746801909,0,3,NO_SELECTED_FLAG_NOT_ENGINEERING_CERTIFICATION
HydroCHN_00274,Yunnan Yanjin Hengjiang Wannianqiao hydroelectric plant,104.1875,27.99,43066212,53,0.064,0.064,30.1484,240.438598835109,0.621,reservoir_storage,reservoir_storage,run_of_river,installed,operating,Other named GHT rivers,duplicate_comid;river_group_not_normalized,万年桥水电站,201.0,unknown,17.51525076,broad_coordinate,0.693,0.072,621000.0,621000.0,0.1038961038961038,0.1038961,False,0.3184079601990049,False,0.5161290322580645,4278302656.416321,871292076.0757911,871292076.0757937,871292076.0766653,0.0007127345892967,621000.0,621000.0,False,False,False,0.0298932868300781,0.0433651947615,60.84339866856436,6117,396.0713048135081,0.0004863123739919,225,570,1.7507245463709675e-06,354710.28340080974,0.5685713048150767,0.5685713048150767,0,3,NO_SELECTED_FLAG_NOT_ENGINEERING_CERTIFICATION
HydroCHN_00390,Egongbao hydroelectric plant,100.90583,28.495,43066211,51,0.132,0.132,84.7,176.5139379818279,0.379524431,reservoir_storage,reservoir_storage,run_of_river,installed,operating,Other named GHT rivers,river_group_not_normalized,俄公堡水电站,132.0,operating,4.477376688,close_coordinate,0.807,0.427475569,379524.431,379524.431,0.5297095030978934,0.5297095,False,1.0,False,1.0,2822772384.558105,545487267.408371,545487267.408371,545487267.4089166,0.0006957530517673,379524.431,379524.431,False,False,False,0.0248855355420546,0.0744575223418276,107.01716960150397,6117,210.6763610839844,0.0072860717773437,330,546,2.6229858398437494e-05,14469.17574753694,0.316099814140856,0.316099814140856,0,3,NO_SELECTED_FLAG_NOT_ENGINEERING_CERTIFICATION
HydroCHN_00301,Pingtou hydroelectric plant,103.3044,28.05833,43066470,51,0.18,0.18,294.0,69.34476135000381,0.29200337,reservoir_storage,reservoir_storage,run_of_river,installed,operating,Other named GHT rivers,river_group_not_normalized,坪头水电站,180.0,operating,0.003335852,near_coordinate,0.6209,0.32889663,292003.37,292003.37,0.5297095023353198,0.5297095,False,1.0,False,1.0,1246111103.595829,419839491.43981934,419839491.43981934,419839491.44023925,0.0006955119181339,292003.37,292003.37,False,False,False,0.0487371874740625,0.198847724894175,285.9012472819596,6117,192.6968307495117,0.0003948211669921,219,906,1.421356201171875e-06,205439.96625142245,0.2738088779730077,0.2738088779730077,0,3,NO_SELECTED_FLAG_NOT_ENGINEERING_CERTIFICATION
HydroCHN_01762,,98.90667,30.68418,43052369,51,0.0,3.946077482,127.88,3495.0344754555795,8.56646972,reservoir_storage,reservoir_storage,reservoir_storage,potential_or_nonoperating,potential,Unspecified GHT river,operation_type_requires_review;river_group_not_normalized,,3946.077482,potential,,,20.91853847,12.35206875,8566469.72,8566469.72,0.5904843097769249,0.5904843,False,1.0,False,1.0,70136512558.42896,12468427212.689207,12468427212.689207,12468427212.70168,0.0006870529517366,8566469.72,8566469.72,False,False,False,0.0283685199069941,2.537405892326926,3693.1737006743297,6117,3517.60595703125,0.05908203125,441,24,0.0002126953125,40275.78050174472,5.89718087926037,5.89718087926037,0,3,NO_SELECTED_FLAG_NOT_ENGINEERING_CERTIFICATION
HydroCHN_00171,Banduo hydroelectric plant,100.27475,35.30975,43024722,63,0.36,0.36,69.92,583.1624667305812,7.360046281000001,reservoir_storage,reservoir_storage,run_of_river,installed,operating,Yellow River system,,班多水电站,360.0,operating,0.078935933,near_coordinate,15.65,8.289953719,7360046.281,7360046.281,0.5297095028115015,0.5297095,False,1.0,True,1.0,47971312652.82898,9283503141.677856,3043450481.6986084,10844723252.29051,0.0006786753437387,7360046.281,7360046.281,False,False,False,0.1460754518761971,1.1919756873097682,492.8935011021493,3327,1641.250244140625,0.099822998046875,681,33,0.0003593627929687,20480.824462091783,4.462394400620854,4.462394400620854,0,3,NO_SELECTED_FLAG_NOT_ENGINEERING_CERTIFICATION
HydroCHN_00426,Liuping hydroelectric plant,103.54483,31.88433,43047088,51,0.12,0.12,76.3,178.13333190826668,0.5115349739999999,reservoir_storage,reservoir_storage,run_of_river,installed,operating,Other named GHT rivers,duplicate_comid;river_group_not_normalized,柳坪水电站,120.0,operating,0.062725578,near_coordinate,1.0877,0.576165026,511534.97399999993,511534.97399999993,0.5297095026202078,0.5297095,False,1.0,False,0.8333333333333334,4628870448.09494,763866570.1217686,763866570.1217653,763866570.1225293,0.0006696653499549,511534.97399999993,511534.97399999993,False,False,False,0.0332365852989515,0.0904035120131482,134.99804345429828,6117,228.08858235677084,0.0109227498372395,225,273,3.93218994140625e-05,13008.90805435157,0.3701816306914743,0.3701816306914743,0,3,NO_SELECTED_FLAG_NOT_ENGINEERING_CERTIFICATION
HydroCHN_00199,Kangyang hydroelectric plant,101.9458,36.06,43019856,63,0.285,0.285,22.5,1434.6660625967456,9.40580994,reservoir_storage,reservoir_storage,run_of_river,installed,operating,Yellow River system,,康扬水电站,285.0,operating,0.344704749,near_coordinate,20.0,10.59419006,9405809.94,9405809.94,0.5297095030000001,0.5297095,False,1.0,True,1.0,56891733543.51196,5676946465.374756,172399172.1130371,14587998992.099464,0.0006447635446845,9405809.94,9405809.94,False,False,False,0.0758807528876644,0.4901896636543125,8.9846906041535,2604,1046.2861328125,0.0013580322265625,744,426,4.888916015625e-06,1923904.9944689136,336.1110296361177,336.1110296361177,0,3,NO_SELECTED_FLAG_NOT_ENGINEERING_CERTIFICATION
HydroCHN_01793,,101.14914,29.03167,43063488,51,0.0,2.010255915,95.68,2379.6805731700524,4.20903004,reservoir_storage,reservoir_storage,reservoir_storage,potential_or_nonoperating,potential,Unspecified GHT river,operation_type_requires_review;river_group_not_normalized,,2010.255915,potential,,,10.27806782,6.06903778,4209030.04,4209030.04,0.5904843095304658,0.5904843,False,1.0000000000000002,False,1.0,39924022797.29004,6675114350.55542,6675114350.55542,6675114350.562097,0.0006305554959737,4209030.04,4209030.04,False,False,False,0.0204714977347011,0.932800186628752,1479.3308322328717,6117,1999.0035400390625,0.120361328125,333,42,0.00043330078125,9713.875954383591,3.1681785511543423,3.1681785511543423,0,3,NO_SELECTED_FLAG_NOT_ENGINEERING_CERTIFICATION
HydroCHN_01786,,98.24062,28.8025,44003777,54,0.0,2.356458894,83.72,3188.0060129561525,4.096547571,reservoir_storage,reservoir_storage,reservoir_storage,potential_or_nonoperating,potential,Unspecified GHT river,operation_type_requires_review;river_group_not_normalized,,2356.458894,potential,,,10.00339589,5.906848319,4096547.571000001,4096547.571000001,0.5904843099236773,0.5904843,False,1.0000000000000002,False,1.0,54051614977.80762,6799542131.085205,6799542131.085205,6799542131.092006,0.000602474033107,4096547.571000001,4096547.571000001,False,False,False,0.0148725393998729,0.794387962224443,1318.5430716854776,6117,2367.368408203125,0.139404296875,225,60,0.00050185546875,8162.803488429657,3.5052982890409643,3.5052982890409643,0,3,NO_SELECTED_FLAG_NOT_ENGINEERING_CERTIFICATION
HydroCHN_01824,,98.59333,29.02932,44003801,54,0.0,1.325413098,68.08,2205.0588981482483,3.580458169,reservoir_storage,reservoir_storage,reservoir_storage,potential_or_nonoperating,potential,Unspecified GHT river,operation_type_requires_review;river_group_not_normalized,,1325.413098,potential,,,8.743152592,5.162694423,3580458.169,3580458.169,0.5904843097127087,0.5904843,False,1.0,False,1.0,40261751527.20337,6000612229.467773,6000612229.467773,6000612229.473776,0.0005966821437675,3580458.169,3580458.169,False,False,False,0.0187933701462261,0.5646035228070606,946.238342648442,6117,1833.56591796875,0.0890960693359375,225,54,0.0003207458496093,11162.913482311658,2.8281376315836897,2.8281376315836897,0,3,NO_SELECTED_FLAG_NOT_ENGINEERING_CERTIFICATION
HydroCHN_00456,Tongzihao hydroelectric plant,106.27158,30.30242,43055083,51,0.108,0.108,51.796,236.1652618376066,5.799999999999997,reservoir_storage,reservoir_storage,run_of_river,installed,operating,Yangtze-Jinsha system,,桐子壕水电站,108.0,unknown,5.756106606,moderate_coordinate,99.0,93.2,5799999.999999997,5799999.999999997,0.9414141414141416,0.9414141,False,1.0,True,1.0,35339477494.04297,4624380589.746094,338084371.85668945,9930249871.325275,0.0005840739231293,5799999.999999997,5799999.999999997,False,False,False,0.2842485347222221,0.6958404129999997,40.5608222313111,2364,936.7279052734376,7.62939453125e-05,708,351,2.74658203125e-07,21117155.555555545,645.415459152315,645.415459152315,0,3,NO_SELECTED_FLAG_NOT_ENGINEERING_CERTIFICATION
HydroCHN_01427,Baohu hydroelectric plant,118.85058,26.29642,43076743,35,0.034,0.034,101.0,38.12817571257636,12.22755293,reservoir_storage,reservoir_storage,run_of_river,installed,operating,Other named GHT rivers,river_group_not_normalized,"宝湖水电站, 古田溪四级水电站",16.0,unknown,20.56527861,broad_coordinate,26.0,13.77244707,12227552.93,12227552.93,0.5297095026923077,0.5297095,False,2.125,False,1.0,79668999869.51294,20962279279.35791,20962279279.35791,20962279279.37888,0.000583312185046,12227552.93,12227552.93,False,False,False,3.711759104955055,2.860529016885362,4903.941817462089,6117,7375.76611328125,0.06329345703125,339,30,0.0002278564453125,53663.40598015644,10.772308593848578,10.772308593848578,0,3,NO_SELECTED_FLAG_NOT_ENGINEERING_CERTIFICATION
HydroCHN_00438,Qilinsi hydroelectric plant,105.14083,32.80333,43041088,62,0.111,0.111,61.9,203.1050926131776,1.3168133919999998,reservoir_storage,reservoir_storage,run_of_river,installed,operating,Yangtze-Jinsha system,,麒麟寺水电站,115.0,operating,11.23490788,broad_coordinate,2.8,1.483186608,1316813.3919999998,1316813.3919999998,0.5297095028571429,0.5297095,False,0.9652173913043478,True,1.0,10659712718.078611,2201456646.963501,1994172864.7945893,2261246077.5446,0.0005823397130797,1316813.3919999998,1316813.3919999998,False,False,False,0.0750394563949594,0.1887992722897179,285.9162793911809,5472,572.7134782671928,0.0698375031352043,342,129,0.0002514150112867,5237.608467611312,3.933925536727481,3.933925536727481,0,3,NO_SELECTED_FLAG_NOT_ENGINEERING_CERTIFICATION
HydroCHN_01821,,100.39778,34.81833,43027682,63,0.0,1.467385594,95.68,1737.0469925424384,4.755657191,reservoir_storage,reservoir_storage,reservoir_storage,potential_or_nonoperating,potential,Unspecified GHT river,operation_type_requires_review;river_group_not_normalized,,1467.385594,potential,,,11.61288152,6.857224329,4755657.191,4755657.191,0.5904843097891177,0.5904843,False,1.0,False,1.0,44062970823.74268,8208246724.612427,8208246724.612427,8208246724.620637,0.0005793755171534,4755657.191,4755657.191,False,False,False,0.0316872996734383,1.0539430398807907,1819.1017892125367,6117,2643.3203125,0.006195068359375,225,45,2.230224609375e-05,213236.69243936503,3.9643361988938537,3.9643361988938537,0,3,NO_SELECTED_FLAG_NOT_ENGINEERING_CERTIFICATION
HydroCHN_01777,,98.09833,28.95815,44003785,54,0.0,2.623556145,93.84,3166.5827875123223,3.645402374,reservoir_storage,reservoir_storage,reservoir_storage,potential_or_nonoperating,potential,Unspecified GHT river,operation_type_requires_review;river_group_not_normalized,,2623.556145,potential,,,8.901740422,5.256338048,3645402.374,3645402.374,0.5904843096760433,0.5904843,False,0.9999999999999998,False,1.0,53493386652.24609,6349636031.8359375,6349636031.8359375,6349636031.842289,0.0005741120208652,3645402.374,3645402.374,False,False,False,0.0133241920195074,0.7923533592652807,1380.1372040081608,6117,2112.884033203125,0.004638671875,225,66,1.669921875e-05,218297.77958923977,3.125495803762807,3.125495803762807,0,3,NO_SELECTED_FLAG_NOT_ENGINEERING_CERTIFICATION
HydroCHN_01827,,98.86153,28.2782,44003964,53,0.0,1.280845668,64.4,2252.679565998273,3.858860453000001,reservoir_storage,reservoir_storage,reservoir_storage,potential_or_nonoperating,potential,Unspecified GHT river,operation_type_requires_review;river_group_not_normalized,,1280.845668,potential,,,9.422985601,5.564125148,3858860.453000001,3858860.453000001,0.5904843097085403,0.5904843,False,1.0,False,1.0,42011496919.83032,6779084216.088867,6779084216.088867,6779084216.095648,0.0005692303458685,3858860.453000001,3858860.453000001,False,False,False,0.0198264934785541,0.5756127077624247,1011.21226571922,6117,2200.34130859375,0.0513763427734375,225,87,0.0001849548339843,20863.798852243017,3.2722469899869115,3.2722469899869115,0,3,NO_SELECTED_FLAG_NOT_ENGINEERING_CERTIFICATION
HydroCHN_01842,,100.89833,34.6395,43027697,63,0.0,0.9454081997,63.48,1686.8284989183624,1.7276190570000003,reservoir_storage,reservoir_storage,reservoir_storage,potential_or_nonoperating,potential,Unspecified GHT river,duplicate_comid;operation_type_requires_review;river_group_not_normalized,,945.4081997,potential,,,4.218688313,2.491069256,1727619.0570000005,1727619.0570000005,0.5904843096191069,0.5904843,False,1.0,False,0.4600000000087582,42336684185.54535,3230875287.460894,3230875287.4608674,3230875287.464099,0.0005347216785814,1727619.0570000005,1727619.0570000005,False,False,False,0.0118539560781203,0.2540214182364764,475.0535248732168,6117,1304.5219848881188,0.024426269531715,225,195,8.793457031417423e-05,19646.64239362894,1.7844161673909036,1.7844161673909036,0,3,NO_SELECTED_FLAG_NOT_ENGINEERING_CERTIFICATION
HydroCHN_01804,,98.27457,28.76626,44003776,54,0.0,1.760455617,62.56,3187.255092060314,3.702465684,reservoir_storage,reservoir_storage,reservoir_storage,potential_or_nonoperating,potential,Unspecified GHT river,operation_type_requires_review;river_group_not_normalized,,1760.455617,potential,,,9.041083828,5.338618144,3702465.684,3702465.684,0.5904843097977301,0.5904843,False,1.0,False,1.0,54208681360.62012,6989992665.545654,6989992665.545654,6989992665.552646,0.0005296809111468,3702465.684,3702465.684,False,False,False,0.0134449897625333,0.5365043089537465,1012.8820912038268,6117,2429.06005859375,0.0178985595703125,225,81,6.443481445312499e-05,57460.640112395566,3.457522748598208,3.457522748598208,0,3,NO_SELECTED_FLAG_NOT_ENGINEERING_CERTIFICATION
HydroCHN_01810,,95.105,29.91793,45018615,54,0.0,1.657072946,69.92,2684.285407616309,4.261764284000001,reservoir_storage,reservoir_storage,reservoir_storage,potential_or_nonoperating,potential,Unspecified GHT river,operation_type_requires_review;river_group_not_normalized,,1657.072946,potential,,,10.40684004,6.145075756,4261764.284000001,4261764.284000001,0.5904843095868321,0.5904843,False,1.0,False,1.0,38980832644.33594,8066550071.942139,8066550071.942139,8066550071.950207,0.0005283255228055,4261764.284000001,4261764.284000001,False,False,False,0.0183758311874375,0.6902021016752249,1306.3955305611876,6117,2376.86962890625,0.004852294921875,318,84,1.746826171875e-05,243971.8589414955,3.560693041133033,3.560693041133033,0,3,NO_SELECTED_FLAG_NOT_ENGINEERING_CERTIFICATION
HydroCHN_01830,,95.10103,31.17083,44002075,54,0.0,1.17217463,71.76,1850.113493550758,3.2215118060000005,reservoir_storage,reservoir_storage,reservoir_storage,potential_or_nonoperating,potential,Unspecified GHT river,operation_type_requires_review;river_group_not_normalized,,1172.17463,potential,,,7.866638282,4.645126476,3221511.8060000003,3221511.8060000003,0.5904843097500386,0.5904843,False,1.0,False,1.0,29730715126.542664,6270323135.874939,6270323135.874939,6270323135.88121,0.0005137712580656,3221511.8060000003,3221511.8060000003,False,False,False,0.0201533670248458,0.5354606854736648,1042.216116738631,6117,2768.8487548828125,0.0358734130859375,441,102,0.0001291442871093,24945.05857058652,3.663713145443032,3.663713145443032,0,3,NO_SELECTED_FLAG_NOT_ENGINEERING_CERTIFICATION
HydroCHN_00682,Xiaojin Yangjiawan hydroelectric plant,102.44667,31.17583,43049936,51,0.06,0.06,115.92,58.624798242756846,0.2079999999999999,reservoir_storage,reservoir_storage,run_of_river,installed,operating,Other named GHT rivers,river_group_not_normalized,小金杨家湾水电站,60.0,unknown,21.32592735,broad_coordinate,0.96,0.752,207999.9999999999,207999.9999999999,0.7833333333333333,0.7833333,False,1.0,False,1.0,1544577523.1666565,410469800.0530243,410469800.0530243,410469800.0534349,0.0005067364273155,207999.9999999999,207999.9999999999,False,False,False,0.0410646599999999,0.0558479375999999,110.211018173297,6117,133.16937255859375,0.0024032592773437,225,435,8.6517333984375e-06,24041.425044091706,0.1909471503375625,0.1909471503375625,0,3,NO_SELECTED_FLAG_NOT_ENGINEERING_CERTIFICATION
HydroCHN_00459,Dayingjiang I hydroelectric plant,97.72417,24.47583,44008509,53,0.108,0.108,46.5,263.0627075729177,0.6066747410000001,reservoir_storage,reservoir_storage,run_of_river,installed,operating,Other named GHT rivers,river_group_not_normalized,大盈江一级水电站,108.0,operating,0.105938802,near_coordinate,1.29,0.683325259,606674.741,606674.741,0.5297095031007751,0.5297095,False,1.0,False,1.0,4866918442.015672,1233341632.1807384,1233341632.1807384,1233341632.181972,0.0004918951287865,606674.741,606674.741,False,False,False,0.0266921087218619,0.0653422821511181,132.83783133254656,6117,573.0379943847656,0.0241193771362304,225,168,8.682975769042969e-05,6986.944996011054,0.7415587557753962,0.7415587557753962,0,3,NO_SELECTED_FLAG_NOT_ENGINEERING_CERTIFICATION
HydroCHN_00287,Zhiganglaka hydroelectric plant,101.87398,36.11268,43019859,63,0.19,0.19,17.5,1229.7137679400676,7.054357457,reservoir_storage,reservoir_storage,run_of_river,installed,operating,Yellow River system,,直岗拉卡水电站,190.0,operating,0.082909238,near_coordinate,15.0,7.945642543,7054357.457,7054357.457,0.5297095028666666,0.5297095,False,1.0,True,1.0,56796807657.403564,5805572254.650879,944758275.210571,14415599819.986256,0.0004893558051756,7054357.457,7054357.457,False,False,False,0.0663956587955304,0.2859439705460844,38.29518621173849,5043,1012.71923828125,0.016265869140625,639,114,5.855712890625e-05,120469.66080413591,333.5008180805162,333.5008180805162,0,3,NO_SELECTED_FLAG_NOT_ENGINEERING_CERTIFICATION
HydroCHN_00667,Zhangwo hydroelectric plant,104.415,28.60083,43063551,51,0.06,0.06,36.0,188.77185034167704,0.92,reservoir_storage,reservoir_storage,run_of_river,installed,operating,Other named GHT rivers,river_group_not_normalized,张窝水电站,64.0,unknown,5.311259366,moderate_coordinate,14.27,13.35,920000.0,920000.0,0.9355290819901892,0.9355291,False,0.9375,False,1.0,5322048469.367981,2033747023.5076904,2033747023.5076904,2033747023.5097249,0.000452366980438,920000.0,920000.0,False,False,False,0.0564075,0.0767142,169.58399555518875,6117,986.4390258789062,0.0030174255371093,225,243,1.086273193359375e-05,84693.24343306644,1.241994581436704,1.241994581436704,0,3,NO_SELECTED_FLAG_NOT_ENGINEERING_CERTIFICATION
HydroCHN_00008,Jinping Stage 1 hydroelectric plant,101.64417,28.24833,43066125,51,3.6,3.6,318.8,1279.0062632936713,5.02,reservoir_storage,reservoir_storage,reservoir_storage,installed,operating,Yangtze-Jinsha system,,雅砻江锦屏一级水电站,4800.0,unknown,7.303424384,moderate_coordinate,14.28,9.26,5020000.0,5020000.0,0.6484593837535014,0.6484594,False,0.75,True,1.0,49674222610.0708,9538959761.169434,3361880134.259033,11242569950.008194,0.0004465171239602,5020000.0,5020000.0,False,False,False,0.0454273395833333,3.70687091,2482.4812096796227,4224,1337.99853515625,0.0250244140625,639,45,9.0087890625e-05,55723.360433604335,920.3653086951488,920.3653086951488,0,3,NO_SELECTED_FLAG_NOT_ENGINEERING_CERTIFICATION
HydroCHN_01945,Guoduo hydroelectric plant,97.03083,31.74692,44001246,54,0.16,0.16,42.32,428.21591759926736,1.182617353,reservoir_storage,reservoir_storage,run_of_river,installed,operating,Other named GHT rivers,river_group_not_normalized,果多水电站,337.955602,potential,22.87076715,broad_coordinate,2.887843815,1.705226462,1182617.353,1182617.353,0.590484309831001,0.5904843,False,0.4734349691294657,False,1.0,18070171925.55084,2751416579.7180176,2751416579.7180176,2751416579.72077,0.0004298212643321,1182617.353,1182617.353,False,False,False,0.0319644839959373,0.115924528625266,269.704033385305,6117,717.7094116210938,0.00238037109375,267,150,8.5693359375e-06,138005.71731874644,1.0462142319009178,1.0462142319009178,0,3,NO_SELECTED_FLAG_NOT_ENGINEERING_CERTIFICATION
HydroCHN_00405,Jiangseba hydroelectric plant,103.60387,31.48303,43049802,51,0.128,0.128,19.32,750.3974175072876,0.362593973,reservoir_storage,reservoir_storage,run_of_river,installed,operating,Other named GHT rivers,duplicate_comid;river_group_not_normalized,姜射坝水电站,128.0,operating,0.097912574,near_coordinate,0.771,0.408406027,362593.973,362593.973,0.5297095032425422,0.5297095,False,1.0,False,0.4866920152091255,8680764710.371399,844475584.3764831,844475584.3764852,844475584.37733,0.0004293717659905,362593.973,362593.973,False,False,False,0.0055926225282805,0.0162260621620513,37.7902401770685,6117,224.66756030180608,0.0173107770912547,192,498,6.231879752851711e-05,5818.372423410076,0.325388108358687,0.325388108358687,0,3,NO_SELECTED_FLAG_NOT_ENGINEERING_CERTIFICATION
HydroCHN_01592,Sichuan Yaan Shuijinguan hydroelectric plant,103.23833,29.70417,43058862,51,0.063,0.063,30.68626665,232.53320530327176,0.0584440859999999,reservoir_storage,reservoir_storage,run_of_river,installed,operating,Other named GHT rivers,river_group_not_normalized,水津关水电站,12.6,unknown,22.83081429,broad_coordinate,0.124272309,0.065828223,58444.0859999999,58444.0859999999,0.5297095027018449,0.5297095,False,5.0,False,1.0,267435848.85413647,143630608.07540417,143630608.07540417,143630608.07554784,0.0004069055111794,58444.0859999999,58444.0859999999,False,False,False,0.0029089874698684,0.004154034106972,10.208842084558722,6117,124.36092281341551,0.0002990961074829,132,2289,1.0767459869384765e-06,54278.43401225446,0.1405953911478894,0.1405953911478894,0,3,NO_SELECTED_FLAG_NOT_ENGINEERING_CERTIFICATION
HydroCHN_01840,Yangqu hydroelectric plant,100.20749,35.61668,43022266,63,1.2,1.2,57.04,2382.814380189472,4.820657888,reservoir_storage,reservoir_storage,reservoir_storage,installed,operating,Yellow River system,,羊曲水电站,1016.033873,potential,13.15572536,broad_coordinate,11.77160729,6.950949402,4820657.888,4820657.888,0.5904843094710476,0.5904843,False,1.1810629860762527,True,1.0,54375954880.599976,9674523657.58667,1087818332.3547363,11932541584.646336,0.0004039925487628,4820657.888,4820657.888,False,False,False,0.023415441817606,0.6369000174388832,143.72136147054218,3495,805.211669921875,0.0249099731445312,495,168,8.96759033203125e-05,53756.446375356136,5.801764168144824,5.801764168144824,0,3,NO_SELECTED_FLAG_NOT_ENGINEERING_CERTIFICATION
HydroCHN_01800,,95.02498,30.01669,45018620,54,0.0,1.840800332,78.2,2666.1735405208187,1.7519123640000005,reservoir_storage,reservoir_storage,reservoir_storage,potential_or_nonoperating,potential,Unspecified GHT river,duplicate_comid;operation_type_requires_review;river_group_not_normalized,,1840.800332,potential,,,4.278010358,2.526097994,1751912.3640000003,1751912.3640000003,0.5904843099026456,0.5904843,False,1.0,False,0.5414012738179106,38706582289.96582,4364803875.690208,4364803875.690218,4364803875.694584,0.0004013725275849,1751912.3640000003,1751912.3640000003,False,False,False,0.0076051926718398,0.3173252004255931,790.6001996066761,6117,1294.2073203254508,0.0150848194273606,306,183,5.430534993849818e-05,32260.400973091488,1.7808496436615655,1.7808496436615655,0,3,NO_SELECTED_FLAG_NOT_ENGINEERING_CERTIFICATION
HydroCHN_00497,Diluo hydroelectric plant,103.0475,27.66833,43069289,51,0.1,0.1,284.0,39.88137683274867,0.126978434,reservoir_storage,reservoir_storage,run_of_river,installed,operating,Other named GHT rivers,river_group_not_normalized,地洛水电站,100.0,operating,0.052743739,near_coordinate,0.27,0.143021566,126978.434,126978.434,0.5297095037037036,0.5297095,False,1.0,False,1.0,999772481.8405153,335007410.12649536,335007410.12649536,335007410.12683046,0.0003790317173937,126978.434,126978.434,False,False,False,0.036850728777225,0.08352831856171,220.37289949236052,6117,113.20355224609376,0.0009841918945312,213,1047,3.5430908203125e-06,35838.323215434975,0.1484753394694644,0.1484753394694644,0,3,NO_SELECTED_FLAG_NOT_ENGINEERING_CERTIFICATION
HydroCHN_00381,,103.585,31.48083,43049802,51,0.135,0.135,54.0,283.1577755125156,0.3292033479999999,reservoir_storage,reservoir_storage,run_of_river,installed,operating,Unspecified GHT river,duplicate_comid;operation_type_requires_review;river_group_not_normalized,,135.0,operating,,,0.7,0.370796652,329203.3479999999,329203.3479999999,0.5297095028571429,0.5297095,False,1.0,False,0.5133079847908746,8680764710.371399,890657842.8970765,890657842.8970745,890657842.8979653,0.0003696181992052,329203.3479999999,329203.3479999999,False,False,False,0.0134561868494999,0.0411759317594699,111.40125634495884,6117,236.95406750581117,0.0182574602134327,192,483,6.57268567683579e-05,5008.658015706059,0.3283994419515839,0.3283994419515839,0,3,NO_SELECTED_FLAG_NOT_ENGINEERING_CERTIFICATION
HydroCHN_01773,,96.66445,30.45805,44002877,54,0.0,2.6962582430000004,114.08,2676.9512142186663,2.7108330750000005,reservoir_storage,reservoir_storage,reservoir_storage,potential_or_nonoperating,potential,Unspecified GHT river,operation_type_requires_review;river_group_not_normalized,,2696.258243,potential,,,6.619607355,3.90877428,2710833.0750000007,2710833.0750000007,0.5904843097751981,0.5904843,False,1.0,False,1.0,44886088882.17773,7491707112.963867,7491707112.963867,7491707112.97136,0.0003618445080836,2710833.0750000007,2710833.0750000007,False,False,False,0.011720565786126,0.7163045679052351,1979.5922057739235,6117,1892.9892578125,0.051361083984375,225,78,0.0001848999023437,14661.084406417116,2.6459984453161467,2.6459984453161467,0,3,NO_SELECTED_FLAG_NOT_ENGINEERING_CERTIFICATION
HydroCHN_01778,,97.42917,29.79257,44003285,54,0.0,2.608118772,101.2,2919.0083389405286,2.116993139,reservoir_storage,reservoir_storage,reservoir_storage,potential_or_nonoperating,potential,Unspecified GHT river,operation_type_requires_review;river_group_not_normalized,,2608.118772,potential,,,5.169504344,3.052511205,2116993.139,2116993.139,0.5904843098822242,0.5904843,False,1.0000000000000002,False,1.0,48739581735.20508,6208979527.716064,6208979527.716064,6208979527.722275,0.0003409566949847,2116993.139,2116993.139,False,False,False,0.008394027203768,0.4962327182507255,1455.4127417045202,6117,1874.029541015625,0.0171051025390625,225,108,6.1578369140625e-05,34378.8438788542,2.4620831907413097,2.4620831907413097,0,3,NO_SELECTED_FLAG_NOT_ENGINEERING_CERTIFICATION
HydroCHN_00288,Xinzang hydroelectric plant,100.6625,28.27917,43066368,51,0.186,0.186,14.26,1477.3449157174723,0.1326219199999999,reservoir_storage,reservoir_storage,run_of_river,installed,operating,Other named GHT rivers,duplicate_comid;river_group_not_normalized,水洛河新藏水电站,186.0,unknown,1.192006676,near_coordinate,0.282,0.14937808,132621.9199999999,132621.9199999999,0.5297095035460994,0.5297095,False,1.0,False,0.5254237288135594,3003015640.076065,390387953.3086161,390387953.3086162,390387953.3090067,0.0003397182696747,132621.9199999999,132621.9199999999,False,False,False,0.0010390098544999,0.0043804655465719,12.894406741096434,6114,163.43795103945976,0.0035977767685712,396,804,1.2951996366856464e-05,10239.496386778876,0.2002773732628822,0.2002773732628822,0,3,NO_SELECTED_FLAG_NOT_ENGINEERING_CERTIFICATION
HydroCHN_01841,,104.13021,36.26146,43019826,62,0.0,0.9856956181,37.72,2959.7813208232246,2.102832841000001,reservoir_storage,reservoir_storage,reservoir_storage,potential_or_nonoperating,potential,Unspecified GHT river,duplicate_comid;operation_type_requires_review;river_group_not_normalized,,985.6956181,potential,,,5.134926186,3.032093345,2102832.841000001,2102832.841000001,0.5904843098361919,0.5904843,False,1.0,False,0.7520400652051283,81890146303.96729,6475514371.525804,6475514371.525827,6475514371.532305,0.0003247360318192,2102832.841000001,2102832.841000001,False,False,False,0.0082230206995023,0.183722297343687,565.7588913501214,6117,1860.8102251781904,0.2232159934748864,255,45,0.0008035775765095,2616.838625753892,2.444930458792747,2.444930458792747,0,3,NO_SELECTED_FLAG_NOT_ENGINEERING_CERTIFICATION
HydroCHN_01798,,98.26815,29.72101,44003628,54,0.0,1.91819976,101.2,2146.850502095815,1.5892699869999998,reservoir_storage,reservoir_storage,reservoir_storage,potential_or_nonoperating,potential,Unspecified GHT river,operation_type_requires_review;river_group_not_normalized,,1918.19976,potential,,,3.880852492,2.291582505,1589269.9869999995,1589269.9869999995,0.5904843097551052,0.5904843,False,1.0,False,1.0,38874794438.23242,5118316399.456787,5118316399.456787,5118316399.461906,0.000310506397605,1589269.9869999995,1589269.9869999995,False,False,False,0.0085680528454513,0.3725320366677414,1199.7563964564683,6117,1390.97900390625,0.0233306884765625,225,33,8.399047851562499e-05,18922.0256282305,1.8324428891868605,1.8324428891868605,0,3,NO_SELECTED_FLAG_NOT_ENGINEERING_CERTIFICATION
HydroCHN_01775,,98.53381,28.09417,44003942,53,0.0,2.661054424,85.56,3522.6659710966733,2.582155276,reservoir_storage,reservoir_storage,reservoir_storage,potential_or_nonoperating,potential,Unspecified GHT river,operation_type_requires_review;river_group_not_normalized,,2661.054424,potential,,,6.305387894,3.723232618,2582155.276,2582155.276,0.5904843097032787,0.5904843,False,1.0,False,1.0,61142446869.43359,8367304680.834961,8367304680.834961,8367304680.84333,0.0003086006037179,2582155.276,2582155.276,False,False,False,0.0084839313975264,0.5117272720414746,1658.2186355951492,6117,2856.296142578125,0.021087646484375,225,135,7.591552734375e-05,34013.53275605725,3.573561497027144,3.573561497027144,0,3,NO_SELECTED_FLAG_NOT_ENGINEERING_CERTIFICATION
HydroCHN_01797,,90.11201,29.34917,45022699,54,0.0,1.967973551,88.32,2523.763645691242,1.6520837909999997,reservoir_storage,reservoir_storage,reservoir_storage,potential_or_nonoperating,potential,Unspecified GHT river,operation_type_requires_review;river_group_not_normalized,,1967.973551,potential,,,4.034238078,2.382154287,1652083.7909999995,1652083.7909999995,0.5904843097859432,0.5904843,False,1.0,False,1.0,31971470197.00012,5648139476.696777,5648139476.696777,5648139476.702427,0.0002925005300974,1652083.7909999995,1652083.7909999995,False,False,False,0.0075765177956566,0.3379687636254191,1155.4466705152315,6117,1458.0172119140625,0.00537109375,225,93,1.93359375e-05,85441.10111030302,1.916929376083646,1.916929376083646,0,3,NO_SELECTED_FLAG_NOT_ENGINEERING_CERTIFICATION
HydroCHN_01847,,100.79061,34.68644,43027692,63,0.0,0.9155686977,60.72,1707.8418693651045,2.0947083240000004,reservoir_storage,reservoir_storage,reservoir_storage,potential_or_nonoperating,potential,Unspecified GHT river,operation_type_requires_review;river_group_not_normalized,,915.5686977,potential,,,5.115086855,3.020378531,2094708.3240000005,2094708.3240000005,0.5904843097722922,0.5904843,False,1.0,False,1.0,43074631354.58679,7484597608.557129,7484597608.557129,7484597608.564615,0.0002798691971901,2094708.3240000005,2094708.3240000005,False,False,False,0.0141958747706357,0.2946054343998348,1052.6540160810175,6117,2797.6207275390625,0.0520782470703125,225,90,0.0001874816894531,11172.868828471534,3.379484150876776,3.379484150876776,0,3,NO_SELECTED_FLAG_NOT_ENGINEERING_CERTIFICATION
HydroCHN_00534,Quxue hydroelectric plant,99.265,28.42917,43066329,51,0.246,0.246,11.5,2422.845661776655,0.1518097719999999,reservoir_storage,reservoir_storage,run_of_river,installed,operating,Other named GHT rivers,river_group_not_normalized,去学水电站,90.0,unknown,9.931805794,moderate_coordinate,0.3228,0.170990228,151809.7719999999,151809.7719999999,0.5297095043370508,0.5297095,False,2.7333333333333334,False,1.0,2819300946.71402,563578998.3215332,563578998.3215332,563578998.322097,0.0002693673335095,151809.7719999999,151809.7719999999,False,False,False,0.0007252040747027,0.0040437379205424,15.01198333091589,6117,238.42236328125,0.0015068054199218,216,435,5.42449951171875e-06,27985.949979724315,0.2805917443936416,0.2805917443936416,0,3,NO_SELECTED_FLAG_NOT_ENGINEERING_CERTIFICATION
HydroCHN_01987,Bala hydroelectric plant,101.61128,32.32417,43044020,51,0.746,0.746,56.12,1505.6001463459488,0.285915074,reservoir_storage,reservoir_storage,run_of_river,installed,operating,Other named GHT rivers,duplicate_comid;river_group_not_normalized,脚木足河(大渡河)巴拉水电站,244.2553562,potential,0.792322582,near_coordinate,0.698178557,0.412263483,285915.074,285915.074,0.5904843093025557,0.5904843,False,3.054180721380636,False,0.6162816004047429,8634277077.470398,1099951881.2661555,1099951881.2661517,1099951881.267252,0.0002599341651842,285915.074,285915.074,False,False,False,0.0021979290141553,0.0371655143433582,142.98049014443043,6117,241.66295835402465,0.0111151863354248,375,285,4.001467080752963e-05,7145.256183044716,0.3210838122442346,0.3210838122442346,0,3,NO_SELECTED_FLAG_NOT_ENGINEERING_CERTIFICATION
HydroCHN_01813,,98.66415,28.85,44003797,53,0.0,1.618850273,82.8,2214.4446482633266,1.466645576,reservoir_storage,reservoir_storage,reservoir_storage,potential_or_nonoperating,potential,Unspecified GHT river,operation_type_requires_review;river_group_not_normalized,,1618.850273,potential,,,3.581414853,2.114769277,1466645.576,1466645.576,0.5904843096377252,0.5904843,False,1.0,False,1.0,40571745311.64551,6159084361.248779,6159084361.248779,6159084361.25494,0.000238127210146,1466645.576,1466645.576,False,False,False,0.0076656079664712,0.2812813551159479,1181.2230737642776,6117,1894.162353515625,0.004486083984375,225,66,1.614990234375e-05,90814.51669381707,2.3015639024078154,2.3015639024078154,0,3,NO_SELECTED_FLAG_NOT_ENGINEERING_CERTIFICATION
HydroCHN_01835,,98.02888,32.44279,43043960,51,0.0,1.089971201,42.32,2917.1438624561906,2.1521211580000004,reservoir_storage,reservoir_storage,reservoir_storage,potential_or_nonoperating,potential,Unspecified GHT river,operation_type_requires_review;river_group_not_normalized,,1089.971201,potential,,,5.255283763,3.103162605,2152121.1580000003,2152121.1580000003,0.5904843096861714,0.5904843,False,1.0,False,1.0,56616359143.6615,9134806218.049622,9134806218.049622,9134806218.05876,0.0002355957101471,2152121.1580000003,2152121.1580000003,False,False,False,0.008538766297971,0.2109588787554446,895.4275042762307,6117,2142.8955078125,0.0287246704101562,225,90,0.0001034088134765,20811.776923518963,2.7407069405940185,2.7407069405940185,0,3,NO_SELECTED_FLAG_NOT_ENGINEERING_CERTIFICATION
HydroCHN_00310,Shapai hydroelectric plant,103.50667,31.3675,43049777,51,0.036,0.036,68.38998309,59.62089451044817,0.5800000000000001,reservoir_storage,reservoir_storage,run_of_river,installed,operating,Other named GHT rivers,river_group_not_normalized,沙牌水电站,180.0,unknown,14.12619226,broad_coordinate,0.99,0.41,580000.0000000001,580000.0000000001,0.4141414141414141,0.4141414,False,0.2,False,1.0,12943199300.262451,2507817010.144043,2507817010.144043,2507817010.146552,0.0002312768426298,580000.0000000001,580000.0000000001,False,False,False,0.1125941336184844,0.0918768130326832,397.25902510549474,6117,628.3019714355469,0.023468017578125,216,114,8.448486328124999e-05,6865.135096084382,0.7894130825484476,0.7894130825484476,0,3,NO_SELECTED_FLAG_NOT_ENGINEERING_CERTIFICATION
HydroCHN_01815,,101.155,29.46174,43060657,51,0.0,1.595189082,86.48,2089.223829699222,1.1855827710000002,reservoir_storage,reservoir_storage,reservoir_storage,potential_or_nonoperating,potential,Unspecified GHT river,operation_type_requires_review;river_group_not_normalized,,1595.189082,potential,,,2.895085095,1.709502324,1185582.7710000002,1185582.7710000002,0.5904843097539417,0.5904843,False,1.0,False,1.0,35382784424.194336,5296415440.979004,5296415440.979004,5296415440.984302,0.0002238462568147,1185582.7710000002,1185582.7710000002,False,False,False,0.006568000334591,0.2374832549510703,1060.9212694916955,6117,1746.7806396484375,0.04840087890625,279,60,0.0001742431640625,6804.185273947038,2.076109187151514,2.076109187151514,0,3,NO_SELECTED_FLAG_NOT_ENGINEERING_CERTIFICATION
HydroCHN_00337,Kaitan hydroelectric plant,119.93333,28.44,43066238,33,0.048,0.048,663.0,8.200044177738008,0.8546217269999999,reservoir_storage,reservoir_storage,run_of_river,installed,operating,Other named GHT rivers,river_group_not_normalized,开潭水电站,159.9,unknown,3.449977712,close_coordinate,1.817220914,0.962599187,854621.727,854621.727,0.5297095028920629,0.5297095,False,0.3001876172607879,False,1.0,11534652152.339172,4121950438.847351,4121950438.847351,4121950438.851474,0.0002073343043974,854621.727,854621.727,False,False,False,1.2062685223654102,1.312420152333566,6329.971087738857,6117,1590.2708740234375,0.0134963989257812,294,219,4.8587036132812495e-05,17589.50113079329,1.827665798192932,1.827665798192932,0,3,NO_SELECTED_FLAG_NOT_ENGINEERING_CERTIFICATION
HydroCHN_01853,,94.48317,31.486,44002095,54,0.0,0.7775832810000001,68.08,1293.6471922660596,0.8058731210000001,reservoir_storage,reservoir_storage,reservoir_storage,potential_or_nonoperating,potential,Unspecified GHT river,operation_type_requires_review;river_group_not_normalized,,777.583281,potential,,,1.967868728,1.161995607,805873.121,805873.121,0.590484309479814,0.5904843,False,1.0,False,1.0,21155907746.777344,4368394617.922211,4368394617.922211,4368394617.92658,0.0001844780958416,805873.121,805873.121,False,False,False,0.0072100301013454,0.1270783742124263,688.8534578185387,6117,2253.3787231445312,0.0013465881347656,381,222,4.84771728515625e-06,166237.64827779666,2.4772323678702315,2.4772323678702315,0,3,NO_SELECTED_FLAG_NOT_ENGINEERING_CERTIFICATION
HydroCHN_01816,,95.05759,29.99408,45018620,54,0.0,1.5592661639999998,66.24,2666.173541245008,0.645509154,reservoir_storage,reservoir_storage,reservoir_storage,potential_or_nonoperating,potential,Unspecified GHT river,duplicate_comid;operation_type_requires_review;river_group_not_normalized,,1559.266164,potential,,,1.576274534,0.93076538,645509.154,645509.154,0.590484309632322,0.5904843,False,1.0,False,0.4585987261820893,38706582289.96582,3697245636.883035,3697245636.883023,3697245636.8867207,0.0001745919036484,645509.154,645509.154,False,False,False,0.0028022072263158,0.0990394366835735,567.2624824739431,6117,1096.269730455799,0.0127777294007643,306,204,4.599982584275181e-05,14032.860824444031,1.275577828791408,1.275577828791408,0,3,NO_SELECTED_FLAG_NOT_ENGINEERING_CERTIFICATION
HydroCHN_01848,,98.86839,28.31922,44003965,53,0.0,0.8949477388,45.08,2248.548455355491,1.1598779019999998,reservoir_storage,reservoir_storage,reservoir_storage,potential_or_nonoperating,potential,Unspecified GHT river,operation_type_requires_review;river_group_not_normalized,,894.9477388,potential,,,2.832316147,1.672438245,1159877.9019999998,1159877.9019999998,0.590484309730555,0.5904843,False,1.0,False,1.0,41933142311.24268,6695959881.829834,6695959881.829834,6695959881.836532,0.0001732205572417,1159877.9019999998,1159877.9019999998,False,False,False,0.0059703017396203,0.121110448948078,699.1690297990789,6117,2168.891357421875,0.0055694580078125,225,81,2.0050048828125e-05,57849.13103917198,2.4910796635364774,2.4910796635364774,0,3,NO_SELECTED_FLAG_NOT_ENGINEERING_CERTIFICATION
HydroCHN_01796,,107.47167,29.51185,43057945,50,0.0,1.97078538,60.72,3676.173940799656,1.82196035,reservoir_storage,reservoir_storage,reservoir_storage,potential_or_nonoperating,potential,Unspecified GHT river,operation_type_requires_review;river_group_not_normalized,,1970.78538,potential,,,4.449061155,2.627100805,1821960.35,1821960.35,0.5904843097172486,0.5904843,False,1.0,False,1.0,62080399894.15283,12377484193.579102,12377484193.579102,12377484193.591482,0.0001471995699209,1821960.35,1821960.35,False,False,False,0.0057362639501053,0.2562454229169449,1740.8027961922874,6117,4532.337646484375,0.1417236328125,225,45,0.000510205078125,3571.035311321657,5.038437743712636,5.038437743712636,0,3,NO_SELECTED_FLAG_NOT_ENGINEERING_CERTIFICATION
HydroCHN_01814,,95.04694,31.15917,44002077,54,0.0,1.603301528,101.2,1794.4161823885263,0.8394913260000001,reservoir_storage,reservoir_storage,reservoir_storage,potential_or_nonoperating,potential,Unspecified GHT river,operation_type_requires_review;river_group_not_normalized,,1603.301528,potential,,,2.049961321,1.210469995,839491.3260000001,839491.3260000001,0.5904843094354169,0.5904843,False,1.0,False,1.0,28695308964.463806,6008411330.625916,6008411330.625916,6008411330.631926,0.0001397193500584,839491.3260000001,839491.3260000001,False,False,False,0.0054147610164401,0.196780544525367,1408.3986537497024,6117,2783.0946044921875,0.0143280029296875,441,90,5.1580810546875e-05,16275.264329882855,3.0162866394962045,3.0162866394962045,0,3,NO_SELECTED_FLAG_NOT_ENGINEERING_CERTIFICATION
HydroCHN_01850,,109.62597,23.67847,43088465,45,0.0,0.7998937803,11.04,8206.382010001626,3.778566440000001,reservoir_storage,reservoir_storage,reservoir_storage,potential_or_nonoperating,potential,Unspecified GHT river,operation_type_requires_review;river_group_not_normalized,,799.8937803,potential,,,9.226914939,5.448348499,3778566.440000001,3778566.440000001,0.5904843097632895,0.5904843,False,1.0,False,1.0,149022174453.6621,28779574955.05371,28779574955.05371,28779574955.082497,0.0001312933372329,3778566.440000001,3778566.440000001,False,False,False,0.0053291947434411,0.096623233863816,735.9340230056604,6117,7937.0947265625,0.1005859375,450,3,0.0003621093749999,10434.876037108956,8.986696515461377,8.986696515461377,0,3,NO_SELECTED_FLAG_NOT_ENGINEERING_CERTIFICATION
HydroCHN_01758,,95.33297,29.71083,45018476,54,0.0,6.297356332000001,116.84,6104.571758229286,1.6215513240000003,reservoir_storage,reservoir_storage,reservoir_storage,potential_or_nonoperating,potential,Unspecified GHT river,operation_type_requires_review;river_group_not_normalized,,6297.356332,potential,,,3.959680575,2.338129251,1621551.3240000005,1621551.3240000005,0.5904843097097547,0.5904843,False,1.0,False,1.0,116445410316.10107,12677525735.998535,12677525735.998535,12677525736.011215,0.0001279075552884,1621551.3240000005,1621551.3240000005,False,False,False,0.0030744097837147,0.4388414888224806,3430.927030325012,6117,3297.97265625,0.026611328125,264,27,9.580078125e-05,16926.284972232417,3.7484035795880817,3.7484035795880817,0,3,NO_SELECTED_FLAG_NOT_ENGINEERING_CERTIFICATION
HydroCHN_00223,Biedieli hydroelectric plant,78.81892,41.02308,48006837,65,0.248,0.248,10.028,2801.082103195208,0.8841461349999999,reservoir_storage,reservoir_storage,run_of_river,installed,operating,Other named GHT rivers,river_group_not_normalized,别迭里水电站,248.0,operating,4.71038224,close_coordinate,1.88,0.995853865,884146.1349999999,884146.1349999999,0.5297095026595745,0.5297095,False,1.0,False,1.0,16935141514.928057,7090414973.471832,7090414973.471832,7090414973.478924,0.0001246959646659,884146.1349999999,884146.1349999999,False,False,False,0.0036532927210963,0.0205363761495229,164.69158568614583,6117,5500.7109375,0.0175418853759765,261,291,6.315078735351563e-05,14000.556003373078,5.746307086117858,5.746307086117858,0,3,NO_SELECTED_FLAG_NOT_ENGINEERING_CERTIFICATION
HydroCHN_01808,,97.83667,29.39607,44003598,54,0.0,1.710133699,63.48,3051.27696306131,0.7373554910000002,reservoir_storage,reservoir_storage,reservoir_storage,potential_or_nonoperating,potential,Unspecified GHT river,operation_type_requires_review;river_group_not_normalized,,1710.133699,potential,,,1.800554919,1.063199428,737355.4910000002,737355.4910000002,0.5904843094652643,0.5904843,False,1.0,False,1.0,51012963008.569336,5944959787.115479,5944959787.115479,5944959787.121425,0.0001240303580517,737355.4910000002,737355.4910000002,False,False,False,0.0027969296707818,0.108417470164705,874.1204320264073,6117,1933.943359375,0.0141143798828125,225,87,5.0811767578125e-05,14511.510347800604,2.138764329100361,2.138764329100361,0,3,NO_SELECTED_FLAG_NOT_ENGINEERING_CERTIFICATION
HydroCHN_01790,,95.05917,30.09135,45018624,54,0.0,2.167420638,98.44,2493.791168045499,0.7971446119999999,reservoir_storage,reservoir_storage,reservoir_storage,potential_or_nonoperating,potential,Unspecified GHT river,operation_type_requires_review;river_group_not_normalized,,2167.420638,potential,,,1.946554505,1.149409893,797144.6119999998,797144.6119999998,0.5904843096083765,0.5904843,False,1.0,False,1.0,34997349321.11206,7675634670.721436,7675634670.721436,7675634670.729113,0.0001038539021456,797144.6119999998,797144.6119999998,False,False,False,0.0036996725729316,0.1817582582707297,1750.134126068401,6117,2521.484375,0.0246200561523437,297,75,8.86322021484375e-05,8993.84865407017,2.742913433892632,2.742913433892632,0,3,NO_SELECTED_FLAG_NOT_ENGINEERING_CERTIFICATION
HydroCHN_01769,,98.967,30.40883,43055076,51,0.0,3.074535718,99.36,3504.745147514714,1.237773485,reservoir_storage,reservoir_storage,reservoir_storage,potential_or_nonoperating,potential,Unspecified GHT river,operation_type_requires_review;river_group_not_normalized,,3074.535718,potential,,,3.022530062,1.784756577,1237773.485,1237773.485,0.5904843096313264,0.5904843,False,1.0,False,1.0,70453003994.54956,12172985954.46167,12172985954.46167,12172985954.473846,0.0001016819940176,1237773.485,1237773.485,False,False,False,0.0040876244632148,0.2848644080489609,2801.5226373232904,6117,3626.55078125,0.0185546875,225,39,6.6796875e-05,18530.410067836256,3.9703767493105264,3.9703767493105264,0,3,NO_SELECTED_FLAG_NOT_ENGINEERING_CERTIFICATION
HydroCHN_00748,Sanjiang hydroelectric plant,104.806,31.409,43049625,51,0.045,0.045,65.63960397,77.64885299360957,0.188251257,reservoir_storage,reservoir_storage,run_of_river,installed,operating,Yangtze-Jinsha system,,三江水电站,51.0,unknown,0.16633594,near_coordinate,0.40028718,0.212035923,188251.257,188251.257,0.529709502562635,0.5297095,False,0.8823529411764706,True,1.0,7714032894.20929,1768765924.1271973,1090716648.5412598,1932149943.2392373,9.743097716546675e-05,188251.257,188251.257,False,False,False,0.02806009244251,0.0286212942913602,165.8300862574613,5523,566.9822006225586,0.0044708251953125,240,213,1.6094970703125e-05,11696.27832646189,137.42707839950606,137.42707839950606,0,3,NO_SELECTED_FLAG_NOT_ENGINEERING_CERTIFICATION
HydroCHN_01783,,98.23754,32.23,43043954,51,0.0,2.460051203,94.76,2940.407877958497,0.8956158100000002,reservoir_storage,reservoir_storage,reservoir_storage,potential_or_nonoperating,potential,Unspecified GHT river,operation_type_requires_review;river_group_not_normalized,,2460.051203,potential,,,2.187012198,1.291396388,895615.8100000003,895615.8100000003,0.5904843096810198,0.5904843,False,1.0,False,1.0,57234048029.04968,9366708913.549805,9366708913.549805,9366708913.559174,9.561691499812852e-05,895615.8100000003,895615.8100000003,False,False,False,0.0035253353130208,0.1965767885629085,2055.8788010108824,6117,2308.771240234375,0.053253173828125,441,60,0.0001917114257812,4671.687179573386,2.5575534096823778,2.5575534096823778,0,3,NO_SELECTED_FLAG_NOT_ENGINEERING_CERTIFICATION
HydroCHN_01812,,90.38605,29.28728,45022694,54,0.0,1.622869829,70.84,2594.73862634679,0.485846591,reservoir_storage,reservoir_storage,reservoir_storage,potential_or_nonoperating,potential,Unspecified GHT river,operation_type_requires_review;river_group_not_normalized,,1622.869829,potential,,,1.186393105,0.700546514,485846.591,485846.591,0.590484310004482,0.5904843,False,1.0000000000000002,False,1.0,33081187694.018555,5783676496.957397,5783676496.957397,5783676496.963182,8.400307161977369e-05,485846.591,485846.591,False,False,False,0.0021671641127058,0.0797192390680416,949.0038582017352,6117,1516.2371826171875,0.025238037109375,225,57,9.085693359375e-05,5347.3804560956605,1.6511945690087275,1.6511945690087275,0,3,NO_SELECTED_FLAG_NOT_ENGINEERING_CERTIFICATION
HydroCHN_01881,Maerdang hydroelectric plant,100.59471,34.72113,43027689,63,2.32,2.32,35.88,7323.590180479778,0.4727918069999999,reservoir_storage,reservoir_storage,reservoir_storage,installed,operating,Yellow River system,,玛尔挡水电站,543.9809195,potential,5.927236628,moderate_coordinate,1.154514511,0.681722704,472791.8069999999,472791.8069999999,0.5904843096424277,0.5904843,False,4.264855469806602,True,1.0,43410221429.23279,7801272770.581055,7801272770.581055,7801272770.588858,6.060444505702273e-05,472791.8069999999,472791.8069999999,False,False,False,0.0007471919183051,0.0392923323439393,648.3407662083183,6117,2722.1416015625,0.0567703247070312,225,84,0.0002043731689453,2313.3751335358147,2.853472659066354,2.853472659066354,0,3,NO_SELECTED_FLAG_NOT_ENGINEERING_CERTIFICATION
HydroCHN_01768,,98.45714,28.32167,44003946,54,0.0,3.106485979,100.28,3508.678338549897,0.46554798,reservoir_storage,reservoir_storage,reservoir_storage,potential_or_nonoperating,potential,Unspecified GHT river,operation_type_requires_review;river_group_not_normalized,,3106.485979,potential,,,1.136825746,0.671277766,465547.98,465547.98,0.5904843098090778,0.5904843,False,1.0,False,1.0,60590217036.51123,7752228883.59375,7752228883.59375,7752228883.601504,6.0053435855691256e-05,465547.98,465547.98,False,False,False,0.0015357027021697,0.108134482009929,1800.6377232048571,6117,2588.826171875,0.000274658203125,225,93,9.8876953125e-07,470835.6854518518,2.718145055212052,2.718145055212052,0,3,NO_SELECTED_FLAG_NOT_ENGINEERING_CERTIFICATION
HydroCHN_01763,,95.05665,29.76917,45018489,54,0.0,3.85042185,101.2,4309.394805655276,0.323853399,reservoir_storage,reservoir_storage,reservoir_storage,potential_or_nonoperating,potential,Unspecified GHT river,duplicate_comid;operation_type_requires_review;river_group_not_normalized,,3850.42185,potential,,,0.790820492,0.466967093,323853.399,323853.399,0.5904843105658926,0.5904843,False,1.0,False,0.5472636815920398,75926520905.16357,5404871076.071686,5404871076.071667,5404871076.077073,5.99188018440316e-05,323853.399,323853.399,False,False,False,0.0008697980570839,0.0759126940658955,1266.926102151041,6117,1038.9974687111317,0.0451098389886504,225,69,0.0001623954203591,1994.227412840766,1.1289567462132608,1.1289567462132608,0,3,NO_SELECTED_FLAG_NOT_ENGINEERING_CERTIFICATION
HydroCHN_01829,,97.43988,29.69929,44003611,54,0.0,1.193278399,46.0,2938.139626330226,0.297684403,reservoir_storage,reservoir_storage,reservoir_storage,potential_or_nonoperating,potential,Unspecified GHT river,operation_type_requires_review;river_group_not_normalized,,1193.278399,potential,,,0.726918186,0.429233783,297684.403,297684.403,0.5904843093305138,0.5904843,False,1.0,False,1.0,49060931625.87891,6096266724.517822,6096266724.517822,6096266724.52392,4.883060673879017e-05,297684.403,297684.403,False,False,False,0.00117265404957,0.0317175289286425,649.5419788305626,6117,1861.07763671875,0.02325439453125,225,99,8.37158203125e-05,3555.8918480256634,1.9437677486661389,1.9437677486661389,0,3,NO_SELECTED_FLAG_NOT_ENGINEERING_CERTIFICATION
HydroCHN_01774,,98.37541,28.58291,44003955,54,0.0,2.678391281,87.4,3470.971702883647,0.332855044,reservoir_storage,reservoir_storage,reservoir_storage,potential_or_nonoperating,potential,Unspecified GHT river,operation_type_requires_review;river_group_not_normalized,,2678.391281,potential,,,0.812801687,0.479946643,332855.044,332855.044,0.5904843096124135,0.5904843,False,1.0,False,1.0,59421638980.59082,7306258770.153809,7306258770.153809,7306258770.161117,4.55575219097612e-05,332855.044,332855.044,False,False,False,0.0011099165493007,0.0673832583211209,1479.0808519946297,6117,2496.15673828125,0.005859375,225,90,2.109375e-05,15779.794678518518,2.5886164727292837,2.5886164727292837,0,3,NO_SELECTED_FLAG_NOT_ENGINEERING_CERTIFICATION
HydroCHN_01776,,97.06553,30.19667,44003298,54,0.0,2.648449689,110.4,2717.1345017900494,0.312170542,reservoir_storage,reservoir_storage,reservoir_storage,potential_or_nonoperating,potential,Unspecified GHT river,operation_type_requires_review;river_group_not_normalized,,2648.449689,potential,,,0.762292019,0.450121477,312170.542,312170.542,0.5904843101866452,0.5904843,False,1.0,False,1.0,45718805642.15698,6854735972.076416,6854735972.076416,6854735972.083272,4.554085573410146e-05,312170.542,312170.542,False,False,False,0.0013297409364429,0.079826377976988,1752.8519543635489,6117,1846.622802734375,0.047821044921875,225,99,0.0001721557617187,1813.3029001375596,1.933336842181753,1.933336842181753,0,3,NO_SELECTED_FLAG_NOT_ENGINEERING_CERTIFICATION
HydroCHN_01785,,97.71502,29.45165,44003601,54,0.0,2.401521558,89.24,3048.0031475061887,0.2381617349999999,reservoir_storage,reservoir_storage,reservoir_storage,potential_or_nonoperating,potential,Unspecified GHT river,operation_type_requires_review;river_group_not_normalized,,2401.521558,potential,,,0.581569255,0.34340752,238161.7349999999,238161.7349999999,0.5904843095600025,0.5904843,False,1.0,False,1.0,50905603289.90479,5826536114.776611,5826536114.776611,5826536114.782439,4.087535549565417e-05,238161.7349999999,238161.7349999999,False,False,False,0.0009043630958043,0.0492285426722302,1204.3575419769722,6117,1812.81884765625,0.0122833251953125,225,90,4.4219970703125e-05,5385.841085217389,1.878974885159129,1.878974885159129,0,3,NO_SELECTED_FLAG_NOT_ENGINEERING_CERTIFICATION
HydroCHN_01852,,108.56789,22.83539,43093041,45,0.0,0.7961235688,18.4,4900.621277706374,0.4731046939999999,reservoir_storage,reservoir_storage,reservoir_storage,potential_or_nonoperating,potential,Unspecified GHT river,operation_type_requires_review;river_group_not_normalized,,796.1235688,potential,,,1.155278554,0.68217386,473104.6939999999,473104.6939999999,0.5904843101588468,0.5904843,False,1.0,False,1.0,72835555236.21826,11635650165.618896,11635650165.618896,11635650165.630535,4.0659927659002665e-05,473104.6939999999,473104.6939999999,False,False,False,0.001117358078262,0.0201632489535859,495.89977440851175,6117,5275.450927734375,0.0137939453125,258,42,4.9658203125e-05,9527.22136983284,5.406868898296338,5.406868898296338,0,3,NO_SELECTED_FLAG_NOT_ENGINEERING_CERTIFICATION
HydroCHN_01809,,98.45312,29.35271,44003619,54,0.0,1.670186907,86.48,2187.448701555267,0.220947693,reservoir_storage,reservoir_storage,reservoir_storage,potential_or_nonoperating,potential,Unspecified GHT river,operation_type_requires_review;river_group_not_normalized,,1670.186907,potential,,,0.539534134,0.318586441,220947.693,220947.693,0.590484310303155,0.5904843,False,1.0,False,1.0,39860084971.19751,5494711808.276367,5494711808.276367,5494711808.281863,4.021097023996386e-05,220947.693,220947.693,False,False,False,0.0011690628280606,0.0442578777214449,1100.6418760175734,6117,1646.902587890625,0.0501708984375,225,45,0.000180615234375,1223.305961784266,1.70827694706,1.70827694706,0,3,NO_SELECTED_FLAG_NOT_ENGINEERING_CERTIFICATION
HydroCHN_01764,,95.15764,29.75848,45018486,54,0.0,3.436168911,90.16,4316.6723386158965,0.127105329,reservoir_storage,reservoir_storage,reservoir_storage,potential_or_nonoperating,potential,Unspecified GHT river,duplicate_comid;operation_type_requires_review;river_group_not_normalized,,3436.168911,potential,,,0.31037963,0.183274301,127105.32899999998,127105.32899999998,0.5904843078780653,0.5904843,False,1.0,False,0.3310810810856383,76256368242.95654,3211753915.8715377,3211753915.8715315,3211753915.874744,3.95750522391383e-05,127105.32899999998,127105.32899999998,False,False,False,0.000340801056382,0.0265437998815898,670.720526688591,6117,596.0550669159325,0.0213088989260745,225,72,7.67120361338684e-05,1656.9150736423082,0.6313621027508971,0.6313621027508971,0,3,NO_SELECTED_FLAG_NOT_ENGINEERING_CERTIFICATION
HydroCHN_01794,,101.87,28.4443,43066116,51,0.0,1.996423842,68.08,3321.403843013337,0.391059642,reservoir_storage,reservoir_storage,reservoir_storage,potential_or_nonoperating,potential,Unspecified GHT river,operation_type_requires_review;river_group_not_normalized,,1996.423842,potential,,,0.954932012,0.56387237,391059.642,391059.642,0.5904843097877004,0.5904843,False,1.0,False,1.0,53367850510.83984,10528083179.296877,10528083179.296877,10528083179.307404,3.7144429364750326e-05,391059.642,391059.642,False,False,False,0.0013627229562613,0.0616663122648725,1660.176594968278,6117,3116.354736328125,0.026824951171875,225,57,9.656982421875e-05,4049.501437573,3.224982414665684,3.224982414665684,0,3,NO_SELECTED_FLAG_NOT_ENGINEERING_CERTIFICATION
HydroCHN_01831,,100.36473,30.5175,43055169,51,0.0,1.1440906460000002,110.4,1173.7614576305684,0.108072316,reservoir_storage,reservoir_storage,reservoir_storage,potential_or_nonoperating,potential,Unspecified GHT river,operation_type_requires_review;river_group_not_normalized,,1144.090646,potential,,,0.263902748,0.155830432,108072.316,108072.316,0.5904843097730834,0.5904843,False,1.0,False,1.0,20656381974.8291,3028277894.4854736,3028277894.4854736,3028277894.4885025,3.5687714194490785e-05,108072.316,108072.316,False,False,False,0.001065665414901,0.027635604213624,774.3730535104585,6117,762.4718017578125,0.0692977905273437,225,105,0.0002494720458984,433.2041115500263,0.7924918895373828,0.7924918895373828,0,3,NO_SELECTED_FLAG_NOT_ENGINEERING_CERTIFICATION
HydroCHN_01787,,98.01891,29.09692,44003790,54,0.0,2.328016268,85.56,3081.794800391904,0.1211616829999999,reservoir_storage,reservoir_storage,reservoir_storage,potential_or_nonoperating,potential,Unspecified GHT river,duplicate_comid;operation_type_requires_review;river_group_not_normalized,,2328.016268,potential,,,0.295865789,0.174704106,121161.68299999987,121161.68299999987,0.5904843090865095,0.5904843,False,1.0,False,0.5670731706262522,51666760723.15064,3652590695.029747,3652590695.029755,3652590695.0334086,3.317143723898461e-05,121161.68299999987,121161.68299999987,False,False,False,0.0004550381789868,0.024011622420163,723.86439716635,6117,1235.1152698732094,0.0103228499230517,225,120,3.716225972298626e-05,3260.34218325687,1.268771292931034,1.268771292931034,0,3,NO_SELECTED_FLAG_NOT_ENGINEERING_CERTIFICATION
HydroCHN_01782,,95.7607,30.93653,44002063,54,0.0,2.467105835,122.36,2283.688134006366,0.216835716,reservoir_storage,reservoir_storage,reservoir_storage,potential_or_nonoperating,potential,Unspecified GHT river,operation_type_requires_review;river_group_not_normalized,,2467.105835,potential,,,0.529493061,0.312657345,216835.716,216835.716,0.5904843104261189,0.5904843,False,1.0,False,1.0,38148384427.0752,7635019462.67395,7635019462.67395,7635019462.681587,2.8400152358464653e-05,216835.716,216835.716,False,False,False,0.0010989559395249,0.0614547871783566,2163.889348290012,6117,2343.220458984375,0.0049972534179687,423,105,1.79901123046875e-05,12053.049604559796,2.403452602321112,2.403452602321112,0,3,NO_SELECTED_FLAG_NOT_ENGINEERING_CERTIFICATION
HydroCHN_01839,Daxia hydroelectric plant,104.14743,36.29667,43019826,62,0.325,0.325,39.56,930.4982511786404,0.5685332210000001,reservoir_storage,reservoir_storage,run_of_river,installed,operating,Yellow River system,duplicate_comid,大峡水电站,1033.778331,potential,1.593589636,near_coordinate,1.38830632,0.819773099,568533.2210000001,568533.2210000001,0.5904843096875046,0.5904843,False,0.3143807431962897,True,0.2479599347948716,81890146303.96729,2135083216.462444,386543802.1339728,20357782034.34569,2.7927070839093643e-05,568533.2210000001,568533.2210000001,False,False,False,0.0070717442027331,0.0520951822934678,35.41933715176774,1011,613.5396283374346,0.0910477885574919,1581,36,0.0003277720388069,1734.5385014211552,690.3254945665769,690.3254945665769,0,3,NO_SELECTED_FLAG_NOT_ENGINEERING_CERTIFICATION
HydroCHN_01167,Sichuan Jinhua hydroelectric plant,105.29583,30.94583,43052435,51,0.042,0.042,50.62853946,93.9598629419017,0.065158812,reservoir_storage,reservoir_storage,run_of_river,installed,operating,Other named GHT rivers,river_group_not_normalized,金华电航桥工程,24.0,unknown,4.466707289,close_coordinate,0.138550136,0.073391324,65158.812,65158.812,0.5297095053013878,0.5297095,False,1.75,False,1.0,9450716017.044067,2333553132.238769,2333553132.238769,2333553132.241104,2.7922574849376845e-05,65158.812,65158.812,False,False,False,0.0080263305315055,0.0076410666659933,273.6519360124917,6117,932.5796051025392,0.0004119873046875,222,180,1.483154296875e-06,43932.59159703703,0.9506792751044898,0.9506792751044898,0,3,NO_SELECTED_FLAG_NOT_ENGINEERING_CERTIFICATION
HydroCHN_01823,,106.11797,29.0675,43060532,50,0.0,1.346576672,11.04,13814.98750002052,0.6874646149999999,reservoir_storage,reservoir_storage,reservoir_storage,potential_or_nonoperating,potential,Unspecified GHT river,operation_type_requires_review;river_group_not_normalized,,1346.576672,potential,,,1.678725946,0.991261331,687464.6149999999,687464.6149999999,0.5904843094621474,0.5904843,False,1.0000000000000002,False,1.0,312962136254.2969,26569892876.66016,26569892876.66016,26569892876.686733,2.587381959688679e-05,687464.6149999999,687464.6149999999,False,False,False,0.0005759517608903,0.0175794326560109,679.4293587062275,6117,5576.12890625,0.083984375,225,12,0.00030234375,2273.7847731266147,5.767091299312323,5.767091299312323,0,3,NO_SELECTED_FLAG_NOT_ENGINEERING_CERTIFICATION
HydroCHN_01792,,96.89685,30.24,44003301,54,0.0,2.102069864,88.32,2695.7310990132983,0.1832754939999999,reservoir_storage,reservoir_storage,reservoir_storage,potential_or_nonoperating,potential,Unspecified GHT river,operation_type_requires_review;river_group_not_normalized,,2102.069864,potential,,,0.447542055,0.264266561,183275.4939999999,183275.4939999999,0.5904843087874725,0.5904843,False,1.0,False,1.0,45388709248.97461,7115292585.955811,7115292585.955811,7115292585.962928,2.5757970144694597e-05,183275.4939999999,183275.4939999999,False,False,False,0.000786890110922,0.0374928877381727,1455.5839426600833,6117,1870.795166015625,0.001220703125,225,129,4.39453125e-06,41705.35685688887,1.9217050254629915,1.9217050254629915,0,3,NO_SELECTED_FLAG_NOT_ENGINEERING_CERTIFICATION
HydroCHN_01761,,101.95783,25.99033,43078930,53,0.0,4.042329575,51.52,8886.7783411914,0.317930606,reservoir_storage,reservoir_storage,reservoir_storage,potential_or_nonoperating,potential,Unspecified GHT river,operation_type_requires_review;river_group_not_normalized,,4042.329575,potential,,,0.77635757,0.458426964,317930.606,317930.606,0.5904843099552697,0.5904843,False,1.0,False,1.0,165737285143.7256,15643817002.22168,15643817002.22168,15643817002.237328,2.0323083934984067e-05,317930.606,317930.606,False,False,False,0.0004140704587176,0.0379396765919192,1866.82674308952,6117,4188.6689453125,0.20068359375,372,21,0.0007224609375,440.0661537496621,4.27698300254,4.27698300254,0,3,NO_SELECTED_FLAG_NOT_ENGINEERING_CERTIFICATION
HydroCHN_01784,,94.9358,29.6067,45018492,54,0.0,2.413990425,63.48,4307.121353821753,0.1419406799999999,reservoir_storage,reservoir_storage,reservoir_storage,potential_or_nonoperating,potential,Unspecified GHT river,operation_type_requires_review;river_group_not_normalized,,2413.990425,potential,,,0.346606207,0.204665527,141940.6799999999,141940.6799999999,0.5904843100516085,0.5904843,False,1.0,False,1.0,75459368167.32788,10024989647.058104,10024989647.058104,10024989647.068132,1.4158685943532253e-05,141940.6799999999,141940.6799999999,False,False,False,0.0003814222561866,0.0208703259511739,1474.0298664994943,6117,2010.79833984375,0.00927734375,225,57,3.33984375e-05,4249.919775438594,2.050226306513467,2.050226306513467,0,3,NO_SELECTED_FLAG_NOT_ENGINEERING_CERTIFICATION
HydroCHN_01851,,102.1,25.99424,43076689,53,0.0,0.7967731929,10.12,8917.491102354485,0.217361362,reservoir_storage,reservoir_storage,reservoir_storage,potential_or_nonoperating,potential,Unspecified GHT river,operation_type_requires_review;river_group_not_normalized,,796.7731929,potential,,,0.530776639,0.313415277,217361.362,217361.362,0.5904843091634256,0.5904843,False,1.0,False,1.0,166097850331.4209,15654917893.359377,15654917893.359377,15654917893.375032,1.3884541808551078e-05,217361.362,217361.362,False,False,False,0.0002821148320479,0.0050950481378928,366.9583201333957,6117,4117.37939453125,0.15069580078125,384,18,0.0005425048828124,400.6624988758381,4.177757550647539,4.177757550647539,0,3,NO_SELECTED_FLAG_NOT_ENGINEERING_CERTIFICATION
HydroCHN_01846,,95.27403,30.02597,45018663,54,0.0,0.9175438427,78.2,1328.9497362359975,0.050633296,reservoir_storage,reservoir_storage,reservoir_storage,potential_or_nonoperating,potential,Unspecified GHT river,operation_type_requires_review;river_group_not_normalized,,917.5438427,potential,,,0.123641895,0.073008599,50633.296,50633.296,0.5904843095457247,0.5904843,False,1.0,False,1.0,17797919156.185913,3830048158.323669,3830048158.323669,3830048158.3275,1.3220015495082043e-05,50633.296,50633.296,False,False,False,0.0004409749312102,0.009171246879452,693.739495453285,6117,1190.0770263671875,0.003326416015625,222,129,1.197509765625e-05,4228.215706748217,1.2041418308138363,1.2041418308138363,0,3,NO_SELECTED_FLAG_NOT_ENGINEERING_CERTIFICATION
HydroCHN_01837,,98.04979,29.98355,44003311,54,0.0,1.065885832,57.96,2082.9113950271003,0.054440835,reservoir_storage,reservoir_storage,reservoir_storage,potential_or_nonoperating,potential,Unspecified GHT river,operation_type_requires_review;river_group_not_normalized,,1065.885832,potential,,,0.132939558,0.078498723,54440.835,54440.835,0.5904843086660481,0.5904843,False,1.0,False,1.0,37731307521.698,4580016891.394043,4580016891.394043,4580016891.398624,1.1886601357789997e-05,54440.835,54440.835,False,False,False,0.0003025103508717,0.0073086739326247,614.8665806671165,6117,1201.48291015625,0.052734375,441,39,0.00018984375,286.76653827160493,1.2166053643251336,1.2166053643251336,0,3,NO_SELECTED_FLAG_NOT_ENGINEERING_CERTIFICATION
HydroCHN_01791,,96.35083,30.79556,44002886,54,0.0,2.121628363,98.44,2441.1034852959765,0.0905172059999999,reservoir_storage,reservoir_storage,reservoir_storage,potential_or_nonoperating,potential,Unspecified GHT river,operation_type_requires_review;river_group_not_normalized,,2121.628363,potential,,,0.221034768,0.130517562,90517.2059999999,90517.2059999999,0.5904843078804689,0.5904843,False,1.0000000000000002,False,1.0,41703722797.906494,7640250334.552002,7640250334.552002,7640250334.559644,1.1847413636508416e-05,90517.2059999999,90517.2059999999,False,False,False,0.0004291718288605,0.0206389774934498,1742.066085194254,6117,1866.3668212890625,0.0231781005859375,387,87,8.3441162109375e-05,1084.8027965064723,1.8915104896252877,1.8915104896252877,0,3,NO_SELECTED_FLAG_NOT_ENGINEERING_CERTIFICATION
HydroCHN_00663,Xiushan hydroelectric plant,112.033,28.5925,43063539,43,0.065,0.065,23.46,313.81509647593373,0.085686929,reservoir_storage,reservoir_storage,run_of_river,installed,operating,Yangtze-Jinsha system,,修山水电站,65.0,unknown,1.140133144,near_coordinate,0.1822,0.096513071,85686.92899999999,85686.92899999999,0.5297095005488475,0.5297095,False,1.0,True,1.0,31580322885.40649,4899419060.009766,1111035001.8541932,7610953875.922585,1.1258369239507864e-05,85686.92899999999,85686.92899999999,False,False,False,0.0031602904849479,0.00465616131449,60.37278094863043,3048,1091.404296875,0.0036452412605285,597,105,1.3122868537902832e-05,6529.58831009471,1685.1978285483372,1680.7966320205785,6789,3,NO_SELECTED_FLAG_NOT_ENGINEERING_CERTIFICATION
HydroCHN_01771,,99.20083,28.37522,43066090,51,0.0,2.8720142070000003,86.48,3761.4854490955663,0.120389998,reservoir_storage,reservoir_storage,reservoir_storage,potential_or_nonoperating,potential,Unspecified GHT river,operation_type_requires_review;river_group_not_normalized,,2872.014207,potential,,,0.293981406,0.173591408,120389.998,120389.998,0.590484311106397,0.5904843,False,1.0,False,1.0,77136576555.87158,10916616181.201172,10916616181.201172,10916616181.212091,1.1028142420835105e-05,120389.998,120389.998,False,False,False,0.0003704394908571,0.0241152362263813,2186.69974562508,6117,4414.353515625,0.029083251953125,225,75,0.0001046997070312,1149.859931929579,4.447795181741559,4.447795181741559,0,3,NO_SELECTED_FLAG_NOT_ENGINEERING_CERTIFICATION
HydroCHN_01854,,98.89332,24.93417,44007295,53,0.0,0.7634907656000001,22.08,3916.4555581819473,0.1026437389999999,reservoir_storage,reservoir_storage,reservoir_storage,potential_or_nonoperating,potential,Unspecified GHT river,operation_type_requires_review;river_group_not_normalized,,763.4907656,potential,,,0.250646657,0.148002918,102643.7389999999,102643.7389999999,0.5904843087534178,0.5904843,False,1.0,False,1.0,69973214502.6123,9358627316.19873,9358627316.19873,9358627316.208092,1.096781990904077e-05,102643.7389999999,102643.7389999999,False,False,False,0.0003033370916067,0.0052494882149291,478.6264051068884,6117,2814.33154296875,0.05517578125,279,81,0.0001986328125,516.7511737266465,2.8428436926948155,2.8428436926948155,0,3,NO_SELECTED_FLAG_NOT_ENGINEERING_CERTIFICATION
HydroCHN_01826,,101.2973,28.37686,43066143,51,0.0,1.312525236,60.72,2448.298591105399,0.0537370279999999,reservoir_storage,reservoir_storage,reservoir_storage,potential_or_nonoperating,potential,Unspecified GHT river,operation_type_requires_review;river_group_not_normalized,,1312.525236,potential,,,0.131220927,0.077483899,53737.027999999904,53737.027999999904,0.5904843135272166,0.5904843,False,1.0,False,1.0,41123798572.7417,7598256496.600342,7598256496.600342,7598256496.607942,7.072284019891866e-06,53737.027999999904,53737.027999999904,False,False,False,0.0002540361477362,0.0075577207078955,1068.6393089744126,6117,2027.856689453125,0.0789794921875,390,54,0.0002843261718749,188.99782473638984,2.0427836416783904,2.0427836416783904,0,3,NO_SELECTED_FLAG_NOT_ENGINEERING_CERTIFICATION
HydroCHN_01825,,105.81628,28.83667,43063364,51,0.0,1.32177104,11.04,13560.498095045808,0.1248035179999999,reservoir_storage,reservoir_storage,reservoir_storage,potential_or_nonoperating,potential,Unspecified GHT river,operation_type_requires_review;river_group_not_normalized,,1321.77104,potential,,,0.304758818,0.1799553,124803.51799999992,124803.51799999992,0.5904843088084165,0.5904843,False,1.0,False,1.0,299584105698.33984,26574226474.21875,26574226474.21875,26574226474.24533,4.696412071333645e-06,124803.51799999992,124803.51799999992,False,False,False,0.0001065215416065,0.0031914006801851,679.5401748628373,6117,5949.1328125,0.000244140625,225,24,8.7890625e-07,141998.66936888878,5.9838004563958735,5.9838004563958735,0,3,NO_SELECTED_FLAG_NOT_ENGINEERING_CERTIFICATION
HydroCHN_01772,,96.35478,33.7525,43034304,63,0.0,2.731840307,119.6,2587.09640262725,0.003225037,reservoir_storage,reservoir_storage,reservoir_storage,potential_or_nonoperating,potential,Unspecified GHT river,operation_type_requires_review;river_group_not_normalized,,2731.840307,potential,,,0.007875246,0.004650209,3225.0370000000003,3225.0370000000003,0.5904842845544126,0.5904843,False,1.0,False,1.0,46341003428.897385,7903043961.3882065,7903043961.3882065,7903043961.396111,4.080752955131331e-07,3225.0370000000003,3225.0370000000003,False,False,False,1.4428073531285297e-05,0.0008934110373695,2189.3288988376257,6117,3452.32568359375,0.0174353122711181,378,201,6.276712417602538e-05,51.38099032473818,3.453221527209315,3.453221527209315,0,3,NO_SELECTED_FLAG_NOT_ENGINEERING_CERTIFICATION
